:020000040000FA
:10000000003F0020752100004959000061210000D7
:10001000612100006121000061210000000000005A
:10002000000000000000000000000000C9210000E6
:10003000612100000000000061210000612100003A
:100040004523000045230000452300004523000010
:100050004523000045230000452300004523000000
:1000600045230000452300004523000045230000F0
:1000700045230000452300004523000045230000E0
:1000800045230000452300004523000045230000D0
:1000900045230000452300004523000045230000C0
:1000A00045230000452300004523000045230000B0
:1000B00045230000452300004523000045230000A0
:1000C0004523000045230000452300004523000090
:1000D0004523000045230000452300004523000080
:1000E0004523000045230000452300004523000070
:1000F0004523000045230000452300004523000060
:1001000053B94AB9002908BF00281CBF4FF0FF317E
:100110004FF0FF3000F00CB8ADF1080C6DE904CEE3
:1001200000F008F8DDF804E0DDE9022304B07047D0
:10013000704700BF2DE9F04786468C460846089E6A
:10014000154674461946002B40F0C2808542B2FA2B
:1001500082F245D94AB1C2F1200300FA02FC2EFA1C
:1001600003F3954043EA0C0C94404FEA154EA8B2B5
:10017000BCFBFEF8230C0EFB18CC08FB00F943EA8D
:100180000C43994528D9EB1808F1FF3704D299455B
:1001900002D9A8F102072B44A3EB0903A4B2B3FBD5
:1001A000FEFC0EFB1C330CFB00F044EA0344A042AF
:1001B00014D92C190CF1FF3304D2A04202D9ACF1AE
:1001C00002032C44241A43EA07401EB1D440002302
:1001D00034607360BDE8F0874746DDE76346F1E7CA
:1001E00092BB431B01214FEA154EAFB2B3FBFEFC9D
:1001F000200C0EFB1C330CFB07F840EA0343984528
:1002000062D9EB180CF1FF3004D2984502D9ACF159
:1002100002002B44A3EB0803A4B2B3FBFEFC0EFBCD
:100220001C330CFB07F744EA0344A7424ED92C19B0
:100230000CF1FF3304D2A74202D9ACF102032C44E3
:10024000E41B43EA0040C0E7C2F1200320FA03F1B7
:10025000954090402EFA03F303434FEA154EAFB298
:10026000B1FBFEFC0EFB1C10190C0CFB07F841EA5D
:100270000041884504FA02F422D969180CF1FF30D4
:1002800004D2884502D9ACF102002944A1EB08014F
:100290009BB2B1FBFEFC0EFB1C110CFB07F743EA03
:1002A00001439F420ED9EB180CF1FF3104D29F425B
:1002B00002D9ACF102012B44DB1B41EA004192E779
:1002C0006046E3E76146F7E76046A3E76346B7E7C2
:1002D000834206D916B9002108467BE7C6E900E04B
:1002E000F9E7B3FA83F78FB9834201D3724508D88F
:1002F000BEEB020460EB030301209C461EB9002103
:1003000068E73846FAE7C6E9004CF8E7C7F1200C81
:10031000BB4022FA0CF41C432EFA0CF120FA0CF329
:10032000B84001434FEA14490EFA07F5B3FBF9F858
:100330001FFA84FE09FB18300B0C08FB0EFA43EA87
:1003400000439A4502FA07F240D9E31808F1FF305A
:1003500004D29A4502D9A8F102002344A3EB0A0370
:1003600089B2B3FBF9F809FB183308FB0EFE41EA2A
:1003700003418E452CD9611808F1FF3304D28E4514
:1003800002D9A8F10203214443EA0040A0FB0298ED
:10039000A1EB0E014145CE46434602D306D14D4561
:1003A00004D2B9EB020E68EB04030138002EA6D08C
:1003B000B5EB0E0261EB030101FA0CFC22FA07F324
:1003C0004CEA0303F940C6E9003198E74046C5E727
:1003D0004346D9E730B5304B304AC3F800263048A1
:1003E000C3F8042687B0C3F808264921C3F80C26B1
:1003F000C3F81026C3F81426C3F81826C3F81C2621
:1004000005F0FFF903F060FF03A800F0B5FC254BF1
:100410001B68834204D02448452105F0F2F9FEE729
:10042000059A2248224D492105F0EBF9039921480C
:100430004B7D0A7DC98A0091492105F0E2F91E48E9
:10044000492105F0DEF902A99DF8100001F0ECFC4D
:1004500003990298098908232A4605F0E0F9044621
:1004600000B1FEE7029805F0D9F902F08BFE01F029
:1004700067F901F097FE2B6883F3088884F31488EA
:10048000BFF36F8FBFF36F8F6B6898470B484521A1
:1004900005F0B7F9FEE700BF000001403546526E97
:1004A000C665000058010020DF65000002660000FC
:1004B00050010020316600004F66000074660000A5
:1004C00021B1012906D06FF015007047044B53F895
:1004D00030007047024B03EBC0035868704700BF01
:1004E000B86200002DE9F04FD9B0DDE9638ADFF88A
:1004F000D89138A8D9F800600F4615461C4601F07F
:10050000F3F8B8F1000F07D0BAF1000F04DD52463E
:10051000414638A804F0FAFF3B897A89D7F80CB035
:1005200013449B444FF00008C3453DD838A90CA89C
:1005300005F012F8659B23B120220CA9184605F09E
:1005400054FA0023009339464FF6FF732A4606A853
:1005500003F0BBFE074620BB28460B9C00F07CF94D
:1005600084421ED8DFF864B1DFF864A14FF0FF3495
:100570000DF1120304AA05A906A803F0F4FE002851
:100580000FDB40F09A80059906A803F038FF10BBF6
:10059000BDF812004F4A4FF6FF7132F8023B8B4212
:1005A00017D1D9F800608BE0629BABEB080A9A4543
:1005B00028BF9A46534622464146284605F02FF961
:1005C0000028EED15246214638A804F09FFFD044BF
:1005D000AAE79842E1D1BDF81230102B17D0222B98
:1005E0004DD0012BC4D1BDF81030202BD9D805999E
:1005F00038AA284605F013F904460028D1D19DF801
:1006000010300293202B19D94FF0FF34B0E7BDF81A
:100610001070202FC5D105993B4638AA284605F011
:10062000FEF80028BDD13A4638A90CA803F021FFF6
:10063000DBF800308342B4D1012799E7DAF80030C3
:10064000DFF894800393039B9C42DDDA1CA801F041
:100650004BF8D8F8042058F8081B12681CA804F0BE
:1006600055FF1CA914A804F077FF029A38A914A812
:1006700005F0ABF900283FF47BAF0134E3E7631CDE
:100680003FF476AFDAF80030A342BDDDBDF810309C
:10069000802B86D8059938AA284605F0C0F800288E
:1006A0007FF47FAFE4B2BDF81030009438AA202167
:1006B0000CA800F013F80646A6E7002F3FF471AF30
:1006C000304659B0BDE8F08F0400002058010020EA
:1006D000C062000098650000C46200002DE9F04788
:1006E00098B016461D469DF88020394BDFF8E4800F
:1006F00053F83210039103EBC20307465B68D8F846
:100700000090186804AA0144302303A804F0B6F846
:10071000002849D1DDE903431C4405AA08AB214662
:1007200003A804F0D3F800283ED1069A072A3BD14B
:100730002949079805F049F9002835D1099A082A6E
:1007400032D126490A9805F040F968BB04AA21462F
:1007500003A804F0A7F838BBDDE903A30AEB030202
:10076000944221D1412B1FD13544302305AA29467B
:1007700004A8049604F082F8A0B9DDE90432134419
:100780009D420FD32A4604A908A803F046FE48B9A3
:100790002A4604A910A803F040FE18B99AF80030C0
:1007A000042B05D0D8F80090484618B0BDE8F08773
:1007B00000F0AEFE08AB0090202239460AF101009D
:1007C00004F041FD0128EDD1054BD3F80090EBE793
:1007D000C462000004000020A066000097660000CC
:1007E00058010020094A0B78400052F820108B4233
:1007F00009D0013052F8202040F25910934218BF1E
:100800004FF0FF30704740F259107047CC62000043
:100810001FB50F4B13F830000C4601F005FB50B923
:100820002068816810236A46103904F0F8FF28B167
:10083000206804F0F3FF4FF0FF3006E00549102276
:10084000684605F0C2F80028F2D104B010BD00BF20
:10085000CC620000B665000013B5044603F010FE3C
:100860006A460146204603F016FD30B10448452192
:1008700004F0C7FF002002B010BD0098FBE700BFE6
:10088000A86600002DE9F0434A4F87B005460020D6
:100890000E463C689046FFF713FE04A9C0B201F073
:1008A000C3FA00284ED13146FFF70AFE2C2405A9D1
:1008B000C0B204FB065401F0B7FA48B32C217143CF
:1008C00005EB010C049ADCF81030D8063ED50499EB
:1008D0009EB3284603F0C5FE98F80730042B27D1B5
:1008E00000210846FFF7ECFD05A9C0B201F09CFA13
:1008F00018BB0599284603F0B4FE0446059804F099
:100900008DFFD4B92C482246492104F07AFF14E027
:10091000059804F0CDFF8146059804F07FFF631E23
:10092000E21C13F8011F4945C8D19A42F9D1CEE71C
:10093000002003F00FFB0428D2D0204B1C68049841
:1009400004F06CFF204607B0BDE8F08368581C49EE
:1009500088422AD1DCF80C10BCF80800401824D2D8
:10096000BCF80A10091820D2906881421DD240F6C6
:100970000C610B4019D1CDE9023301934FF4807320
:10098000009321460F4B2846FFF7ACFD04460E4B63
:100990001B68A342D3D056B104980021826804F0AA
:1009A00068FF0A4A0A484521AFE73C68EFE7094A71
:1009B000F8E700BF04000020F566000000000020FA
:1009C0003DB8F396900D002058010020EB66000022
:1009D00034670000E36600007FB50D460446002141
:1009E0002846CDE9021103F0FBFD28B32368194E18
:1009F000B34203D103AA204603F06AFDE36AB3427F
:100A000004D102AA0121204603F062FDDDE9023291
:100A1000934288BF0393039BAB60039A2946204609
:100A200000F0B2FB0C4B1A68002A03DD0B4857217B
:100A300004F0E7FE04B070BD01A9FFF7E9FE0198DC
:100A400005F1080103F027FDAB680198039304F05A
:100A5000E5FEE2E73DB8F396EC0C00205C67000091
:100A60002DE9F84FDFF870B01C4C1D4D88469146BB
:100A70009A4600260B9B9E4201D300200FE00B9B61
:100A8000154A9F1BB7F5806F28BF4FF480673B4620
:100A900006EB0A01404604F0C2FE10B10120BDE899
:100AA000F88F0A993B465A467118484604F0CCFE26
:100AB0000028F3D1C4F800563E44C4F80456C4F8E4
:100AC0000856C4F80C56C4F81056C4F81456C4F8A6
:100AD0001856C4F81C56CDE75C0100200000014008
:100AE0003546526EF0B59B4B43620E4603F5667376
:100AF0000021036589B004460846FFF7E1FC04F1D4
:100B000020010546C0B201F08FF90346E8B9012182
:100B1000FFF7D6FC04F14C010546C0B201F084F9A0
:100B20000346E0B9204603F031FD0546C8B900226E
:100B30001146204603F014FD054660B386480022A6
:100B4000572104F05EFE01239EE00022CDE9002340
:100B5000824800232A46452104F053FEFEE7012285
:100B6000F4E77F487322572104F04BFE01239D4296
:100B700084F85830DBD194F858308DF81730042BB6
:100B800000F28580012B00F2898000F09C80FF2319
:100B900084F8583097E0204600F000FA0028D2D0C0
:100BA00004A803F014FD0146204603F0AFFD18B180
:100BB0006C482A465721C4E704A803F011FD80F0D1
:100BC000010104AAC9B2204603F0CAFC024600286B
:100BD000B4D104A803F004FD054660BB04A9204677
:100BE000FFF7FAFE9DF8173084F85830033B012BCD
:100BF00006D8284600F0E6F810B1FF2384F85830F4
:100C00009DF81730023B022B0BD8002000F0C4F8EF
:100C100038B1FF2384F858305348452104F0F1FDE2
:100C2000FEE794F85830FF2BF6D0002211462046FC
:100C300003F096FC87E79DF81770012F18D1104636
:100C400003F088F9831E022B05460ED804AA394604
:100C50002046FFF717FE454B1B68984205D0444BD2
:100C60001D68A84214BF0525012584F8585082E765
:100C7000012104AA2046FFF705FE3C4B1B68984261
:100C80000CBF9DF81730052384F8583073E7052B07
:100C90007FF47DAF002000F095F811E004A9204614
:100CA000FFF79AFE94F85830DA1E012A14D8002073
:100CB00000F088F800287FF46AAF002000F06CF89C
:100CC00000287FF464AF94F85830FF2B07D12648F2
:100CD000452104F096FDFEE7022BF4D1EDE700225A
:100CE000012B244D039214D01146204603F038FC0A
:100CF00078B12D68102200210DEB020004F080FE77
:100D0000E06C04F08BFD206A04F088FD284609B0F1
:100D1000F0BD002211462046FFF7B4FD134F3B689B
:100D20009842E6D12B689842E3D0114B1B68984259
:100D3000DFD0039B01330393039B012B00D0FEE71D
:100D4000206A03F0A6FA3071236A5B6834603D685C
:100D5000B360CFE75C0500201A6800008B670000D5
:100D6000D867000046680000706800005801002045
:100D7000000000200400002038B5064D0446602223
:100D80000021284604F03CFE21462846FFF7AAFE33
:100D900038BD00BF8C0C002013B5094B01A913F816
:100DA000300001F041F848B9019805F0DAF804463E
:100DB000019804F033FD204602B010BD0124FAE78B
:100DC000D46200001FB50F4B01A913F8300001F0E9
:100DD0002BF8A8B9019802A903F066F8044668B98F
:100DE0009DF80B30032B03D1019805F088F80446D9
:100DF000019804F013FD204604B010BD0124F7E76C
:100E00000124F8E7D46200002DE9F34106460C46C0
:100E100017461D460BB9002628E0184603F0E0FBF4
:100E20000028F8D16946FFF7F3FC009838B901248F
:100E3000009804F0F3FC204602B0BDE8F08101A95F
:100E400003F029FB0028F2D1009804F0E7FC3046BB
:100E5000019903F0A9FC736A5E686B79012B21D1BB
:100E6000002CD8D12B68834298BF00262146002051
:100E7000FFF726FB6946C0B200F0D6FF0028D6D1A6
:100E8000009820233A46314604F0C9FC0446002865
:100E9000CDD1002DCCD03C680D4BE41A18BF4FF0DB
:100EA000FF34C5E7022BB6D12B68012B05D983424D
:100EB000B1D8B4FA84F46409ADE7ACD1002CD5D034
:100EC000012CA8D12C79023C18BF0124A3E700BF54
:100ED0003DB8F3962DE9F04F074685B00C46014624
:100EE00000201646FFF77EFC051E50DB3846E46DF9
:100EF00003F0C6FA5FFA84F96B1E09FB03084FF092
:100F0000000A4FF0010B4FF0FF349DB9BAF1010F09
:100F100003DD2148452104F074FC631C06D0722CCB
:100F20002ADC013440F201133460B380284605B056
:100F3000BDE8F08F6B1E00930DF10F0201234146B7
:100F4000384604F06CFC031E019322DB01220DF1F4
:100F50000F01384604F06EFF019B40B15B4501D0A4
:100F60000AF1010A009DA8EB09089B46CDE7B4F100
:100F7000FF3F08BF2C46F5E70223733C73716310F3
:100F800004F001040133013433603471CEE70725E6
:100F9000CCE70125CAE700BF7C680000F8B5866A87
:100FA000456D044603F0EFFBAE420AD06B1CB34222
:100FB00007D0834205D01748572104F022FC0020B7
:100FC000F8BD732E19D914485721F6E7626A02EB6F
:100FD000C3025768226D02EBC3025268974202D0E7
:100FE0000E485721E9E701339D42EFD1204604F036
:100FF00013FB28B90A485721DFE700231F46F3E710
:10100000AE4205D9636A03EBC5035B68BB42E7D117
:101010000120D5E79F680000D7680000066900003E
:101020003269000000B589B004A9012004F074FF02
:101030009DF81020012A41D0254B2649032A08BFDC
:101040000B469DF8132002929DF8122001929DF804
:101050001120214800924921204A04F0D2FB06A920
:10106000022004F059FF9DF81820012A28D0184BBF
:101070001849032A08BF0B469DF81B2002929DF8D1
:101080001A2001929DF8192000921348144A492110
:1010900004F0B7FB9DF81030012B13D19DF81230EE
:1010A000032B0FD19DF81830012B0BD00D4849218F
:1010B00004F0A7FB022009B05DF804FB0A4BC0E76F
:1010C000094BD9E70948492104F09BFB0020F2E7CE
:1010D0006B69000074690000886900007A6900008B
:1010E000C9690000D96900006F690000F869000053
:1010F00070B54B6814461E4A03F0FF23934286B036
:1011000006460D462FD10B68012B2CD104A9204691
:1011100002F0CAFE9DF81020012A26D0154B164970
:10112000032A08BF0B469DF8132002929DF8122057
:1011300001929DF8112000921048114A492104F0B3
:1011400060FB9DF81030032B0DD12146304603F093
:1011500088FA204604F0D3FEA968204603F0A9F9D6
:10116000204602F081FE06B070BD064BDBE700BFF3
:10117000000100046B6900007469000088690000C8
:10118000C96900006F6900002DE9F04F164689B06B
:1011900005460C467448492104F033FB3146284685
:1011A00003F002FB6B6A824620465E6803F018FA81
:1011B000E8B1E86D03F05FF9AF6A0023013F334403
:1011C000984201D9013FFAE7BA4510D36748572141
:1011D00004F017FB07FB06F365480AFB066257217C
:1011E00004F00FFB0123E37109B0BDE8F08F06A9FD
:1011F000012000F019FE07A9022000F015FE079A51
:1012000021462846FFF774FF6379012B4BD1DFF8A5
:1012100064B1574641E02268C2F1010353449F4242
:101220003AD86B6A196853F8370003EBC703012AF1
:1012300053F8083CA3EB0103A0EB0109049311D17F
:10124000079B0393E368022B08D04146284603F02E
:1012500008FA22464146284603F039FA03992846FF
:1012600003F0FFF932464946404603F0F8F9049B83
:1012700042464146CDE900962846FFF7F1FB21465C
:10128000284603F0BAF923680133236020B1DBF864
:1012900000300133CBF80030013FDDF81880002F1B
:1012A000B9D101232360022363710127BA45DDF818
:1012B000189006D2484604F0B1FA079804F0AEFA46
:1012C00092E723689F424DD36A6ADDF81CB052F85A
:1012D00037100491FB00083B11680391D1582A6D27
:1012E000D0581368A0EB03082379012B38D1039B56
:1012F0003246C91A4846059103F0B1F905990091A3
:1013000043464A46594601962846FFF7A9FB21461F
:10131000284603F072F90223237118B1154A1368A5
:101320000133136032464146584603F098F9DDE92F
:10133000032349469B1ACDE900865A462846FFF703
:101340008FFB2146284603F058F9236801332360B8
:101350000123237130B1074A13680133136001E0A0
:10136000022BDFD00137A1E70F6A0000386A0000C6
:10137000676A0000EC0C00200A4619B1024B0021FC
:101380001B681847704700BF08000020F0B508220E
:1013900089B003F0D7FBCB6A03930B6B04934B6BC1
:1013A00005938B6B0693CB6B079313466A460C46EB
:1013B0000646002711461046CDE90177009703F055
:1013C000CFFA31460546304603F0CAFA216B039145
:1013D000616B0491A16B0591E16B0544CDE90617A2
:1013E0001046114603F0BCFA31460544304603F07E
:1013F000B7FA0544206A0090606A0190A06A0290E2
:10140000A06B0690E06B07903046CDE90477039718
:1014100003F0A6FA0544606A0090A06AD4F838C0C8
:101420000190E06A0290CDF810C0606BD4F83CC027
:101430000390CDE905C0206A0790304603F090FA8A
:101440000544E06A0090206B0190606B0290206A76
:101450000690A06A07903046CDE90477039703F021
:10146000A4FB236B0093636B0193A36B0293E36B69
:101470000393636A0693E36A07932D1A08233046A1
:1014800003F093FB636B0093A36B0193E36B0293F5
:10149000236A0393636A0493A36ACDE90537236B38
:1014A00007932D1A0823304603F07FFBA36B0093AC
:1014B000E36BCDE90137636A0393A36A0493E36A9C
:1014C0000593636B07932D1A0823304603F06DFBD9
:1014D0002D1A10D40D4C35B908223146204603F0A0
:1014E0003DFB01280FD0082322463146304603F049
:1014F0005CFB2D1AEFE7054A08233146304603F01E
:101500002FFA2D18F8D409B0F0BD00BFE06200003A
:1015100000487047DC6200002DE9F04F9DB0036881
:1015200002934368039383680493C3680593036934
:1015300006934369079383690893C3690993DDE9B7
:10154000062CDDE904BEDDE902469846DFF890A1ED
:10155000089B00930027CD595AF8049B0CAB2DBA79
:10156000DD514FEAF223A94483EAB213009D83EAD6
:1015700072634B4425EA020502EA0C0985EA090573
:101580002B44434486EA0B054FEA743888EAB408D2
:10159000254006EA0B0985EA090588EAB4580437AC
:1015A000A844402F03EB0E054344DE46DDF80080DF
:1015B00040F087804B490A914FF0100A51460AF1DA
:1015C000010A0DF1700E0AF00F070EEB870701F00C
:1015D0000F0957F8407C01974FEAB74888EAF71897
:1015E00001F10E0707F00F070EEB8707093157F8D7
:1015F000407C4FEAF74E8EEA774ECDF82CE001F0B2
:101600000F010DF1700E0EEB81010EEB890951F8FF
:10161000401C59F840EC7144DDF804E088EADE082B
:10162000DDF82CE041448EEA972E714405EA020869
:101630004FEAF52E2CEA050787EA08078EEAB51E61
:10164000DDF8288049F8401C8EEA756E774458F81A
:1016500004EFCDF8288077440F440099CDF800C0FE
:1016600039444FEA733E84EA06078EEAB30E1F4000
:1016700004EA06088EEAB35E87EA08077744BAF1FF
:10168000400F01EB0B0E0F44B34622D102993944AF
:10169000016003991944049B416023448360059BC6
:1016A0003344C360069B73440361079B2B4443612F
:1016B000089B13448361099B6344C3611DB0BDE86B
:1016C000F08FCDF800C0B346944626462A461C4605
:1016D00041E7944626462A461C4675463B466DE73A
:1016E0008C630000C863000010B50446C8B17022C6
:1016F000002103F08FFF0B4B0B4A0C490C48C4E947
:1017000000230C4BC4E902130B4BC4E904030B4B3D
:10171000A36103F17453A3F52303A3F69243E3619A
:10172000012010BD85AE67BB67E6096A72F36E3CA7
:101730007F520E513AF54FA58C68059BABD9831F9C
:10174000BFF36F8F72B6124B4FF0FF32C3F8802099
:10175000C3F88420C3F88820C3F88C20C3F89020F5
:10176000C3F89420C3F89820C3F89C20C3F88021C4
:10177000C3F88421C3F88821C3F88C21C3F89021D1
:10178000C3F89421C3F89821C3F89C21704700BF87
:1017900000E100E0014B1B68184700BF0C0000206F
:1017A00007B50B46002102460091034800F006F8F9
:1017B00003B05DF804FB00BF951700002DE9F04F62
:1017C0008DB01D46531E8246019103934FF00009D0
:1017D000039B5878252803F1010419D11E460020E7
:1017E0004FF0FF38023603460290444631780396A4
:1017F000392954D81F2914D8002900F0EE81019905
:101800002520D04701993078D04709F10209DFE758
:10181000002800F0E2810199D04709F10109039401
:10182000D6E7A1F12002192AE9D801A757F822F03A
:1018300099180000FF170000FF170000991800001A
:10184000FF17000019190000FF170000FF17000024
:10185000FF170000FF17000065190000991800002D
:10186000FF1700007919000025190000FF1700007C
:1018700033190000531900005319000053190000D8
:1018800053190000531900005319000053190000A8
:10189000531900005319000008460136A6E75829DD
:1018A00000F0EB80A1F16302D7B2172FA7D8172A57
:1018B000A5D801A757F822F0211B00009F190000AE
:1018C000FF170000FF170000FF1700007F1900003E
:1018D0009F190000FF170000FF1700007F1900008C
:1018E000FF170000FF170000FF170000551A000047
:1018F000FF170000FF170000F51A0000FF17000097
:101900009F190000FF170000FF170000551A000084
:10191000FF1700007F19000001992520D04709F129
:10192000010955E7029A02F0FE0202924FF0000808
:10193000B3E7002C0DDAB8F1000F0DDA029A002A95
:1019400000F0438124EAE4740A2202FB0414303CD0
:10195000A3E7B8F1000FF5DB0A2202FB0812A2F19F
:1019600030089AE7B8F1000F55F8042B80F22F8168
:10197000002A80F22E815442022202928DE76829C9
:1019800003D1682B06D1482387E76C2902D16C2B41
:1019900000F02181002B7FF432AF0B467DE77A2BDC
:1019A00006D1752955F8046B14D14FF0000B0CE0EB
:1019B0006C2BF6D04C2BF4D1073525F00703752995
:1019C000D3E9006B03F1080506D120283BD1854FF0
:1019D000013C09E04FEAE67BBBF1000FF5DA764205
:1019E000814F6BEB4B0B013C0DF12D030593002355
:1019F0000493304659460A220023FEF781FB059BDB
:101A0000303203F8012DB4460593049B5A46BCF1CD
:101A10000A0F8B4672F1000203F1FF310646049172
:101A2000E7D2C3F1010B30330DEB0306B8F1000F21
:101A3000A6F104066DDA029BD9077DD4A8EB0B034F
:101A4000A4EB0B0413E02B280ABF684F684F04F186
:101A5000FF34C9E770290FD155F8042B0023FAB9D8
:101A6000634F644E053C6FF004034FF0050B029A80
:101A7000920770D4A04666E078216C2B03D155F80C
:101A8000042B002308E04C2BF9D1073525F0070380
:101A90001D465B6855F8082B232825D1880621D5DB
:101AA000554F023C01F06001A1F1390B0DF12D0EF3
:101AB000002602F00F01092988BF594430310EF881
:101AC000011D102A4FEA121141EA03714FEA131C5B
:101AD00073F1000306F1FF3008D2C6F1010B06F1E5
:101AE0003003A1E7454FDCE7414FDBE706460A46F6
:101AF0006346DEE755F8046B304603F05FFFB8F14C
:101B0000000F834602DB4045A8BFC346384F4FF065
:101B10000008A8EB0B03002B92DDA4EB0804A6E75A
:101B200055F8043B8DF81830314F013C4FF0FF332E
:101B30004FF0010B06AE9AE7A046EAE7029301993F
:101B40002020D047029BB8F10108F7D524EAE472BF
:101B5000013C9144A41AB84606E00493029201990C
:101B6000D047029A049B9046424612F8010B002887
:101B7000F3D11A46013A15D5002BACBFC7EB0307CA
:101B80007F425B46013B15D5BBF1000FA8BF5F4408
:101B90004F442646013E14D5002CA8BF3F1907EB41
:101BA000080915E60493029201993020D047049B5E
:101BB000029ADFE70293019916F8010BD047029BC6
:101BC000E0E701992020D047E4E70122D5E69046DE
:101BD00063E6144661E64C235FE648460DB0BDE877
:101BE000F08F00BFF56A0000F36A0000F76A00009A
:101BF0007B680000FF6A0000F96A0000FC6A0000D0
:101C00002DE9F047058B04462807904611D4022998
:101C100005F0070540F0CC80204603F01AFD78B1AE
:101C20000138218B042811D8DFE800F0C2106D853F
:101C3000950001290CBF45F0100545F020052583CE
:101C400088F31188BFF36F8FBDE8F08701F0070AB2
:101C5000AA4500F0A5800027B9463E46A368002BA0
:101C600000F0BC8041F00801218388F31188BFF3A4
:101C70006F8FA168002900F0BA800D68002900F07C
:101C8000B680D1F80480334652462046C047002D26
:101C900076D02B6829461D46F0E701F007035A1F4E
:101CA000012A1BD8002221F00701062B276889B2E0
:101CB000C4E9002209D13B4603E0628B0132628312
:101CC0001B68002BF9D141F002012183204603F06B
:101CD000C0FC00287AD041F0200176E0042B0AD124
:101CE00021F0070189B22183204603F0B2FC10B134
:101CF00041F020012183218B01F0070AAA454FD032
:101D00000027B946AAE7236921F0070141F006013F
:101D1000062DD3F8009021832DD1B9F1000F3FD0CB
:101D200041F00801218388F31188BFF36F8F3A498E
:101D30002046C84729E021F00701236941F004014A
:101D400089B2042DD3F804902183E6D000273E46C3
:101D50004FF0040A82E721F00701236941F00501F1
:101D600089B2052DD3F808902183D6D000273E46AE
:101D70004FF0050A72E700273E464FF0060A6DE76E
:101D80002B4687E7B9F1000FD1D1EFF3118820235B
:101D900083F31288BFF36F8F238B23F00803238311
:101DA000258BEA062ED525F01003238305F00705C1
:101DB0006669218B002EBFF670AF00232768C4E947
:101DC000003321F0070141F001012183218B01F053
:101DD000070AAA454FF000097FF440AF002F9CD0BE
:101DE00041F00801218388F31188BFF36F8F002F22
:101DF000C8D03D68394633465246204603F055FC6C
:101E00002F46F4E7AB067FF51BAF25F020032383B5
:101E100005F0070500E700BFD7560000014B03603F
:101E2000002070479064000070B5104B1C680D4690
:101E3000B4B10F4B196800238B4202DB6FF0010035
:101E400070BD224612F8106B864202D00133144650
:101E5000F2E7E06804F092F828B12C600020EFE788
:101E60006FF00C00ECE76FF01200E9E710000020C3
:101E70009064000010B588B0436802938368C0681E
:101E8000CDE903320A680023CDE906230C4601AAF6
:101E90000449059303F06CFE079808B9059B23607D
:101EA00008B010BDBF58000008B5044803F0C4FBDB
:101EB000BDE80840024803F0BFBB00BF056B00004F
:101EC0002B6B000030BFFFF7FDBF00BF70B5264B86
:101ED00015469A6A12F0100F9A6A14BF1124102442
:101EE00012F0080F9A6A18BF1224920706460AD504
:101EF000586B9A6A140634D519B19A6A22F0800296
:101F00009A62132401E06FF01500174B9A6A12F0E1
:101F1000010F9A6A18BF142412F0200F9A6A18BF92
:101F20001524D20602D49B6A9B070AD50E4B5B6828
:101F3000190506D5314600F0C5F910B180F30988BE
:101F40000224094B9A6A920642BF5A6A22F400524E
:101F50005A629A6A42F0FF029A6200232B7020466E
:101F600070BD6FF01500CCE700ED00E0134B9A6AEE
:101F700012F0007F9A6A14BF1E201D2012F0807F8D
:101F80009A6A18BF1F2012F4002F9A6A18BF2120E6
:101F900012F4802F9A6A18BF222012F4003F9A6A26
:101FA00018BF232012F4803F9A6A6FEA02426FEA58
:101FB00012429A6218BF2420704700BF00ED00E073
:101FC00010B5194B0246986A9C6A10F4805F14BFE2
:101FD0001720162014F4006F9C6A18BF1820A4055F
:101FE00009D5986B986A000404D51AB19A6A22F44C
:101FF00000429A6219200C4B9A6A12F4806F9A6A16
:1020000018BF1A20D2050CD49B6A13F4005F18BFC6
:102010001C20054A936A43F47F43936200230B70AC
:1020200010BD1B20F5E700BF00ED00E070B5454B8B
:102030005B688AB00546C3F30803002686F311885F
:10204000BFF36F8F02F07F40B0F17F4F11D102F0EC
:102050000C0008280DD010074CBF0D4601260022A9
:10206000033B8DF80720032B05D8DFE803F01E5D46
:10207000615A3546F3E700249DF807309BB92022CA
:10208000294602A803F0B1FC099B002E54D0C3F3EB
:10209000080222B96FEA53236FEA4323099302A986
:1020A000204603F047FC0AB070BD264BDA6A910760
:1020B000E1D4DA6A002ADEDBDA6A5200DBD55A693B
:1020C000A96942F480725A61BFF34F8FBFF36F8FDB
:1020D0005A6931F8021C22F480725A61BFF34F8FA3
:1020E000BFF36F8F4DF6027291420AD09A6AD2B254
:1020F0004AB10DF1070201212846FFF7E7FE044629
:10210000BAE72C68B8E79A6A12F47F4F05D00DF150
:1021100007010120FFF754FFF1E79B6AB3F5803F09
:10212000A9D3FFF723FFEAE70DF107020021E3E758
:102130000DF107010020EDE723F4FF7323F0010305
:10214000ACE700BF00ED00E0044B5A6942F010021A
:102150005A615A6922F008025A61704700ED00E0A6
:10216000EFF30880EFF3098101B57246FFF75EFFD8
:1021700001BD00BF01F030F8202080F3118808482D
:102180004FF40461401880F30988EFF314800221B2
:10219000084380F31488BFF36F8F00F06FF80000DE
:1021A000C00E00200749D1F890200023C2F3072277
:1021B0001846934200DB7047C1F89830C1F8A00080
:1021C0000133F6E700ED00E01EF0040F0CBFEFF363
:1021D0000880EFF30980816911F8021C0229FFD001
:1021E00001B5724603F0ACFB01BD00BF40B2002850
:1021F00007DB044A4109012300F01F00834042F835
:102200002130704700E100E040B200280CDB4309B8
:10221000064900F01F0020330122824041F82320AC
:10222000BFF34F8FBFF36F8F704700BF00E100E037
:10223000054B420900F01F0053F82220012303FA46
:1022400000F01040704700BF00E100E040B20028FD
:10225000A8BF00F1604001F10101B8BF064B4FEA91
:102260004111ACBF00F5614000F00F00C9B2B4BF2E
:10227000195480F80013704714ED00E00F4A08B5B8
:102280000F4B22F07F029A60BFF34F8FBFF36F8F27
:10229000D3F8882022F47002C3F88820EFF3148367
:1022A00023F0040383F31488BFF36F8F01F002FF60
:1022B00001F048FF00F03AF801F008FF00000000CC
:1022C00000ED00E010F1160F074B08D0984208D33C
:1022D0004033834205D98B4203D9044870474033C9
:1022E000F9E70020704700BF0017002040170020CA
:1022F00080B50C4607461546064E86F30988002031
:1023000005498847204629461A46B847034880476A
:10231000FEE700BF403F0020615900006F590000F8
:10232000014B10221A61704700ED00E004480023C1
:102330002021C2180133302B82F80013F9D17047E5
:1023400000E100E008B5EFF30583064A103B02EB1D
:10235000C30152F8330049688847BDE8084003F0DC
:10236000FABA00BFC8600000024B034A03480221CA
:1023700000F066B80000042000000020E4640000C3
:10238000084AC2F898000B6823F01F03034343F088
:102390001003C2F89C308B6843F00103C2F8A030F0
:1023A000704700BF00ED00E02DE9F043DFF86080EA
:1023B00085B00E461F4604464FF00009B14523DAAA
:1023C0006068D8B13FB1411E08421BD11F2819D9FE
:1023D0002368194216D12368019303F0DFFAA3683A
:1023E00003430393D8F89050C5F30725D0B2013DBD
:1023F000A84207D801A9FFF7C3FF421C09F1010950
:102400000C34DBE76FF01502104605B0BDE8F08331
:1024100000ED00E0044B0522C3F89420BFF34F8F7A
:10242000BFF36F8F704700BF00ED00E0BFF35F8F19
:10243000024B0022C3F89420704700BF00ED00E07B
:1024400010B5034C01232278FFF7AEFF207010BDBA
:10245000900E00202DE9F043534B544CD3F89030AC
:102460002568C3F307239D4285B000F29A80FFF7E9
:10247000DDFF00200C2685421AD14D4C4D4F2570B2
:102480006846FFF7CBFCDFF82081DFF82C91064689
:102490000025AE4213D1237843490020D1F8902083
:1024A000C2F30722934276DBFFF7B4FF002042E03D
:1024B000616806FB0011FFF763FF0130DBE700985E
:1024C00000EB05114FEA051CCB683B40B3F5000F4C
:1024D00048D00AD8B3F5001F30D0B3F5800F36D0FE
:1024E000B3F5801F10D00135D3E7B3F1807F42D020
:1024F000B3F1007FF7D150F80C3088684A6803F0D8
:102500004DFA40F4802009E050F80C3088684A68A1
:1025100003F044FA40F0885040F43020CDE9012324
:102520000390D8F890302078C3F30723013B9842FA
:102530002AD96FF0150005B0BDE8F08350F80C30D3
:1025400088684A6803F02AFA40EA0900E6E750F88A
:102550000C3088684A6803F021FA40F0007040F4BB
:102560000030DBE750F80C3088684A6803F016FA50
:1025700040F08270D2E750F80C3088684A6803F067
:102580000DFA40F08870C9E701A9FFF7F9FE23783A
:1025900001332370A7E7C1F89830C1F8A0000133D8
:1025A0007CE74FF0FF30C6E700ED00E0FC64000080
:1025B000900E00200000F0FF000008110D4A0123DA
:1025C000C2F840354FF08052D2F8301108290AD1B4
:1025D000D2F83421052A06D807498A5C1AB14FF08F
:1025E0008042C2F838364FF080430122C3F880257C
:1025F0000020704700E00140606B000020B1034BF9
:10260000800143F001031847704700BFB06200002B
:10261000084B70B5C31A0D4607499B100446594331
:102620000648402203F0FEF92B4601462046BDE84D
:1026300070401847040D0020B76DDBB678600000CD
:1026400073B50C4C0C4A4023041B00930D460B46FB
:102650000A49A41061430646094803F00EFA011E18
:1026600005DA30462B4602B0BDE87040184702B08C
:1026700070BD00BF040D0020E95A0000B76DDBB645
:102680007860000010B5EFF31184202383F31288E3
:10269000BFF36F8F074A136823F00201DB07116055
:1026A00002D4012003F022FB84F31188BFF36F8F63
:1026B00010BD00BF540D0020002270B5012104465A
:1026C0001046FFF7C3FD0F4800F0D6FE0E4B9842B0
:1026D00015D100F0E3FE26690C49304603F008F8F6
:1026E00000280BDB012535642469084904F11C002E
:1026F00002F0FEFF002801DBE564002070BD6FF0F2
:102700000400FBE7D52700000000AD0B1C650000AE
:1027100030B4104B0C2202FB003301460020D3E9F9
:102720000E529863EFF31180202484F31288BFF3D4
:102730006F8F1C6C04F0C00444F002041C6480F32E
:102740001188BFF36F8F1DB12B46034830BC18476B
:1027500030BC7047040D00207860000010B4EFF327
:102760001182202383F31288BFF36F8F174801680B
:1027700041F002040460C80707D482F31188BFF354
:102780006F8F012010BC00F09BBE4FF08041D1F84C
:102790000C04D1F80C14C907EFD5EFF3118083F3C3
:1027A0001288BFF36F8F0A490B6C03F0C00343F02C
:1027B00002030B6480F31188BFF36F8F82F31188DB
:1027C000BFF36F8F002010BCFFF7A2BF540D002095
:1027D000040D002010B1012804D07047034B1B6C7E
:1027E0005B0701D1FFF794BF704700BF040D0020C5
:1027F000F8B52549BFF35B8F0646012251E8003F3B
:1028000041E800200028F9D1BFF35B8F33B91F499D
:102810001F484B60CB608A6002F07DFF731E012B66
:102820001DD803F0EDFB0446D0B91A4B1B78BBB1A1
:102830004FF080430222C3F8082305464FF080473B
:10284000D7F81824D7F81834D20312D59B0701D033
:10285000012E0ED18CB185F31188BFF36F8FF8BDB7
:10286000EFF31185202383F31288BFF36F8F0124C8
:10287000E4E7284603F083F8E2E74FF080430222C2
:10288000C3F80423EBE700BF000D0020F00C00208C
:10289000200D0020920E0020024B0B6001231360DC
:1028A000704700BF580D0020004870474065000089
:1028B00010B503F0A7FA034C206003F09FFA6060A4
:1028C000002010BD580D00204FF08042D2F81015A6
:1028D000D2F8103501F01E0123F01F030B4343F023
:1028E0000103C2F81035024B00221A70704700BF76
:1028F000910E00204FF08053D3F83031082B20D1B7
:102900004FF08042D2F81015CB071AD5D2F8103507
:1029100001F01E0123F01F030B43C2F81035D2F85B
:1029200008315BB1D2F8103523F01F030B4343F09D
:102930000103C2F810356FF08B007047024B012283
:102940001A700020704700BF910E00202DE9F04161
:102950000D46164603F052FA31460746284603F064
:102960003CF928B3B5FBF7F307FB135303BBB6FBE6
:10297000F7F407FB1464DCB9B74213D803F03EFA4E
:10298000DFF834800746FFF7B5FF044668B92846EC
:1029900001F03CFA98F800300BB1FFF795FFF61BF9
:1029A0003D44F0D12046BDE8F0816FF08B04F9E79B
:1029B0006FF01504F6E700BF910E00202DE9F843F3
:1029C0000E463046194617461C4603F006F930B34A
:1029D00044EA060515F0030521D11CB3DFF8489041
:1029E0006319032BA6EB050807D8104AD2F8003468
:1029F000DB07FBD50020BDE8F883FFF77BFF58B964
:102A00007B1B4046196801F021FA99F800300BB1A0
:102A1000FFF75AFF043DE3E76FF08B00EBE76FF041
:102A20001500E8E72046E6E7910E002000E00140AF
:102A3000F0B54068057B01F01F0444EA45140569C0
:102A400087B0002D64D0B2F5001F00F1100506D14B
:102A50002146284603F0CAF9002007B0F0BD01AEB8
:102A60000027B2F5800F0197776039D1B3F1007F6D
:102A700014BF052304238DF804300023CDE904633B
:102A80000393836823FA01F111F001011AD1B2F125
:102A9000A07F17D104F01F03620903F5E0732AD069
:102AA000012A3BD11F4A52F82330DB070AD40DF12B
:102AB000030632462146284601F002F81A4B984296
:102AC0001CD0029603AA2146284600F0BBFE174BF5
:102AD000984220D101222146284601F055F8BBE753
:102AE000B3F1C06F05D0B3F1007F14BF01230223FF
:102AF000C1E70323BFE74FF0A042D4E731462846A1
:102B000001F03CF8094B9842DBD06FF00B00A4E7D2
:102B10006FF08500A1E76FF015009EE751F82330B4
:102B2000FFDE00BF000300500400AD0B0000AD0B42
:102B300038B545682B69B3B11035284601F00EF859
:102B4000044680B90146284600F0D4FF084B98425D
:102B50000BD108492246284600F0ACFF2246052149
:102B60000620FFF773FB002038BD6FF00400FBE781
:102B70000000AD0B792B0000420970B5034602D06E
:102B8000012A17D070BD0D4E326951680029F9D065
:102B900003F01F0301250C689D400029F2D08A68CC
:102BA0002A4002D04B68304698472CB12368214612
:102BB0001C46F2E7024EE7E72346F8E7A060000074
:102BC0008C6000002DE9F043466840F20635D006DF
:102BD000337B87B002EA050554BFC2F340100320DF
:102BE00001F01F07B5F5837F144647EA43178DF8B8
:102BF000030045D00FD8062D18D007D8B5B1022D47
:102C000040D06FF0150007B0BDE8F083B5F5807FC8
:102C1000F7D101250AE040F20222954234D0B5F501
:102C2000407F33D0B5F5007FEBD10225012322038D
:102C300003FA01F12CD57368C3F80815326982BB19
:102C400007F01F037F0929D0012F77D13E4A02EBFD
:102C5000830284F48033D2F80017C3F30043C4F333
:102C6000404444EA430421F4E16144EA800421F051
:102C7000070144EA05230B43C2F800370020C2E7EE
:102C80000725D3E70425D1E70525CFE70325CDE7C1
:102C9000630344BF7368C3F80C15CFE74FF0A0423D
:102CA000D5E710360DF102023946304600F008FF34
:102CB00014F4403F80460CD13946304603F094F876
:102CC000224B9845DAD19DF80210304600F050FFB3
:102CD000D4E701AB4FF0000903AA39463046CDE9ED
:102CE0000439CDE90199CDF80C9000F0ABFD174BFC
:102CF000984286D114F4003315D09DF803308DF836
:102D00000E3084F48034C4F300444B4603AA3946A1
:102D100030468DF80C508DF80D4000F04DFE0B4BF9
:102D20009842CDD06DE7CDE9043303AA0DF103033A
:102D300039463046039300F085FDF0E703F5E07374
:102D400052F82330FFDE00BF000300500000AD0B3F
:102D500070B5012383400E4ABFF35B8FDC4352E81A
:102D6000001F01EA040542E80056002EF7D1BFF328
:102D70005B8F4FF4803282400648C0F80823BFF3CF
:102D80005F8FBFF36F8F0B4214BF0120002070BD17
:102D90007C0D00200010014070B40E49D1E90034D0
:102DA000D01AC31844F1000422F07F46C1E9003470
:102DB000A6F50013B3F5400F09D2074B1B681A0A9A
:102DC0001B069C19054B42F10005C3E9004570BC88
:102DD00001F002BAB8000020800D0020C0000020E1
:102DE00011B3BFF35B8F0123104A834052E800CF39
:102DF0004CEA030C42E800C10029F7D1BFF35B8F16
:102E00000B4A4FF480338340C2F80433094BBFF3BD
:102E10005B8F1B68BFF35B8FC340DB0742BF064B72
:102E20004FF40032C3F80021704700BF7C0D002032
:102E300000100140780D002000E100E00D4B186803
:102E4000010A0006BFF35F8F0B4BD3F80435181847
:102E500041F10001B3F5801F0AD2084BD3E90023EA
:102E6000904271EB030303D210F1807041F1000135
:102E7000704700BF800D002000100140C0000020FE
:102E80002DE9F04F85B016461F469DF840A0044638
:102E9000FFF75EFF0190FFF7D1FFB04271EB070330
:102EA00054D23E4B301A67EB0101984271F1000198
:102EB0004FD23B4B03EB0413D3E902239F4208BFDD
:102EC00096425ED037494FF4803804F1500508FA35
:102ED00004F8AD00C1F848832046ADB202F0F7FE19
:102EE00026F07F4B05F1804504F5A87305F588357C
:102EF000DC464FF003090293029A2CF07F4341F81D
:102F00002230C1F84483D1F80435274A6FF002001B
:102F1000C01A604420F07F40904232D9286868B1DE
:102F2000D1F804350393A3EB0B0020F07F40B0F5FC
:102F3000000F26D9204602F0CAFE039BBAF1000F0B
:102F400007D109EB030C09F10109D5E7BAF1000F2C
:102F500009D06FF0150520460199FFF741FF28467B
:102F600005B0BDE8F08F0123104ABFF35B8FA3408B
:102F700052E8000F184342E800010029F8D1BFF3DE
:102F80005B8F07490E98230101EB0412C8500F9B79
:102F90005360C2E902670025DDE700BF0100800041
:102FA000A800002000100140FDFF7F00780D0020E8
:102FB0007FB51C4C1C4BC4F80833C4F848331B4B7A
:102FC00000254FF0FF304FF0FF31C4F80855C3E93A
:102FD00002014FF48033C4F80433154B02264FF43A
:102FE00000320121C4F804631120C3F880212A466D
:102FF000FFF72CF91120FFF7F9F80E4A0123A3601F
:10300000236013600C4B0D4A0093CDE9015500235A
:103010002846FFF735FF3046FFF7EAFB284604B0A5
:1030200070BD00BF0010014003000F00A800002089
:1030300000E100E07C0D0020992D0000FFFF7F00E3
:103040002DE9F7432F4CD4F8043399070BD5D4F866
:10305000043143B12C4A0023C4F80431D4F80431BC
:10306000136801331360D4F80433DA0329D5BFF3AE
:103070005B8F264B53E8002F22F0010143E800103C
:103080000028F7D1BFF35B8FD30702D4D4F84031C7
:10309000BBB10025C4F84051D4F84031FFF7CEFE53
:1030A000EFF31182202383F31288BFF36F8F184B45
:1030B000D3E90267B042B94106D282F31188BFF367
:1030C0006F8F03B0BDE8F0834FF0FF384FF0FF394A
:1030D000C3E90289D3E900101D604FF48033C4F8BE
:1030E0004833C4F84051D4F8403182F31188BFF31B
:1030F0006F8F0029E5D0009032463B46284688472E
:10310000DFE700BF00100140800D0020780D002097
:10311000A800002030B5431C124C85B005D0844275
:10312000A8BF0446012CB8BF0124FFF787FE0E4B51
:103130000C4DD3E90013401AB0F5000F10D222183D
:10314000AA4228BF2A4652184FF0000007490091B2
:10315000CDE9010043F10003FFF792FE05B030BD59
:103160002A46F0E7FFFF7F00B8000020992D0000FD
:1031700008B5FFF763FE024B1B68C01A08BD00BF0D
:10318000B800002010B5084C012363601120FFF740
:103190003BF8064BC4F80833C4F84833044B4FF4EB
:1031A0000032C3F8802110BD0010014003000F0061
:1031B00000E100E04FF08053D3F83021082A06D117
:1031C000D3F83431052B02D8024AD05C7047002076
:1031D000704700BFBD6B000008B54FF08053D3F8B7
:1031E0003021082A4ED14FF080420021C2F80C1144
:1031F000C2F81011C2F8381502F54042D3F8041491
:10320000C2F82015D3F80814C2F82415D3F80C140A
:10321000C2F82815D3F81014C2F82C15D3F81414DA
:10322000C2F83015D3F81814C2F83415D3F81C14AA
:10323000C2F84015D3F82014C2F84415D3F824146A
:10324000C2F84815D3F82814C2F84C15D3F82C143A
:10325000C2F85015D3F83014C2F85415D3F834140A
:10326000C2F86015D3F83814C2F86415D3F83C14CA
:10327000C2F86815D3F84014C2F86C15D3F844347A
:10328000C2F87035FFF796FF18B1234B234AC3F8F5
:103290008C26FFF78FFF18B1214BFB22C3F81825AE
:1032A000FFF788FF70B14FF080414FF08053D1F8A5
:1032B000E42ED3F8583222F00F0203F00F03134329
:1032C000C1F8E43EFFF776FF20B1164B4FF40072D1
:1032D000C3F840264FF08053D3F83031082B1AD171
:1032E0004FF08043D3F80024D20744BF6FF00102AF
:1032F000C3F800244FF08053D3F83431052B02D8A3
:10330000094AD35C3BB14FF01023D3F808224FF0A9
:103310008043C3F8582508BD005000404881030091
:1033200000F0004000900240B76B000030B5046828
:10333000CCB1BFF35B8FB4FA84F3C3F11F03DBB2EC
:1033400001229A4024EA020250E8005FA54204D11B
:1033500040E8002CBCF1000FF6D1BFF35B8FE6D143
:1033600002480B7030BD0248FCE700BF0000AD0B07
:103370000200AD0B10B50368CB40DB0714D401236A
:103380008B400268BFF35B8F43EA020150E8004FB5
:10339000944204D140E8001CBCF1000FF6D1BFF309
:1033A0005B8FEED1014810BD0148FCE70000AD0B7A
:1033B0000400AD0BF7B50546F8B101281BD1042276
:1033C0004FF4807301464FF0804003440244C0F83C
:1033D00008130026012111601E608D421B688DF8C4
:1033E000071008BF0DF1070642F210744FF0804736
:1033F00045B1012D28D003B0F0BD0C224FF48273EB
:103400000221E0E7D7F8183403F480333EB9002BEB
:10341000F1D0012002F068FC013CF3D1EBE7D7F8D2
:10342000182402F003023260002BE4D09DF807005C
:10343000012803D102F058FC013CD9D1012DDAD189
:103440000C4B00225A71D6E7D7F80C3403F48033C2
:103450003EB9002BF4D0012002F046FC013CF3D130
:10346000EEE7D7F80C2402F001023270002BDDD118
:10347000E6E700BF840D0020054B1A792AB99A713E
:10348000012218609A80034870470348704700BFC4
:10349000840D00200000AD0B0C00AD0B08B5074BF0
:1034A0001B682BB10020FEF7C3FE08B9FEF79EFE95
:1034B0004FF080430022C3F8182508BD840D00207A
:1034C00010B510B1012840D010BD4FF08043D3F8A3
:1034D0001814D3F81824CC031ED5900702D000206E
:1034E000FFF768FF4FF080430022C3F81825022041
:1034F00008224FF4827303F180430021196002F126
:1035000080421C6801241460154A12680AB34FF007
:103510008043C3F80403D7E7D3F81424D107E1D5D7
:10352000D3F81C249207DAD10D4A12681AB102228C
:10353000C3F80423C8E7D3F80421002AFBD00022F3
:10354000C3F80421D3F80431BEE700224FF480739E
:10355000D1E71A68002AFCD019601B68B4E700BFE5
:10356000840D002010B54FF08043D3F800216AB1DC
:103570000022C3F80021D3F800210122C3F8082358
:10358000234B587910B95A711B6898474FF0804304
:10359000D3F804215AB10022C3F80421D3F804213E
:1035A0000222C3F808231A4B01201B6898474FF0EA
:1035B0008043D3F810217AB1D3F80423D1060BD578
:1035C0000022C3F81021D3F810211022C3F80823D9
:1035D0000F4B03201B6898474FF08043D3F80C2112
:1035E000A2B1D3F80423120710D50022C3F8342C5B
:1035F000C3F80C21D3F80C110821C3F80813044BAD
:103600009A71BDE810401B680420184710BD00BF28
:10361000840D0020036803F01F025B09026004D0E0
:10362000012B034818BF002070474FF0A04070479F
:1036300000030050034A430900F01F00D35C184404
:10364000C0B27047C36B000070B50546FFF7F2FFCC
:103650000C4C08300E4634F81030DA0508D5C3F3A8
:10366000432304EBC302284654F83330526898478A
:10367000A3682BB1E26831462846BDE87040184780
:1036800070BD00BF1400002008B5FFF7D3FF034B47
:10369000083033F81000400B08BD00BF14000020B4
:1036A00008B5FFF7C7FF034B083033F81000C0F32D
:1036B000400008BD1400002008B5FFF7BBFF034B16
:1036C000083033F81000C0F3401008BD140000208B
:1036D000034611F0010010B5CCB20DD1A207C4F31E
:1036E000400012D5094AD2F820055860C2F82005DA
:1036F000003818BF012008E04FF0A041D1F8202584
:103700001A60C1F82025002AE8D010BD000300503F
:1037100010B5FFF78FFF124A083032F81030D90584
:103720001CD5C3F3432123F4F85322F8103002F1DF
:103730000E04002034F8023F13F4807F03D0C3F35B
:10374000432399420AD001303028F3D1002342F8B4
:1037500031300448BDE81040FFF70CBE10BD00BF7B
:10376000140000208C000020F0B50546002004461F
:10377000012607468C420BD1114BD3F87C2132B184
:103780000022C3F87C21D3F87C3140F00040F0BD2A
:10379000E3B29B0003F580729B0806FA03F31D4217
:1037A0000BD002F1804202F5C042D2F800C0BCF159
:1037B000000F02D01760126818430134DAE700BF27
:1037C00000600040F7B506460846FFF733FF194F83
:1037D00000F108050C4637F81530DB0727D53046D1
:1037E00002F0DEFA2046FFF767FF40B12046FFF700
:1037F0004BFF316800F5A270002341F820302046CD
:10380000FFF786FF002301A827F815300194FFF782
:1038100001FF019B00EB8300074BD0F8002713400A
:1038200043F00203C0F80037044803B0F0BD044879
:10383000FBE700BF14000020F0F8FCFF0000AD0B18
:103840000400AD0B2DE9FF41164680460846FFF700
:10385000F1FE0D463168044609B32846FFF720FF04
:1038600018B12846FFF728FF10BB0023CDE900332D
:103870008DF80E308DF80F300DF10F020B462846F3
:103880000DF10E0102F034FA474A04F1080132F852
:10389000113023F0020343F0010322F81130736862
:1038A00063B328461F785968FFF7FAFE10B1D1B10B
:1038B0003E4826E03C4A04F1080032F8103023F07C
:1038C0002003DB04DB0C22F8103061B1032FEFD8AA
:1038D0007168496891F800C0D8F80010A7B90CF5D4
:1038E000A27C41F82C70304A04F1080132F8113002
:1038F00023F01C0343EA870322F81130B3684BBB63
:103900002B4804B0BDE8F08101EB8C0143EA4C3355
:10391000D1F810E52EF0030EC1F810E5D8F800102C
:1039200001EB8C0E43F02003DEF8101522F8103066
:1039300021F44F3121F44071CEF810152902DEF840
:10394000108501F47C5141EA074141EA0801CEF8B3
:103950001015C8E7D3E900672846FFF7D9FE002E07
:10396000CED0114DD5E90023964203D19F4201D11B
:10397000002209E00F480DF10F01FFF7D7FC0C4BB7
:103980009842BED19DF80F2045F8326005EBC20386
:1039900008345F6035F8143043EA422343F48073FF
:1039A00025F81430ACE700BF140000200400AD0B74
:1039B0000000AD0B8C0000202DE9F0430C4685B0D3
:1039C0008046204611461E46FFF734FE054629B3C1
:1039D0002046FFF765FE18B92046FFF76DFE18BBBD
:1039E000314F05F1080937F8193013F01C0F02D0D8
:1039F0004B78012B18D001238DF80F300023CDE92F
:103A000000134A1C8B1C20460DF10F0102F070F9C7
:103A100037F8193043F0030327F81930002E41D04E
:103A20002046FFF73DFE18B9204805B0BDE8F083F9
:103A300096F800C0D8F800301B4F0CF5A272002198
:103A400043F8221005F1080237F8121021F0200186
:103A5000C904C90C27F8121075781DB3D8F80000F6
:103A6000B67800EB8C002D04D0F8103523F49913B0
:103A700023F4F853C0F81035230203F47C5305F403
:103A800040353605D0F810E52B4306F4801641EAA0
:103A90004C31334341F0200143EA0E0327F8121062
:103AA000C0F810350248C0E7140000200400AD0B38
:103AB0000000AD0B014BC3E9021270471400002057
:103AC00010B508461446FFF7F7FD50B10846FFF75A
:103AD000B1FD054B083033F8103004485B0B237000
:103AE00010BD0348FCE700BF140000200000AD0B30
:103AF0000400AD0B70B5164D95F8804006462CBB02
:103B00002146602205F1100001F07AFF30682E6F27
:103B100021468E420ED10023C0F87C31D0F87C3192
:103B200040F30730FEF762FB01230A4885F8803036
:103B3000AB6770BDCBB29B0003F580727C2B08BFD6
:103B4000845001F1010108BF8358E2E70248F0E721
:103B5000140000200000AD0B0C00AD0B034B93F8DC
:103B60008000003818BF0120704700BF14000020FB
:103B70000148FFF7FFBB00BF880000200148FFF7A6
:103B8000D5BB00BF8800002073B503681646D3F884
:103B90000423002AA8BF4FF000420546A8BFC3F87F
:103BA000042308460C46FFF787FD00B30846FFF7DD
:103BB00077FD0146D8B92046FFF766FD04B2A400A0
:103BC00004F5807203462868815029688258214490
:103BD000D1F8102542F00102C1F810252EB1296854
:103BE000012202FA03F3C1F8043302B070BD20468B
:103BF000FFF720FD0F4B083033F81030C3F382037A
:103C0000042B12D0052B12D001A80194FFF702FD5E
:103C1000019AD0F81035D34003F00103991C2046D7
:103C200002B0BDE8704002F0ACB80321F7E7022112
:103C3000F5E700BF140000202DE9F04F694BDFF8D5
:103C4000A881D3F80403D8F87010C0B289B040F04E
:103C50000040FFF789FD051E2FDAC24600235AF8FF
:103C60007C1F06A8CDE90633FFF732FD5F4B0193B9
:103C70000DF118094FF0000B019A12F8013B019267
:103C8000DA0803F007031AF8022022FA03F3DA072E
:103C90001CD409F10409BBF1000F14D0D8F870103E
:103CA0004FF00040FFF760FDD8F87C1006A8FFF742
:103CB0000FFD0028DAD125F000450124002D79D12F
:103CC00009B0BDE8F08F4FF0010BD5E7484B5B44DE
:103CD0000293D9F800100029DBD0029B91FAA1F1E0
:103CE0001C78B1FA81F141EA44142046FFF7A2FCA6
:103CF0000830059438F81070C808BB0819F800207F
:103D0000039301F00701012303FA01F122EA010202
:103D100009F8002005A8FFF77DFC059A039B02F532
:103D2000E072C7F3820650F822205B073746C2F3E1
:103D3000014224D520463946D6B2FFF785FC05A8B6
:103D40000594FFF767FC059B03F5E07350F82330FB
:103D5000C3F301439E4207D10021204602F011F82F
:103D60003146204602F00DF805A80594FFF752FCF5
:103D7000059B012202FA03F3C0F82035A9E7022AC5
:103D80000CD10321204601F0FCFF06F00503012BB6
:103D9000EAD139462046FFF757FCE5E702212046E5
:103DA000039201F0EEFF032EF3D0039A032ADBD136
:103DB000022EEDE795FAA5F3B3FA83F304FA03F2C2
:103DC0009B0003F1804303F5C04325EA0205D3F8C5
:103DD0001005D3F81015C0F30520C1F30141FFF71A
:103DE00033FC6BE70060004014000020D36B000040
:103DF000D36B0000044AD2F80034DB07FBD5016026
:103E0000BFF35F8F704700BF00E001404FF0805369
:103E10001A69B0FBF2F302FB130373B9084B0222D9
:103E2000C3F80425C3F80805D3F80024D207FBD54E
:103E300000220448C3F8042570470348704700BFB8
:103E400000E001400000AD0B0A00AD0B10B5054CC1
:103E50000123C4F80435FFF7CDFF0023C4F804356F
:103E600010BD00BF00E0014030B5816885B0103959
:103E700021F00704054601F01BFD102201466846AB
:103E800001F0BEFD07491022684601F0AEFD102387
:103E90006A462146284601F0D7FC003818BF0120A9
:103EA00005B030BDB665000030B50D46816887B0FD
:103EB000102302AA1039044601F0B1FC002802DAEE
:103EC000012007B030BD102202A9204601F0B2FF48
:103ED00000283AD11E49102202A801F076FD0028E0
:103EE0000CBF012302232B70204601F08FFF01231A
:103EF00001460DF10702204601F091FC0028DFDBAE
:103F00009DF8073003F00F021B096A702B71012224
:103F10000DF10701204601F08DFF10B96B78042BDD
:103F200003D901236B7000232B71A268183A22F089
:103F30000702083AA91C204601F08FFF0028BFD1D4
:103F4000E91C204601F0E2FFBBE70323CBE700BFFB
:103F5000B6650000F0B5354F460085B005466946A8
:103F600057F8260001F0D8FF044610B1FF2005B035
:103F7000F0BD013602A957F8260001F0CDFF012857
:103F800037D12B482A46492101F03BFC294B0293AB
:103F90008DF80C409DF800609DF80870264C0022BA
:103FA0002078314601F038FF50B36078394601F08F
:103FB00033FF28B3A378042B03D09DF80310994254
:103FC0001ED1E378042B03D09DF80B10994217D132
:103FD0002379042B10D16279022A1DD1174B18487E
:103FE0002A46492101F00DFC6079831E022BBED9BF
:103FF000BCE70028CED0B9E79DF802109942EAD07C
:104000000132032A04F10604CAD10E482A46492186
:1040100001F0F7FB0120AAE7032A05D00A4B0B4960
:10402000042A08BF0B46DAE7094BD8E77865000099
:10403000F86B0000030103038D6C0000DA6B0000D5
:10404000436C0000676C0000DF6B0000F16B000048
:10405000D56B000038B5094B53F82040013053F8B8
:104060002050A54200D838BD636823B1204601F036
:10407000AAFF0834F5E723689847FAE7806500004F
:1040800008B50A4B012203201A70FFF7E3FFFDF782
:104090000BFF01F0B4FF0420FFF7DCFFFCF79AF9F7
:1040A000034A137B23F00103137308BD920E002013
:1040B000C800002008B50348034A0021121A01F085
:1040C0009AFF08BDA8000020940E002008B500202B
:1040D000FFF7C0FF184B83F30888184C636943F45B
:1040E000007363610025E02384F82230E5772576AC
:1040F0006576A57684F82050636A43F4E023636212
:1041000084F82350FEF720F8FEF70AF94FF0FF334A
:10411000A362E362FEF79EF9FEF726F901F02DFF98
:104120000120FFF797FF0220FFF794FF04482B467A
:104130002A462946FEF7DCF80017002000ED00E0D3
:10414000814000000748084A084908B5121A01F0E2
:1041500054FF0748074A0849BDE80840121A01F011
:104160004CBF00BF00000020A8000020A06C000091
:104170000000002000000020A06C0000024B186826
:10418000984208BF0020704798000020034B1B682E
:104190000BB9FEF7EDBF0020704700BF8C0D00206B
:1041A00030B570B10B4B5B6898420AD0036843B1DD
:1041B000D3E90421D0E90445121941EB0501C3E913
:1041C0000421D0E9003213605A600023C0E90033B3
:1041D00030BD00BF980000202DE9F047EFF31185B6
:1041E000202383F31288BFF36F8FDFF89C90DFF8F2
:1041F0009C80C9F80000FFF7C1FF00260027D9F80E
:104200000030D8E900ECD91750B1D0E90442A342FC
:1042100071EB020A18DAE41A62EB0102C0E9044207
:1042200013EB0E034CEB01010024C8E90031C9F87F
:10423000004001F0EBFE2146FEF76CFF85F311888C
:10424000BFF36F8FBDE8F08714EB0E024CEBE47305
:10425000C0E90467C8E90023FFF7A2FF85F31188CE
:10426000BFF36F8F83689847EFF31185202383F3A3
:104270001288BFF36F8FD9F800301B1BC9F80030CC
:10428000FFF77CFFBBE700BF8C0D0020480100203A
:1042900070470078704730B583688B4285B004461C
:1042A00015460ED96368C068194401AA01F05CFC88
:1042B00028B96268019B9B1A2B60029B6B6005B05A
:1042C00030BD6FF02100FAE770472DE9F7430E4645
:1042D00017469946044628B94FF0FF38404603B0C8
:1042E000BDE8F0830029F7D0002AF5D0CB680D890E
:1042F0001D4404230DEB03022946384601F08FFAD2
:1043000080460028E8D1BDF80410738946F60812EB
:10431000914225D1BDF806109942DDD104230DEB61
:1043200003022944384601F07AFA0028D4D1BDF8B6
:10433000042046F607139A42CED1C4E900679DF8DF
:104340002830A4F80890A3727389BDF806202B4486
:10435000E360738913442B44043563612561BDE731
:10436000002BE4D0B8E72DE9F3410E4617461D4671
:10437000044620B94FF0FF3002B0BDE8F081036879
:10438000002BF7D04368002BF4D04FF6FF78D4E928
:1043900004239A4216D223685B8923B1E3689342CF
:1043A00004BF043323610423216960680DEB030219
:1043B00001F035FA0028DDD1A37A2BB1D4E903321C
:1043C0009A4201D30120D7E72389BDF8061043455F
:1043D00001F1040203D0BDF804C09C450BD115B116
:1043E000BDF804302B80236904333360398023699E
:1043F00013442361C0E7236913442361C7E748B12D
:1044000003683BB143682BB1C068884294BF002069
:10441000012070474FF0FF30704773B50C460646D9
:104420001146022301AA204600F028FA0546E8B901
:10443000019A1F2A0ED92368A2F1200119442022D3
:10444000304601F0D2FA2368019A134423602846CB
:1044500002B070BD0146C2F12002304601F0D0FA30
:10446000019A2168C2F120003044EAE76FF00205AA
:10447000EDE701F0AABA40F25913584330307047C3
:1044800010B5044601F00DFAA36840F25912303B12
:1044900002FB103010BD70B50D46044601F0B6FCAD
:1044A0002A46A0F1080104232046BDE8704001F02F
:1044B000B6B913B50446019101F0A8FC0423A0F19C
:1044C00008010DEB0302204601F0E3FC02B010BD31
:1044D000F7B5044600200D461746FBF7F1FF694685
:1044E000C0B2FDF7A1FC30B10125009801F096F9AA
:1044F000284603B0F0BD2C2303FB05440098E36875
:1045000026891E4404230DEB0302314601F087F98E
:1045100005460028E8D1BDF804206489009846F6D5
:1045200008139A4219D1BDF806309C4201D00325E8
:10453000DBE704230DEB0302A11901F070F9002859
:10454000D2D1BDF8042046F607139A42EFD1BDF848
:104550000610214431443960C7E7002CF1D0E6E76A
:1045600070B513460E461546002102460446FCF778
:104570004BFC50B92B4604F12C0201212046FCF7DC
:1045800043FC10B1002E08BF002070BD37B50446B3
:10459000426A732501A90120019501F0B2F958B9C9
:1045A000019B226DA36201A90220019501F0A9F9E6
:1045B000054628B1092500E00125284603B030BD95
:1045C000019B206A636501F06CF9E065F5E7012362
:1045D000036003F1012343600023C0E90233704705
:1045E0004379012B07D10368012B04D10079431EC5
:1045F000584258417047002070477FB506460D4627
:10460000012001A9FDF710FC38BB0198FFF738FF26
:10461000F16D0446284600F0D1F80444019801F0F9
:1046200040F90646019801F043F9082201460DEBD6
:10463000020001F0E5F92B798DF808302146019848
:10464000334602AA01F000F9041E019818BF0124A4
:1046500001F0E4F8204604B070BD0124FAE701F04F
:1046600008B92DE9F8430E46002107460846FBF736
:1046700027FF012104460020FBF722FF33789C42EC
:1046800021D0984221D101252C2303FB0575F86D1B
:10469000AC6AFFF7F0FE013C07464FF000086B6A7A
:1046A00003EBC40253F83410D2F804901B684A4656
:1046B000C91A3046C844FFF7D2FFB84504F1FF34A9
:1046C000EDD3BDE8F8830025DEE70120F9E737B533
:1046D00015460C460220694601F01EFCE9790129C5
:1046E00003D00022204601F02BFC9DF80330012B63
:1046F00002D1204601F003FCA9682046FFF7D9FE4D
:104700002046FFF7B1FB002003B030BD73B50D4666
:104710000646FCF787FC0446E86058B302282ED111
:1047200001A90120FDF780FB58BB01982A463146BC
:10473000FCF7D0FB0446D0B9019801F067FB0123D8
:1047400001460DF10302019801F069F80446A0B991
:10475000019801220DF1030101F06CFB10B101235E
:104760008DF803309DF8033003F00F03EB710198CF
:1047700001F054F8204602B070BD0124F7E7072489
:10478000F8E70124F6E738B5436A0446C06D5D6872
:10479000FFF771FE0246A06A002301382B449A42BB
:1047A00001D90138FAE738BD436A00205A68034648
:1047B00013448B4200F10100FAD3704710B54379DE
:1047C0000279012B1ABF73234B43002302F1FF32FE
:1047D00001FB0233026814BF4C000C46013A04FB93
:1047E000023010BD70B50368CD1A002D02DC6FF0E9
:1047F0005F0070BD93F900601C78002E0ADB5C1C22
:1048000004601B7813600368C91A13688B42EED8E2
:104810000020EEE704F07F04013C032C2BD8DFE8F6
:1048200004F0020A1421012DE1D05B7813600368C3
:1048300002330360E7E7022DD9DDB3F801305BBA3C
:104840009BB2136003680333F3E7032DCFDD9C783D
:104850005D78DB78240244EA05442343136003684F
:104860000433E6E7042DC2DDD3F801301BBA136030
:1048700003680533DDE76FF06300BAE770B40468DE
:104880000E1B002E07DD26789E4208D101340460FD
:1048900070BCFFF7A7BF6FF05F0070BC70476FF090
:1048A0006100FAE738B503230446FFF7E7FF18B9BC
:1048B000136813B96FF0670038BD013B13602368BC
:1048C0001A78002AF6D101332360F5E72DE9F34188
:1048D00090461F4601AA302305460E46FFF7CEFF3D
:1048E0000446F0B92B68F61A002E34DD42461B78D8
:1048F00042F8043B019B2E681E443146062328469D
:10490000FFF7BCFF044660B92B68D8F80420C8F84C
:1049100008309918B142296007D10C213846FCF7BC
:104920002BFD204602B0BDE8F0819B5C3A46314643
:1049300042F8043B2B6801332B602846FFF752FFF7
:1049400060B92B687A68BB601344B3422B6018BF10
:104950006FF06504E5E76FF05F04E2E70446E0E727
:10496000F0B500240646204665B2AB4200DCF0BD3F
:1049700051F8247052F824503D440544AF4200F0F1
:10498000010018BF002046F8245088BF40F0010005
:104990000134E9E700EB81010023884200D370472E
:1049A00051F8042D43EA52030B60D307F5E770B5C5
:1049B0000368DB070546144604D4BDE87040114681
:1049C000FFF7E8BF13460A460146FFF7C9FF214635
:1049D00006462846FFF7DEFF46B104F18044013C5D
:1049E00055F8243043F0004345F8243070BD4FF0B3
:1049F000000C2DE9F74F654664464FFA8CF94B459C
:104A000016DC4FF0FF3606EB430601964FF0000828
:104A1000019F53FA88FE4FFA8EFEBE455FFA88F674
:104A200028DB00EBC30040F8044C03B0BDE8F08F76
:104A30004FF0000E02EB8C0AF04651F82E705AF837
:104A40000469A6FB076736190EF1010E6F41344663
:104A50004FFA8EF64FF0000B28BF4FF0010B4E457A
:104A6000D8443D46E9DD40F82C4045460CF1010CA8
:104A70003C46C2E70136A94676B202EB8E0A002513
:104A800077B2BB4205DC40F82E4008F101084C46E5
:104A9000BEE76FF00307774351F826C05AF8077056
:104AA000A7FB0C7C3F195CEB090C4FF0000B28BFF7
:104AB0004FF0010B5D44E1463C460136E0E7002340
:104AC00010B51C465AB2914200DC10BD40F823409C
:104AD0000133F7E710B500231A465CB2A14203DCAC
:104AE000B2FA82F0400910BD50F82340013322434E
:104AF000F3E74A11012350F8220001F01F018B4017
:104B0000184070474B1E10B55BB2041D1A0603D443
:104B10005A1E54F8221071B101335BB283B103F114
:104B20008042013A50F82210002231B9013B02EBD9
:104B3000431210B210BD1346E8E749080132F4E70A
:104B40001846F7E710B500235CB2A24200DC10BDA6
:104B500051F8234040F823400133F5E710B5013AFE
:104B600052B2130601D5002010BD50F8224051F872
:104B700022309C4205D802F1FF32F2D24FF0FF30D2
:104B8000F2E70120F0E730B5013A52B200231406F3
:104B900003D5181E18BF012030BD50F8224051F82F
:104BA00022506C402343013AF1E7F0B50024064659
:104BB0009C46204665B2654500DBF0BD51F8247087
:104BC00052F824303D1AED1AAF4200F0010018BF30
:104BD000002046F8245038BF40F001000134E9E7D6
:104BE00070B59DF910601D4633460446FFF7B8FEC8
:104BF00030B9324621462846FFF7B0FF012807D0DA
:104C000033462A4621462046BDE87040FFF7CDBF17
:104C100070BD70B59DF910601D4633460446FFF720
:104C2000C4FF38B133462A4621462046BDE87040CD
:104C3000FFF796BE70BD2DE9F04FA5B01D4614AB31
:104C4000CDE902310190294610461746FFF75AFF79
:104C5000C0EB851424B2002C2146B8BF04F11F011B
:104C6000634203F01F0341F3471104F01F0604A839
:104C700058BF5E42FFF723FF002E4FEA81002DDD73
:104C800004AB00221844C6F1200E13469D421AD8E8
:104C900004AB03EB850300936F1E24AB4FEA45087A
:104CA0004FEA8509012603EB8707002C53DA24AB72
:104CB00003EB8606019856F8881C2A46FFF742FF48
:104CC00025B0BDE8F08F57F823C00CFA06F10A436F
:104CD00040F8042B01332CFA0EF2D7E704AB2A4636
:104CE00039461844FFF72EFFD2E75AF8883C53F8AC
:104CF000202024AB03EB80030CF1010C53F8803C23
:104D00000B44D31A34BF4FF0010B4FF0000B9A4203
:104D10005EF8882C42F8203018BF59464FFA8CF0C4
:104D20004045E2DB731A5E42294604A85E41FFF764
:104D300031FE09F190036B44009853F8802C57F82A
:104D4000803C294643EAC273013C47F8803C24B2C8
:104D5000FFF720FEA9E724AB4FF0000CC6F1010ECF
:104D6000614603EB860A03EB8E0ED7E730B591B0B0
:104D700004461D4668469DF95030FFF738FE2A4626
:104D800069462046FFF757FF11B030BD30B51C46CD
:104D900091B0054693F900306846FFF728FED4F835
:104DA000AC3069462846984711B030BD13460A46D4
:104DB000FFF7ECBF2DE9F04793F9006092B004468D
:104DC00089461046314615461F46FFF783FE0028E8
:104DD00040F091803A46494602A8FFF7E7FF3B467C
:104DE00002AA21460AA8FFF7D1FF02A908463A46BF
:104DF000FFF7DCFF3B462A4649464846FFF7C6FF19
:104E000007F104083A4629462846FFF7CFFF4346F4
:104E10002A46214620460096FFF7E2FE43462A46F0
:104E2000294628460096FFF7DBFE43462A462146E0
:104E300028460096FFF7EDFE3B462A4621462046CF
:104E4000FFF7A4FF43462246214628460096FFF777
:104E5000C7FE434600962A4621462046FFF7C0FE7D
:104E60002368DB074AD53346424621462046FFF7F2
:104E700077FD314682462046FFF78CFD06F18043E0
:104E8000013B54F8232042EACA7244F823203A46F0
:104E900021462846FFF78AFF43460AAA29462846A4
:104EA0000096FFF7B6FE43460AAA29462846009612
:104EB000FFF7AFFE0AA9084643462A460096FFF7C9
:104EC000A8FE3B460AAA21462046FFF75FFF02AA3A
:104ED0004346104621460096FFF79BFE3246294680
:104EE0002046FFF72FFE49462846FFF72BFE02A972
:104EF0004846FFF727FE12B0BDE8F087314620464E
:104F0000FFF748FDC3E72DE9F04115468AB0044696
:104F10000E461C22002103A800F072FD2F1D95F9FA
:104F2000008003232A46314620460293FFF73EFFC6
:104F30003B4602AA21462046CDF80080FFF769FED5
:104F40002B46324621462046FFF720FFCDF8008051
:104F50003B4605F1840221462046FFF741FE0AB098
:104F6000BDE8F081F0B50F46A1B0064619463846B7
:104F700015461C46FFF7AEFD28B1304621B0BDE80E
:104F8000F040FFF79CBD224639466846FFF7DAFD40
:104F9000294608A8FFF7D6FD10A82146FFF78FFD88
:104FA000012318A81093FFF78AFD224608A9684636
:104FB000FFF7D4FD30B9224610A93046FFF7C2FDF5
:104FC00021B0F0BD009BDA0709D421466846FFF7FF
:104FD000E1FC2246294610A8FFF7E9FCE5E7089B1B
:104FE000DB0707D4214608A8FFF7D4FC2246294650
:104FF00018A8F1E7002823461CDD08AA6946684680
:10500000FFF7D3FD21466846FFF7C4FC224618A9E6
:1050100010A8FFF7A3FD002805DA10A923462A46A9
:105020000846FFF79DFC10A9234618AA0846FFF77B
:10503000BCFDCEE76A4608A8FFF7B7FD214608A8E1
:10504000FFF7A8FC224610A918A8FFF787FD002843
:1050500005DA18A923462A460846FFF781FC18A955
:10506000234610AA0846FFF7A0FDBFE7F0B5154696
:1050700089B01C4607460E461A4629466846FFF781
:1050800095FE23466A4639463846FFF77FFE23469B
:105090002A4669466846FFF779FE23466A46314646
:1050A0003046FFF773FE09B0F0BD2DE9F0478AB036
:1050B0001446DDF848A055461F4615F9046B0096C6
:1050C000804689462B460246214602A8FFF7A1FDED
:1050D00002A952460846FFF769FE534602AA414616
:1050E0004046FFF753FE534602AA21462046FFF7EB
:1050F0004DFE2B464A46394638460096FFF789FD55
:105100005246394602A8FFF751FE02A92B464246F5
:1051100008460096FFF77DFD02A92B462246084669
:105120000096FFF776FD2B46424621462046009624
:10513000FFF76FFD5346224649464846FFF726FED5
:105140002B4602AA414620460096FFF762FD5346D1
:10515000224639463846FFF719FE2B464A4639465D
:1051600038460096FFF755FD324602A92046FFF764
:10517000E9FC0AB0BDE8F087F8B50E46D11C48BF7F
:10518000911D41F387011446FFF799FC0025671E26
:105190006AB2A24205F1010500DBF8BDBB1A23F09B
:1051A0000301B25C03F00303DB009A40435813434E
:1051B0004350EDE72DE9F0471F46B3F9023013F1F4
:1051C0001F0448BF03F13E046511DC1D48BF03F115
:1051D0000E04E41094424FFA85F928BF144606469F
:1051E00088464946FFF76BFC224641463046FFF7AA
:1051F000C3FFB7F90220B2EBC40F4FEAC40320D2B9
:105200009B1A06EB85040021C3F12005A6420FD3AB
:1052100024374A4631463846FFF7A0FC012810D013
:105220004B463A4631463046BDE8F047FFF7BDBC35
:1052300054F8040D20FA03F20A43226000FA05F143
:10524000E4E7BDE8F0872DE9F04FFDB01F46869DED
:105250000792B5F9023095F90040049113F11F0649
:1052600048BF03F13E0646F3471606F1FF3B7CAA12
:1052700002EB8B0200230DF1900842F8C03C42F88B
:10528000A03C014695F9012048F82B3081466CA8D6
:10529000FFF772FFA30095F9012006936CAB03EBB7
:1052A0008403184609EB02010393FFF765FF95F9A4
:1052B000012039464CA8FFF75FFF95F9012054A85B
:1052C000B918FFF759FF21464CA8FFF703FC18B1A6
:1052D00000207DB0BDE8F08F214654A8FFF7FAFB0F
:1052E00002900028F4D105F1240A32464CA9504618
:1052F000FFF734FC0128EBD1324654A95046FFF7A2
:105300002DFC01280590E3D10CAF3346524654A939
:105310001CA8FFF727FE029B47F82B303846079A58
:1053200004992B46FFF746FF3946384653461CAAD8
:105330000096FFF71BFD0DF5B87953461CAA4CA942
:1053400014A80096FFF712FD484622466CA9FFF705
:10535000F9FBA30009EB030B584603992246FFF71C
:10536000F1FB05F144031946224634A80393FFF7E5
:10537000E9FB039BA100591822463CA8FFF7E2FB7A
:105380002B1D494634AA1CA800940493FFF741FC46
:105390005B464A463CA934A80095FFF786FE1CA947
:1053A000084623462A1DFFF7DDFD1CAA594648463C
:1053B0002B46FFF75BFE029B0893039B0993314644
:1053C0006CAB3846CDE90A39FFF79CFB3146814684
:1053D00014A8FFF797FB8145B8BF81461FFA89F9EA
:1053E00009F1FF3109B238460291FFF782FB0299B9
:1053F000074614A8FFF77DFB003818BF0120003FC7
:1054000018BF012747EA40070DF1200B22465BF841
:10541000277040463946FFF795FBA300F91822464E
:105420002CA8FFF78FFB21461CA8FFF748FB059B24
:105430001C93A9F102090FFA89F9B9F1000F21DAD9
:105440001CA90846049A2346FFF78CFD2B461CAA8C
:105450002CA94046FFF70AFE324641465046FFF768
:105460007DFB012805D03346524641464046FFF7B2
:105470009CFB22464CA94046FFF785FBB0FA80F022
:10548000400926E72B461CAAD5F8A4702CA9404653
:10549000B84749460CA8FFF72CFB4946074614A815
:1054A000FFF727FB003818BF0120003F18BF012776
:1054B00047EA400708AB53F8277027B3224639461E
:1054C00034A8FFF73FFB069B2246F9183CA8FFF7DC
:1054D00039FB2B461CAA3CA934A8FFF7C7FD049B47
:1054E000009434AA414644A8FFF793FB2CAB4246F4
:1054F0003CA934A80095FFF7D8FD1CA92B4644AA67
:105500000846FFF743FC09F1FF3994E7F8B50C466C
:1055100010B1F9B10AB90120F8BD8D1800F12806C3
:105520000027836E5A1C8266034414F8011B83F81B
:1055300028103F2A0BD93146FBF7EEFFD0E908329D
:1055400013F5007342F10002C0E908328766A542F4
:10555000E7D1E0E70846DFE7F8B50C460546002846
:1055600055D0002954D08B6ED1E90821D8001218EB
:1055700041F10001581C2344C4E9082138284FF0A8
:105580008002A0664FF0000783F8282004F1280667
:105590000AD9C0F140023946304400F03BF83146A8
:1055A0002046FBF7B9FFA766A06E0021C0F13802C4
:1055B000304400F02FF8236A1ABA636A62661A0A46
:1055C00084F8633084F862201A0C1B0E84F8603073
:1055D000314684F861202046FBF79EFF2B1D211FDA
:1055E000243551F8042F03F8012C100E03F8040C95
:1055F000100C03F8030C100A03F8020C0433AB423E
:10560000EFD120467022002100F004F80120F8BDFF
:105610000846FCE700F0F4B910B5036A0446D86800
:105620008368DB689847E36CD8688368DB689847D1
:10563000012010BD002070470FB407B504A951F830
:10564000040B0191FCF7ACF803B05DF804EB04B077
:105650007047038B13F0070305D10368002B0CBFC1
:10566000002003207047022B05D1408BB0FA80F058
:10567000400980007047012B05D10368002B0CBF47
:105680000020052070470020704710B50C4600B17F
:1056900011B96FF0150010BD081D00F093F8002837
:1056A000F9D1A368032BF6D9F3E72DE9F0410D46B4
:1056B00007461946281D90461E4600F094F80446F9
:1056C00038B13346424629463846A446BDE8F04143
:1056D0006047BDE8F08110B4EFF31182202484F319
:1056E0001288BFF36F8F416110BC0121FCF788BAAB
:1056F00038B50C46054658B151B10B6843B14B68FB
:1057000033B11C22002100F07BF92C61002038BD50
:105710006FF01500FBE770B505460E46FFF7B5FFC5
:10572000041E14DBEFF31182202383F31288BFF3EE
:105730006F8F6B8B2C8B4FF6FF718B4204F007043D
:1057400007D182F31188BFF36F8F6FF00A042046F0
:1057500070BD022C0CD101336B8382F31188BFF32F
:105760006F8F0023224631462846FFF79EFFEEE763
:10577000062C14D8DFE804F004131313041A0400F1
:10578000002333606B683BB9C5E90066ACB9022100
:105790002846FCF735FADAE71E606E60F6E782F31A
:1057A0001188BFF36F8F6FF00404D0E782F3118884
:1057B000BFF36F8F6FF08504C9E782F31188BFF3E1
:1057C0006F8FC4E7034658B1426802F00302012A12
:1057D00003D0032A04D1026812B1002098607047F8
:1057E0006FF0150070474268816002F00302032ADF
:1057F0004FF0000203460CBF006810465A60704725
:1058000070470FB407B504A951F8040B0191FBF7D9
:10581000C7FF03B05DF804EB04B070477047002980
:1058200030B4044618460BDBA5680844A84207D8E4
:10583000E0686468214484682468A44630BC6047FA
:105840006FF0150030BC7047002930B4044618468C
:105850000BDBA5680844A84207D8E06864682144C7
:1058600084686468A44630BC60476FF0150030BCA3
:1058700070470029034610B410460BDB9C680844AF
:10588000A04207D8D8685B68194483689B682BB12D
:1058900010BC18476FF0150010BC70476FF0570030
:1058A000FAE708B5C0688368DB689847006808BDF8
:1058B00008B5C0688368DB689847407908BD70B553
:1058C0004C680368A34201D2012070BD8A6822445B
:1058D000934201D30020F8E7D1E903254E69B54290
:1058E00003D36FF00B038B61F4E71B1B42F83530D9
:1058F0004368086902EBC00253600B6901330B6116
:10590000E2E737B50C46C0B201A91546FCF78CFAA0
:1059100000280CDB019850B121462A46FCF7AAFA70
:1059200004460198FFF77AFF204603B030BD6FF0C0
:105930001504F9E7012801D1EFF3058300F034BB2A
:1059400001460068FFF7F6BF08B5FCF7BBFABDE8F3
:10595000084000F000B8704700210120FFF7EABFBF
:1059600061B662B680F31188BFF36F8F7047EFF3B3
:105970001180202383F31288BFF36F8F704772B6B4
:10598000002383F31188BFF36F8FBFF34F8F20BFC6
:1059900080F31188BFF36F8F62B67047202809D952
:1059A000B0F1004F08D80138B0FA80F0C0F11F0004
:1059B00040007047082070473E2070470346002093
:1059C0001A5C02B970470130FAE710B55AB10139D3
:1059D000841810F8012B11F8013FA04201D09A421F
:1059E000F7D0D01A10BD1046FCE710B5431E0A448C
:1059F000914200D110BD11F8014B03F8014FF7E7B8
:105A0000C9B202440346934200D1704703F8011B18
:105A1000F9E70369C9B20C2201FB0233186C00F0EC
:105A20000700704770B5C9B20369EFF311852024F0
:105A300084F31288BFF36F8F0C2606FB0134246CAD
:105A400014F0C00408D0A24206D085F31188BFF339
:105A50006F8F4FF0FF3070BD71430B4401221A6409
:105A600085F31188BFF36F8F43680B445B689847D9
:105A70000020F0E78022FFF7D5BFF8B5069F046944
:105A8000C9B2EFF31186202585F31288BFF36F8F1B
:105A90000C2569430C44256C05F0070CBCF1010F83
:105AA0000BD1276486F31188BFF36F8FC4E90E23EF
:105AB00043685B5898470020F8BD05F0C005AF4229
:105AC00086F31188BFF36F8F0CBF6FF077004FF034
:105AD000FF30F1E713B580240094FFF7CEFF02B04A
:105AE00010BD6FF08500704710B40069CBB21C2464
:105AF00003FB0400002110BC10470020FDF7E0BCB0
:105B0000002000F0F3B8F7B51C4616460023826863
:105B10002360A36053690D4601AA69469847019B1B
:105B20005A1E01921BB96FF0150003B0F0BD00982A
:105B3000A26847682168676085B9B31AD0F800C0C9
:105B4000634528BF63461A4403FB07112160A26026
:105B500002689A4206D808300090E0E76B1AB3FB5F
:105B6000F7F3EBE70020E0E713460022FFF7CBBF97
:105B70002DE9F047836886B05B698846914601A9A4
:105B800002AA98470024A2462546029BAB4202D8AF
:105B900006B0BDE8F087019F07EBC50700267B68CC
:105BA00004933A68B2420AEB060302D801359A46DA
:105BB000EBE703940593494603A8C0470028E7D0C4
:105BC000049B01361C44ECE710B50C4600F010F9BC
:105BD0000023C4E90003184610BD38B505460C463D
:105BE00000F006F9002D07DBA84205D9401B8442CE
:105BF0008CBF0020012038BD0020FCE770B50D46A9
:105C00002846194616461C46FFF7E7FF38B124B16F
:105C1000224629463046FFF7E8FE002070BD6FF0AF
:105C20001500FBE743685B68D3F810350B60002074
:105C3000704743685B6802EA010021EA0201C3F889
:105C40000805C3F80C150020704743685B68002006
:105C5000C3F80815704743685B680020C3F80C154B
:105C6000704743685A68D2F8043521EA03000B40B4
:105C7000C2F80805C2F80C350020704710B503695A
:105C80005868F8B1884219D19C6808685860A142E8
:105C900000D19860002008602AB15A680A609A68AA
:105CA000596002B99960002010E0814206D108686D
:105CB000206098688142EDD19C60EBE70446006863
:105CC0000028F2D1002AE8D16FF0150010BD00F1D4
:105CD00050039B009BB203F1804303F588330022FD
:105CE0001A601B687047004700F043B9FDF762BBBC
:105CF000F7B5019001A8DDE9084716461D46FDF7F6
:105D000089FC019BB6F1000C18BF4FF0010C00EBB1
:105D100083000B1E18BF0123002D43EA4C0314BF60
:105D20004FF00C0C4FF0000C002C43EA0C0314BF96
:105D30004FF4E06C4FF0000C002F43EA0C03D0F856
:105D4000002714BF4FF4403C4FF0000C43EA0C0313
:105D500022EA030301B109780EB1367876001943BF
:105D60000DB12D78AD0031430CB1247824022943C4
:105D70000FB13F783F040C433C43C0F8004703B0E9
:105D8000F0BD1FB50DF10F03019300238DF80F1027
:105D900000931A461946FFF7ABFF05B05DF804FB08
:105DA00038B5054608460C46FDF786FCB0B10846F6
:105DB000FDF776FC90B90846FDF766FC2A680123DA
:105DC0008340C2F808332A6803B202EB8303D3F896
:105DD000102522F00302C3F8102538BD204600210B
:105DE000BDE83840FFF7CDBFFDF7ECBCFFF7D8BFEB
:105DF0004FF080531A695869504370474FF08053F1
:105E0000186970474FF08053586970478068183898
:105E100020F0070010387047042809D0052803D166
:105E2000481E18BF01207047431A58425841704716
:105E30000120704738B515460C4661B15AB1FFF7DD
:105E400037FD2544214611F8013B834203D1A94285
:105E5000F9D1012038BD0020FCE738B50C460123FC
:105E6000114622460546FFF7DAFC00280FDB012227
:105E700021462846FFF7DEFF38B92378012B14BFEF
:105E8000022301232370002038BD0323FAE70120F9
:105E9000FAE72DE9F7431D4606460F469046FFF701
:105EA00000FD6C1E044440420440082C1AD83046C1
:105EB000FFF7FEFC2A46814641466846FFF795FDFE
:105EC000621B49460DEB0500FFF79AFD23466A4623
:105ED00039463046FFF7B8FC003818BF012003B040
:105EE000BDE8F0834FF0FF30F9E707B501238DF8E7
:105EF000042001AAFFF7CDFF03B05DF804FB816821
:105F00001839012221F00701FFF7EFBF8268183A24
:105F100022F00702FFF7A1BF13B50C46C0B201A9DA
:105F2000FBF782FF50B921460198FDF7BDFF0446FB
:105F30000198FFF773FC204602B010BD0124FAE778
:105F400013B541EA021104468DF80710FFF75EFF12
:105F5000012301460DF107022046FFF79AFF02B028
:105F600010BD8168183921F0070101220839FFF7B7
:105F7000BCBF08B1FCF742BB7047704740B1C36873
:105F8000587810F001001EBF1878B0FA80F0400970
:105F90007047EFF31183202383F31288BFF36F8FD1
:105FA000FEE708B5FFF7F5FF10B5EFF311842023E6
:105FB00083F31288BFF36F8FFFF7F3FF84F3118829
:105FC000BFF36F8F10BD10B5D0E9003433B9002096
:105FD000E268537843F00103537010BD20469847A0
:105FE0000028F4D00028B8BF4042E368FF28A8BFCB
:105FF000FF201870ECE7FFF703BDFFF7F6BC704712
:10600000EFF30580003818BF0120704710B5FEF788
:10601000B5F80446FEF7BAF874B1D4E904321B1A95
:1060200062EBE072B3F1004F72F1000104DA002A72
:10603000ACBF1846002010BD6FF00040FBE7000029
:10604000F4A0FF7F01000000BD250000000000005B
:10605000B926000078600000312B0000A06000002D
:10606000312B00008C600000B12F00000000000008
:10607000B1280000B4600000666B000028650000D5
:1060800084620000A0000020040D00209B6B000033
:106090004865000060620000A4000020600D002040
:1060A000A96B00006065000060620000A60000208F
:1060B0006C0D0020816B00000000000048620000B1
:1060C000A20000200000000065350000E75C000031
:1060D000000000005959000000000000595900005C
:1060E000000000005959000000000000595900004C
:1060F0000000000059590000393C0000E75C000036
:10610000000000005959000000000000595900002B
:10611000000000005959000000000000595900001B
:10612000000000005959000000000000595900000B
:1061300000000000595900000000000059590000FB
:1061400000000000595900000000000059590000EB
:10615000000000004130000000000000595900001C
:1061600000000000595900000000000059590000CB
:1061700000000000595900000000000059590000BB
:1061800000000000595900000000000059590000AB
:10619000000000005959000000000000595900009B
:1061A000000000005959000000000000595900008B
:1061B000000000005959000000000000595900007B
:1061C000000000005959000000000000595900006B
:1061D000000000005959000000000000595900005B
:1061E000000000005959000000000000595900004B
:1061F000000000005959000000000000595900003B
:10620000000000005959000000000000595900002A
:10621000000000005959000000000000595900001A
:10622000000000005959000000000000595900000A
:1062300000000000595900000000000059590000FA
:106240000000000059590000FD5B0000BD2900005E
:106250004D290000A9280000C95B00009928000012
:10626000C52B0000255C0000335C00004B5C000087
:10627000575C0000635C0000312A00007D5C000078
:1062800000000000E35A0000755A0000D55A0000D3
:1062900000000000135A0000000000000000000091
:0862A0008F66000003000000FE
:1062B0000338FDD870470000010000000200000014
:1062C00001000000986A00008C64000001000000DA
:1062D0000200000001000000020000000820000190
:1062E000FFFFFFFFFFFFFFFFFFFFFFFF00000000BA
:1062F000000000000000000001000000FFFFFFFFA1
:10630000512563FCC2CAB9F3849E17A7ADFAE6BC57
:10631000FFFFFFFFFFFFFFFF00000000FFFFFFFF89
:1063200096C298D84539A1F4A033EB2D817D03772F
:10633000F240A463E5E6BCF847422CE1F2D1176BCA
:10634000F551BF376840B6CBCE5E316B5733CE2B9D
:10635000169E0F7C4AEBE78E9B7F1AFEE242E34FCC
:106360004B60D2273E3CCE3BF6B053CCB0061D6509
:10637000BC86987655BDEBB3E7933AAAD835C65A92
:10638000B54D0000074F00008D130000982F8A4282
:1063900091443771CFFBC0B5A5DBB5E95BC2563977
:1063A000F111F159A4823F92D55E1CAB98AA07D88F
:1063B000015B8312BE853124C37D0C55745DBE72B2
:1063C000FEB1DE80A706DC9B74F19BC1C1699BE432
:1063D0008647BEEFC69DC10FCCA10C246F2CE92DC2
:1063E000AA84744ADCA9B05CDA88F97652513E98E6
:1063F0006DC631A8C82703B0C77F59BFF30BE0C6ED
:106400004791A7D55163CA0667292914850AB7277A
:1064100038211B2EFC6D2C4D130D385354730A6517
:10642000BB0A6A762EC9C281852C7292A1E8BFA2EE
:106430004B661AA8708B4BC2A3516CC719E892D156
:10644000240699D685350EF470A06A1016C1A419D9
:10645000086C371E4C774827B5BCB034B30C1C39D8
:106460004AAAD84E4FCA9C5BF36F2E68EE828F7497
:106470006F63A5781478C8840802C78CFAFFBE90B1
:10648000EB6C50A4F7A3F9BEF27871C65B00000074
:1064900005000000000000000000000000C0000037
:1064A000B46000000100000000C0000000300700E0
:1064B000B46000000200000000F007000030070098
:1064C000B46000000300000000200F000080000006
:1064D000B46000000400000000A00F000060000095
:1064E000B4600000000000200000000000000B0667
:1064F000001700204000000000000B150200000003
:106500000465000000000000516B0000260002023C
:1065100000000020596B000022000B1141260000F2
:1065200011260000000000005D2700008526000005
:10653000756B0000FB5A0000015B00007B6B0000E4
:106540000400000000FF0000FFFF000000030050F7
:10655000000000000100000000600040000000009A
:10656000FFFFFFFF000000500000000000000000DF
:106570000060004000000000010000000200000078
:106580004860000048600000686000007060000023
:106590007860000078600000010002001000110027
:1065A00012002000210022002300240030003100CE
:1065B00032003300FFFF77C295F360D2EF7F355290
:1065C000500F2CB6798025633A2053746172746938
:1065D0006E6720626F6F746C6F616465720A00256C
:1065E000633A20556E61626C6520746F2066696E37
:1065F0006420626F6F7461626C6520696D616765AC
:106600000A0025633A20426F6F746C6F6164657293
:1066100020636861696E6C6F616420616464726597
:106620007373206F66667365743A20307825780A34
:106630000025633A20496D6167652076657273694C
:106640006F6E3A207625642E25642E25640A002577
:10665000633A204A756D70696E6720746F207468A4
:106660006520666972737420696D61676520736C5B
:106670006F740A0025633A204E6576657220736850
:106680006F756C642067657420686572650A006DBB
:106690006375626F6F74002A8648CE3D0301070060
:1066A0002A8648CE3D02010025633A20556E61627C
:1066B0006C6520746F2064657465726D696E652009
:1066C000666C61736820736563746F72206F6620F7
:1066D00074686520696D61676520747261696C65B5
:1066E000720A007072696D617279007365636F6E12
:1066F000646172790025633A20436C656172656458
:1067000020696D616765202564207072696D617212
:106710007920736C6F7420747261696C6572206487
:10672000756520746F20737475636B207265766570
:1067300072740A0025633A20496D61676520696EAD
:106740002074686520257320736C6F742069732032
:106750006E6F742076616C6964210A0025633A20AB
:106760002564207374617475732077726974652071
:106770006661696C7320706572666F726D696E67B1
:106780002074686520737761700A0025633A20469B
:1067900061696C656420746F206F70656E20666C33
:1067A0006173682061726561204944202564202856
:1067B000696D61676520256420736C6F74202564A2
:1067C000293A2025642C2063616E6E6F7420636FFC
:1067D0006E74696E75650A0025633A204661696CBE
:1067E00065642072656164696E6720736563746FA8
:1067F00072733B20424F4F545F4D41585F494D47A4
:106800005F534543544F52533D2564202D20746FF0
:106810006F20736D616C6C3F0A0025633A204661FE
:10682000696C65642072656164696E6720696D6179
:10683000676520686561646572733B20496D6167B7
:10684000653D25750A0025633A204661696C6564DB
:106850002072656164696E6720626F6F7420737463
:10686000617475733B20496D6167653D25750A004C
:1068700025633A2070616E6963210A0025633A201E
:10688000446574656374656420696E636F6E7369D3
:106890007374656E7420737461747573210A0025B6
:1068A000633A2043616E6E6F742075706772616425
:1068B000653A206E6F74206120636F6D706174693A
:1068C000626C6520616D6F756E74206F66207365F4
:1068D00063746F72730A0025633A2043616E6E6FB2
:1068E0007420757067726164653A206D6F726520FF
:1068F000736563746F7273207468616E20616C6C71
:106900006F7765640A0025633A2043616E6E6F7489
:1069100020757067726164653A206E6F74207361D0
:106920006D6520736563746F72206C61796F757427
:106930000A0025633A2043616E6E6F74207570679C
:10694000726164653A20736C6F7420777269746544
:106950002073697A657320617265206E6F7420639D
:106960006F6D70617469626C650A006261640067D2
:106970006F6F6400756E736574005072696D61723B
:106980007920696D6167650025633A2025733A2097
:106990006D616769633D25732C20737761705F7447
:1069A0007970653D307825782C20636F70795F644D
:1069B0006F6E653D307825782C20696D6167655F65
:1069C0006F6B3D307825780A005365636F6E6461A4
:1069D000727920696D6167650025633A20426F6FA7
:1069E0007420736F757263653A207072696D61729D
:1069F0007920736C6F740A0025633A20426F6F74BC
:106A000020736F757263653A206E6F6E650A00259C
:106A1000633A205374617274696E67207377617092
:106A2000207573696E67206D6F766520616C676F86
:106A3000726974686D2E0A0025633A204E6F7420C7
:106A4000656E6F7567682066726565207370616337
:106A50006520746F2072756E207377617020757079
:106A600067726164650A0025633A20726571756911
:106A70007265642025642062797465732062757480
:106A8000206F6E6C792025642061726520617661CB
:106A9000696C61626C650A003059301306072A86FA
:106AA00048CE3D020106082A8648CE3D0301070371
:106AB000420004958E6AD2D0B058F75F166ECE1F92
:106AC000203A1D53F8B1A6B86FF2B07CBD9977ACEF
:106AD0009969BDC557CEC13A3B91EB1BD370EC12FF
:106AE0007865EA1824FCB479D954842B55B4B85D80
:106AF0002AC2D82D0020002B003078003058002802
:106B00006E696C29002A2A2A20426F6F74696E67A9
:106B1000204D4355626F6F742033343666373337F8
:106B20003466663434202A2A2A0A002A2A2A205562
:106B300073696E67205A6570687972204F532062BE
:106B400075696C642076342E312E30202A2A2A0A68
:106B500000464C4153485F30005352414D5F300076
:106B6000000001000000636C6F636B403430303014
:106B700030303030006866636C6B006C66636C6B41
:106B800000666C6173682D636F6E74726F6C6C65F8
:106B900072403430303165303030006770696F409A
:106BA0003530303030333030006770696F40353009
:106BB00030303030303000000000000001010000B3
:106BC0000000000020303030303030303030303095
:106BD00030303000017065726D007465737400426E
:106BE00055473B2063616E27742068617070656E45
:106BF000007265766572740025633A205365636F91
:106C00006E6461727920696D616765206F662069C5
:106C10006D6167652070616972202825642E2920C6
:106C2000697320756E726561636861626C652E20A0
:106C3000547265617420697420617320656D70748D
:106C4000790A0025633A20496D61676520696E64A1
:106C500065783A2025642C20537761702074797010
:106C6000653A2025730A0025633A20496D616765FE
:106C700020696E6465783A2025642C205377617012
:106C800020747970653A206E6F6E650A0004010405
:106C900003040204010401040301040304010400C9
:106CA00001000000FFFFFFFF015A00003556000001
:106CB00094640000000000000000000000000000DC
:106CC00000000000000000000000000000000000C4
:106CD00000000000000000000000000000000000B4
:106CE00000000000000000000000000000000000A4
:106CF0000000000000000000000000000000000094
:106D00000000000000000000000000000000000083
:106D10000000000000000000000000000000000073
:106D20000000000008000000FF000000000000005C
:106D300003000000000000009800002098000020E0
:0C6D4000000000000000000015E015E05D
:10C000003DB8F3960000000000020000500B030052
:10C01000000000000002000000000000000000001E
:10C020000000000000000000000000000000000010
:10C030000000000000000000000000000000000000
:10C0400000000000000000000000000000000000F0
:10C0500000000000000000000000000000000000E0
:10C0600000000000000000000000000000000000D0
:10C0700000000000000000000000000000000000C0
:10C0800000000000000000000000000000000000B0
:10C0900000000000000000000000000000000000A0
:10C0A0000000000000000000000000000000000090
:10C0B0000000000000000000000000000000000080
:10C0C0000000000000000000000000000000000070
:10C0D0000000000000000000000000000000000060
:10C0E0000000000000000000000000000000000050
:10C0F0000000000000000000000000000000000040
:10C10000000000000000000000000000000000002F
:10C11000000000000000000000000000000000001F
:10C12000000000000000000000000000000000000F
:10C1300000000000000000000000000000000000FF
:10C1400000000000000000000000000000000000EF
:10C1500000000000000000000000000000000000DF
:10C1600000000000000000000000000000000000CF
:10C1700000000000000000000000000000000000BF
:10C1800000000000000000000000000000000000AF
:10C19000000000000000000000000000000000009F
:10C1A000000000000000000000000000000000008F
:10C1B000000000000000000000000000000000007F
:10C1C000000000000000000000000000000000006F
:10C1D000000000000000000000000000000000005F
:10C1E000000000000000000000000000000000004F
:10C1F000000000000000000000000000000000003F
:10C20000003B0120AD1301001F180300991301002A
:10C210009913010099130100991301000000000017
:10C220000000000000000000000000007515010083
:10C230009913010000000000D914010099130100B6
:10C24000091801008D5002000918010009180100A9
:10C250000918010009180100091801000918010056
:10C260000918010009180100091801000918010046
:10C270000918010009180100091801000918010036
:10C280000918010009180100091801000918010026
:10C290000918010009180100091801000918010016
:10C2A0000918010009180100091801000918010006
:10C2B00009180100091801000918010009180100F6
:10C2C00009180100091801000918010009180100E6
:10C2D00009180100091801000918010009180100D6
:10C2E00009180100091801000918010009180100C6
:10C2F00009180100091801000918010009180100B6
:10C3000053B94AB9002908BF00281CBF4FF0FF31BC
:10C310004FF0FF3000F00CB8ADF1080C6DE904CE21
:10C3200000F022F8DDF804E0DDE9022304B07047F4
:10C33000704700BF10F8012B11F8013B012A28BFFC
:10C340009A42F7D0D01A7047034611F8012B03F830
:10C35000012B002AF9D17047034613F8012B002A5C
:10C36000FBD1181A013870472DE9F04786468C46F4
:10C370000846089E154674461946002B40F0C280B8
:10C380008542B2FA82F245D94AB1C2F1200300FADD
:10C3900002FC2EFA03F3954043EA0C0C94404FEA5A
:10C3A000154EA8B2BCFBFEF8230C0EFB18CC08FB04
:10C3B00000F943EA0C43994528D9EB1808F1FF37F7
:10C3C00004D2994502D9A8F102072B44A3EB090333
:10C3D000A4B2B3FBFEFC0EFB1C330CFB00F044EAE2
:10C3E0000344A04214D92C190CF1FF3304D2A0420B
:10C3F00002D9ACF102032C44241A43EA07401EB1CF
:10C40000D440002334607360BDE8F0874746DDE721
:10C410006346F1E792BB431B01214FEA154EAFB2D1
:10C42000B3FBFEFC200C0EFB1C330CFB07F840EAB0
:10C430000343984562D9EB180CF1FF3004D29845BC
:10C4400002D9ACF102002B44A3EB0803A4B2B3FB66
:10C45000FEFC0EFB1C330CFB07F744EA0344A74227
:10C460004ED92C190CF1FF3304D2A74202D9ACF1FA
:10C4700002032C44E41B43EA0040C0E7C2F120035E
:10C4800020FA03F1954090402EFA03F303434FEA5C
:10C49000154EAFB2B1FBFEFC0EFB1C10190C0CFBD1
:10C4A00007F841EA0041884504FA02F422D96918E4
:10C4B0000CF1FF3004D2884502D9ACF102002944C6
:10C4C000A1EB08019BB2B1FBFEFC0EFB1C110CFBA7
:10C4D00007F743EA01439F420ED9EB180CF1FF31F5
:10C4E00004D29F4202D9ACF102012B44DB1B41EA8A
:10C4F000004192E76046E3E76146F7E76046A3E75D
:10C500006346B7E7834206D916B9002108467BE7A0
:10C51000C6E900E0F9E7B3FA83F78FB9834201D3A4
:10C52000724508D8BEEB020460EB030301209C4671
:10C530001EB9002168E73846FAE7C6E9004CF8E77B
:10C54000C7F1200CBB4022FA0CF41C432EFA0CF16C
:10C5500020FA0CF3B84001434FEA14490EFA07F5EC
:10C56000B3FBF9F81FFA84FE09FB18300B0C08FB2B
:10C570000EFA43EA00439A4502FA07F240D9E3185B
:10C5800008F1FF3004D29A4502D9A8F102002344F1
:10C59000A3EB0A0389B2B3FBF9F809FB183308FBD4
:10C5A0000EFE41EA03418E452CD9611808F1FF3394
:10C5B00004D28E4502D9A8F10203214443EA004087
:10C5C000A0FB0298A1EB0E014145CE46434602D3A3
:10C5D00006D14D4504D2B9EB020E68EB04030138D5
:10C5E000002EA6D0B5EB0E0261EB030101FA0CFCA4
:10C5F00022FA07F34CEA0303F940C6E9003198E751
:10C600004046C5E74346D9E7F7B5002101AA40F601
:10C61000034007F0F9F90446002869D10198C3687E
:10C620001B788BB9BFF35B8FB94B1A68BFF35B8F75
:10C6300002F00902BFF35B8F53E8001F43E80024B8
:10C64000002CF9D1BFF35B8F05F082FB01AA00211A
:10C6500041F2030007F0D8F90446002848D1019AB6
:10C66000AC4DD168D1F80100D1F8051005F178037F
:10C6700003C3104605F06CFB214601AA41F20100FC
:10C6800007F0C2F9044698BB0198C3685A7885F848
:10C6900070205A88A5F872201A7985F87120B3F8AD
:10C6A0000720A5F87420B3F80530A5F8763005F01A
:10C6B0004FFB214601AA41F2020007F0A5F904460A
:10C6C000B0B9019FFA6805F18006531C4132186821
:10C6D0005968344603C4083393422646F7D1384696
:10C6E00005F036FB95F87C305B0604D46FF012043D
:10C6F000204603B0F0BD01AA002142F2030007F07A
:10C7000083F904460028F3D1019B834EDA68D2F8FE
:10C710000100D2F8051003C6184605F019FB2146A2
:10C7200001AA42F2020007F06FF904460028DFD1A7
:10C73000019CE368B3F8012091B249B1D97839B1CD
:10C74000A5F80421DA78114606F128002BF081FCC7
:10C75000204605F0FDFA95F87C601F2316F02006B0
:10C76000A5F8203118D1022140F66D4006F0B6FF41
:10C770000446002800F0C48002210C3025F008F99E
:10C780000123037046702146324640F66D4007F0A3
:10C790003BF904460028ABD195F89C301F0712D511
:10C7A00001AA002142F21C0007F02EF904460028DD
:10C7B0009ED10198C368D3F80120D3F80530C5E9AC
:10C7C000382305F0C5FA95F8D8309E0624D50DF12A
:10C7D0000201684625F0ECFF0446002888D10421B8
:10C7E00042F2240006F07AFF0646002800F0888016
:10C7F00004210C3025F0CCF8BDF800300380BDF8E2
:10C80000023043802246314642F2240007F0FCF811
:10C81000044600287FF46CAF95F8D8305C0610D53C
:10C8200001AA002142F22A0007F0EEF8044600288F
:10C830007FF45EAF0198C3685B7885F8223105F01C
:10C8400087FA082142F2010006F048FF044600285A
:10C8500056D008210C3025F09BF895F8D81011F02F
:10C86000400F024640F2022308BF032388074CBF53
:10C8700043F02C0043F00C0095F8D9308F0648BFE8
:10C8800040F0400013F0090F18BF40F40060CE07DD
:10C8900048BF40F01000002125F07DFD2146002218
:10C8A00042F2010007F0B0F8044600287FF420AF00
:10C8B00095F87C30B5F80411980624D4C9B901AABA
:10C8C00041F2050007F0A0F8044600287FF410AFFD
:10C8D000B5F80431019C4BB9E368B3F80120A5F821
:10C8E00004219A880D4811462BF0B3FB204605F031
:10C8F0002FFA082140F6014006F0F0FE044678B910
:10C900006FF06804F4E60029F3D16FF00404EFE659
:10C910000401002030000020080100203801002020
:10C9200008210C3025F034F895F8D830D9070246A4
:10C9300053BF4FF000512CA1D1E90001284825F048
:10C940002AFD2146002240F6014007F05DF804462A
:10C9500000287FF4CDAE014601AA4FF6014007F052
:10C9600053F8044620BB019805F0F2F9214601AACC
:10C970004FF6024007F048F80446C8B90198C3686A
:10C98000B3F80130A5F8C13005F0E2F995F8C130EF
:10C990005B070DD501AA21464FF6034007F034F896
:10C9A00030B90198C3685B7885F8C03005F0D0F9DC
:10C9B00026F0D5F8044600287FF49AAE09F0FAF87C
:10C9C000044600287FF494AEEB79002B3FF490AE40
:10C9D0000821044825F041FC06F066FF88E600BF08
:10C9E00010880002040100209088000200800020CE
:10C9F0002DE9F843D0E90738856903EB08042F34A3
:10CA0000A5420F46164619D8DFF87080A3FB08012F
:10CA100017A3D3E90023FFF773FC0346601BA0FBB9
:10CA2000080123F07F4412A3D3E90023FFF768FC39
:10CA300020F07F403C603060BDE8F883DFF83C9038
:10CA40000BA3D3E90023A5FB0901FFF759FC20F054
:10CA50007F4409480A2106A3D3E90023E8FB090122
:10CA6000FFF74EFC20F07F403C603060BDE8F8836B
:10CA70008D49FD1A0700000000166BF100CA9A3BB1
:10CA80009FED097B0E4B0F4A0F4983ED007B9FED15
:10CA9000087B82ED007B9FED087B0C4B002281ED33
:10CAA000007B1A600FF040BEFFFFFFFFFF1F00007A
:10CAB00000000000000000001F0000000000000057
:10CAC000C8010020F8120020C0010020C0DC0020B6
:10CAD000002800F046812DE9F04FC94C94F86A20F7
:10CAE00012F001058DB040F0788194F82500FF2305
:10CAF00000F0030084F8263017F0A2FE94F86A00D4
:10CB0000420727D494F8292094F8353004EB8202A8
:10CB100004EB8303D66AD3F8388086B1B84831462F
:10CB200011F0DEFB33785B0605D506210CF092FD93
:10CB3000002800F05481B248414611F0D1FB33780F
:10CB400013F00E0F40F09E80236A93B10C200DB0BD
:10CB5000BDE8F08F2A4604F16B01C0F3C00017F066
:10CB6000E7FFFF2884F82600CCD0284617F082FE85
:10CB7000C8E70FF0B1F88146002800F054810FF0AB
:10CB8000B7F88246002800F04B8111F0A7FE054659
:10CB9000002800F04A81D0F894004FF6FF732B86EE
:10CBA00005F11C0B002800F0208105F1880205F139
:10CBB00084010CF05BFDB5F8823023F4EF6323F0C1
:10CBC000070343F48C7343F00103A5F8823095F812
:10CBD000433003F03F0363F07F0385F8433095F85B
:10CBE0009A3023F0070385F89A3095F8483023F0FF
:10CBF0000F03002785F848304FF4C023C5F898315B
:10CC00002846C5E91577C5F89470A5F8987085F899
:10CC10004570EF86C5F83A70EF65A5F89E71A5F8E6
:10CC2000947113F0C5FF85F86071C5F8649112F036
:10CC300009F995F8A43160F3020385F8A43112F0E4
:10CC400007F995F8A43160F3C50385F8A43195F888
:10CC5000903167F3410385F890310121284612F0A5
:10CC600013FD05F1E00013F07BFDC4E9189AC4F848
:10CC700020B0C5E905772F70ED6119F03BF8002869
:10CC800040F0AF8094F824300121C3F342030DF14A
:10CC90002B008DF82B300CF087FE0246002862D066
:10CCA00098F80110304611F0D5F831235549A360AA
:10CCB000554BB4F86870A0FB01010025C01841F184
:10CCC00007014DA3D3E90023C4E90555257065602C
:10CCD000E560FFF715FB20610EF026F900F1090869
:10CCE0003FB9357805F00F05A5F10105B5FA85F5D1
:10CCF0006D0994F82400236965F3000010F0010524
:10CD000084F8240036D0414A0992002010600225A0
:10CD10003F4A404F04930BAE019305920321CDE9A6
:10CD20000200069443460090089607972A460B9502
:10CD30000DF0FCFF31460FF08BF8A0B93649059194
:10CD40004AF2D8330093CDE90300CDE901000797FB
:10CD5000089606944346012203210B950DF0CAFF65
:10CD60002EE010F0C7BF236A002B3FF4EFAE10F0A7
:10CD70007DFFEBE6254A2948049303F24713069406
:10CD8000029591211360A7FB000301FB0731214BA2
:10CD900007931F4B05934FF6FF73099202270393E6
:10CDA0000BAE15A3D3E900230B970896FFF7A8FA5B
:10CDB0004346CDE900503A46284603210DF0B6FF20
:10CDC00031460FF045F80028CDD194F86A300120A3
:10CDD000034384F86A3017F015FD0020B7E61220EF
:10CDE000B5E610F043FF0320B1E605F18C00C5F86D
:10CDF0009400DAE6AFF300808D49FD1A07000000C9
:10CE0000F8DC002000CA9A3B8C49FD1AECDC0020BB
:10CE1000D1DE010089B00100B5D90100002AE78404
:10CE200048460EF05FFF072091E650460EF066FF81
:10CE300048460EF057FFF6E770B590F824308AB0F8
:10CE4000C3F342030D46044601210DF123001646AB
:10CE50008DF823300CF0A8FD71780246284610F0BA
:10CE6000F9FF1F491F4AA0FB0131981841F1070142
:10CE700019A3D3E90023FFF743FA23699842054633
:10CE800021D21B1A00220192174A0293174BA21AB1
:10CE9000A3FB02320221920900230A4409AE099140
:10CEA00013490591CDE903330321D2B206960093CD
:10CEB00018460DF09BFF31460EF0CAFF38B92561C8
:10CEC00000200AB070BDFBD9C21A0023DBE70C209A
:10CED0000AB070BDAFF300808D49FD1A0700000055
:10CEE00000CA9A3B8C49FD1AF8DC002009CB3D8D25
:10CEF00089B00100000000002DE9F04F06468DB01A
:10CF00008A4601200221994615461AF083FE002226
:10CF10000B90022101200CF0F9FB3B494FF4D87231
:10CF200030460CF083FBC71C384B0093FFB20196D0
:10CF30004B463A46012100200DF0B2FF10F0FD0FE4
:10CF40000ED0334A3349344840F68F0323F0C7FBF1
:10CF5000002383F31188BFF36F8F0323184602DF8A
:10CF60002E4CA5FB044526A3D3E9002320462946E1
:10CF7000FFF7C6F90896069633690493284B20F00C
:10CF80007F48A8FB0331E01A264B07934FF00702B6
:10CF9000254B059302FB08114FF6FE7365EB01016B
:10CFA00003934FF47A720023FFF7AAF94FF0000BB6
:10CFB000CDE90180CDF800A04B463A460121584604
:10CFC0000DF098FE10F0FD0F0DD0114A11491248D6
:10CFD00040F6A40323F083FB8BF31188BFF36F8F1C
:10CFE0000323184602DF0B9B13B90DB0BDE8F08F89
:10CFF0000122022110460DB0BDE8F04F0CF086BBB7
:10D000008D49FD1A07000000001300207DE8010093
:10D0100088A003004CA10300689B030000CA9A3B50
:10D020008D49FD1A1DE80100353D02000000000099
:10D030002DE9F0418468228E4FF6FF739A428CB03E
:10D0400045D00546204614F051F82B7D012B00F009
:10D050002281022B00F01581002B00F0F48094F85F
:10D060006061002E40F010812B8A678F94F9432075
:10D07000CDE90A6673B3002AC0F25A810023A4F8EE
:10D080009A31AA7C238FFD1802F003030135012B8E
:10D09000ADB23BD0B4F89E31002B00F005819D422B
:10D0A00080F059815B1B9BB20022062BA4F89E31B5
:10D0B000628740F2F68094F943309342C0F2508187
:10D0C000002326E09DF82710204611F09FFF0CB0AA
:10D0D000BDE8F081002AB8BF84F88561238FAA7C5F
:10D0E000FD1802F003030135012BADB20ED0B4F8E8
:10D0F0009A31002BCED0AB4240F23C815B1BA4F8AE
:10D100009A31B4F89E31002BC9D102E00023A4F873
:10D110009E3194F8482063F3820284F8482029461F
:10D120000DF12702204613F07FFD7430CAD0B4F809
:10D1300098312BB1AB4240F2EC805B1BA4F89831E4
:10D14000B4F894312BB1AB4240F2DA805B1BA4F807
:10D150009431658F16B9AF4200F0C9800135ADB288
:10D1600094F8DD3013F0010731D1DDE90A130A46E6
:10D17000002B40F0CC80002900F0BB801F461846F1
:10D18000228EE4690694CDE9035603329A4D02904B
:10D19000CDE90017D2B20121002005950DF026FE41
:10D1A00010F0FD0F93D00EF07DFE84428FD0934A95
:10D1B000934994484FF4AE6323F091FA002383F32C
:10D1C0001188BFF36F8F0323184602DF7FE794F9BE
:10D1D00043206FF30003002A84F8DD307FDB94F8EE
:10D1E0008200C0F3C00100F0070018F09BFBB4F808
:10D1F0007A20B4F878301344628D03F23F1313445D
:10D200000344814A81480721E3FB0021104678A3AB
:10D21000D3E90023FFF774F8DDE90A1320F07F4219
:10D2200020692261904235BF171A801A002000271A
:10D230000A46002BA4D157EA010CA1D1002858D0EE
:10D2400019461F469CE794F89A3003F01803182BF0
:10D250007FF405AFA18EB4F896218B1D9A42C4BF0E
:10D26000931F5B1AB4F89211CCBF9BB2134699423C
:10D2700000F09C80A4F89231A4F89431A4F898218D
:10D28000EDE63D2684F86061314620460CB0BDE8ED
:10D29000F04111F0BBBE0023A4F89831A4F89431FA
:10D2A000DDE60126334634E7628E052A97BF013258
:10D2B00040F2E2434FF4FA7392B203FB02F2B4F885
:10D2C0009C3142F2107101FB0323013BB3FBF2F3EB
:10D2D0009BB2A4F89E31002B7FF4E1AE19E794F8DD
:10D2E0008300012100F0070018F01EFB7FE73546A0
:10D2F00036E7002D43D00027114638463B463FE72E
:10D300000023A4F89431204613F030FD21E738467D
:10D3100036E70EF033FD0146A0B30023A4F89831A0
:10D32000238EC3801B23037100680EF0F9FC07E70E
:10D3300094F885316BB3013B84F8853104F1E00842
:10D34000404613F04FFAB8B3404613F04BFAB8B367
:10D350000023638792E60821204611F057FEB6E6C7
:10D36000A7B9D4F888315A0813F0010336D1C4F8AC
:10D370008821A5E63E21204611F048FEA7E6002EB2
:10D38000B9D1A4E60123A4F89831D9E613460126C1
:10D39000BFE60AAA0BA92846FFF72AFBDDE90A2304
:10D3A0001343CBD0237884F88531C7E7B4F89811BC
:10D3B00000297FF454AE5FE7FF2011F0E9FDC3E7D9
:10D3C0000246D4E921010CF069F90028C0D194F893
:10D3D00048301B0744BFA38E63874FE642F00042EC
:10D3E0001E46C4F888213B4693E600BFAFF3008099
:10D3F0008D49FD1A07000000D9E7010088A003004D
:10D40000C8A10300689B03008C49FD1A00CA9A3B1F
:10D410002DE9F04F87B0CDE90423BDF8442003780F
:10D420000292BDF84820BDF840A0BDF84C90878F0F
:10D43000019104460392002B00F0D980013FBFB256
:10D44000A368D4F81CB1A7EB090292B2002B00929A
:10D450000ADAE168626823F0004391422CBF8B44F2
:10D460009344A360ABEB030B94F88200C0F3C001BC
:10D4700000F0070018F056FAB4F83280B8F1050F42
:10D4800040F2AB80009B18FB03F81FFA88F840F2CB
:10D49000E246BAF1050F40F29480B4F87A20B4F86D
:10D4A0007830134403F2D51318447D4A7D4B07218D
:10D4B000E0FB023118464FF09613A3629623A38532
:10D4C00075A3D3E90023FEF71BFF554620F07F40EC
:10D4D00040F2E24303FB05F516FB08F6B3B2206108
:10D4E000B3FBF5F815FB08F080B283421FFA88F60B
:10D4F00059D26B49C01A80FB010167A3D3E900230D
:10D50000FEF7FEFE20F07F408344E38EB4F8242132
:10D510001344994494F84330A9EB07094E44DB09BE
:10D52000E6866BD1604A6149614840F6671323F093
:10D53000D6F8002787F31188BFF36F8F03231846AF
:10D5400002DF2E46029BA386039BA4F89C3129464A
:10D550002046A4F832A013F0A3FB564BA18E2B4417
:10D56000881DB3FBF5F39AB29042A4F8962104D239
:10D57000C1F57F41FA310A4492B2019BA4F892218D
:10D5800013B10023A4F89E315B463246394620464B
:10D59000FFF7B2FC94F8903143F0010384F8903126
:10D5A00007B0BDE8F08F1B1A3D4883FB00013AA38A
:10D5B000D3E90023FEF7A4FE20F07F40ABEB000B85
:10D5C000A3E74FF096130AF10105A3629623A38502
:10D5D000ADB20A204FF4FA737CE7009B08F1010812
:10D5E00018FB03F81FFA88F84FF4FA7651E7C38E58
:10D5F0001F44B0F824311F44BFB221E7E26C009908
:10D60000636D274F02FB1133636518F0C3FB0646B9
:10D6100094F88401C0F3420018F0C0FB064405FBF7
:10D6200006F6254B06F5742606F23F26A3FB0636C2
:10D63000B60C636DE66406FB08F06A080344963A8C
:10D64000934228BF1346C4E91423049B40F2E249E5
:10D6500009FB03F3E3650023A0FB0701C4F88C3149
:10D660000DA3D3E90023FEF74BFE144B059AABEB59
:10D67000000BA3FB0230800A09FB00F0A0FB0701AE
:10D6800005A3D3E90023FEF73BFEAE1B20F07F4746
:10D6900058E700BFAFF300808D49FD1A0700000076
:10D6A00000CA9A3B8C49FD1A88A00300409C0300E5
:10D6B000689B03007FC3C90183DE1B435917B7D1A1
:10D6C0002DE9F04F0B6891F81180D3F80090037F9B
:10D6D000176895B00446C3F38013D0F81E008DF888
:10D6E0003F30B8F1FF0F638C12900E461546ADF82F
:10D6F0004C300DF1480A4DD19AE803001090ADF876
:10D7000044102346E28D53F82EBB9B78AB722A81DE
:10D71000D4F82A306B60D4F83A30C5F8223005F1DD
:10D72000220094F83E30037105210CF03DF995F884
:10D73000273000F03F0060F3050385F8273094F8A8
:10D740003F30C3F3040285F82820A28EEA82012824
:10D7500003F01F0392B205D91B3303F01F030B2BF9
:10D7600000D81ABB0022C9F8142095F82C3062F3B7
:10D77000000385F82C30E5680126584621462671BD
:10D780000EF0C2FA28682E7129460EF0C9FA15B0BB
:10D79000BDE8F08F10AA0DF13F01404616F0D8FD0C
:10D7A0009DF83F3002338DF83F30AAE733680021FF
:10D7B0005960E38EEA8A2B8340F2E24303FB02F2D4
:10D7C0000B92628E0D92384613F07EFA94F83F2049
:10D7D00097F88411520962F3430187F8841118F015
:10D7E000D9FA0C9097F88401C0F3420018F0D6FAE9
:10D7F0000C9A0B99104401FB00F0BF4A00F574200D
:10D8000000F23F20A2FB00204A08800C963A2863D1
:10D810006A6394F8312040F2E24302FB03F36B6445
:10D82000238FA7F89C31384613F03AFA0B99B34B83
:10D83000B34AC7F8A0210B44B3FBF1F39AB2A7F89F
:10D840009621298B881D824204DDC1F57F41FA3182
:10D850000A4492B2A7F892216B68C7F88831234630
:10D8600013F81C2FC2F340120C92DA0700F1018169
:10D870004FF48073A38399F8260017F06DFA04F132
:10D880002B03002800F0F180626AC4F82B20228D5F
:10D890009A80B8F1FF0F00F00F81BAF804301298A7
:10D8A000A4F82930C4F825009DF83F30A3771098DC
:10D8B000BDF84430C4F81F00A4F82330EB8A638617
:10D8C0002B8BA386B7F89C31E38697F88431C3F39A
:10D8D000420384F83830384611F00CF8A882E08012
:10D8E0002146584674680EF00FFAAB8AE3801C2379
:10D8F00023710C9BD4F80080002B40F0D1800C9B4E
:10D900002377214640460EF00BFA95F86700B5F8EC
:10D910005C80B5F85E40012100F0070018F004F8C3
:10D92000444404F2D514DFF8E48104448246754887
:10D930004FF096130721C5E90333E4FB08013123B7
:10D940000024BB607C606AA3D3E90023FC60FEF77F
:10D95000D7FC20F07F4038610B9B2D6B0D995D1B30
:10D96000F36840F2E24202FB013303F2B341A1EB60
:10D970000A0A2246022101200BF0C8FE484610F098
:10D980006BFC0246AAFB0801924659A3D3E9002387
:10D99000FEF7B6FCCDF80490B3685B49009120F027
:10D9A0007F480AF102023A3BD2B2434401212046A9
:10D9B0000DF076FA012800F0858099F82430DB0715
:10D9C00066D4384610F096FF504BA5FB03A90446D9
:10D9D00047A3D3E9002350464946FEF791FC4C4B40
:10D9E000B6684C4A079220F07F45A5FB0331BAEB9D
:10D9F0000300494B05934FF4F573069708933B6971
:10DA00004FF0000BCDE903B34FF0070303FB051103
:10DA100069EB01014FF47A720023FEF771FC0334C5
:10DA20003A3EE4B2CDE90150CDF8008033462246BB
:10DA3000012158460DF05EF910F0FD0F0DD0374A68
:10DA40003749384840F2EB1322F049FE8BF3118836
:10DA5000BFF36F8F0323184602DF01220221104615
:10DA60000BF054FE15B0BDE8F08FC4F82B00988081
:10DA70000FE72A4A2C492B48FD2322F030FE0023D1
:10DA800083F31188BFF36F8F0323184602DFEFE69D
:10DA9000002301220093184611460DF0BFF990E7CC
:10DAA00095F8273043F0400385F82730281D16F0FD
:10DAB00059FA0123288523E70022C4F82520A4F879
:10DAC0002920F1E60EF0EEF981453FF476AF134AD6
:10DAD0001649144840F2922322F001FE84F3118883
:10DAE000BFF36F8F0323184602DF66E7AFF30080B2
:10DAF0008D49FD1A0700000083DE1B437FC3C90167
:10DB0000404B4C008C49FD1AF53C020000CA9A3B80
:10DB10008D49FD1AC13C0200353D0200A8A6030054
:10DB20004CA10300689B03005C9E030004A7030054
:10DB300010B5334C3349002304F1FF3C14F8332073
:10DB4000072A02EB820E05D811F83E206FF345122A
:10DB500001F83E201CF833206FF300020CF833204C
:10DB60000133082BEAD1284A284C002313700A7885
:10DB700063F300020A7091F8282063F3000281F831
:10DB8000282091F8502063F3000281F8502091F88A
:10DB9000782063F3000281F8782091F8A02063F3E5
:10DBA000000281F8A02091F8C82063F3000281F8F8
:10DBB000C82091F8F02063F3000281F8F02091F87A
:10DBC000182163F3000281F81821114A9FED0A7BA6
:10DBD0001370104B83ED007B0F4B236028B1BDE821
:10DBE00010400E490E482AF022BBBDE810400C48F8
:10DBF0002AF029BBAFF30080FFFFFFFFFFFFFFFF0D
:10DC000079E6002038E50020BF05012048E4002027
:10DC1000BE050120E0140020A0BB0D00694A0200EF
:10DC2000B0140020000000002DE9F04F8FB00DF17E
:10DC300037010446DFF8E0A0DFF8E0800DF13600A0
:10DC40000EF0DEF89DF836309DF837B00B930DF0EE
:10DC50006BF9DAF80060A6FB085629A3D3E9002384
:10DC60000027814631462846FEF74AFBCDE9077773
:10DC7000069420F07F44DAF80400234B0593A0FBC0
:10DC800008011FA3D3E90023FEF73AFB1F4B20F046
:10DC90007F40A4FB0331072202FB0411CDE903708E
:10DCA000E81A66EB01014FF47A720023FEF728FBB5
:10DCB0000097CDE901404B460B985A4603210DF0E1
:10DCC00019F810F0FD0404D06FF08B000FB0BDE820
:10DCD000F08F0F480F4A00231FF078FD20B9DAF8C3
:10DCE0000C000FB0BDE8F08F9DF837209DF836008E
:10DCF0000094234603210DF091F86FF07300E5E7DF
:10DD00008D49FD1A07000000155002008D49FD1ACB
:10DD1000ECE60020447B0B0004E7002000CA9A3B9D
:10DD200038B50F4D04460DF0FFF8A9680DF0FEF868
:10DD3000696803460B48B3FBF4F4A1FB00011C44E3
:10DD400005A3D3E90023FEF7DBFA20F07F408442ED
:10DD500094BF0020012038BD8D49FD1A0700000046
:10DD600004E7002000CA9A3BF0B5C468636883B03A
:10DD70000546002B64D119F0DDFA002019F000FBF4
:10DD80000021084619F0EEFA00222521082019F09A
:10DD90002BFB474B019301A819F012FB454940F2B8
:10DDA0005B6019F0C3FB237AC3F3420262F30613EC
:10DDB0002046237218F00EFA17F0AAF858BB637ABF
:10DDC0009B071FD127682E68384617F047FD064489
:10DDD0006A6806F10901012019F0F0FC19F0AEFDA6
:10DDE000204610F045FA811C3246C9B2384617F079
:10DDF00043FD054678BB204617F0D8FC88B90020C3
:10DE000003B0F0BD012016F0F1FC4178821C0078CF
:10DE100019F074FCD6E7607A10F0030018BF0120F7
:10DE2000F1E7254A2549264840F2294322F057FCCC
:10DE300085F31188BFF36F8F0323184602DFDEE7F7
:10DE400093F82C309A0796D01E48214619F030FAE4
:10DE500019F016FBD3E7184A1B49194840F2114341
:10DE600022F03DFC194B0721A5FB030301FB053103
:10DE70000DA3D3E90023FEF743FA154902461548DE
:10DE800022F02DFC002585F31188BFF36F8F03234B
:10DE9000184602DF1048214619F00AFA19F0F0FA84
:10DEA0006FF08B00ACE700BF00CA9A3B0000000097
:10DEB000D6BE898E5555550000AB03003C9D03002E
:10DEC000689B0300095A0200409C03008D49FD1A1B
:10DED000B0AB030084AB0300A95D020000000000AA
:10DEE0002DE9F041C468A28A4FF6FF739A4282B0CE
:10DEF00000F0DF80054618F0B1FC2B89628B208C86
:10DF0000A3831A4492B2104494F82730E28380B27B
:10DF1000411C21845E064FF00001618304F122015F
:10DF200000F1A18003F03F000B4694F82810009008
:10DF300004F1290015F0CEFF0646D4E90C31A28B7E
:10DF400002FB0333A26B1344E26B8B4294BFD218E3
:10DF500052188A4228BF0A46E263616C226C94F828
:10DF600067301144616494F87E2094F82C10C3F358
:10DF7000020363F3061112F004024FF0000384F869
:10DF80002C10A363236478D019F0D4F9002019F081
:10DF9000F7F9201D19F014FA2389A17A40F25B6089
:10DFA00043EA014119F0C2FA304617F077FC2146E6
:10DFB000594819F07DF9A08919F0F4FB94F866200E
:10DFC00094F86700C2F3C003002102F0070200F0DA
:10DFD000070019F011FB204618F0EAFC27682E68AC
:10DFE000384617F03BFC06446A6806F10901002038
:10DFF00019F0E4FB804619F075FC002019F08CFC48
:10E00000E36B94F8670003F12F02636C00F00700E4
:10E01000012103EB420519F025FA4544054494F823
:10E02000670000F00700022825D004280CBF4FF439
:10E03000BC73282301211D4419F016FA284419F055
:10E0400043FCA18A03313246C9B2384617F014FCAA
:10E050000546002834D1204617F0A8FBD0B900208F
:10E0600002B0BDE8F0810A4603F03F03218D15F0B0
:10E070007DFF064661E71823DCE7D4E91A010BF0BF
:10E080000DFB002880D194F87E3043F0040384F81F
:10E090007E3079E7214A224922484FF4B07322F0BA
:10E0A0001EFB85F31188BFF36F8F0323184602DF31
:10E0B000D5E71D48214619F0FBF819F0E1F9CEE744
:10E0C000164A1A4917484FF4AB7322F008FB184B55
:10E0D0000721A5FB030301FB05310DA3D3E90023B1
:10E0E000FEF70EF913490246134822F0F8FA00250C
:10E0F00085F31188BFF36F8F0323184602DF0F48A3
:10E10000214619F0D5F819F0BBF96FF08B00A7E79D
:10E1100000CA9A3B00000000296C02003CAC0300DE
:10E120003C9D0300689B0300095A0200409C0300C9
:10E130008D49FD1A90AC030084AB0300E559020041
:10E1400007B5054B68461A685B680092019302F0B8
:10E1500075F803B05DF804FB4CC4002007B501F06E
:10E1600017FE83788DF800300388ADF8013090F900
:10E1700003308DF80330104B93F88420531E5A421D
:10E180005A410E4B1B781B0143EAC2030279134329
:10E19000427943EA4203827943EA82038DF80430EC
:10E1A00000238DF80530684602238DF8063002F012
:10E1B0006BF803B05DF804FB7C18002004F6002027
:10E1C00030B587B00C460546102200210DF1050040
:10E1D0002AF0ACFA102C2246294628BF10220DF155
:10E1E00005008DF804202AF079FA06480022002361
:10E1F00001A91FF0F7F810B903481FF0ADFA07B0F6
:10E2000030BD00BFC00800200809002010B500F094
:10E210005BFF21F0A3FE084C084B20600022084859
:10E220001A6021F005FF2168064821F0A4FEBDE830
:10E23000104001F0BDBF00BF74180020701800200E
:10E24000141900207C18002038B5084D044601221E
:10E250000D21284621F062FE204621F06FFE28465F
:10E260000022BDE838400D2121F058BEF08B03009C
:10E27000074BBFF35B8F012253E8001F43E80020E8
:10E280000028F9D1BFF35B8F02481FF065BA00BFC9
:10E290007CC4002008090020074BBFF35B8F0122DC
:10E2A00053E8001F43E800200028F9D1BFF35B8F3B
:10E2B00002481FF051BA00BF78C4002008090020AE
:10E2C00008B5B0F80130A3F57A739BB247F2481253
:10E2D000934251D8B0F80330323B9BB240F29E7269
:10E2E000934249D8B0F8052042F210739A4243D8BD
:10E2F000B0F80930B0F807209A423DD240F2DC5223
:10E30000934239D8B0F80B2041F288339A4233D87F
:10E31000B0F80D30C83B9BB242F2486293422BD812
:10E32000B0F80F30103BB3F5F86F25D8B0F81130C6
:10E33000053B9BB240F60B6293421DD8104B00F197
:10E34000100250F8041B43F8041B9042F9D10288D4
:10E350001A8082789A700B4BBFF35B8F012253E8CF
:10E36000001F43E800200028F9D1BFF35B8F064867
:10E370001FF0F2F9002008BD6FF01500FBE700BFA9
:10E3800005F60020781800200809002001481FF039
:10E39000E3B900BF080900202DE9F04F9DB001F05E
:10E3A000E5FB01F071FB434802698168136823F4BF
:10E3B000005313600B684FF4C0220D21984701F001
:10E3C00015FC30B901F03EFC01F0E6FC08B101F0AB
:10E3D000F5FC394C394800F077FB204601F064FD2C
:10E3E00001F004F92146364B41F8083F354800F06A
:10E3F0008DFB354821F017FE334800F03FFF3348CE
:10E4000001F086FFD4ED037AFCEEE77A02238DF863
:10E41000443017EE903AD4ED047AADF84530FCEE76
:10E42000E77A11A817EE903AD4ED077AADF84730A5
:10E43000A38AADF84930FCEEE77AE38AADF84B30B9
:10E44000238BADF84D3017EE903AD4ED097AADF844
:10E450004F30FCEEE77A238CADF8513017EE903A4E
:10E460004FF47A72ADF85330A36AB3FBF2F3ADF810
:10E47000553001F03DFF164A1649174801F07CFE61
:10E4800008B901F047FAFFF75BFEFFF767FE134894
:10E4900000F066FD20B301F08BFE01F03FFB08B1F8
:10E4A00001F02EFB3220FFF7CFFE4FF47A7021F0FF
:10E4B00045FDF2E7F08B03004CC4002054C400205B
:10E4C0000000D0437C180020141900208DE30000C8
:10E4D00099E20000C1E20000C1E1000071E2000029
:10E4E000C820FFF7B1FEFFF791FE21F037FD8D4EFA
:10E4F0000090DFF854A29AF88430012B0CBF01255C
:10E5000000254EF6602242F21073284618BF1346CB
:10E51000019321F0ECFC002800F0FE80284621F059
:10E52000E6FC014640F2E7304FF47A72002300EB3C
:10E53000C130490CFDF7E4FE02460B467A481FF055
:10E5400045F901F0DDFA01F0EFFABFF35B8F774A8E
:10E55000002352E8001F012903D142E800300028BF
:10E56000F7D1BFF35B8F10D10B93714B099320232D
:10E570000A9300F013FE012840F0EC8021F029FD01
:10E58000002840F3CC80FFF741FE6A4D6A4FA5F1A9
:10E590000808002200230CA938461EF081FF00283D
:10E5A00000F08D8121F0B9FE01F0C4F921F0D6FC14
:10E5B000054601F00BFA58B13C20FFF745FE3C2020
:10E5C00021F0BCFC3C20FFF73FFE3C2021F0B6FCD4
:10E5D00001F0F0F948B1594A1368EB1AB3F57A7FA4
:10E5E00003D31E201560FFF72FFE01F085F808B158
:10E5F00001F08EF800F06EFE08B100F07BFEBFF374
:10E600005B8F4F4B002253E8001F012903D143E8E1
:10E6100000200028F7D1BFF35B8F46D1494B454F0F
:10E62000B3F80120484D07EE902AF8EE677AC4ED62
:10E63000037AB3F8032007EE902AF8EE677AC4ED68
:10E64000047A99795A7942EA0122A282197ADA790E
:10E6500042EA0122E282997A5A7A42EA012222832C
:10E66000B3F80B2007EE902AF8EE677AC4ED077A2C
:10E67000997B5A7B42EA01222284B3F80F2007EEED
:10E68000902AF8EE677A4FF47A72C4ED097AB3F8FB
:10E6900011305343A3620FCF0FC50FCF0FC53846BC
:10E6A00050F828392B6001F019FC21F057FC9AF83A
:10E6B0008430264D012B074640F0B481BFF35B8FB9
:10E6C000002355E8002F012A03D145E80031002935
:10E6D000F7D1BFF35B8F02D001F0AAFD20B901F0A2
:10E6E0009FFD08B901F064FD009B019AFB1A9A4254
:10E6F0003FF6FFAE01F0A6FA01F04EFB40B1144820
:10E7000001F0BEFB00F02AFD01F07EFD01F056FB9A
:10E71000FFF724FD0097ECE6002213460EE721F0F8
:10E7200054FC32E774180020080900207CC4002043
:10E7300084F4002054C40020C00800206818002081
:10E740007818002005F600207C18002078C40020EE
:10E750004CC4002000F022FD02287FF416AFBB4F0E
:10E760004FF0040B09A800F01FFD051E40F3858043
:10E770000B9B63B121F0F2FB002380463060B4486C
:10E780003B6021F055FCB348414621F0F4FB21F0F9
:10E79000E5FB029038680138284421F0FCFC33681E
:10E7A000C31803934FF000080999A9484FF00C09CA
:10E7B00009FB08F9494421F051FC431C09D0A44A43
:10E7C00041F64C5303FB002043F20863C05800F0AD
:10E7D00063FD099805A9484421F00CFC3868431CE6
:10E7E0003B6021F0D8FC32680CAB024405A9994883
:10E7F00000F0BEF9002836D0029B0C9A1A44039B05
:10E80000D21A6368013363601693934B1B78002B15
:10E8100053D09249D1E90031D31841F10001CDE93B
:10E8200017310D9B1A9316A80E9B1B93199200F09B
:10E83000F9FE9DF83A30B3B123688948013323606B
:10E8400001F01EFBFFF77CFC169B0C9807933368C6
:10E85000C01A21F0ABFC07A908907D4821F05CFCB0
:10E860001420FFF7F1FC08F1010845459CD1192D52
:10E8700003DDBBF1010B7FF475AF744B186821F019
:10E880008AFC31680144734821F080FB00283FF482
:10E8900046AFD4ED097AFCEEE77A17EE903A98B2DB
:10E8A00000F0B6FB00238AF8843021F057FB6D4B53
:10E8B00018606B4801F0E4FA67E61946AFE79DF887
:10E8C0003130013B062B3FF664AEDFE803F0042C49
:10E8D00034409F909C009DF83030082B7FF659AE55
:10E8E0000DF1360021F001FB83460DF1320021F0DD
:10E8F000FCFA814629F026FE4FF47A720346A3FB08
:10E90000023C02FB01CCDB0B43EA4C43B9EB0303B3
:10E9100052486BEBDC32C0E900324F4B01221A70D7
:10E92000FFF71CFC35E600234046236001F0A8FAFF
:10E93000FFF706FC2DE69DF83030042B7FF629AE5C
:10E940000DF1320021F0D1FA00F0B6FE21E62846A2
:10E9500000F0BAF8DFF814E1DFF8F8C0BEE80F0005
:10E96000ACE80F00BEE80F00ACE80F00704650F8AE
:10E970002839CCF8003001F0B1FAD4ED037AFCEE7E
:10E98000E77A02238DF8583017EE903AD4ED047AE6
:10E99000ADF85930FCEEE77A16A817EE903AD4EDB0
:10E9A000077AADF85B30A38AADF85D30FCEEE77A0C
:10E9B000E38AADF85F30238BADF8613017EE903A03
:10E9C000D4ED097AADF86330FCEEE77A238CADF82C
:10E9D000653017EE903A4FF47A72ADF86730A36A5B
:10E9E000B3FBF2F3ADF8693001F082FCD1E59DF89C
:10E9F0003030042B7FF6CDAD0DF1320021F075FAE9
:10EA000000F04AFCC5E500F0F5FFC2E54FF005094E
:10EA10005020FFF719FC782021F090FAB9F1010994
:10EA2000F6D1B6E50F4B104A1B68C31A93422DD896
:10EA3000BFF35B8F002355E8002F012A7FF449AE16
:10EA400045E8003100293FF444AEF4E77018002097
:10EA5000141900207C18002004F60020980A0020D9
:10EA60004CC400206C180020BFD4010054C4002006
:10EA70000023BFF35B8F55E8002F012A7FF429AEF6
:10EA800045E8003100293FF424AEF4E700F092FF9E
:10EA90000028EDD1BFF35B8F55E8003F012B03D178
:10EAA00045E80002002AF7D1BFF35B8F02D001F0E6
:10EAB000BFFB08B901F0B4FB01F0BAFB00283FF43A
:10EAC00013AE01F0A1FB0FE60A4B03600A4B436053
:10EAD0000A4B83600A4BC3604FF416730382094BE1
:10EAE000436140F2DC530383074BC36147F2305369
:10EAF000036270470000D0430080BB45000096438E
:10EB0000F401640000007A4300001643F8B50F4694
:10EB10002DED028B982200213D46064629F006FE87
:10EB20000FCD34460FC40FCD0FC42B68236097ED73
:10EB3000007AB7EE008AC8EE077AB1EE000A27EE37
:10EB4000C00AF1EE678A21F0E1F838EE400A86ED5E
:10EB5000090A9FED060A88EE800A21F0D7F838EE00
:10EB6000408A86ED0A8ABDEC028BF8BD8FC2F53C67
:10EB7000F0B50446B1F9000006EE100AB1F9020042
:10EB8000B1F9041007EE100A06EE901AB8EEC66A44
:10EB9000B8EEC77AF8EEE66A94F8501085B08DEDBD
:10EBA000016A8DED027ACDED036A04F1380604F1B5
:10EBB0004405B1B901AB03CBE0622163186860631F
:10EBC00001AA03CAA06371601868B06001AA03CAF1
:10EBD000606469601868A860012384F850300020E0
:10EBE000EFE0D4ED127A94ED115AD4ED135A77EE8A
:10EBF000677A36EE455A67EEA77A45EE057A76EEE5
:10EC0000E55A45EEA57AF1EEE77A01AF03CFD4EDF0
:10EC10000A4A606469603868A86001A930460F46F6
:10EC2000D0ED005AB7EC015A35EE655A45EE245A3C
:10EC3000E0EC015A8542F3D194ED0C5AD4ED0B4A25
:10EC4000D4ED0D5A37EE457A36EE646A27EE077A30
:10EC500006EE067A76EEE56A06EEA67AB1EEC77A99
:10EC6000606D05060BD594ED006A9FED874AC4EEF2
:10EC7000066AFCEEE66A16EE905A551BA565D4EDC1
:10EC8000026AF4EEC76AF1EE10FA4FEA400048BF9C
:10EC900040F00100606594F86100002800F09E805B
:10ECA000616E521A142A1DD8F5EEC07AF1EE10FAF0
:10ECB00018D49FED767AB4F86800F4EEC77AF1EED6
:10ECC00010FADBBFB6EE007A77EE877A4FF6FF7167
:10ECD000FCEEE77ADCBF17EE901A89B2884238BFA3
:10ECE000A4F86810E089218A904227D88A4228D85F
:10ECF000D4ED1C7AD4ED0E6A94ED1D7A94ED1E6A63
:10ED0000D4F8803076EEE76AD4ED0F7A77EEC77AE2
:10ED100094ED107A67EEA77A46EEA67A37EE467A39
:10ED200047EE077AF1EEE77A013394ED1F7A77EE3A
:10ED3000277AC4ED1F7AC4F8803050E78A427FF604
:10ED40004EAFD4F88020002A3DD007EE902AD4EDB3
:10ED50001F6AF8EE677A86EEA77AB5EEC07AF1EE12
:10ED600010FA33D4DFED497AB4EEE77AF1EE10FA17
:10ED70002EDCF6EE007A77EE277AFCEEE77A17EED5
:10ED8000902A92B2B4F86A10A4F86C20A289914239
:10ED900021D3D4ED057AF4EEC77AF1EE10FACBBFA9
:10EDA000002101210222002284F86F2084F86E10D5
:10EDB00004F1640207CA83E80700002384F8613085
:10EDC000012005B0F0BD9FED327AD2E70022D9E7ED
:10EDD0004FF6FF72D6E700210122E5E794ED017AB4
:10EDE000B4EEE77AF1EE10FA3DD894F8603023B132
:10EDF000E36D208BD31A834235D3A36DE265D11A1C
:10EE0000F5EEC07A40F20113A4F86030F1EE10FA8A
:10EE10004FF00003E366626612D49FED1C7AF4EEB5
:10EE2000C77AF1EE10FADBBFB6EE007A77EE877A9A
:10EE30004FF6FF73FCEEE77ADCBF17EE903A9BB219
:10EE4000A4F868304FF6FF738B4228BF0B46A4F836
:10EE50006A300023E367C4ED1C4A84ED1D5AC4EDFB
:10EE60001E5A002367E7D4ED096A2C34D4ED007AEA
:10EE7000B1EC017A37EE677A47EE267AE4EC017A54
:10EE8000A642F3D1ABE600BF0000FA4500FF7F4782
:10EE90000000000010B586B00123019300238DF817
:10EEA00008300723CDE9031200908DF8143007488D
:10EEB0009DF81430826843F002038DF81430946892
:10EEC0006A2302226946A04706B010BD7C8C03006D
:10EED00010B40C4B1A699B689C6984B1010204D57B
:10EEE00013681B0748BF80F0C060074B00F0B0728A
:10EEF0000340A44603485DF8044B032160475DF8D6
:10EF0000044B7047F08B03004000000610B54FF42F
:10EF10000010FFF7DDFF034B1B6813B1BDE8104085
:10EF2000184710BD80C400201FB502238DF80000D3
:10EF30008DF80110CDF804D002938DF80C300748FD
:10EF40009DF80C30826843F002038DF80C30946811
:10EF50006A23012201A9A04704B010BD7C8C0300E4
:10EF600073B5002306468DF80730244828F07EFE4E
:10EF700020B96FF01204204602B070BD204D284623
:10EF800028F074FE0028F4D00DF107010F2021F0C5
:10EF900011F804460028ECD19DF807306C2BE8D11D
:10EFA00001211220FFF7C0FF0021A42029F051FA0F
:10EFB00044211220FFF7B8FFE2211820FFF7B4FF29
:10EFC000104B1E602A69AE68136823F008031360B3
:10EFD000336803214FF48032284698470A490B4B87
:10EFE0004B6008238B60F36913B1012228469847D0
:10EFF0004FF09860FFF76CFFBDE700BF7C8C03000B
:10F00000F08B030080C4002084C400200DEF0000BA
:10F0100013B504464FF40010FFF75AFF00215E209D
:10F02000FFF782FF00210D20FFF77EFF00210A205D
:10F03000FFF77AFF00211120FFF776FF102115203E
:10F04000FFF772FF18211020FFF76EFF41215620B5
:10F05000FFF76AFF80215820FFF766FF10215C2030
:10F06000FFF762FF642303FB04F101F6344141F62C
:10F070006903994220D9124B99421FD840F6354373
:10F08000B1FBF3F1C9B25B20FFF74EFF002141F65F
:10F090009A1029F0DEF90DF107011B2020F08AFFFC
:10F0A00020215E20FFF740FF064B01221A7020F05E
:10F0B0008CFF002002B010BD0121E4E73F21E2E710
:10F0C0000A01030018F6002013B54FF40010FFF7F3
:10F0D000FFFE00215E20FFF727FF0DF107011B2037
:10F0E00020F068FF00215820FFF71EFF00211520A7
:10F0F000FFF71AFF00211620FFF716FF00210A2054
:10F10000FFF712FF34210720FFF70EFF0021082030
:10F11000FFF70AFF66210920FFF706FF6421102090
:10F12000FFF702FF6C211120FFF7FEFE06210A20E7
:10F13000FFF7FAFE08210D20FFF7F6FE054B00242D
:10F140001C609C80044B02221A7020F03EFF204677
:10F1500002B010BD24F4002018F6002008B54FF4CA
:10F160000010FFF7B5FE00215E20FFF7DDFE002155
:10F170000D20FFF7D9FE00210A20FFF7D5FE002160
:10F180001020FFF7D1FE00211120FFF7CDFE024B2A
:10F190000020187008BD00BF18F60020014B187839
:10F1A000704700BF18F600202DE9F04F85B00646E5
:10F1B0003A23022202A968468DF80030FFF76AFE62
:10F1C000A8B99DF80940C4F38013B36024029DF8E8
:10F1D000083004F440741C430027DFF89C803D464F
:10F1E0004FF07809A74235DB002C3FDB40E06FF0A1
:10F1F0000404F1E79DF80830DB08012B06D14146F5
:10F200000DF1090020F0CFFE0137EBE7022BFBD117
:10F210000C23D6F800B005F1010A69465D430DF1F3
:10F22000090020F0C0FEBDF800302BF805300BEBD4
:10F230000502B8F80030D380BDF802305380B8F82A
:10F2400002301381BDF804309380B8F80430538144
:10F250005546D9E77368AB420ADD072202A9684622
:10F260008DF80090FFF716FE0028C3D06FF004055C
:10F27000284605B0BDE8F08F24F40020034B044A73
:10F28000186000231360034A13707047CCC4002039
:10F29000A4C400200EF7002010B50B4A0B4C1368D5
:10F2A000082B06D12368013303F0070323600723EB
:10F2B000136011682368064C0B4403F00703013107
:10F2C00044F82300116010BDA4C40020A8C400208D
:10F2D000ACC40020054B1B782BB9054B18680038CF
:10F2E00018BF012070470120704700BF0EF70020B3
:10F2F000A4C400202DE9F0412C4D2D4E86B02F786E
:10F30000D7B9326802B32B482B4903682B4C51F80C
:10F3100023106160013303F007030360284B013AB7
:10F320001868326020F023FF264BE360264B2060F4
:10F330001F70012327812B7000F0F0FF044630B9C5
:10F340001B4A00232B70136006B0BDE8F081DFF884
:10F350006CC0DFF87480BCE80F0001AF0FC7184B1A
:10F36000F42C186898F8003028BFF424A4B205944F
:10F3700001A923B120F05CFF20B92870BFE720F07D
:10F3800024FFF9E781B20F4801F00EF800F10C03F9
:10F39000012BD9D90028D3D101AC0FCC074F0FC70F
:10F3A00023683B60012388F80030A8E70EF70020AF
:10F3B000A4C40020A8C40020ACC4002090C4002035
:10F3C000CCC4002019F600200DF7002030B50A4DFE
:10F3D000421E00F11B034FF0FF3012F8011F48409E
:10F3E000082140F300042C40013984EA5000F8D190
:10F3F0009342F2D1C04330BD2083B8ED2DE9F043F4
:10F400000160CB685A0942601F2B4FF0000289B09F
:10F410000446826059D90B69DA0656D1CD68B5FB2E
:10F42000F3F203FB1255002D4FD1DFF8A8902F46C1
:10F43000A8462E466268954224D326B17B1CB3FBB6
:10F44000F2F602FB1636A660002563689D423FD2A5
:10F450002168A6680A695209B6FBF2F302FB136041
:10F4600068B10B6870016946984740B96A4603461F
:10F4700012F8011BFF291ED10133202BF8D109B04E
:10F48000BDE8F083236869461B6868019847002837
:10F49000F5D1069B4B450CD16846FFF797FF079BBC
:10F4A000834206D1009B0EB1984502D298462F4662
:10F4B00001260135BEE7A36862680133B3FBF2F1B0
:10F4C00002FB1133A3600135BFE74FF0FF30D6E7F1
:10F4D0000020D4E756455053F0B589B000236A4662
:10F4E000079304460B4601F1180716461868596839
:10F4F000154603C50833BB422A46F7D1A568114B10
:10F5000006933046FFF762FF626807906B1CB3FBFF
:10F51000F2F102FB11332268A36013695B096F01EA
:10F52000B5FBF3F103FB115535B1236831465B6838
:10F530003846984709B0F0BD936838469847002888
:10F54000F3D0F7E75645505370B5184D88B00646CE
:10F550000C46A06838B36068336869461B68400190
:10F560009847636872680133B3FBF2F102FB113311
:10F570006360A368013BA360A8B9069BAB42E8D1D6
:10F580006846FFF723FF079B8342E2D12368009A76
:10F590009A42DED36D460FCD0C340FC495E80300BC
:10F5A00084E80300012008B070BD00BF56455053E9
:10F5B000034B01464FF48052186821F025BE00BF6E
:10F5C00014C500200A46014602482023006821F0A5
:10F5D00006BE00BF14C500200A460146024820238B
:10F5E000006821F0E7BD00BF14C5002010B5094C2C
:10F5F0000320214601F030FA58B9236806499B6878
:10F600000648CB60FFF7FAFE054AB0FA80F35B09C3
:10F61000137010BD14C500208002002008C5002012
:10F62000BF040120F8B5837D044600F118056BBBCB
:10F630001B481C4A0368182703F07F06214607FB76
:10F64000062251F8046B42F8046BA942F9D1013348
:10F650000360154B5A68082A06D11A68013202F075
:10F6600007021A6007225A60D3E900210F480A44B2
:10F6700002F00702182606FB020254F8040B42F8B7
:10F68000040BAC42F9D101315960F8BD084B1B782D
:10F69000002BDED001460748FFF71EFFD9E700BF69
:10F6A00004C50020BFF80020D0C40020FFF70020D0
:10F6B000BF04012008C5002010B50B4C01232372A4
:10F6C0000A4B21461B7841F80C0F83F001030848D0
:10F6D000637220F0EEFD074B1B68802B38BF802340
:10F6E000803B236310BD00BFD0C40020BF040120B5
:10F6F00008C5002004C50020044B5A681AB9187ABE
:10F7000000F0010070470120FAE700BFD0C40020DC
:10F710002DE9F04F6A4F95B0FFF7EEFF40B100F0D2
:10F720000FFE1728674E844605D800237360337296
:10F7300015B0BDE8F08F35460FCD07AC0FC40FCD27
:10F740000FC40FCD0FC4BCF1EF0F2B68DFF884910D
:10F7500023608CBF0A25182307AC98BFBCFBF3F5C8
:10F760004FF0000898BFADB2DDF820C0BCF1000F2B
:10F7700039D0079A544B182101FB02330DF1040ACA
:10F7800003EB010B18685968D646AEE8030008334E
:10F790005B45F246F6D1013202F007020CF1FF336D
:10F7A00007920893494B18220DF1040C02FB083311
:10F7B000624603CAA24218605960944603F10803E6
:10F7C000F6D108F10108A845CED118214346594386
:10F7D0005ED10FCC3B4D0FC50FCC0FC50FCC0FC565
:10F7E00023682B60A4E79DF824A0BAF1000FECD0A9
:10F7F0009DF82530ABB936480AA9FFF7A5FE0128C8
:10F800000CD10DF1340EBEE80F000DF1040CACE884
:10F810000F009EE803008CE80300C3E701238DF886
:10F820002530D9F8002013990A98802A134638BF4A
:10F830008023803B8B4238BF0B4613934FF0000E62
:10F840004FF0180C9A4207D8BEF1000F00D0139366
:10F8500000238DF82430B8E7591C03F07F030CFB1C
:10F8600003F307EB030EFB5883420ED37346139149
:10F870000DF1040C0EF1180E18685968624603C2A7
:10F88000083373459446F7D18CE7D6460B46D9E743
:10F890000E4889B200F066FD00F10C03012B84468E
:10F8A0007FF646AF0FCC074D0FC50FCC0FC50FCC61
:10F8B0000FC523682B60BCF1000F3FF42DAF34E778
:10F8C000BFF80020D0C40020FFF700200FF7002071
:10F8D00008C5002004C5002059B1BFF35B8F054B5C
:10F8E000012253E8001F43E800200028F9D1BFF3AC
:10F8F0005B8F70471CC50020054BBFF35B8F1B68F7
:10F90000BFF35B8F002B0CBF06200020704700BFA9
:10F9100020C5002008B5054806F01AF920B9BDE851
:10F920000840034806F02EB908BD00BFA40200201D
:10F930009402002070B5044628F004FE4FF47A7556
:10F94000A0FB053205FB0122DB0B43EA4241164ACC
:10F95000164B74B1107860B9154801600120BFF3EF
:10F960005B8F53E8005F43E80006002EF9D1BFF338
:10F970005B8F1470BFF35B8F1A68BFF35B8F8AB124
:10F980000B4A1268891A4EF65F2291420AD9BFF3D8
:10F990005B8F002253E8001F43E800200028F9D1C4
:10F9A000BFF35B8F70BD00BFC004012020C50020E5
:10F9B00018C50020044BBFF35B8F1868BFF35B8F43
:10F9C000003818BF0120704720C50020084BBFF346
:10F9D0005B8F002253E8001F012903D143E8002078
:10F9E0000028F7D1BFF35B8F0CBF01201046704792
:10F9F0001CC500200149002003F0ACBEFDBB030084
:10FA000010B500238AB0CDE9023308210DEB0100C7
:10FA100026F024F9002822DB0821164A11230DEBD9
:10FA2000010020F0C2FE134A12F8013BCBB90423B7
:10FA3000114C0093114A124B0194182104A81EF096
:10FA4000D1FF04A803F036FF48B9A4F10C00FCF77D
:10FA500083FCA4F10C0102460A4801F067FA0AB0DF
:10FA600010BDA3F1610105299CBF203B02F8013CB8
:10FA7000DAE700BFC1040120CD0401205BBA030016
:10FA800052BA030063BA03007FB510220021684612
:10FA900028F04CFE022542F2107301938DF80C50B1
:10FAA00028F050FD4FF47A72A0FB020302FB0131F3
:10FAB000C00B0F4A40EA4140106025F013FF0D4B88
:10FAC00018700D4C204628F0D1F870B1A668694630
:10FAD000B36820469847094B0028186003DB336859
:10FAE00029462046984704B070BD6FF01200FAE72F
:10FAF00024C50020D20401202C8C0300C002002069
:10FB0000044B19684B1C03D003488368DB68184713
:10FB1000704700BFC00200202C8C0300014B1878F6
:10FB2000704700BFD204012010B50E4C2378BBB93A
:10FB300028F008FD4FF47A72A0FB020302FB0131AA
:10FB4000094AC30B126843EA41439B1A42F20F72FF
:10FB5000934205D925F0E2FEB0FA80F0400920700A
:10FB600010BD00BFD204012024C500204FF0804307
:10FB7000D3F84036DB0732D54FF01023D3F80433E7
:10FB800003F00703042B2AD0154B0122C3F80425E8
:10FB9000D3F80024002AFBD04FF01022D2F804330F
:10FBA00023F0070343F00403C2F804330C4BD3F8EB
:10FBB0000024002AFBD00022C3F80425D3F8002437
:10FBC000002AFBD0BFF34F8F0649074BCA6802F4E7
:10FBD000E0621343CB60BFF34F8F00BFFDE7704778
:10FBE00000E0014000ED00E00400FA0510B5104C03
:10FBF000204628F03BF8C0B10E4828F037F8A0B1F5
:10FC00000C4828F033F880B10B484FF4803120F0D5
:10FC100065FB0A484FF4B01120F060FBA368084967
:10FC20001B682046BDE8104018476FF0120010BD59
:10FC3000548C0300F08B030050930300489303009F
:10FC40004CB90300F0B587B01422002101A828F0B8
:10FC50006DFD0223454E0493012440F20C430294AF
:10FC60000396ADF814304248424D836801A95B68A1
:10FC7000984738BBB6F9003041F2707223EAE3735B
:10FC800013FB02F340F6E442C3F30F36B2EB233F1B
:10FC90004FEA23312E8014DA37482346074630F8DE
:10FCA000022F964251D85C1E344E305DF35C37F81B
:10FCB00014401B1A091B4B43121B93FBF2F318440D
:10FCC000C0B2A8702E4C204627F0D0FF70B1A668B5
:10FCD0004021F3682046984740B90C21336901AAB6
:10FCE0002046984710B99DF90430EB704FF08043DF
:10FCF000D3F8384404F001042C715CB32149224844
:10FD000020F0ECFA322027F0ACFF20480469836829
:10FD100001A95B68984720B92368019C5C40C4F343
:10FD2000C030431E5C425C41AA79EB786C71BAB971
:10FD3000013B2B2B01D90123AB71AA7913480B216D
:10FD400020F0BCFA0B4807B0F0BD01330C2BA6D154
:10FD50006420B6E70C484FF4803120F0BFFAE3E7A7
:10FD6000043B252BE9D80023E6E700BF2AF4002056
:10FD7000548C03002CF4002034B9030071BA030042
:10FD8000908C03001000010050930300F08B0300DF
:10FD9000004870472CF40020074B1A794AB918889C
:10FDA000013880B240F6E24398428CBF0020012027
:10FDB00070470020704700BF2CF4002008B50648AB
:10FDC0004FF4803120F08AFA044800220B2120F001
:10FDD00075FA20F091FC00BF50930300F08B0300F4
:10FDE000F0B50C468BB02149064615461F46FCF778
:10FDF000A1FA78B9042C19D11D4B1968224638464E
:10FE0000A847002802DA6FF0040600E0002630461A
:10FE10000BB0F0BD17493046FCF78CFA30B9042C12
:10FE200004D1134B196822460431E8E730461249E1
:10FE3000FCF780FA0646B0B9282C14D12246694650
:10FE40003846A8470028DEDB0C4B009A9A42DED1E8
:10FE5000074B01AD1C680FCD08340FC40FCD0FC484
:10FE60002B682360D3E76FF00106D0E780BA030068
:10FE700028C5002089BA030093BA030031435053C8
:10FE800010B5014604460422054800F0F5FE30B9DD
:10FE90000422A1180348BDE8104000F0EDBE10BDDB
:10FEA0007DBA030086BA030038B50A4B05461860D0
:10FEB00001F01EF8044650B9074800F017FF6B68C0
:10FEC00003F5806304466B602846FFF7D9FF2046A0
:10FED00038BD00BF28C500208DBA030030B58BB0F7
:10FEE000084B009300F108040FCC01AD0FC50FCCF7
:10FEF0000FC5236804482B602822694600F0BCFE29
:10FF00000BB030BD3143505390BA030010B51C46BE
:10FF1000BDF8083010464BB9631E0F2B06D8054BB1
:10FF20001B680BB121469847204610BD6FF00C00AE
:10FF3000FBE700BF44C5002070B586B0BDF82810AF
:10FF4000002933D1132B31D101AB02F110061C462D
:10FF5000106851681D4603C50832B2422B46F7D1DE
:10FF600011889278AA7029809DF80430022B03D062
:10FF70006FF0120006B070BD0E4B1B68002BF7D05F
:10FF8000204698470028F3D10B4A234605AD1C466E
:10FF900003CCAC4210605160234602F10802F6D156
:10FFA0002188A378937011801320E3E76FF00C0091
:10FFB000E0E700BF40C50020D80401204B1E594295
:10FFC0005941014B19707047D60401204B1E59420C
:10FFD0005941014B19707047D50401204B1E5942FD
:10FFE0005941014B19707047D40401204B1E5942EE
:10FFF0005941014B19707047D304012030B5CD68C9
:020000040001F9
:10000000094CA54285B00DD0084CA5420CBF072471
:100010001324CDE90154BDF82040009424F053FC92
:1000200005B030BD0824F4E7F2040120EB04012000
:1000300010B50C4C2368834203D105F015F9002359
:100040002360094B00201870084B1870084B18707B
:10005000084B1870084B1B6813B1BDE810401847D7
:1000600010BD00BF30C50020D3040120D4040120FE
:10007000D5040120D60401203CC5002010B5154C44
:10008000BFF35B8F2368BFF35B8F012B01461DDC41
:10009000114B0361BFF35B8F54E8003F013344E829
:1000A0000032002AF8D1BFF35B8F0C4B186807F0C1
:1000B0002FFD50B1BFF35B8F54E8003F013B44E894
:1000C0000032002AF8D1BFF35B8F10BD6FF00A0039
:1000D000FBE700BF34C500204101010030C500200E
:1000E00070B505460C46E9B90F4B197022F06BFF4D
:1000F0000E4B18600E4BBFF35B8F53E8002F43E8A5
:1001000000410029F9D1BFF35B8F0A490A4B0B600C
:10011000284607F0FFFD094B1B681BB1BDE8704086
:100120000120184770BD00BFD704012030C5002052
:1001300034C500202CC50020290303003CC5002045
:100140000B4BBFF35B8F1A68BFF35B8F002A0ADD8E
:10015000BFF35B8F53E8001F013943E80012002A08
:10016000F8D1BFF35B8F034B1B6803B1184770478F
:1001700034C5002038C5002008B5094B1860094B6C
:100180001960094B00201A6003F02EFD30B90748B2
:1001900000F0ACFDBDE80840FFF732BC08BD00BF71
:1001A00044C5002040C500203CC5002097BA03008C
:1001B00030B5114D2B7885B0D3B9104B1B68BBB946
:1001C00003F09CFB092304468DF80830FCF7C4F8C3
:1001D000039401248DF8090009490A48009402ABF0
:1001E000022204F07FFB10B110F1780F01D12C70C6
:1001F000002005B030BD00BFD704012030C500206D
:100200006C9303005893030010B5044C23781BB182
:1002100004F09AFB0023237010BD00BFD704012017
:10022000024B1868003818BF0120704730C5002005
:10023000014B1878704700BFD704012030B50E4C31
:1002400003682360436863600C4B1D6887B08DB101
:100250000B4B1B7873B100211822684628F066FA10
:10026000084B6946CDE9013428460823ADF80C3027
:1002700007F04EFC07B030BDF204012030C500206D
:10028000D60401209093030070B5154D044686B046
:1002900001460722284628F051FA23682B60A388DC
:1002A000AB80A379AB710646207800F0BDFCA6B107
:1002B0000C4B1C688CB10C4B1B7873B100211822BD
:1002C000684628F033FA094B6946CDE901352046E6
:1002D0000723ADF80C3007F01BFC06B070BD00BF63
:1002E000EB04012030C50020D40401205894030001
:1002F000064B00F1100250F8041B43F8041B904217
:10030000F9D102881A8082789A707047D804012047
:10031000014B1860704700BF38C5002008B5064B78
:10032000186830B1054B1B7823B124F05BFB033810
:1003300080B208BD1846FCE730C50020D304012078
:1003400008B5064B186830B1054B1B7823B124F073
:1003500049FB033880B208BD1846FCE730C50020D1
:10036000D504012030B587B005460C46182200217F
:10037000684628F0DBF9094BADF80C40CDE90135B2
:10038000074B1B683BB1074B1B7823B16846FFF74F
:1003900075FE07B030BD6FF07F00FAE7CC93030025
:1003A00030C50020D504012030B587B005460C4685
:1003B00018220021684628F0B9F9094BADF80C4025
:1003C000CDE90135074B1B683BB1074B1B7823B1C7
:1003D0006846FFF753FE07B030BD6FF07F00FAE7C5
:1003E0009494030030C50020D304012010B5094CBB
:1003F0000A44914200D110BD11F8013B5840030955
:100400000001E35CC0B2434018091B01205CDBB271
:100410005840EEE79ABA0300014B1B68184700BF2B
:100420005403002030B585B004460D46102200214B
:10043000684628F07BF902238DF802302A46044BE7
:100440000193214668461EF0FBFB05B030BD00BF9E
:100450001904010080B505460E46174698461DF062
:100460005BFF034628F04AFBDFF81890044649F882
:100470000030424630463946A84754F8090001F09A
:1004800015F800BF0800000008B50446EFF311831B
:10049000202383F31288BFF36F8F19F071FA20467F
:1004A00000F0AEFF024820F00DF921F0CAF9FCE798
:1004B000AABA03002DE9F047058B044628079046A9
:1004C00011D4022905F0070540F0CC80204620F029
:1004D000E9F978B10138218B042811D8DFE800F060
:1004E000C2106D85950001290CBF45F0100545F03F
:1004F0002005258388F31188BFF36F8FBDE8F0874F
:1005000001F0070AAA4500F0A5800027B9463E463B
:10051000A368002B00F0BC8041F00801218388F320
:100520001188BFF36F8FA168002900F0BA800D68B1
:10053000002900F0B680D1F80480334652462046A8
:10054000C047002D76D02B6829461D46F0E701F004
:1005500007035A1F012A1BD8002221F00701062B8E
:10056000276889B2C4E9002209D13B4603E0628BC7
:10057000013262831B68002BF9D141F00201218313
:10058000204620F08FF900287AD041F0200176E053
:10059000042B0AD121F0070189B22183204620F0E3
:1005A00081F910B141F020012183218B01F0070A6C
:1005B000AA454FD00027B946AAE7236921F00701D1
:1005C00041F00601062DD3F8009021832DD1B9F119
:1005D000000F3FD041F00801218388F31188BFF359
:1005E0006F8F3A492046C84729E021F00701236967
:1005F00041F0040189B2042DD3F804902183E6D0A0
:1006000000273E464FF0040A82E721F007012369E4
:1006100041F0050189B2052DD3F808902183D6D089
:1006200000273E464FF0050A72E700273E464FF08E
:10063000060A6DE72B4687E7B9F1000FD1D1EFF33A
:100640001188202383F31288BFF36F8F238B23F04D
:1006500008032383258BEA062ED525F01003238378
:1006600005F007056669218B002EBFF670AF0023E9
:100670002768C4E9003321F0070141F0010121831B
:10068000218B01F0070AAA454FF000097FF440AF23
:10069000002F9CD041F00801218388F31188BFF31B
:1006A0006F8F002FC8D03D683946334652462046EA
:1006B00020F024F92F46F4E7AB067FF51BAF25F0B9
:1006C0002003238305F0070500E700BF2909030085
:1006D0002DE9F7430F4606460821C06ADFF850901F
:1006E00020F06FFA3C68241A80463C6004EA090551
:1006F000AC4203D8002003B0BDE8F08308236A466B
:100700002146304620F0F5F90028F4D169463046FC
:1007100020F061FA40B1BDF80230BDF804203C6021
:1007200005EA090513441D44A4EB0804E0E700BFF3
:100730000000FFFF73B504460821C06A124E20F086
:1007400040FA4FF6FF726368ADF800208DF806207E
:10075000A289191833401344181A002560606846AE
:10076000ADF80210ADF8045020F022FA6946204698
:1007700020F0F1FA2046211D20F0F4F963682846A4
:100780003340A36002B070BD0000FFFF2DE9F047C9
:10079000044688B000F11407384627F071FBA06AC0
:1007A0008368DB689847E06228B96FF01505284632
:1007B00008B0BDE8F087A06A8368DB6898470368E3
:1007C000013B1F2BF1D8A06A216805AA25F093F9F7
:1007D0000028EAD1A589002DE7D0069BB5FBF3F2EE
:1007E00003FB1255002DE0D1E389012BDDD9E36A2B
:1007F000009593F805904FF0FF334FF0FF323846E5
:100800001CF0B0FEE06A082120F0DBF9A84606469D
:10081000E3891FFA85FA534508D8E389434523D174
:1008200038461CF017FF6FF02C05C0E7A1892B0498
:10083000891B13FA81F14A4608232046009120F0D3
:1008400066F978B16946204620F08CF908F1010874
:10085000009908234A4620461FFA88F820F057F9E5
:100860000028DAD00135D3E753450BD1009908238E
:100870004A46891B204620F04AF918B969462046A5
:1008800020F070F969462046FFF722FF054618B1AF
:1008900038461CF0DFFE8AE7009B63604FEA13488E
:1008A0004FEA0848C4F80880D4E9011399420FD3ED
:1008B000082301AA204620F01CF905460028E7D1AC
:1008C00001AB13F8012B914533D10135082DF8D137
:1008D00063681B0C1B0469462046009320F042F914
:1008E000A38900994A46204620F011F9051ECFDB66
:1008F000636876D006EB03084FF6FF79A389CDF83D
:1009000000801FFA88F29B1B9A422ED30023616855
:10091000002B43D0090C090400912046694620F0C1
:1009200021F90099204620F02AF90546002D74D0BF
:10093000AEE701A9204620F04EF9626810B9921B7B
:100940006260B1E7BDF80850BDF80610E06AC4F86F
:100950000880294420F035F940449042A060EED14F
:10096000002DECD06FF01C0568E0082303AA414677
:10097000204620F0BEF80546002889D103A920466C
:1009800020F029F930B1BDF80C304B4502D1BDF84B
:1009900010300BB1B044B1E70123B8E7204620F096
:1009A000EEF8054600287FF473AF6368264AA189F4
:1009B00013400B44A3EB460363601340A36020463F
:1009C00020F0F1F9B1E75B1A4A46204620F09FF883
:1009D000051EFFF65DAF08D0E26AA36812681344F3
:1009E000A360D4E901318B42EDD86168A38901EBA2
:1009F00046029A429AD1DFF85080A26801EA0803C1
:100A00009A4293D0204620F0BAF8054600287FF499
:100A10003FAF636803EA0803A360A389A288A3EB3E
:100A200046039A4206D038461CF014FE0123237474
:100A30000025BCE6204620F09FF9054638461CF00C
:100A400009FE002DF2D0B2E60000FFFF014B03606B
:100A500000207047D094030070B5104B1C680D4601
:100A6000B4B10F4B196800238B4202DB6FF0010019
:100A700070BD224612F8106B864202D00133144634
:100A8000F2E7E06827F0F2F828B12C600020EFE7E9
:100A90006FF00C00ECE76FF01200E9E7580300205C
:100AA000D094030010B588B0436802938368C0688F
:100AB000CDE903320A680023CDE906230C4601AADA
:100AC0000449059325F01BF8079808B9059B236096
:100AD00008B010BD871203002DE9F7430D46DDE98C
:100AE0000A9790461E46044610B96FF00D003DE08F
:100AF0000029FAD0002AF8D08B680846DB689847AE
:100B00000368B6FBF3F203FB1262002AEDD1B9FBD6
:100B1000F3F203FB1292002AE7D1002FE5D0B7FBD6
:100B2000F3F103FB11710029DFD1C4E90086C4E9A8
:100B300005972161A160E560036863620C9BC4E9CD
:100B40000731437984F82830CDE900616A460949C4
:100B5000284624F0D4FF019A002AC6D0D4E90531F2
:100B60000B449A422CBF00206FF00D0003B0BDE88B
:100B7000F08300BFFD1203002DE9F34101A90646F1
:100B800014461D4620F019FD174902460746304617
:100B900027F0E4FD804660B9144E15223146284600
:100BA000A047031E01DB06F80380002002B0BDE869
:100BB000F0810F493A46304627F0D0FD804608B90B
:100BC0000C4EEAE730460C493A4627F0C7FD064688
:100BD0000028EAD1094F152239462846A047031EAE
:100BE000A8BFFE54E1E700BFD3BA0300F20700201C
:100BF0006ABA0300FA040120D9BA0300DC07002016
:100C000010B5084C86B024788DF817400124029462
:100C10000DF117040194BDF82040009423F053FE19
:100C200006B010BD0808002000B589B064288DF812
:100C3000070019D80E4B18221870002102A827F0BF
:100C400075FD0C4B03930DF10703049302A90123D7
:100C50000020ADF8143006F05BFF10F1800F08BFE4
:100C6000002009B05DF804FB6FF01500F9E700BF44
:100C700008080020C49503002DE9F0410F4B1C68C3
:100C800005460E461746ACB14FF0FF324FF0FF332A
:100C90000B481CF067FC63683246D3F8088029468D
:100CA0003B462046C047044605481CF0D3FC20467E
:100CB000BDE8F0816FF00104F9E700BF48C50020EE
:100CC000AC08002000230360044B5A6812B9C3E942
:100CD0000000704710605860704700BF4CC500208E
:100CE000014B1860704700BF48C5002030B585B083
:100CF00000230546CDE9023301904FF0FF330C4845
:100D00004FF0FF321CF02EFC0A4B1C684CB92846F1
:100D100000F08EF8044606481CF09CFC204605B006
:100D200030BD636820461B6801A998472468EDE739
:100D3000AC0800204CC500201FB5CDE9010103928D
:100D40004FF0FF330A484FF0FF321CF00BFC094B09
:100D50001C682CB906481CF07DFC204604B010BD70
:100D6000636820461B6801A998472468F1E700BF23
:100D7000AC0800204CC50020024B0022C3E9002231
:100D8000704700BF4CC50020024B0022C3E900227F
:100D9000FFF7F2BF54C500202DE9F74307460C4684
:100DA00009B100230B601F4DDFF8809000264D45F0
:100DB0000FD31D4B1D6885B355F8188C01AA414609
:100DC0003846183D20F0D5FB10B3D6B914BB2E46DB
:100DD0001EE0D5F8008001AA4146384620F0C9FB44
:100DE00050B116B954B92E4606E03168002240468B
:100DF00020F0BFFB0028F5D11835D8E7019B236010
:100E0000F1E731680022404620F0B3FB0028DDD135
:100E1000AD69D0E7019B2360D9E7304603B0BDE858
:100E2000F08300BF7C8F030054C500203C9003007A
:100E30002DE9F047DFF8B090DFF8B0A080464FF022
:100E400000470026274C3D464C450DD3DAF80040BC
:100E5000002C42D0183CB8F1000F25D122695ABBB2
:100E6000A469F5E72F46EDE7B8F1000F03D1226939
:100E70004AB91834E8E720680022414620F079FB9F
:100E80000028F4D1F5E76368BB4205DDAF4209D025
:100E90009D42A8BF1D46ECE7EBD19047002E08BF4E
:100EA0000646E6E71D46E4E720680022414620F0BA
:100EB00060FB0028D2D1D3E76368BB4205DDBD42A9
:100EC00009D09D42A8BF1D46CAE7C9D19047002E50
:100ED00008BF0646C4E71D46C2E7AF42C2D130464E
:100EE000BDE8F0877C8F03003C90030054C50020D0
:100EF00038B50C4D0C484FF0FF334FF0FF321CF06B
:100F000031FB2B783BB9FFF73FFF00F085F8044633
:100F100010B901232B70002403481CF09BFB2046D2
:100F200038BD00BF10050120AC08002030B585B0E9
:100F30000D4601A91446FFF72FFF48B1CDE9025431
:100F4000054AC568019802AB2146A84705B030BDE7
:100F50006FF01500FAE700BF491603002DE9F047CE
:100F6000048FDFF8B0A0013498B006468946A4B2D9
:100F700000F10807651EADB2B5F5004F47D04A2312
:100F800005AA2946384620F00DF904F57F543F3470
:100F9000A4B28046214601230DF10B02384620F011
:100FA00001F9B8F1000F014610DC002810DC338F86
:100FB000AB4209D132466B1E22F8383F4FF4004154
:100FC000022338461FF0BCFF2C46D3E7002808DC7C
:100FD0002946384620F082F82146384620F07EF82F
:100FE000E5E708F160030DEB0308002308F84C3C2B
:100FF0005246CDF8009003AB05A80397ADF810401A
:1010000020F0EDFA0028DFD018B0BDE8F08700200E
:10101000FAE700BF711603007FB50123694604207B
:101020000193FFF719FD044660BB02AA01A9042041
:1010300020F04BF9044610B110F10C0F22D10399A6
:10104000B1F5803F23D2009A0023946818460844E3
:1010500084421AD30133082BF9D10E4DA982EB82B9
:101060005368AB602846D368EB6320F099FB0446D5
:1010700040B9094E6E602846FFF724FE28466E6090
:10108000FFF72EFE204604B070BD9BB2E5E76FF07F
:101090002004F7E75CC500209403002030BFFFF771
:1010A000FDBF00BF2DE9F0410B4EDFF8348006EBA9
:1010B0000807CC1B054632460849204627F00EFBA0
:1010C000A01942460021083C27F030FB6C6707F16D
:1010D0000800BDE8F08100BF000000004890030058
:1010E00008000000054B9A699B689A421FBF044A9A
:1010F000536843F080535360704700BFE4F300200F
:1011000000ED00E070B5264B15469A6A12F0100FFC
:101110009A6A14BF1124102412F0080F9A6A18BF9B
:101120001224920706460AD5586B9A6A140634D5DB
:1011300019B19A6A22F080029A62132401E06FF0DA
:101140001500174B9A6A12F0010F9A6A18BF1424FF
:1011500012F0200F9A6A18BF1524D20602D49B6A97
:101160009B070AD50E4B5B68190506D5314600F082
:10117000D3FA10B180F309880224094B9A6A9206C7
:1011800042BF5A6A22F400525A629A6A42F0FF023F
:101190009A6200232B70204670BD6FF01500CCE7DB
:1011A00000ED00E0134B9A6A12F0007F9A6A14BFB8
:1011B0001E201D2012F0807F9A6A18BF1F2012F493
:1011C000002F9A6A18BF212012F4802F9A6A18BF44
:1011D000222012F4003F9A6A18BF232012F4803FA5
:1011E0009A6A6FEA02426FEA12429A6218BF24209A
:1011F000704700BF00ED00E010B5194B0246986A39
:101200009C6A10F4805F14BF1720162014F4006F3E
:101210009C6A18BF1820A40509D5986B986A000429
:1012200004D51AB19A6A22F400429A6219200C4B32
:101230009A6A12F4806F9A6A18BF1A20D2050CD4E9
:101240009B6A13F4005F18BF1C20054A936A43F49D
:101250007F43936200230B7010BD1B20F5E700BF96
:1012600000ED00E070B5454B5B689CB00546C3F3EC
:101270000803002686F31188BFF36F8F02F07F40CA
:10128000B0F17F4F11D102F00C0008280DD01007EB
:101290004CBF0D4601260022033B8DF80720032B8F
:1012A00005D8DFE803F01E5D615A3546F3E70024F8
:1012B0009DF807309BB96822294602A827F00EFA4C
:1012C000099B002E54D0C3F3080222B96FEA5323BE
:1012D0006FEA4323099302A9204620F096FA1CB036
:1012E00070BD264BDA6A9107E1D4DA6A002ADEDBA8
:1012F000DA6A5200DBD55A69A96942F480725A61F0
:10130000BFF34F8FBFF36F8F5A6931F8021C22F47D
:1013100080725A61BFF34F8FBFF36F8F4DF6027229
:1013200091420AD09A6AD2B24AB10DF10702012164
:101330002846FFF7E7FE0446BAE72C68B8E79A6A42
:1013400012F47F4F05D00DF107010120FFF754FF84
:10135000F1E79B6AB3F5803FA9D3FFF723FFEAE7E4
:101360000DF107020021E3E70DF107010020EDE791
:1013700023F4FF7323F00103ACE700BF00ED00E0AE
:10138000044B5A6942F010025A615A6922F008026D
:101390005A61704700ED00E0EFF30880EFF3098138
:1013A00001B57246FFF75EFF01BD00BF002080F36C
:1013B0001488BFF36F8F18F0ABFB00200D49086055
:1013C000BFF34F8F0C4880F3088800F03DF82020D1
:1013D00080F3118809484FF40861401880F30988A8
:1013E000EFF314800221084380F31488BFF36F8F5A
:1013F00000F01AF994ED00E0003B01208024012068
:10140000BFF34F8F0549064BCA6802F4E0621343ED
:10141000CB60BFF34F8F00BFFDE700BF00ED00E0E2
:101420000400FA050749D1F890200023C2F30722EF
:101430001846934200DB7047C1F89830C1F8A0000D
:101440000133F6E700ED00E008B572B6002383F340
:101450001388FFF7E7FF144B4FF0FF32C3F88020EB
:10146000C3F88420C3F88820C3F88C20C3F89020E8
:10147000C3F89420C3F89820C3F89C20C3F88021B7
:10148000C3F88421C3F88821C3F88C21C3F89021C4
:10149000C3F89421C3F89821C3F89C2162B6BFF326
:1014A0004F8FBFF36F8F08BD00E100E0084B9B68D2
:1014B00083420BD1EFF3058343B1064B5A6842F0E8
:1014C00080525A605A6A22F400425A621CF02ABFC3
:1014D000E4F3002000ED00E023498A6882F8C1E0CF
:1014E0004FF030001044EFF3098C80E8F01F1EF03D
:1014F000100F03D102F1800080EC108A202080F3CD
:101500001288BFF36F8F194F4FF000668A698A60A7
:101510003E60506F164C206092F9C1E0906F00233E
:10152000936780F311881EF0100F03D00023E1EEC3
:10153000103A03E002F1800090EC108AEFF314837C
:1015400023F0040383F31488BFF36F8F04B51046B0
:1015500000F078F9BDE8044002F1300090E8F01F97
:101560008CF3098870470000E4F3002004ED00E0EC
:101570009CC500201EF0040F0CBFEFF30880EFF3B2
:101580000980816911F8021C0229FFD001B5724659
:1015900020F041F901BD00BF40B2002807DB044A3A
:1015A0004109012300F01F00834042F821307047B9
:1015B00000E100E040B200280CDB4309064900F0DE
:1015C0001F0020330122824041F82320BFF34F8FB8
:1015D000BFF36F8F704700BF00E100E0054B420989
:1015E00000F01F0053F82220012303FA00F01040FE
:1015F000704700BF00E100E040B20028A8BF00F142
:10160000604001F10101B8BF064B4FEA4111ACBF88
:1016100000F5614000F00F00C9B2B4BF195480F862
:101620000013704714ED00E0144A08B5144B22F083
:101630007F029A60BFF34F8FBFF36F8FD3F888207C
:1016400022F47002C3F88820D3F8882042F4A00264
:10165000C3F888204FF04042C3F83422BFF34F8FC5
:10166000BFF36F8F0023E1EE103A1BF0BFFD1CF0BB
:1016700091FF00F0BDF81BF0FBFD00BF00C20000B1
:1016800000ED00E042F8203C009B42F81C3C019B2E
:1016900042F8183C0A49029B42F8143C4FF0807310
:1016A00042F8043C21F00101002342F8081C203AD2
:1016B00083674FF47D430265C0F8C030704700BFB8
:1016C00055040100037B13F0020F124B03D190F875
:1016D000C120D20611D45A6B42F080425A63D0F82E
:1016E000C03019075CBF43F00803C0F8C030037B6B
:1016F00043F002030373802070475A6B22F080424C
:101700005A63D0F8C0301A0744BF23F00803C0F86A
:10171000C030F0E700EF00E0094A0346906870B17E
:1017200013F1160F406E05D0A0F180029A4205D841
:10173000834203D2814228BF0020704700207047B7
:10174000E4F30020104B9B6883421AD1EFF305802D
:10175000B8B9EFF31181202282F31288BFF36F8FA3
:101760001A7B22F002021A73EFF3148323F00403AE
:1017700083F31488BFF36F8F81F31188BFF36F8FEA
:1017800070476FF015007047E4F3002008B5154668
:101790000E460022E1EE102AEFF3148222F004023A
:1017A00082F31488BFF36F8FBFF36F8F094A0A4B20
:1017B0009060426F1A6000F045F82C4686F3098865
:1017C0000020064B98472046002100220023044CAD
:1017D000204700BFE4F300209CC50020351803001B
:1017E00055040100014B10221A61704700ED00E022
:1017F000044800232021C2180133302B82F8001343
:10180000F9D1704700E100E008B5EFF30583064A1F
:10181000103B02EBC30152F8330049688847BDE82A
:101820000840FFF75FBC00BFA48C0300024B034AD3
:101830000348012100F07CB80000042000000020D3
:101840001496030010B50446FFF73CFF626E034692
:101850000548D21AC0E90023044B8360BDE810405C
:10186000012100F06FB800BFA0C5002000000B15DB
:10187000084AC2F898000B6823F01F03034343F0A3
:101880001003C2F89C308B6843F00103C2F8A0300B
:10189000704700BF00ED00E02DE9F043DFF8608005
:1018A00085B00E461F4604464FF00009B14523DAC5
:1018B0006068D8B13FB1411E08421BD17F2819D9B9
:1018C0002368194216D1236801931FF0D6FFA3683D
:1018D00003430393D8F89050C5F30725D0B2013DD8
:1018E000A84207D801A9FFF7C3FF421C09F101096B
:1018F0000C34DBE76FF01502104605B0BDE8F0834D
:1019000000ED00E0044B0522C3F89420BFF34F8F95
:10191000BFF36F8F704700BF00ED00E0BFF35F8F34
:10192000024B0022C3F89420704700BF00ED00E096
:1019300010B5034C01232278FFF7AEFF207010BDD5
:101940001105012008B50B4A00231278FFF7A4FF08
:1019500010F1160F07D0084A0021D2F89030C3F3D7
:101960000723984200DB08BDC2F89800C2F8A01017
:101970000130F2E71105012000ED00E02DE9F04310
:10198000534B544CD3F890302568C3F307239D4242
:1019900085B000F29A80FFF7C1FF00200C26854237
:1019A0001AD14D4C4D4F25706846FFF74FF8DFF8C0
:1019B0002081DFF82C9106460025AE4213D1237812
:1019C00043490020D1F89020C2F30722934276DBEE
:1019D000FFF798FF002042E0616806FB0011FFF767
:1019E00047FF0130DBE7009800EB05114FEA051CCB
:1019F000CB683B40B3F5000F48D00AD8B3F5001FC1
:101A000030D0B3F5800F36D0B3F5801F10D001353C
:101A1000D3E7B3F1807F42D0B3F1007FF7D150F824
:101A20000C3088684A681FF028FF40F4802009E0E5
:101A300050F80C3088684A681FF01FFF40F088504B
:101A400040F43020CDE901230390D8F8903020787D
:101A5000C3F30723013B98422AD96FF0150005B064
:101A6000BDE8F08350F80C3088684A681FF005FF25
:101A700040EA0900E6E750F80C3088684A681FF031
:101A8000FCFE40F0007040F40030DBE750F80C3012
:101A900088684A681FF0F1FE40F08270D2E750F883
:101AA0000C3088684A681FF0E8FE40F08870C9E78B
:101AB00001A9FFF7DDFE237801332370A7E7C1F802
:101AC0009830C1F8A00001337CE74FF0FF30C6E743
:101AD00000ED00E020960300110501200000F0FF5A
:101AE0000000081108B505481EF0ECFD002383F343
:101AF0001188BFF36F8F0423184602DFF2BA030088
:101B000008B50649064821F00701C1F1005202F567
:101B100080221EF098FD002008BD00BFC75F012095
:101B2000ACC5002003484FF0FF324FF0FF331BF0ED
:101B300019BD00BFA803002001481BF08BBD00BFEA
:101B4000A803002038B50546FFF7ECFF08482A46F1
:101B500008211EF010FD044628B925B126F0CEFF5D
:101B6000044B0C221A50FFF7E7FF204638BD00BF98
:101B7000ACC500200C00000010B50446FFF7D2FFF2
:101B8000214603481EF0BFFCBDE81040FFF7D4BF5C
:101B9000ACC5002070B5A0FB01543CB92846FFF746
:101BA000D1FF064640B90026304670BD26F0A6FF9C
:101BB000044B0C221A50F6E72A46214626F0B6FDC1
:101BC000F2E700BF0C00000070B54169867A0B4D4A
:101BD000044659B1437ADB0706D42C2303FB065392
:101BE0005B6A1B689B689847002363612C20214631
:101BF00006FB0050BDE8704026F01DBA38090020F1
:101C0000024B2C2202FB0030704700BF3809002035
:101C1000827A064B2C2101FB02339A6A1B7F1B330D
:101C2000801A23F00303B0FBF3F07047380900205B
:101C300038B5074B827A2C2404FB02335B6AD3E964
:101C400001240C601568FFF7E3FF04FB005038BD6A
:101C5000380900202DE9F04385B005466846039118
:101C600090461C4626F070FCDDE90067EFF3118911
:101C7000202383F31288BFF36F8F6B8B002B41D02F
:101C80002A8B9A4225D90022002328461BF032FDD8
:101C90000446F0B189F31188BFF36F8F039B002BCB
:101CA00041D032463B46684626F072FCA27A264B6B
:101CB0002C2101FB023320465B6A1B6803A91D68C7
:101CC000DDE90023A847606170BB2046FFF77CFF79
:101CD00024E0698B4B1E6B8389F31188BFF36F8FF0
:101CE0002B7F2A8BAC6A1B3323F00303521A02FBAF
:101CF0000344154B154AEB1A9B105343A3722B7FD9
:101D0000E372CBE789F31188BFF36F8F2346424616
:101D100028461BF0EFFC04460028BFD100242046D3
:101D200005B0BDE8F0836361012300252381039B97
:101D30006382E27A6560294604F1180026F0F6FC19
:101D400063692582E360EAE738090020A38B2EBA95
:101D500070B50C4C2C2500B970BD037A4668013B68
:101D6000DBB20372002BF7D1C3604360837A05FBBB
:101D700003431B6A13B198473046ECE7FFF724FF93
:101D8000FAE700BF380900200D4A0123C2F84035A8
:101D90004FF08052D2F8301108290AD1D2F83421FC
:101DA000052A06D807498A5C1AB14FF08042C2F86A
:101DB00038364FF080430122C3F880250020704759
:101DC00000E00140FBBA030020B1034B800143F067
:101DD00001031847704700BFB090030038B5064CA8
:101DE000064DAC4201D3002038BD54F8043B002B13
:101DF000F7D09847F5E700BF3C90030048900300F8
:101E0000084B0246186808B1036800B97047418959
:101E10009142FBD01BB1196818460B46F5E71946ED
:101E2000FAE700BFB8C500200A4B1B681BB11A684F
:101E30001BB9184670471A46FAE75989814206D0FD
:101E40001AB1116813460A46F2E71146FAE7D86854
:101E5000704700BFB8C5002000230360044B5A68D8
:101E600012B9C3E90000704710605860704700BFA6
:101E7000B8C500202DE9F04F00238BB0CDE9063323
:101E800004460D4601F10C092B8A3BB9984621689E
:101E900028461FF0D3FF2168002081E0072B40F285
:101EA0000481EA681068516806AB03C3BDF81A30B4
:101EB0005BBA1FFA83FAADF81A30BDF81C305BBA72
:101EC0009AB208214846ADF81C3005921FF089FDF2
:101ED0002B8A5345C0F0EF809DF8187017F0050865
:101EE00040F0EE80216828461FF094FF0646002847
:101EF00000F0E980606840F8045B2B8ACDE9018836
:101F000001220092EA68042125F0BAFDA06831465A
:101F10001FF0CBFD9DF81820D4F808B0C2F3C10221
:101F2000012ACBF84C8000F2C3800598FFF768FFC8
:101F3000002800F093809DF81F101FF087FD0028F7
:101F400000F08C809DF8182012F007022ED0022A93
:101F500047D04FF00308A06831461FF0A6FDD4F823
:101F6000089009F104070221384625F049FE0028AF
:101F70007AD056490222384625F027FE002873D031
:101F80004146384625F005FE022100286ED138462C
:101F900025F03EFE216828461FF050FF216830469C
:101FA0001FF04CFF40460BB0BDE8F08FD0F800802A
:101FB000A068B8F1000F51D00F21043025F020FEA9
:101FC00000284ED02046C0478046A0680F2104302C
:101FD00025F01EFE40B9B8F1000F08BF4FF007080A
:101FE000B9E7D0F80480E3E7B8F1000FB3D1BBF84C
:101FF0004E80B8F1000F12D017F0180F0FD1BBF8B8
:102000004C00FFF711FF034610B94FF00108A2E79B
:10201000404698478046B0B1002E4ED09BE7DBE9A2
:102020000012C868121A0A82DBF800301A8A08A95E
:10203000083A06A81FF01AFDA3681B68DA680B4669
:1020400003CB10605160236830469B6A98478046F6
:1020500098BB514648461FF0C4FC15E74FF00808EE
:1020600079E74FF0070876E7022190E7384625F038
:10207000CFFD00288ED0D9E900A7DAF80C30FF1A7E
:1020800008A9A7F1080206A81FF0F0FCAAF8107032
:10209000A3681B68DA680B4603CB106051602368A5
:1020A00030469B6A9847002674E74FF00908EEE631
:1020B0004FF00D084FE74FF009082E4600254AE77C
:1020C0004FF00808F9E74FF00208F6E701BB0300FC
:1020D00070B504460E4615468AB3A0F84810A0F81D
:1020E0004A201849032225F070FD18B9002000F09D
:1020F000010070BD0221204625F082FD0028F5D0A8
:1021000011490522204625F060FD0028EED0314619
:10211000204625F048FD0028E8D00C490222204640
:1021200025F053FD0028E1D02946204625F03BFD4F
:102130000028DBD00221204625F06AFDD7E70120E8
:10214000D7E700BF04BB030008BB030001BB0300CB
:1021500070B50C4615461E4648B1094833462A4616
:1021600021461FF0A0F9002818BF0C2070BD054BB8
:10217000034819781FF0D8F90028EED00A20F5E7B7
:10218000C0C50020F0C700207FB504460D461822C8
:102190000021284626F0CAFA6368581C76D0002B26
:1021A0005FD122691F2A50D9A268511C4FD0C5E9BE
:1021B0000023E668374B32689A424AD1A269202A46
:1021C00049D85AB134480368013307D0037B9A4297
:1021D00004D161690D3026F0B1FAA0B100201FF0E2
:1021E000A4FD18B91FF0D2FC00280EDA01201FF060
:1021F0009CFD20B901201FF0C9FC002805DA4FF032
:10220000FF33EB60092004B070BDE86001A9C0B2E3
:10221000FEF722FC08BB0198A26883689A4203D9A2
:102220001EF0C7FF1E20EEE71EF0C3FF237F3BB367
:1022300002A81FF0BCFD90B906F1140102A81FF01E
:10224000ADFC00281CDB1B20DDE71620DBE715209A
:10225000D9E71720D7E71820D5E70A20D3E71A20B7
:10226000D1E70D4A13689168EB60002329606B6029
:1022700063685268934207D122691344994207D395
:102280002369AB6001232B740020BCE71420BAE75C
:102290001F20B8E73DB8F396F0C70020F0B595B021
:1022A0000F4620230293044615466B460CAA03A949
:1022B0003846019200F04AFA0646002840F08E8027
:1022C00004340F21204625F09BFC10B9002015B0E6
:1022D000F0BD43490422204625F077FC0028F5D0C4
:1022E00007F00101204625F05EFC0028EED03D49B4
:1022F0000722204625F069FC0028E7D005A903A89D
:1023000000F0D0F9002861DA37490522204625F08F
:102310005CFC0028DAD035490422204625F055FC23
:102320000028D3D001A9204625F049FC0028CDD0B3
:102330002F490822204625F048FC0028C6D00099E5
:1023400081F01001C1F30011204625F075FC002832
:10235000BCD028490722204625F037FC0028B5D0FC
:10236000C5F34001204625F067FC0028AED0224985
:102370000922204625F029FC0028A7D0C5F38001BA
:10238000204625F059FC0028A0D01C4906222046F2
:1023900025F01BFC002899D005F00101204625F00E
:1023A0004BFC002892D016490922204625F00DFC4E
:1023B00000288BD0C5F3C001204625F03DFC002845
:1023C00084D00F21204625F023FC80E7192205A99F
:1023D00020468DF82C6025F001FC9AE7012076E775
:1023E0000EBB030013BB03001BBB030092BE030024
:1023F00021BB03002ABB030032BB03003CBB03002C
:1024000043BB03002DE9F743866834490436074689
:102410000622304625F0D9FB38B91FF0A8FC1FF082
:10242000A7FC072003B0BDE8F0830221304625F069
:10243000E3FB04461FF09BFC002CF0D000240DF1C0
:10244000070120468DF807401FF050FC80462046CB
:102450001FF08FFC9DF80730022B054680F0010924
:102460002AD180454FF001082CD14D45B8682CDAAF
:1024700042462946FFF712FF0028D0D0224649469F
:10248000B868FFF70BFF0028C9D00221304625F0BD
:10249000BBFB0028C3D012490B22304625F095FB28
:1024A0000028BCD00021304625F073FB0028B6D0B0
:1024B0001FF05EFC0020B5E780454FF00508D4D042
:1024C000022BD2D8074AD456CFE722464946FFF717
:1024D000E5FE0028A3D042462946D1E74DBB0300C4
:1024E00054BB030068BB03002DE9F3414FEA6008C9
:1024F000044640460F461FF03CFC002306460DF103
:10250000030140468DF803301FF0F0FB0546EFB1A4
:102510001FF031FC804505D19DF80330012B26D1F9
:102520001C2420E0A6423DD09DF80330012BF7D0BB
:10253000002B3BD0022B39D020461FF027FB01A9EE
:10254000C0B2FEF789FAD0B10A240CE0A6422BD023
:102550009DF80330012B03D07BB1022BE0D0EBE7D9
:10256000A042DDD10024204602B0BDE8F081002B5E
:10257000E0D1A542F6D0A642F0E7A042EEE7331B39
:10258000594201983A46594124F037FF044628B190
:10259000441E032C9ABF074B1C57012401981EF0C0
:1025A00008FEE0E72024DEE72124DCE7A542C3D1D2
:1025B000D8E700BF6BBB0300F0B597B035490C916D
:1025C00004210D91344902AACDE90E12334A119229
:1025D00005460722D0E901041292314A13920023E2
:1025E0000DF10302CDE902338DF8033001938DF82C
:1025F000403014928DF85430022201AB0CA9043003
:102600001FF06DFA002841D11FF0B1FB039B043489
:102610006BB99DF8033063B11FF0ADFB1FF0A9FB50
:102620009DF80310FFF760FF18B382B202E0202B81
:102630000AD0182220460121FFF74AFD04461FF068
:1026400097FB2CB300241BE0029B04AA03F1200C8F
:10265000174618685968164603C60833634532465C
:10266000F7D1002138461FF088FB0028D8DA08226D
:10267000E0E72846FFF7C6FE044620B11FF078FBCE
:10268000204617B0F0BD1FF073FBDBE70324F7E72C
:102690000724F5E792BE03005D78030060BB0300EA
:1026A0000979030073B543880193437800930E467C
:1026B0000378094A0446192130461CF093F96368EF
:1026C000054633B1C0F11901044A30181CF08AF9EB
:1026D0000346E81802B070BD6FBB03007BBB03006C
:1026E000033880B219289ABF014B18560120704751
:1026F0009EBB030008B5054B2C220021184626F08E
:1027000015F84FF0FF3240F8042C08BDF4C7002044
:102710000148FFF7A1BB00BFBC03002010B5041D9A
:1027200008490322204625F050FA08B9072010BDB9
:10273000054B2046596825F040FA0028F6D00020C5
:10274000F5E700BF7FBB0300F0C700202DE9F04391
:102750008BB00C460DF10301054616461F461FF0CF
:10276000ABFA0146002840F08D80202302AA2846BB
:102770001FF081FA002850D19DF80380DFF81091F6
:10278000B4BB0298484540D10FB1069B3B60059B06
:10279000BDF810401C4404230DEB030221462846DB
:1027A0001FF069FA40B9BDF8042046F608139A42B2
:1027B00004BFBDF80630E41804230DEB03022146E4
:1027C00028461FF058FA58BBBDF8042046F60713F8
:1027D0009A4225D1BDF8067004342744814604F19D
:1027E0000408B8451ED989F001094FEAC90014E070
:1027F00008224146204625F099FF0298484504D119
:1028000007AB03CB20606160BEE74FF0013303FBF1
:1028100008F8404514BF172003200BB0BDE8F08333
:102820000420FAE704230DEB0302214628461FF09B
:1028300022FA0028F1D1BDF80420BDF80630FF2AA5
:1028400005D14FF6FF72934205D10520E5E7102A26
:1028500001D1202B04D0043303EB04084446BEE727
:10286000B9F1000F10D116B94FF00109F6E7243481
:10287000BC420BD83246414628461FF0FCF90028DE
:10288000F2D0CAE70220C8E70620C6E70720C4E75F
:102890003DB8F39670B58AB01B4A0592D0E90105A0
:1028A00004220692194A07920023012601AACDE9C3
:1028B000016308928DF82430324602AB05A904303A
:1028C0001FF00DF90446E8B90346024603A9019832
:1028D0000435FFF73BFF58B901981FF026FA38B1CD
:1028E000092201212846FFF7F3FB20460AB070BDFC
:1028F00001981FF06AF90646FFF7FCFE002EF4D09F
:10290000B2B2EEE70324F0E70EBB030053780300F6
:102910002DE9F043B7B000240DF12008D0E90159AA
:102920002022214606464046019425F0FFFE4FF046
:10293000FF33CDE909335A4B189305231993594BAB
:102940008DF87040CDE91A38574B1D9304231E9320
:102950000BAA564B1F9320922E93554A22920DABF1
:10296000544A2F93544B24920AA92992319309AACD
:10297000072325912A925149514A3293514B33935F
:10298000032704350FABCDE92717CDE92C27349366
:10299000284601AB062218A98DF8844023978DF8AC
:1029A00098408DF8AC408DF8C0408DF8D4401FF0B1
:1029B00096F80546002870D102A9404609F104079F
:1029C000FFF7E2FB88B182B201213846FFF780FBB6
:1029D0000023044610AA19460120FFF7B7FEFFF7AF
:1029E00089FE002C08BF072506E09DF818303BB98A
:1029F000B068FFF793FE0546284637B0BDE8F08380
:102A0000314C059BDDF824802360029BA360B8F164
:102A1000000F13D1DDF838900D99C4F804804A46B0
:102A200004F10D0084F80C9025F058FE09F10D001A
:102A3000C9F120024146204425F078FE0C9BD4E9E0
:102A400001122BB98A4222D0B068FFF767FED3E7A4
:102A50000B449A1A534253410B99049A4046FFF78C
:102A600077FB034688B9626804990A44A1686260EA
:102A70008A42E9D1014610AA0120FFF767FEB0683B
:102A8000FFF74CFEFFF736FEB6E782B29CE710AACE
:102A900019460120FFF75AFED6E73D46ACE700BFD6
:102AA00083BB03005378030089BB03005D780300F8
:102AB0008EBB03005978030096BB03007FBB030065
:102AC00092BB030009790300F0C700200148FFF71B
:102AD000C3B900BFCC03002008B54FF40052002357
:102AE00002481BF0BBF8002008BD00BF000000201A
:102AF000F0B589B0D0E90145134A0392134A002387
:102B0000012701AECDE90133CDE905268DF81C3052
:102B1000201D6B463A4603A904971EF0E0FF0446C9
:102B200078B904350A493A46284625F04EF820B1CE
:102B30003146284625F046F800B90724204609B05A
:102B4000F0BD0324FAE700BF3ABB0300637803003B
:102B500006BB030013B5084C204625F062FB074B6B
:102B600000932046064903234FF400621BF00EF841
:102B7000002002B010BD00BFA00A0020BC960300D8
:102B8000000601200248002200231EF08FBE00BF75
:102B9000400A002010B5836A04465BB11FF05BF960
:102BA0000649204625F0D8FA04F1100025F0FAF97C
:102BB000002010BD6FF01500FBE700BFE31D030010
:102BC00010B50446103025F02BFA21460248BDE826
:102BD000104025F0ECBA00BFA00A0020F0B5836BCE
:102BE00087B004460E4603B325F0BFFA10F0050F78
:102BF00002D0204625F006FB684625F0D3F904F103
:102C000010070022002338461AF074FD054670B9FB
:102C10000022002368461AF06DFD0146A8B9236919
:102C20001BB10C48214625F0C2FA07B0F0BDA36BDA
:102C30003146984720B9214628461FF0FFF8E0E7C3
:102C40002946684625F0ECF9DBE7384625F0E8F937
:102C5000DEE700BFA00A0020034B1A6882420CBFC7
:102C600018460020704700BF880B002010B50146B1
:102C7000FFF7F2FF04460748FFF7B0FF4CB12046CC
:102C8000002384F8693040F86C3BBDE810401AF02E
:102C900063BD10BD20C800202DE9F0410746154650
:102CA0001C46FFF7D9FF064618B96FF01000BDE8C3
:102CB000F08116481FF0D4F8294680462246134872
:102CC0001FF0D6F810F10C0F0546EED000280CDAF4
:102CD0000E481FF02AF910B10023036003710B485E
:102CE0001FF015F96FF01200E1E7B8F1000F06DAF6
:102CF00006481FF01AF9076096F8693003711DB98C
:102D0000024829461FF0EBF82046D0E720C80020F3
:102D100010B509480C461FF0A3F800280ADB4CB98F
:102D200005481FF002F904600471BDE81040024834
:102D30001FF0EDB810BD00BF20C8002008B50B4B38
:102D400001221A700A48002125F083F909480A4B2C
:102D500083620A4BC3620A4B03630A4B43630A4B09
:102D60008363BDE80840FFF715BF00BF12050120CF
:102D7000F40B002020C800208D2D0100731F0300DC
:102D80003F1F0300331F03004D1F03002DE9F04FC9
:102D90008FB0044618220021684625F0C7FC3B4B43
:102DA0000193D4F81890E3680293394B0493B9F176
:102DB000000F0BD1052604F118001FF0BAF82046C9
:102DC0001FF026F830460FB0BDE8F08F06A9484640
:102DD00002F082FD06460028ECD19DF83430022B2B
:102DE000E8D120461FF0C5F8054608B90126E2E7FC
:102DF0004846FFF731FF07460028DBD090F86930DE
:102E0000002BD7D0227F9A42D4D100F16C0A5046D1
:102E10001AF002FDB346B046238A4345CBD997F852
:102E20006920002AC6D0217F9142C3D108EB050258
:102E30009A42C4BFA3EB08039DB269464846ADF869
:102E40000C5004F065FE10F10C0F09D1BBF1000F1E
:102E500003D1132D18D9C5F34F051BF0B5F9DBE7E6
:102E60000028C3D1E26808EB05031FFA83F812FAC1
:102E700083F302934FF0FF324FF0FF3350461AF0C6
:102E8000A5FC4FF0010BC7E7022694E7EC96030080
:102E9000831F030011B9094A136803B17047084939
:102EA00010600B7882F869300133DBB2012B38BF38
:102EB00001230B7002F16C001AF0AEBC880B0020ED
:102EC0001205012008B5044824F0D0FE00280CBFEC
:102ED0006FF01200002008BD048C030010B50346FB
:102EE0000548826814688AB21946A0470028B4BF12
:102EF0006FF00400002010BD048C03002DE9F341A5
:102F0000254CBFF35B8F1F462368BFF35B8F1646CC
:102F1000DA0705462BD520B96FF0010002B0BDE8F5
:102F2000F08101A91EF049FB1C4980460246284653
:102F300025F014FCE8B9BFF35B8F2368BFF35B8F08
:102F4000C3F3C0081B0712D4A4F1D40507222946F5
:102F50003846B047062895BF44F8D48C0723C5F8F7
:102F60000380B0FBF3F094BF85F80780E871002080
:102F7000D4E728460A49424625F0F0FB05460028DA
:102F8000CAD11C2204F19C013846B0470028EEDB70
:102F9000044484F89C50EAE70401002051BE030079
:102FA00010BC03002DE9F04188B09C79DDF8388031
:102FB0005D791E79DF7893F802C093F801E01B7801
:102FC000B8F1000F0ED0CDE90638CDE904CE134696
:102FD000CDE90267CDE90045084A1BF003FD08B0C2
:102FE000BDE8F081CDE905E3CDE9037C1346CDE9E9
:102FF0000156034A00941BF0F5FCF0E715BC0300F2
:1030000039BC030070B504468CB01E461546A2B10B
:1030100029B10A4602A804211DF078FB02A90091FB
:103020002B462246242103A8FFF7BCFF109A314605
:1030300003A8FDF721FE0CB070BD0346044A24210D
:1030400003A81BF0CFFC0028F0DA6FF01500F2E7C0
:103050005ABC030007B5064B0648DA79C2EBC20238
:10306000009200221146FFF7CDFF03B05DF804FB8C
:103070003000002051BE030030B504468DB0154627
:1030800092B129B10A4602A804211DF03FFB02A912
:1030900000912B462246242103A8FFF783FF03A8B3
:1030A0001EF063FA0DB030BD0346054A242103A883
:1030B0001BF098FC0028F2DA6FF01500F2E700BF71
:1030C0005ABC030007B5009313460A46014603485D
:1030D000FFF798FF03B05DF804FB00BFA0BE03003C
:1030E0000A4601460148FFF7C7BF00BFA0BE030064
:1030F00007B5009313460A4601460348FFF782FFCF
:1031000003B05DF804FB00BF9ABE03000A46014607
:103110000148FFF7B1BF00BF9ABE030007B5009397
:1031200013460A4601460348FFF76CFF03B05DF8FB
:1031300004FB00BF8BBE03000A4601460148FFF7AF
:103140009BBF00BF8BBE030007B500220346009162
:1031500003481146FFF756FF03B05DF804FB00BFBC
:1031600092BE030007B500220346009103481146B2
:10317000FFF748FF03B05DF804FB00BF10BC03007D
:1031800008B502481AF0FCFC002008BDFC03002032
:1031900070B51D4CBFF35B8F2368BFF35B8F13F0DB
:1031A000010F254622D094F89C30A4F1D40613B91F
:1031B000164800F07FFBF379D3B1BFF35B8F236830
:1031C000BFF35B8F5A0701D400F06EFBBFF35B8F38
:1031D00055E8003F23F4006245E800210029F7D1BB
:1031E000BFF35B8F1B0501D5FFF7CAFF002009E085
:1031F00001F0F0F830B9F379002BDED101F0FAF8E4
:103200000028DAD070BD00BF0401002052BA0300CC
:1032100007B5009313460A4601460348FFF7F2FE3E
:1032200003B05DF804FB00BFDFBE03000A460146A1
:103230000148FFF721BF00BFDFBE030030B50A4DD4
:103240000A4B85B0002428460293039424F0E9FF3A
:1032500002AB0093284606490A234FF4B0621AF0E5
:1032600095FC204605B030BD100C002060BC03006A
:10327000800E0120014601481AF0C6BC100C002047
:103280000146014824F093BF100C00200378012B65
:1032900030B513D0022B27D07BB9194B0A4603F166
:1032A000100453F8045B42F8045BA342F9D11B7885
:1032B000137043884B731B0A8B7330BD104B0A4647
:1032C00003F1100453F8045B42F8045BA342F9D104
:1032D0001B78137043684B73C3F307221B0CCB732B
:1032E0001B0A8A730B74E8E700F1100350F8042BF3
:1032F00041F8042B9842F9D103780B70DDE700BF49
:1033000069BC030008B51EF021FF1AF00DFF044B45
:103310001B680BB10A209847BDE808401AF018BF97
:1033200064C8002038B5054605481EF0BFFA0446BB
:1033300020B101210C301EF020FB2576204638BD3F
:10334000140A00200F2810B50ED80D280ED90B48EE
:103350001EF0ACFA044628B101210C301EF00DFB22
:1033600002232376204610BD1328F0D009B104486B
:10337000EEE7BDE810400220FFF7D4BF6C0A002042
:1033800090090020F8B506460F4602F069FA044697
:1033900040B18378012B24D013211FF051FE204629
:1033A00001F062FF3946304605F06AFF054628BB4A
:1033B0003946304604F066FE144B1B6823B31C6884
:1033C00004B10C3C53F8043C13B1394630469847DD
:1033D000D4B12346E4689B68A4B10C3C002BF4D123
:1033E000F7E70023D0F8A050C0F8A03013211FF059
:1033F00027FE204601F038FF002DD3D0284622F0CA
:10340000C7F9D5E7002BE0D1F8BD00BFDCC800202C
:1034100070B5C6683378B6F8014083B90F212046ED
:1034200001F0D6FFF378054650B90A4A118831B940
:103430006FEA04506FEA10501080074A137070BD95
:103440000373012101F03AFF2846BDE8704001F006
:103450000BBF00BF34F400201305012010B5084C49
:103460000146062294F86F0002F014FA38B994F875
:103470006F000449BDE81040052202F00BBA10BDF0
:1034800030000020F6BB030010B5012104460C30CB
:103490001EF0AFFA2146034A0078BDE81040002331
:1034A0001EF03EBFDC97030010B5012104460C302E
:1034B0001EF09FFA2146034A0078BDE81040082319
:1034C0001EF02EBF9C97030070B52F481EF007FA20
:1034D0000446002857D0017E022932D0082902D1A3
:1034E000038A032B02D8FEF733FC20E004210C30C2
:1034F0001EF07FFAFF22438806886276228AC6F38E
:103500000B009A42A08301D02046ECE70F2101F086
:103510005FFF05460028F7D001F08EFF320B607682
:10352000214628461FF0F0FC284601F09DFE174B6F
:10353000D3F84C313BB3BDE870401549154824F031
:1035400036BE038A012BCED90C301EF052FA054646
:1035500000781EF070FE10F002060DD10E4A0F49E1
:103560000F4840F6D3331DF0BAF886F31188BFF345
:103570006F8F0323184602DF0A4A28780623214664
:103580001EF0CEFEC0E770BD7C01002030000020A0
:103590001C040020F80C00207ABC0300AEBC030021
:1035A000DCBC03006C9703002DE9F0478846164603
:1035B0008246002879D0BFF35B8FDFF8F8900023B4
:1035C00059E8004F49E80032002AF9D1BFF35B8F78
:1035D000002C6AD02046FEF71BFB354D0C2303FB65
:1035E000005027464388534511D0BFF35B8F59E8FD
:1035F000003F49E80072002AF9D1BFF35B8F002B2E
:1036000053D01F463846BDE8F047FEF7A1BBA6429F
:103610000FD020461EF045F904F10C0902230121C8
:10362000484623761EF0A9F9328AF16848461EF012
:10363000B5F92046FEF7ECFA0C2606FB005043686D
:10364000ABB1B8F1000F12D12046FEF7E1FA06FB4C
:10365000005001214268D2E90003127A03F01F06EC
:10366000B1405B09DAB100EB83001EF0F6FD2046A5
:10367000FEF7CEFA0C2606FB00508368002BC1D063
:103680002046FEF7C5FA704305F800802046FEF795
:10369000BFFA06FB0055A8681AF05EF8B2E7C94306
:1036A00000EB83001EF053FEE1E7BDE8F08700BFAA
:1036B00068C800207801002010B5C1E900239DF8FA
:1036C00008300B720C46FEF7A3FA034B0C2202FBE8
:1036D00000335C6010BD00BF68C800202DE9F047D2
:1036E0004FF0FF3206464FF0FF33184888461EF071
:1036F000DDF8044638B300F10C07012138461EF00E
:103700003CF9012323762046FEF782FA104D4FF054
:103710000C0909FB00504FF0000A46802046FEF7D6
:1037200077FA09FB0050C0F808A02046FEF770FAAF
:1037300009FB005503213846C5F804A01EF028F9FE
:10374000068080F802802046BDE8F087E809002066
:1037500068C8002037B504460D468DF80700A0B9AB
:1037600029B10B490722284624F0E8FF40B909494E
:103770000DF10702002005F0C9FC002003B030BDA8
:1037800029462046FFF7FEFDF7E76FF01500F5E745
:10379000FDBB03007922030029289ABF014B185C66
:1037A0000920704795BD0300034B0146D3F86C0117
:1037B00082689268104700BF300000202DE9F8436E
:1037C000044600F10C0630461EF023F9B4F81080D0
:1037D000B8F1010F054604D82046BDE8F843FEF7CE
:1037E000B7BA304602211EF004F9074600781EF0F1
:1037F00022FD10F0010906460DD10F4A0F4910486D
:1038000040F6F2731CF06BFF89F31188BFF36F8FE2
:103810000323184602DF05230A4A387821461EF0A2
:103820007FFDB307D8D56369A4F8108013FA85F536
:10383000E560BDE8F88300BF7ABC0300F9BC030073
:10384000DCBC03004497030038B50C461AF06CFC4E
:10385000237E022B0AD0082B19D121460F481EF0D7
:1038600029F80F490F4824F0A2FC0BE0E368187810
:103870001EF0E1FCC207054602D52046FFF79EFF79
:10388000AB07EAD400241AF063FC204638BD20467A
:10389000FEF75EFA6FF01504F5E700BF7C0100202B
:1038A0001C040020F80C0020014804211EF0D5BCA7
:1038B0000401002038B50546F8F74EFD1C280446E3
:1038C00015D80C482946F8F735FD70B1224629462F
:1038D000084824F003FF084803190022214600F598
:1038E000B87083F87021FFF73DFC002038BD6FF001
:1038F0000B00FBE7A00100203000002000487047CB
:10390000A001002001481AF03BB900BF0C040020C0
:1039100038B505460C4619B9FFF7E0FE0446A8B1D4
:1039200040F635439D4209D12046FFF73DFF05464D
:1039300050B12046FEF70CFA284638BD054821460E
:1039400024F06EFBFFF7DEFF0025F5E76FF068055A
:10395000F2E700BF8401002038B502460B46244D33
:10396000D5F8541109B9002038BD05F5987019F043
:103970002DFF0028F7D10022002305F5AA7019F0C9
:10398000B9FE044668B91B4A1B491C4840F6E2339D
:103990001CF0A5FE84F31188BFF36F8F0323184634
:1039A00002DFD5F8480120B1FEF7D2F90023C5F8AF
:1039B000483120461DF0A9FFC5F848012046FFF711
:1039C000F3FE98B10E4819F0C7FE2046FEF720F925
:1039D0000C4B0C2202FB00301F2140882246FFF7CF
:1039E000E3FD2046FEF7B4F9FFF78CFF0120BBE7AB
:1039F000300000207ABC030012BD0300DCBC0300D1
:103A00006001002068C800202DE9F04F064687B00D
:103A100015460C4631B9FFF761FE044648B96FF010
:103A200068007BE0887AFEF7EBF8484B834240F071
:103A3000868001220021684624F00BFB2046FEF719
:103A4000E7F8DFF82C910C2303FB0090C0F808D0B6
:103A500020461DF05AFF01463D4824F0E1FAFFF7E9
:103A600051FF25F04BF83B4B1A583B4B9A4222D161
:103A7000DFF8F0A0DFF8FCB0354824F0E6FA0021CA
:103A800080464FF4A020FFF767FF074688B94FF440
:103A9000D7735246594631481CF021FE3048314612
:103AA0001CF01DFE87F31188BFF36F8F03231846A8
:103AB00002DF4445E0D14FF4A0220023684619F00C
:103AC00085FE074698B14FF4DA73264A2649234803
:103AD0001CF005FE25483A4631461CF000FE002346
:103AE00083F31188BFF36F8F0323184602DF20464C
:103AF000FEF78EF80C23584319F80060BEB120463B
:103B0000093EFEF725F9092E0ED8DFE806F01B0D59
:103B10000D0A050D0D0D0D186FF00B0007B0BDE877
:103B2000F08F6FF00C00F9E76FF00400F6E715B1C5
:103B30002C600020F2E72046FEF70AF9F9E76FF063
:103B40001500EBE76FF06E00E8E700BFE809002022
:103B5000840100200800000098160020DCBC03004F
:103B60001EBD03007ABC03003EBD030047BD030039
:103B700068C8002016BD0300F7B5144B93F99B30BD
:103B8000002B05460C461DDA14B9204603B0F0BDE3
:103B9000082C01AA4FF0000142F21800264628BF67
:103BA0000826FFF731FF0028F0D1019FF96832465F
:103BB0000131284624F092FD3846FEF7C9F8354415
:103BC000A41BE1E76FF08500E0E700BF30000020B4
:103BD00010B5F8F719FD034B1B6813B1BDE8104091
:103BE000184710BD8CC8002073B5274D0646D5F880
:103BF0006C0124F03BF800283FD06FF0020105F182
:103C0000D4001EF0A4FB01211EF027FBC30737D40C
:103C10001EF02DFA044668BB1C4B1E6001221146A3
:103C200005F5987024F015FA05F5AA7024F0BAF994
:103C3000174824F0F6FA1749154800946FF0070367
:103C400040F6980219F0A2FF1349114824F051FBE5
:103C5000D5F86C01114983681B689847044648B938
:103C600026B902B0BDE87040F8F7CEBC05F1C4003B
:103C700019F086FF204602B070BD6FF01204F9E71C
:103C80006FF07704F6E700BF300000208CC80020FA
:103C9000F80C0020801401208CBD0300493801007D
:103CA0002DE9F0435C4BB0F80180198848F470426C
:103CB00091424FF0000608BF1E80054608BF574BD3
:103CC00085B008BF1E7800F0C7F9EB78012B08BF5C
:103CD000534B05F1040420460CBF93F86F70002786
:103CE0001EF030FA2146B0B102A81EF020FAD5F835
:103CF0001130CDF80130B5F81530ADF805304FF082
:103D00000109EB78012B1DD0132140461EF068FD00
:103D100005B0BDE8F08338461EF0E2FE03460068B9
:103D200002909A889B796868ADF80C208DF80E3067
:103D3000A288A37995F804900090ADF804208DF83E
:103D40000630DEE702A8FFF789FBEB78012B04467B
:103D50000AD100F091FC6FF08001074610301EF090
:103D6000F6FA38461FF047F8002CCDD02346B5F8B8
:103D7000012023F8702B02989DF80E20BDF80C103E
:103D800020679A719980B5F81730A4F88630B5F895
:103D90001930A4F88C30B5F81B30A4F88E30EB78CD
:103DA000E3700022012B227324D18DF80090BDF81E
:103DB00004209DF806300098A4F87B2084F87D301C
:103DC000C4F8770000F058FC237A154AC3EBC3030C
:103DD0009918D358C4F87E308B88A4F882308B7938
:103DE00084F88430D2E9381303F03F03194301D03B
:103DF00000F0E6FD0721204601F060FA26B12673A7
:103E00000121204601F05AFA204601F045FB2046E8
:103E100001F02AFA7CE700BF34F4002013050120EA
:103E20003000002000B5C3681A7889B032B13C2A4E
:103E300032D109B05DF804EB1EF095BA8DF8002080
:103E4000B3F80120ADF80120DA788DF80320B3F83B
:103E50000B20ADF81720B3F80D20ADF81920B3F8FA
:103E60000F20ADF81B205A7C8DF81D20586801905A
:103E70001A899B7A8DF80A30094BADF808206846FC
:103E80001A689B88CDF80B20ADF80F30CDF81120C3
:103E9000ADF81530FFF704FF09B05DF804FB00BF73
:103EA0000ABC030038B5032104460C301DF0A1FD07
:103EB000E3680578B0F80100197840F63543984278
:103EC0000AD02246FFF770FB35B1044819F044FCD4
:103ED000BDE83840FFF716BD38BD00BF60010020C7
:103EE00038B5042104460C301DF083FD4578017877
:103EF00040882246FFF758FB35B1044819F02CFCE6
:103F0000BDE83840FFF7FEBC38BD00BF60010020AF
:103F100070B54FF0FF320D464FF0FF3300210646DB
:103F2000FFF710FA044660B90A4A0B490B481323FD
:103F30001CF0D5FB84F31188BFF36F8F0323184661
:103F400002DF022104F10C001DF022FD0670457015
:103F5000204670BDBFBD030012BD0300DCBC0300E2
:103F6000F8B50A4DEF7906460024E3B29F4202D825
:103F70006FF0010007E0294630461EF0E8FC0735E7
:103F8000631C08B12046F8BD1C46EEE73000002057
:103F900037B504460D46B9B1164928461EF0D7FC80
:103FA00090B91548C4EBC404294620441EF0D7FC40
:103FB00012481EF0DBFC430703D5FFF7E1F81EF0C3
:103FC00058F8002003B030BD68461EF0A2F8002863
:103FD000F8D16846FFF7C4FF0028F5DA064BC4EBBA
:103FE000C400184469461EF0BAFC002DE0D001461A
:103FF0002846DBE7FDBB0300300000200401002061
:1040000070B5144E06223146044624F097FBD8B111
:10401000062142F20500FFF761FB0546B0B106221A
:1040200021460C301DF0BAFC0022294642F2050060
:10403000FFF7EAFC48B93346226843F86929A288A9
:10404000B280012283F86820002070BD6FF0680004
:10405000FBE700BF990000200A4BBFF35B8F53E8DA
:10406000002F22F4806143E800100028F7D1BFF34D
:104070005B8F530504D504490022022005F068B87F
:10408000704700BF040100203F2B030007B5002349
:10409000CDE9000304496A46022005F059F8019869
:1040A00003B05DF804FB00BF532A0300F7B50546D3
:1040B00070B1464C94F8222194F823310AB19A4207
:1040C00008D2013384F823312B7A43F004032B7296
:1040D00003B0F0BD00210222084601F0DBFB0646DA
:1040E000A8B1BFF35B8FD43454E8003F43F480633E
:1040F00044E80032002AF7D1BFF35B8F2B7A43F0FC
:1041000001032B7203B0BDE8F04001F0ADB80146E9
:104110002F4800F0ABFA94F82331B3B994F8232177
:1041200094F822319A421FD10022114642F229000E
:10413000FFF76AFC70B994F82331013384F8233116
:104140002B7A43F004032B7204E030461EF050FC3F
:104150000028E3D001201EF04BFC1E48002103B0D4
:10416000BDE8F04000F082BA2A466F1C12F82A0B14
:1041700039461EF001FC06460028EBD194F82331A5
:10418000013384F823312B7A43F004032B7294F823
:10419000A7305B07DED5394668461EF0E0FB0123F9
:1041A000082142F24E008DF80730FFF797FA0446D7
:1041B0000028CFD0694608220C301DF0EFFB3246B4
:1041C000214642F24E00FFF71FFCC3E730000020FB
:1041D000A92A0300212A03002DE9F041054660B316
:1041E0003C4C94F8222194F82331F2B101329342ED
:1041F0001CDC00210222084601F04CFB0646F0B10F
:10420000BFF35B8FD43454E8003F43F4806344E849
:104210000032002AF7D1BFF35B8F2B7A43F0020301
:104220002B72BDE8F04101F01FB813B1013B84F8D7
:1042300023312B7A23F004032B72BDE8F081014671
:10424000254800F013FA30461EF0D2FB074688B925
:1042500094F8233194F822219A4217D2013B84F832
:1042600023312B7A1D4923F0040302462B720220CE
:1042700004F06EFF94F8233113B101201EF0B8FB57
:10428000BDE8F0411648002100F0F0B9072142F2E4
:104290002800FFF723FA05F1010806460028E9D0B7
:1042A00007210C301DF074FB41461EF058FB3A46C6
:1042B000314642F22800FFF7A7FB0028DAD194F834
:1042C0002331013B84F823312B7A23F004032B7232
:1042D000D0E700BF30000020A92A0300DB2903003B
:1042E000212A030070B5044611B16FF0150070BDAE
:1042F00080B11B491EF02BFB60B92046FFF730FE52
:10430000002827DA2378012BEFD1A37903F0C0032B
:10431000C02BEAD1134DEB79012B1ED005F1D4004F
:104320001EF024FBC30707D4002CDED00C49204626
:104330001EF00DFB0028D8D1EE792146731C3046C3
:10434000EB71FFF725FE08B93046D0E7EB79013B6A
:10435000EB71CCE76FF07700C9E76FF00B00C6E7B1
:10436000FDBB0300300000202DE9F3410446D8B125
:1043700001AA002141F20900FFF746FB054698B962
:10438000019E1249D6F80C8008F101070622384632
:1043900024F0D4F928B10E490622384624F0CEF98B
:1043A00030B93046FDF7D4FC002002B0BDE8F08102
:1043B000D8F80130C4F80130BB88A4F80530304685
:1043C0002570FDF7C5FC0120EFE700BF0ABC030024
:1043D00004BC030007B56846FFF7C6FF044BD8715D
:1043E00018B169460020FFF7D3FD03B05DF804FB68
:1043F00030000020F0B5294DEE7989B0002E46D16D
:1044000095F8C230DB0722D56A4631464FF609409F
:10441000FFF7FAFAD8B9DDF800C0DCF80C40637891
:10442000012B1E4628BF012673B1A31C02AA123419
:1044300018685968174603C70833A3423A46F7D1AC
:10444000186838609B88BB806046FDF781FCEE7180
:10445000002416260127EB79E0B2834202D8B3B1DB
:10446000002012E008AB06FB0033694653F8182C15
:1044700033F8143CCDF80120ADF805308DF800700C
:10448000FFF786FD01340028E5D009B0F0BD00211A
:10449000084609B0BDE8F040FFF724BF3000002017
:1044A0002DE9F0410D4617461C460646002856D019
:1044B000002B54D00A03037808D56D074FD41EF0A3
:1044C00023FB002849D1012323700CE0E9072CD5F8
:1044D00026480FB1AA0608D4C3EBC302825C012AA6
:1044E00012D002B92270002037E090F8D82051068F
:1044F00038D5C3EBC302825C012A05D002B9227011
:10450000237843F00203DFE74FF00108072111FB96
:104510000381014430461EF0EFFAF0B984F80080C0
:10452000002FE0D0AB06DED5EAE76A0711D50F49C8
:10453000C3EBC3028E5C012E08D1072212FB03637A
:1045400019441EF0D9FA40B92670EBE7002EE9D1E4
:10455000FAE71EF0D9FA01232370BDE8F0816FF06D
:104560001500FAE76FF08500F7E700BF3000002084
:10457000F8B545686905064635D4046914B115F0E7
:10458000010330D0194F3078FB7983422BD9C0EB2F
:10459000C00017490722384424F0D0F8A8B115F01C
:1045A000010306D197F87020082A02D8B2689F2A22
:1045B00019D915F0300F09D0ACB1EA060AD405F4C8
:1045C0006035B5F5603018BF0120F8BDEB0601D4A9
:1045D000002CF4D1D6E902239A4204D81F2A02D92A
:1045E000B3F5804FEBD90020EFE700BF300000208B
:1045F000FDBB030008B504490722093024F09EF8EA
:10460000003818BF012008BDFDBB0300F8B5154BED
:10461000067883F86F6004460D46FFF7EBFF70B92C
:104620001149304601F0F0F8044610B96FF00B0064
:10463000F8BD052100F042FE2C600020F8E704F1EF
:104640000907394630461EF052FD40B920783946F8
:1046500001F0DAF804460028E8D00621EAE76FF016
:104660001500E5E730000020F6BB030003460148D3
:10467000184700BF4800002000487047480000204D
:104680002DE9F04FD1F810908DB09A460023B9EB88
:10469000030605469048059218BF012607931EF0B1
:1046A0006FFA0C46410740F10C812046FFF760FF8E
:1046B00028B96FF0150B58460DB0BDE8F08F2046B5
:1046C0001EF039FA80460028F3D005F1100738466D
:1046D0001EF056FA0206C0F3C01300F1F580CDE9D2
:1046E0000933CDF82B30A3686068ADF82030E3685B
:1046F000ADF822301EF035FA6FF480718DF82D0080
:1047000075481EF043FA754A23782B7082F86F3093
:1047100061680DF1250332462846FFF7C1FE834646
:104720000028C8D105F10903B9F1000F18D021699B
:104730000868C5F8090088889880897999712046A9
:104740001EF022FB63680646D8071BD49A0503D4E3
:10475000169B0BB9022E56D102238DF8243023E08C
:104760005F4A1168C5F809109188927999809A7109
:1047700020461EF009FB6368D9070646E6D58DF88A
:10478000249011E013F0100F0CBF012304238DF8C7
:10479000243023691968CDF826109988ADF82A10BD
:1047A0009B798DF82C30D8460F2142F20600FEF797
:1047B00095FF8346002800F08A800F2208A90C305C
:1047C0001DF0ECF80022594642F20600FFF71CF9F2
:1047D00000287FD1B9F1000F1BD06368DB0726D416
:1047E000284601211EF0E0FA079D8346002860D08C
:1047F000002D3FF460AF2846002100F05FFD284601
:1048000000F032FD57E70323DDF858808DF824309F
:10481000CAE7179B0093CDE90186169B059952467E
:1048200028461EF03AFA83460028D6D043E707A967
:104830002846FFF7EBFE83460028D1D010F10C0F7D
:104840007FF439AFB9F1000F7FF435AF6368980793
:104850003FF531AF626882F00202C2F3400B0BF009
:1048600001020E2138461EF0FFF9731E5A425A41CA
:10487000082138461EF0F8F9B11E4A424A4138462E
:1048800009211EF0F1F962680A2102F0010238469E
:104890001EF0EAF942460B2138461EF0E5F962683F
:1048A0000D21C2F3800238461EF0DEF94FF0000BF6
:1048B00001E715B1284600F0D7FCB9F1000FCED1C1
:1048C000C8E76FF00A0BF6E66FF0770BF3E66FF0D0
:1048D000680BF0E68346EEE604010020300000207D
:1048E000FDBB030073B51546069A0C46CDE90032B0
:1048F0002B460A4601461148FFF7C2FE21460646EE
:10490000002340F201109D4202D1304602B070BD3A
:104910000A88824204D14A6812B11278D20702D4BE
:1049200001330831EFE70649064823F080FC4FF4D5
:1049300070220023034819F0C5F9E6E7480000207B
:10494000FD2D03006000002010B519481EF053FA39
:1049500018486FF480411EF019F916481EF010F93E
:1049600003461A06C0F3C01021D512481EF008F9FC
:10497000430513D50E48FFF73DFE0F490346087E59
:1049800093B90E49052200F085FF044630B100219D
:10499000017300F093FC204600F066FCBDE8104077
:1049A000034800211EF000BA06222131EBE710BDBA
:1049B000480000205800002030000020F6BB030013
:1049C00073B53248314C1EF0DBF810F4804F5AD0EA
:1049D00020461EF0D5F8030655D420461EF0D0F828
:1049E000460550D501A9A4F11000FFF70FFE0028DD
:1049F00049D1A4F11000FFF7FDFD024620461EF04C
:104A0000BFF8C0F3803120461EF0BAF881F00101F2
:104A100045054FEA41011D4848BF41F001011EF024
:104A2000AFF8800448BF41F0040119480DF10303B9
:104A3000FFF736FD054630BB154801211EF0B4F9DD
:104A4000019E28B9304602B0BDE8704000F00CBCB1
:104A50002946304600F032FC6FF480410B481EF0CE
:104A600095F80546304600F0FFFB6B040BD5BFF30D
:104A70005B8F54E8003F43F4804344E80032002A4F
:104A8000F7D1BFF35B8F02B070BD00BF58000020AC
:104A90004800002070B59AB03B4B039300211422CC
:104AA00004A823F043FE44F2010309A809931EF071
:104AB000A7F9099B059301A9344B069303A817F0A6
:104AC000A3FE10B31F25324BBFF35B8F53E8001FCB
:104AD00021F0010143E80012002AF7D1BFF35B8FF8
:104AE0002C4E19F021FB3468002C45D0002DA4F188
:104AF0000404294D18BF002523680BB128469847A8
:104B00006468002C38D0043CF6E7019802AB4122DF
:104B100009A921F035FE0028D4D1204A0DF1250342
:104B20000DF1650153F8040B42F8040B8B42F9D1E7
:104B30001B49019802AB202221F0C7FD0028C1D1FA
:104B4000019821F078FD05460028BBD11349124891
:104B50001EF063F9134820311EF05FF9BFF35B8F3D
:104B6000114B53E8001F41F0100143E80012002AE6
:104B7000F7D1BFF35B8FA6E70023C6E9003319F036
:104B8000E7FA1AB070BD00BF1271000100000209FF
:104B900090C8002098C80020740501203405012029
:104BA00014050120940501200401002030B5A7B0B0
:104BB00004233D22002116A8159323F0B7FD2D4BA9
:104BC00007931422002108A823F0B0FD44F201034A
:104BD0000DA80D931EF014F90D9B0993264B0A9313
:104BE000264905AB202207A821F0F6FDD8B16FF0C9
:104BF000040419F099FA224B1D6885B10020186051
:104C0000204BBFF35B8F53E8001F21F0020143E804
:104C10000012002AF7D1BFF35B8F24B3A84719F025
:104C200097FA27B030BD184B0DF1550203F1400043
:104C3000194653F8044B42F8044B8342F9D106ABB2
:104C400002932023CDE900130B480599412315AAAF
:104C500021F007FF0028CAD1059821F0ECFC04469A
:104C60000028C6D0C3E70DA807491EF0D6F80DA846
:104C7000D4E700BF127100010000020914050120F1
:104C800094C8002090C800203405012008B50449CC
:104C9000402223F053FDB0FA80F0400908BD00BF68
:104CA000F5BD030010B598B014220446184B0193CB
:104CB000002102A823F03AFD4FF4804307A8079390
:104CC0001EF09EF8079B0393124B04932146042386
:104CD0000DF11D008DF81C301EF09FF804F120012D
:104CE0000DF13D001EF099F86B46412207A901A87D
:104CF00021F072FD044601A822F011F82CB90098A9
:104D000021F099FC012018B010BD0020FBE700BF86
:104D1000124100010000020910B5002837D0204AD6
:104D2000136823B1043B834234D05B68F9E71D4B21
:104D3000BFF35B8F1968BFF35B8F89072DD41468AD
:104D40004460011D5068116000B95160BFF35B8F72
:104D500053E8002F42F0010143E800100028F7D18A
:104D6000BFF35B8FD30701D5002010BD0E4BBFF3FF
:104D70005B8F53E8001F21F0100143E80012002A66
:104D8000F7D1BFF35B8F0948FEF77AFAECE76FF0D3
:104D90001500EAE76FF07700E7E76FF00F00E4E750
:104DA00098C8002090C80020040100203C04002086
:104DB000054BBFF35B8F1B680448BFF35B8F13F099
:104DC000100F08BF00207047040100207405012067
:104DD00070B505461E4803688B4232D0BFF35B8F27
:104DE0001C4B1B68BFF35B8FDA062DD5036813B12C
:104DF0006FF00F0070BD184ABFF35B8F1368BFF3ED
:104E00005B8FDB07F4D4BFF35B8F52E8003F43F0C6
:104E1000020442E80046002EF7D1BFF35B8F13F087
:104E20000204E5D101600D4829461DF0F6FF0C484B
:104E300005F120011DF0F1FF0A48FEF721FA204696
:104E4000D8E76FF07700D5E76FF07C00D2E700BFBE
:104E500094C800200401002090C8002034050120DF
:104E6000540501202C04002070B50C4B1C6805462D
:104E700044B154F81C3C1C3C13B1297B284698478C
:104E8000E469F5E7064C074EB44200D370BD2368D1
:104E900013B1297B284698472034F5E7D4C8002071
:104EA0000C8F03004C8F030010B50446FCF7B0FED6
:104EB000044901EB001120461DF085F9BDE81040C2
:104EC000FEF720BDA0C8002070B5D1E90156002230
:104ED0000446C1E90122064823F0A2F83DB131465B
:104EE00020462B466FF06D02BDE87040184770BD3C
:104EF0002009002070B5002205460E46094800230F
:104F00000021FCF7A7FE044658B1FCF781FE064BD2
:104F1000324603EB001329462046BDE870401DF0E1
:104F20002DB970BDBC090020A0C8002030B5437B5E
:104F3000072B85B0044636D1051D4FF48061284605
:104F40001DF095FF40052ED428461DF08AFF8103F1
:104F500023D5164D95F8D930DA0709D5022300215B
:104F60001A46009120461DF098FC637B072B1AD14E
:104F700095F8D8309B0616D51DF0C5FA98B10DF1FD
:104F80000E0103A81DF014FC68B9BDF80E20BDF891
:104F90000C1020461DF063FC05E020461DF045FC8A
:104FA000637B072BD5D005B030BD00BF300000209B
:104FB00070B505460F480022002318F007FCB8B969
:104FC0000D4B1C6834B154F8143C1C3C03B1984799
:104FD000E469F7E7094C0A4EB44204D32846BDE819
:104FE000704018F0CDBDA36803B198472034F3E7B3
:104FF00070BD00BFF0080020D4C800200C8F030053
:105000004C8F03002DE9F843DFF854800446202735
:105010000025EFF3118387F31288BFF36F8FE169E7
:1050200029B983F31188BFF36F8FBDE8F883206A35
:105030000A68E261814208BF226283F31188BFF3EC
:105040006F8FD1E901694046C1E9015522F0E8FFBF
:105050001EB1002249462046B047FEF753FCD8E770
:10506000200900200448B0F80431002B00F58470BA
:1050700008BF0020704700BF3000002030B5044654
:1050800023F03CFD0D460C490C4A095891428BB067
:1050900005D120460BB0BDE83040FFF7B3BF243444
:1050A0002146104623F083F81DB16946204623F0BF
:1050B0008EF80BB030BD00BF08000000981600202D
:1050C00038B5002204468A4202D10024204638BD69
:1050D00004F1C8030120BFF35B8F53E8005F002D8C
:1050E00004D143E8000CBCF1000FF6D1BFF35B8F95
:1050F00002D0D0340244E6E7002CE6D0C8220021DA
:10510000204623F013FB04F14000044923F08FF8FC
:10511000034904F1240023F01FF8D7E7655A010082
:10512000BB2E030038B50121044600F1BC03BFF3D8
:105130005B8F53E8002F43E80015002DF9D1BFF332
:105140005B8F52B91DF03FFF18F0EEFF054804F1E8
:10515000B8011DF06CFE18F0FBFFBDE83840FEF70B
:10516000D1BB00BF5401002070B53C4B5A8B32B10B
:105170003B4DD5F8244134B90024204670BD1B684E
:10518000002BF5D1F8E754F8B83903B1B83B3549ED
:10519000002601E01C461346B5F80421002A5AD027
:1051A000D5F810214AB904F1B806002BE4D0D3F8A1
:1051B000B820002AEED0B83AECE70A68002AF2D00C
:1051C000D4F8A420002AEED0D4F8A820002AEAD0EF
:1051D000D4F8AC20002AE6D0637B072B0DD1204603
:1051E000904750B104F1C0001DF03BFE022804DCE2
:1051F0002046BDE870401DF0E6BED4F8B83004F19A
:10520000B80206BBD5F82811C5F824318A4201D16D
:10521000C5F828310022C4F8B82004F1BC03BFF35C
:105220005B8F53E8001F43E800200028F9D1BFF34B
:105230005B8F2046D4F8AC30984700289DD020469C
:10524000FFF770FF99E73360D5F828319A4208BF1D
:10525000C5F82861DEE79368FFDE00BFBC090020C7
:10526000300000202009002037B5C83010F8C65C97
:1052700010F8C54CBFF35B8F50E8003F5A1E40E862
:1052800000210029F8D1BFF35B8F01A801931DF025
:10529000E8FD01280BD1074818F05EFA064818F01F
:1052A0006FFC012D03D1012C01D1FFF789FB03B065
:1052B00030BD00BFF00800205C04002070B5457BC5
:1052C0008D4204467ED0417325B98378082B01D0E6
:1052D0001DF079FE637B012B09D13B4D05F58476EA
:1052E000616900295CD1BDE87040FEF70BBB072B5C
:1052F00009D0002B66D1A378042B20D12046BDE82D
:105300007040FFF7B1BFA378042B5BD02F4800217A
:1053100019F01AFB0023C4E90D33E378012B51D1B6
:10532000A378012B04BF032384F8943004F14000D8
:105330004FF42032BDE87040002318F08FBC082DD8
:1053400040D801A353F825F0C55301006D53010067
:1053500093530100FD520100FD520100FD52010076
:1053600093530100C5530100C553010004F14005EA
:10537000284622F068FF20460121FFF77FFE2046E5
:105380001DF0B9FD28460022BDE87040002318F04A
:1053900099BC237B002BB1D02046FFF765FDADE71C
:1053A000A2690B686361914208BFA3612046FFF7C1
:1053B0008BFDB5F80431002B14BF3046002018F0E7
:1053C000CBF98DE770BD00BF300000206C040020D9
:1053D00010B502460C46074801211DF00FFE03469A
:1053E00010B90023184610BD82781442FAD1FFF795
:1053F0003BFFF6E7E00D0020F8B5074609480D46EB
:1054000016461DF0E0FD044650B183781F4203D1DB
:10541000BDE8F840FFF728BF3146A8472046F7E728
:10542000F8BD00BFE00D0020024900220120FFF777
:10543000E3BF00BF2D4F0100034BC01A034B001107
:105440005843C0B2704700BFE00D0020C54EECC409
:1054500070B51C46144305460E4608D023F04EFB9B
:105460000A4908580A49884204BF002213460949DC
:10547000002D14BF284608461CF018FA044618B13F
:10548000711D0C301CF079FA204670BD0800000038
:10549000981600203809002010B50446054818F079
:1054A0006FFB204600F0B6FB2046BDE81040FFF73A
:1054B000DBBC00BF4C0400202DE9F04F85B0002379
:1054C00001930393FFF750FE044668B1427BD0F886
:1054D000A430072A17D002AA4FF0FF31984701469F
:1054E00028B92046FFF7C0FE05B0BDE8F08F039B4A
:1054F000019A20461DF0CAFCD4F8A43002AA4FF04D
:10550000FF312046EAE7DFF8689102AAB9F80411F2
:10551000984705460028E4D0B9F80421029B9A4236
:1055200006D30146D4F8A86003AB01AA2046B047D1
:105530002B8A039EDDE9018B002B00F08A80284630
:105540001CF057FE8246002840F08380B9F80431F1
:105550004548002B08BF00200022002318F036F930
:10556000002876D141480022002318F0C3F80746EE
:1055700000286ED0C0E90186B9F804612B8AB345D2
:1055800098BF1FFA8BF6B34242D928461CF0BDF9EA
:105590003146FFF7AFFCB9F8043194F8C4809B455D
:1055A0008CBF4FF0010A08F1020884F8C4A0064637
:1055B00098BF5FFA88F804F1C00ABFF35B8F5AE81E
:1055C000003F01334AE80032002AF8D1BFF35B8F75
:1055D00004F1140B394658461DF029FCA378012B21
:1055E00019D1042106F10C001CF0F3F9238808F00E
:1055F000FD0843EA08330380338A043B43800423D5
:1056000033763046FEF7D0F828B9FEF77BF968E725
:1056100031462846BDE7BFF35B8F5AE8003F013BA8
:105620004AE80032002AF8D1BFF35B8F394658466A
:105630001DF046FC3046FCF78BFB20463946FFF751
:1056400043FCB9F804310848002B08BF002018F0CB
:1056500083F829462046039B019A1DF017FC13216D
:1056600020461DF0EDFC3CE7380100202009002019
:1056700030000020F8B5031D044618461DF0F1FB6C
:10568000820419D5B4F88620B4F88810914213D852
:10569000B4F88A1091420FD3D4E9231291420BD16E
:1056A000BFF35B8F53E8001F21F4005143E8001261
:1056B000002AF7D1BFF35B8F104B1D686DB155F811
:1056C0000C6C1C3D3EB1B4F88E30B4F88C20B4F8AC
:1056D00086102046B047ED69F0E7094D094FBD42FD
:1056E00000D3F8BD2E693EB1B4F88E30B4F88C20EA
:1056F000B4F886102046B0472035F0E7D4C8002023
:105700000C8F03004C8F03002DE9F041074608463B
:105710000D461CF0FDFE064618B900263046BDE8D1
:10572000F081144B1C6884B154F8103C1C3C0BB93C
:10573000E469F8E72946384698470028EDD028461E
:105740001CF0E6FE0028F3D1E7E70B4CDFF82C80D5
:105750004445E3D2E3680BB92034F9E729463846DB
:1057600098470028D9D028461CF0D2FE0028F3D153
:10577000D3E700BFD4C800200C8F03004C8F030078
:105780002DE9F041C37804468BB900F17E06114B38
:105790001D687DB11C3D04F170076B691BB13A4671
:1057A000314620469847ED6925B11C3DF5E700F1EB
:1057B0007706ECE7084D094F04F17008BD4201D3AC
:1057C000BDE8F0816B691BB14246314620469847DF
:1057D0002035F3E7D4C800200C8F03004C8F030062
:1057E00008B5084B1A6800F11C0122B905481DF0E4
:1057F0001EFB104608BD914201D01268F5E76FF01C
:105800001000F7E7D4C8002038B505460C460F480D
:105810000121FFF755FCC0B1057223680367A38817
:10582000A0F87430A37980F8763001234372837234
:105830008370074BC0F8A430064BC0F8A830064B65
:10584000C0F8AC30054BC0F8883038BDE00D002002
:10585000ED5C01004F2E0300432E030018002800CA
:1058600070B505460A480E461DF0ADFB044620B152
:105870008378012B04D0FFF7F7FC0024204670BD8D
:10588000324629461DF013FC0028F7D12046F2E7E6
:10589000E00D0020F8B505460E480E4617461DF0EF
:1058A00092FB044620B18378012B03D0FFF7DCFC88
:1058B00000240DE036B1324629461DF0F8FB08B948
:1058C0002046F3E7637BBB42FAD1237AAB42F7D1A0
:1058D0002046F8BDE00D002038B583780B70C37802
:1058E0004B70037A8B70437B023BDBB2062B0C467A
:1058F00098BF24494FF0000298BFCB5CE27788BF85
:105900001346237705461DF045FC607728461DF0B9
:10591000FDFBA077AB78012B31D105F17003A360BB
:105920002B7A194AC3EBC30313446360E97805F18A
:105930007E0305F1770211B1194613460A46C4E900
:105940000323B5F88630A382B5F88C30E382B5F82E
:105950008E302383D5F8A03023B15B7BDA0644BFB9
:105960000123E377D5F8A03013B15B7B9B0601D40C
:10597000002038BDE37F43F00203E377F8E76FF0E0
:105980001500F6E735BE030030000020F8B5437A75
:105990008372044616461DF0D9FC154B1D684DB1A7
:1059A00055F8043C1C3D1BB1617A324620469847AD
:1059B000ED69F4E70F4D104FBD4210D3BEB9637AC5
:1059C000012B14D9A378012B11D120461DF0EAFB3D
:1059D000257A01462846BDE8F84003F0EFBCAB69E4
:1059E0001BB1617A3246204698472035E4E7F8BD7E
:1059F000D4C800200C8F03004C8F030038B5044638
:105A000008460D461CF084FD38B3154B93F8D8308A
:105A1000990707D4E37873B129462046BDE838409A
:105A200000F0CAB994F895309A07F3D5201D1DF0FF
:105A300018FA4304EED4294620461DF0BCFB58B9A1
:105A40002B88A4F888306B88A4F88A30AB88A4F837
:105A50009030EB88A4F8923038BD6FF01500FBE76A
:105A600030000020F7B510F8333C0446A0F14006A2
:105A70000BBB30461DF052FC314B1D684DB155F843
:105A8000183C1C3D1BB114F8341C30469847ED6996
:105A9000F4E72C4D2C4FBD4205D3304603B0BDE892
:105AA000F040FFF7E1BB6B681BB114F8341C3046C3
:105AB00098472035EFE710F83E3C012B3DD1BFF36E
:105AC0005B8FA0F13C0555E8003F23F4005245E808
:105AD00000210029F7D1BFF35B8F9B041CD5A36C79
:105AE00000936946236D01933046FFF787FF58B94D
:105AF000BFF35B8F55E8003F23F4805345E8003245
:105B0000002AF7D1BFF35B8F4FF40061284603B042
:105B1000BDE8F0401DF0ABB90C4A106851686B4607
:105B200003C369463046FFF769FF0028ECD14FF404
:105B3000805128461DF09BF9E6E703B0F0BD00BF99
:105B4000D4C800200C8F03004C8F03006890030022
:105B50000B4B58B11A6862B942693AB942685AB9EE
:105B600082684AB9C2683AB982692AB918600020C5
:105B700070476FF0770070476FF01500704700BFF7
:105B8000E4C8002008B568B1094B1A6800F10C019F
:105B900022B907481DF04BF9104608BD914204D0C8
:105BA0001268F5E76FF01500F7E76FF07700F4E79C
:105BB000DCC8002010B50C4822F0F4F90B490A4863
:105BC00022F02EFA0A49084822F02AFA0949064822
:105BD00022F026FA1EF02BF903F0FCF9044608B96E
:105BE0001DF07CFC204610BD20090020B0C800201C
:105BF000BCC80020C8C80020044B186818B9044A63
:105C00005A600B6070476FF00B007047E8C80020C7
:105C10000C980300F7B5274D274F04460026BD42D8
:105C200001D303B0F0BD6B6801A920469847002856
:105C30003BDB019B2A889A829A8403F11002A868B0
:105C4000BFF35B8F52E8001F42E8006CBCF1000F0D
:105C5000F8D1BFF35B8FC3E913669E649E60A16BAE
:105C600003F1080219BBC4E90D221C60D86003F1DE
:105C7000300022F097F9019843681B6803B19847F8
:105C8000019BBFF35B8F103353E8001F41F001010C
:105C900043E80012002AF7D1BFF35B8F01984368F5
:105CA000DB6913B100F1100198470C35B7E70A60C2
:105CB000A263DAE7E88E03000C8F030030B50446D8
:105CC00052EA030008D022F019FF064D2D5806486D
:105CD000854204BF0022134620460431BDE830400F
:105CE000FFF7B6BB08000000981600202DE9F84326
:105CF000D0F8B0400E4690464CB1483C236B63B19F
:105D000004F13009484622F0A0F9054650B9FDF7E4
:105D1000F9FD00252846BDE8F88320461DF096FAD7
:105D2000A46CE9E71CF065FA0028F2D1236D9BB959
:105D3000A38C2F8A403B9BB23F2B03D8238D9F42DD
:105D400028BF1F46042105F10C001BF042FE07800E
:105D5000A38C438004372765236D2A8A9E420ED385
:105D6000934215D0A38C403B9BB23F2B1ED92046BB
:105D70001DF06CFA236B13B120461DF046FA236D1B
:105D8000C8F800309E4234BF9E1B00262665C1E73E
:105D900000220023484617F0ADFCA38CA3F140027B
:105DA0003F2AE4D8034AAA61EB61E0E700221346E8
:105DB000F9E700BF0334030070B5124B0C461978A5
:105DC0000131C9B2012938BF01210546082212203C
:105DD00019701DF0D8FA064688B108210C301BF066
:105DE000D7FD2288028062884280A2888280E28871
:105DF000C28031462846BDE870401DF00FBB6FF0F1
:105E00000B0070BDB405012023281FD81A2804D820
:105E1000431E182B0ED906207047A0F11B03082B38
:105E20001ED8DFE803F0051D1B231D19251D0500E5
:105E3000032070470F4A012383401A40C2B90E4A1B
:105E40001A40002A14BF01200620704700F07F038B
:105E5000522B05D100207047012070470520704764
:105E600010F0400F0CBF0620002070470420704740
:105E700002207047AAAA8A025455450170B50E4601
:105E8000438D418B8B4202F1010228BF0B469A429F
:105E900005461ED83046FFF7B7FF022810D0042869
:105EA0000ED022F02BFE144B1958144B994213D0EC
:105EB000134B1B685A1A18BF4FF0FF32134602E00B
:105EC0004FF4702200230F480021FFF7F7FE04462D
:105ED00020B90024204670BD0022EFE7FBF798FEB2
:105EE000094B182202FB0033012104F10C009D60D4
:105EF0001BF04EFD0670EDE708000000981600202C
:105F000084C90020640900203CC90020011F014809
:105F100021F05FBF7408002070B503788AB0044692
:105F20000E4607AD032B20D8DFE803F002191B1D36
:105F300011492846F6F708FA059563780493A37883
:105F40000393E37802932379019363790093A37910
:105F50000A4A1E21304618F045FD0AB070BD0849B6
:105F6000E7E70849E5E70849E3E7084A0A21284640
:105F700018F038FDE0E700BF3CBE030065BE03003B
:105F800043BE03004ABE030054BE03005EBE0300CE
:105F90002DE9FF4105460E464FF000084FF420530F
:105FA000006817688DF8088002A91446ADF80A3019
:105FB0001CF061F8A0B142F6010328688DF80C804E
:105FC00003A9ADF80E301CF056F848B123691BB197
:105FD0005A88B24200D25E80012004B0BDE8F08150
:105FE000616828681CF047F810B100232361F3E7CB
:105FF000E368A0681A786AB1B7F82AC0798B038A77
:106000008C4594BFC3EB0C03C3EB0103934201DA4D
:106010000020E2E704210C301BF0BAFC206106806E
:1060200023695E80074B00930194A26800232946F0
:1060300038461DF00FFC0028EADB2069003818BF45
:106040000120CAE73538030010B500F154030446B7
:10605000BFF35B8F53E8001F41F0010143E80012DA
:10606000002AF7D1BFF35B8F201F1DF075FA04F1F2
:106070007400044922F0DBF82068BDE8104001F00C
:1060800029BF00BF913F0300F7B5002304460E4629
:106090002B480022694617F077F90546D0B922F05F
:1060A0002DFD284B009F1A58274B29461A60381D92
:1060B000282222F03BFB3C60009C24480195C4E967
:1060C0000155C4E909550022002301A917F05CF924
:1060D000054620B16FF00B05284603B0F0BD019BCB
:1060E0000146B022184622F021FB194A8260603036
:1060F00021F058FF019BBFF35B8F583353E8002F0B
:1061000043E800510029F9D1BFF35B8F019B1C606C
:10611000636A019F1BB904F10C0021F043FF626A1E
:10612000C7F8A820A26A07F1A803636202B9A362B4
:10613000019B17225A855A8304333360CCE700BF92
:10614000580800200800000084C9002074080020BE
:106150007C0400202DE9F74317680546884600684F
:1061600051687E6814461BF086FF8146002842D1A4
:106170003046952229461EF037FC0646207540B170
:10618000E3681B780BB184F81490002003B0BDE8DD
:10619000F083A0681BF0BDFB02210C301BF0F8FB64
:1061A000164B2061A0F8008000930194A26833464A
:1061B000294638461DF04EFB002807DA10F1FF0F84
:1061C00026BF4042C0B20E202075DEE72369002BB7
:1061D000DBD0A0681DF08DF97B8D7A8B9A4294BF3D
:1061E000C0EB0200C0EB0300E3681B78984294BF49
:1061F00000200120CAE70120C8E700BF03350300E3
:106200002DE9F74F064608460C46FBF701FDDFF87F
:1062100098801823434308EB03020546D2F808A0F0
:10622000E068BFF35B8FB16DBFF35B8FC90738D5F3
:10623000E16809781171002248F803200378D22B15
:106240000ED13368214618681FF00DF940B1019056
:106250002046FBF77DFD019B184603B0BDE8F08F9B
:1062600004F10C001BF0D5FB18235D4308EB050976
:1062700000231A4607462146301DB4F810B0C9F86D
:1062800008601DF096F803460028E5D06269A4F87E
:1062900010B012FA87F7E76048F80500C9F808A0BF
:1062A000DAE76FF01503D7E73CC900202DE9F14F7D
:1062B0000546FBF7ADFC3349182202FB00F3C81872
:1062C00051F803A00779B0F80680D0F810900021AB
:1062D000D0E9024622F02AFAA87AFBF791FC696914
:1062E000834651B16B7AD80705D4DBF824301B689C
:1062F00028469B68984700236B612946584621F041
:106300009AFE002F31D084B3236873B31B6863B344
:10631000BAF1000F29D1201D1DF062FC3846FFF7AD
:1063200073FD052821D8DFE800F0160320162003AE
:10633000BFF35B8FA36DBFF35B8FDA0715D5E36DFA
:106340009BB14FF47022002304F1780001B0BDE846
:10635000F04F17F0B7BC23681D68BFF35B8FA36DC8
:10636000BFF35B8FDB0700D556B901B0BDE8F08FF6
:1063700049462846B0470134A3B29845F8D8F4E717
:106380000024F9E73CC90020F8B50B8A07680446E9
:106390000D46002B39D0012105F10C001BF029FB23
:1063A0007B7B072B064630D154F8043C6BB3017855
:1063B0001748043C002310F833708F4200EBC302EF
:1063C00008D1298A53789778994213D2012F1CD18A
:1063D000042317E001331E2BEDD10846FFF714FD0F
:1063E00098B1052811D081B10623002220461DF066
:1063F00055FC0AE05368294620469847012F03467A
:1064000003D110B131780029EFD10020F8BD00BFD1
:1064100034980300F0B51E4603680D46003987B076
:10642000044618BF0121186817461EF0EFFC40B95A
:1064300004F158001DF0D0FA002844D0002007B025
:10644000F0BD002E41D018220021684622F06EF9DE
:1064500047BB23681E4A1B6800930023ADF8123027
:106460000C9B0393BDF83430ADF8103001238DF848
:10647000143031466B4630468DF808501DF0D0F888
:106480009DF81430C3B1002FD8D00198FBF760FC01
:106490009DF81430002DD1D03246294620461DF0FB
:1064A000FDFBCBE7002239462046FFF7E7FC0190D1
:1064B0000028CED11120C2E701990029BED0204684
:1064C0001DF0C4FBBAE71220B9E70120B7E700BF0F
:1064D000BF350300F8B54FF47022074600230D487E
:1064E0000E461BF0E3F9044690B100F10C050921BA
:1064F00028461BF042FA2046FBF78AFB064B18227F
:1065000002FB0033012128469F601BF041FA067010
:106510002046F8BD640900203CC900202DE9F04167
:106520000E8A043EF6B2022E04468CB0084601D014
:10653000102E64D104210C301BF05BFA0DF1080819
:1065400005884788011D324640461BF0C2FD0028E1
:1065500057D09DB3002687B3BD422FD84FF42053A8
:1065600001A940468DF80460ADF806301BF083FDAC
:1065700040BB1422002107A822F0D8F811212046A0
:10658000FFF7A8FF0990002837D001210C30CDE992
:1065900007481BF0FDF900230A901B4A0370394697
:1065A0000B93284607AB1DF03BF80A9B1B78FBB901
:1065B0000998FBF7CDFB0A2301E03D4601232A465B
:1065C00010210EE042F6010307A940468DF81C6039
:1065D000ADF81E301BF04FFD0028CAD010232A460C
:1065E000194620461DF05AFB00200CB0BDE8F08192
:1065F000099920461DF02AFBF6E71120F5E7042053
:10660000F3E70E20F1E700BF915F01002DE9F043B1
:10661000036885B004460D46186801211EF0F6FB9C
:1066200040B904F158001DF0D7F9B0BB122005B0F5
:10663000BDE8F08310220021684622F077F821217E
:106640002046FFF747FF029048B3DFF858900094C8
:1066500005F10C074FF001082B8A012B04D8029991
:1066600020461DF0F3FA18E038461BF0CAF96B46D5
:106670004A46014606468DF80C801CF0D1FF9DF875
:106680000C30002BE8D00298FBF762FB9DF80C3031
:106690003246202120461DF001FB0020C7E71120D3
:1066A000C5E700BF3D3A03002DE9F043036885B01C
:1066B00004460D46186801211EF0A8FB40B904F1FC
:1066C00058001DF089F9B0BB122005B0BDE8F08379
:1066D00010220021684622F029F80F212046FFF7FA
:1066E000F9FE029048B3DFF85890009405F10C07CA
:1066F0004FF001082B8A012B04D8029920461DF087
:10670000A5FA18E038461BF07CF96B464A4601466C
:1067100006468DF80C801CF083FF9DF80C30002B92
:10672000E8D00298FBF714FB9DF80C3032460E219E
:1067300020461DF0B3FA0020C7E71120C5E700BFCF
:10674000F7390300F0B51D46036885B004460E46D0
:106750001868012117461EF059FB38B904F158009A
:106760001DF03AF948BB122005B0F0BD65B3102208
:106770000021684621F0DAFF39462046FFF7AAFEDD
:10678000029018B3BDF82830ADF8043001238DF81D
:106790000C300F4A00946B46294628461CF040FFF7
:1067A0009DF80C305BB10298FBF7D2FA9DF80C30E3
:1067B0002A46314620461DF071FA0020D4E702999E
:1067C00020461DF043FAF8E70120CDE71120CBE782
:1067D000F73903002DE9F0410E8A043EF6B2022E8D
:1067E00004468CB0084601D0102E76D104210C301E
:1067F0001BF0FFF80DF1040805884788011D32469B
:1068000040461BF066FC002869D085B377B3BD42D3
:106810002DD8606801211EF0F9FA064678BB8DF884
:10682000000042F6020369464046ADF802301BF014
:1068300022FC20B342F6030306A940468DF81860F7
:10684000ADF81A301BF017FCC8B1012D03D14FF67B
:10685000FF739F4213D004F158001DF0BDF80028CB
:1068600014BF002012200CB0BDE8F0813D4601238A
:106870002A46082120461DF011FA0020F3E71822CD
:1068800000210DEB020021F051FF09212046FFF706
:1068900021FE0890F8B101210C30CDE906481BF02B
:1068A00077F80023099003700A238DF82C300D4AE5
:1068B00006AB394628461CF0B3FE9DF82C302BB1B0
:1068C0000898FBF745FA9DF82C30D1E70899204647
:1068D0001DF0BCF9D1E71120C5E70420C3E70E2065
:1068E000C1E700BF556101002DE9F0430F4687B0B5
:1068F0000446062107F10C001BF07BF80588B0F870
:1069000002808288D7F80C90C5B10023B8F1000F3F
:1069100013D0A84512D38DF800308DF8043001A9AA
:106920004FF420536846ADF80220ADF806301BF056
:10693000A2FB064660B10A2301E0454601232A4630
:10694000062120461DF0AAF9002007B0BDE8F0831B
:106950000146142201A83F7C21F0E8FE07212046D1
:10696000FFF7B8FD0290D8B10A238DF815300D4A13
:10697000019401AB41462846CDE903698DF81470B6
:106980001CF04EFE9DF815302BB10298FBF7E0F994
:106990009DF81530D3E7029920461DF057F9D3E74B
:1069A0001120D2E7373603007FB5CB681D885E889B
:1069B000044685B176B1AE420DD31022002168465F
:1069C00021F0B4FE05212046FFF784FD019058B95F
:1069D000112007E0354601232A46042120461DF0F8
:1069E0005DF9002004B070BD6B46094A0094314641
:1069F00028461CF015FE029B23B90198FBF7A8F965
:106A00000A23E9E7019920461DF020F9E9E700BFD4
:106A10007D37030013B50B46002101910E49024654
:106A200022F06CF80C680D4909580D488C4208BFDB
:106A3000002201A908BF134616F0A6FC014640B982
:106A4000019B1C22184621F071FE0346184602B035
:106A500010BD0023FAE700BF84C900200800000031
:106A60009008002010B50446806818B1FBF770F953
:106A70000023A36021460248BDE8104021F0A9B9D7
:106A8000900800202DE9F347044678300E4617465B
:106A90001D4621F0D8FBE06D30B920461DF063FAA9
:106AA000002002B0BDE8F087124B98424FF000087A
:106AB00005D12068C4F85C801DF04AF8F0E7D0F8F2
:106AC0000490C0F80480E06DD0F818A0FFF7CAFF6A
:106AD0002068C4F85C801DF03BF8B9F1000FDFD0EE
:106AE0002068CDF800A000683B4632462946C847DA
:106AF000D6E700BF88C9002070B5C36DCA680446D8
:106B000043B319498B4225D0D5781DB3052D406874
:106B100006D00F2D1FD1437A012B1CD8022107E08C
:106B2000437A012BFAD9022B12D0032B13D1042163
:106B30001CF0F9FA08B110300DD104F1780021F001
:106B400082FBE26D137C43F001031374002070BDDF
:106B50000321EDE70E2500222B4620461146BDE815
:106B60007040FFF78FBF00BF88C90020F7B550F80D
:106B7000044C0546002C59D000F1A40104F1240076
:106B80001CF00FFF2E1F05F15C0700220023384682
:106B900016F0B0FD024678BBAB6D2BB101466FF02D
:106BA00067033046FFF76EFF002345F8043C05F10C
:106BB0005403BFF35B8F53E8001F21F0010143E84A
:106BC0000012002AF7D1BFF35B8F636A73BB04F135
:106BD0000C0600220023304616F08CFD78B966685A
:106BE00086B913482660214621F0F3F8286803B0DF
:106BF000BDE8F04001F0ACBAFBF7AAF8C5E7FBF737
:106C0000A7F8E6E7A26833686360964208BFA3600E
:106C100077683FB1B3690093002320681A466FF08C
:106C20006701B8473046FFF71DFFD8E703B0F0BD56
:106C30005808002010B50C4620B319B31DF071F8A8
:106C400000B3436AC3B153F8A82902B1A83AD96D79
:106C50008C420AD082B11346D2F8A820002AF6D07E
:106C6000D96D8C42A2F1A802F5D1074ADA65204617
:106C7000BDE81040FFF7F6BE043021461CF091FE3F
:106C80002046F5E710BD00BF88C90020F8B51D46B5
:106C90000F461646FAF7BCFF044C182303FB0040CE
:106CA000C0E903760123C3800575F8BD3CC9002007
:106CB00010B50449144618461022A04700EAE070B7
:106CC00010BD00BF300F002038B50C4619466BB11F
:106CD00003F114055B698AB9E268A360954200D1AB
:106CE000E36000230D684B611A46A847A3685BB9AF
:106CF000601C0649BDE838401DF00EBA1360E36819
:106D00009D4208BFE260ECE738BD00BFFDBB030059
:106D1000F8B50B4D06460F46002415F8013CB3426A
:106D200007D1294638461DF026FA10B105482044FF
:106D3000F8BD1034502C05F11005EED10020F7E716
:106D4000BDC90020BCC90020F8B50B4D06460F4652
:106D5000002415F8013CB34204D1294638461DF001
:106D60000AFA30B90C343C2C05F10C05F1D10020A5
:106D7000F8BD02482044FBE7B10E0020B00E002011
:106D8000F8B50B4D06460F46002415F8013CB342FA
:106D900007D1394628461DF0EEF910B105482044C8
:106DA000F8BD0C343C2C05F10C05EED10020F7E7C2
:106DB0003BF400203AF4002070B5204B1446826862
:106DC0009A420FD1A568C66875B922792168304604
:106DD0001DF0D9F9024628B1194901301DF09CF97E
:106DE00015701581012070BDE0680028FBD02B884C
:106DF0008B420AD0F6D2E068A36801380433E06021
:106E00000038A36018BF0120EDE7256822792946E4
:106E100030461DF0B8F9024660B9094930461DF008
:106E2000B2F902460028E6D0294601301DF074F977
:106E300023791370A3685B881381DCE72D7201004E
:106E4000FDBB030038B50E4B144682689A420D46CE
:106E500011D122792168C0681DF095F958B1D4F894
:106E6000C8302F2B09D804EB830201331581018927
:106E70005181C4F8C830012038BD0020FCE700BFB4
:106E80002D7201002DE9F0410D4CDFF838800546E8
:106E900000262746621C6DB9414610461DF06BF96D
:106EA00028B90136052E04F11004F2D10027384626
:106EB000BDE8F081217828461CF0F9F8F0E700BF22
:106EC000BCC90020FDBB030010B54A1C0C4638B1FC
:106ED00009781CF0ECF808B1204610BD0020FCE752
:106EE000024910461DF047F9F5E700BFFDBB03005E
:106EF0002DE9F0410D4CDFF8388005460026274685
:106F0000621C6DB9414610461DF035F928B90136AD
:106F1000052E04F11004F2D100273846BDE8F081B7
:106F2000217828461CF0C3F8F0E700BF18CA0020FB
:106F3000FDBB03002DE9F04106460F4690461BF0CD
:106F400077FB50B339463046FFF7FEFE054678B969
:106F5000134A044610461DF086F9C0B90C2254436A
:106F6000104A601C394610441DF0D6F81655A51875
:106F7000012101FA08F105F108001DF013F9BDE83F
:106F8000F04109484FF40042002316F09BBE013443
:106F9000052C02F10C02DDD1EAE7BDE8F08100BF6B
:106FA000B80E0020B00E0020F00E00202DE9F041B8
:106FB00080460F4616461D46FFF7E2FE044648B9D6
:106FC0001449FFF7DDFE0446F0B100F8018B3946A5
:106FD0001DF0A2F82289638992B99BB92681658147
:106FE000254615F8010B29461BF022FB60B122460D
:106FF000294612F8080BBDE8F0410423FCF762B8FB
:10700000964203D39D42EAD8BDE8F0819D42268195
:10701000E6D9E4E7FDBB03002DE9FF410E46174624
:107020009846044628B96FF01505284604B0BDE817
:10703000F08102A91AF0F7FF05460028F3D101A953
:1070400020461AF0BAFA0198D0B902A90020FFF739
:1070500097FE0446D8B9002EE7D01149FFF790FEFD
:107060000446D0B1002300F8013B02A91DF054F8FA
:10707000042204F108014046B84700EAE075D4E76D
:107080000A22294617F0DAFC0028DED0CBE7002ED2
:10709000EED1066046608660C7E76FF00B05C4E777
:1070A000FDBB03001FB519461046074B074ACDE943
:1070B000022308230093BDF818206B441DF08AF9C1
:1070C00005B05DF804FB00BF040090015000A00073
:1070D00008B513468168074A914209D11A7919689F
:1070E000C0681DF050F818B10023036043600381AD
:1070F000012008BD2D72010038B5094B1546826884
:107100009A420AD1C4682968013420461DF033F838
:1071100018B1696820461CF0FFFF012038BD00BF90
:107120002D72010002484FF4A472002316F0CABD6C
:10713000B80F002008B5042108481DF033F80748AF
:107140006FF002011DF03DF804481DF08CF8C307F4
:1071500001D5FFF7E7FF002008BD00BFE80F0020C2
:10716000024608B5084901301CF0D6FF002313720F
:107170000C32BFF35B8F52E8001F42E8003000285A
:10718000F9D1BFF35B8F08BDFDBB03002DE9F041D2
:10719000234B154682689A42074602D1C468638928
:1071A00033BB0120BDE8F081FEF75EF8E368002103
:1071B0006181002BF5D038469847F2E705F1700859
:1071C000287A41461BF034FA68B9164B9C4202D12A
:1071D00028461DF0B7F9144930461CF09DFF0023E6
:1071E00023702381E2E7414630461CF095FFDDE73E
:1071F0002389002BDAD02646284616F8011B324692
:107200001BF055FF0028D9D120783146FEF728FB26
:107210000028CBD0437B072BC6D1FEF725F8C0E76B
:107220002D720100EC040020FDBB03002DE9F047A6
:107230001F46BDF82030D1F80C9006468846002B3A
:1072400046D17B1E012B46D8012F4946157818BF21
:107250001588FFF739FE044678B915B93846BDE8F8
:10726000F0874946FFF730FE0446B8B306F17001D7
:1072700001301CF051FF337A2370D9F81030DBB99C
:10728000B4F808A02581B9F80A30AB4203D04946CA
:1072900040461CF0EEFFAA4505D0307A002206F1E8
:1072A0007001FFF747FE002DD8D10E49601C1CF07D
:1072B00033FF25702581D1E72A464146304698475D
:1072C0000028CCDB01380128DAD96FF00D00C6E7C1
:1072D0006FF00600C3E76FF00C00C0E76FF010001E
:1072E000BDE700BFFDBB030073B50C460546082192
:1072F00004F1100016461CF055FF12230422CDE9BC
:1073000000323146034B224628461DF041F902B0B7
:1073100070BD00BFB346030008B5124801211CF040
:1073200041FF10F0010F104B0AD1104A9A610D482D
:107330001CF099FF830713D4BDE80840FFF7F2BEA5
:107340001A8B588B012A4FF6FF7205D8904207D04E
:107350004FF6FF725A83EAE790421983E7D0F7E7C6
:1073600008BD00BFE80F0020980F00200100FFFFBC
:1073700010B56FF0020104460E481CF022FF0D48C4
:107380001CF071FFC20704D50B480022002316F041
:1073900099FC20461CF070FE58B12046FFF772FDA4
:1073A00038B1037ADB0704D5BDE8104001211DF098
:1073B000A5B910BDE80F0020B80F0020F8B50B4CA0
:1073C0000B4F0025661C394630461CF0D4FE0146A2
:1073D00030B920461DF082F9207831461DF058FA68
:1073E0000135052D04F11004ECD1F8BDBCC9002015
:1073F000FDBB030010B51C4801211CF0D3FEC307E0
:1074000031D4022118481CF0CDFE084007D117499D
:10741000174A0B88174CA2421FD300B10B801649A4
:10742000164820F004FF4FF4A47200231348FBF722
:1074300021FF1349134820F0FAFE022112481CF0E4
:10744000B1FE1249124820F0F2FE1248FEF79AFBF4
:10745000BDE810401048FEF7C3B9506803449BB222
:1074600008320120D7E710BD0CCA002076F40020B6
:107470004C8F03007C8F0300A5490300400F0020C0
:10748000C9790100B80F0020E80F0020F34E030077
:10749000F00E0020C4040020A40400202DE9F041D7
:1074A000034648B1008A38B91249DFF84CE001249C
:1074B0004FF0140C714501D3BDE8F081D1E900769D
:1074C000BB4204D30CFB0672143A93420ED93444E7
:1074D000A2B208311446EDE70CFB0578434507D00E
:1074E00001356219B54292B2F6D1F2E70025F8E70C
:1074F0001046E1E74C8F03007C8F03002DE9F74F26
:10750000BDF83050009199464FF6FF73002D08BF2B
:107510001D46244B1B888342074690463CD203B04D
:10752000BDE8F08F73682344BB4232D29CB2083668
:107530001D4B9E42F6D3F2E78958019340461AF05C
:107540009AFD019B90B101340AF1010AA4B273685B
:107550005345ECD9009B9C42E1D8BC423168F2D340
:107560000BFB0AF28B18B8F1000FE5D1B9F1000F4F
:107570000BD1013DADB218460E9A0D9B214698479E
:10758000002DCCD00028DED1C9E7DA689145DAD1E8
:10759000EFE74FF0000ADAE7044E01244FF0140B36
:1075A000C6E700BF76F400207C8F03004C8F0300F9
:1075B00010B51422B6B000210DEB0200CDE9001188
:1075C000CDE9021121F0B2F84FF41053ADF81030AC
:1075D0001F4C8023ADF8123010224FF48063CDE9A8
:1075E0000634694634AB0DEB02001FF0F5F8014696
:1075F00060BB54220AA821F099F854220AA91FA8B6
:1076000021F06CF8349922461FA81FF0BAF9E8B9A6
:10761000104A1FAB4FF6FF7101201DF0B8F90E495B
:107620000AAB10221FA81FF0CAF978B90A4B08222A
:1076300003F11001187811F8014D03F8014B013ADC
:107640000870F7D1054808211CF0ACFD36B010BD1C
:107650000002C00311460300200F0020E80F0020A5
:107660002DE9F0411949BDF818700446A1F1300028
:1076700015461E4620F0FAFD15481CF0F4FD0107E2
:1076800007D4FFF795FFFFF799FE12481021FBF78B
:107690005BFD2046FFF7F6FB68B1037ADA070AD5EF
:1076A00000F10C0420461CF0DEFDC30703D40221C8
:1076B00020461CF077FD102306933A4631462846B3
:1076C000044BBDE8F0411CF085BE00BF700F0020E8
:1076D000E80F0020200F002010B51B481CF0C3FD50
:1076E000C0F3C00080F0010408B9FFF761FF16483D
:1076F0001CF0B9FD034614481CF0B5FDDA0621D58F
:10770000830608D5F4B1FFF759FEBDE810400F48D5
:107710001021FBF719BD20210B481CF043FD0B493C
:107720001022881821F00AF848B9094820F08BFD8A
:10773000BDE8104004486FF001011CF042BDFFF7A6
:10774000EBFDE0E710BD00BFE80F0020200F002098
:10775000B80F002008B5102103481CF023FDFFF7E7
:10776000BBFF002008BD00BFE80F00202DE9F0415D
:10777000B8B00C46164621493E986A461F4619F095
:10778000F8FE002837D0009D01A9284619F015FF02
:1077900065B1019870B90DF10808002328464146EB
:1077A0008DF814301AF03FFC054650B16FF0150407
:1077B00025461AE00A22002117F040F90028EAD0F5
:1077C000F4E7CDF81080A4B1C02208A93846B0472C
:1077D000041EEDDBA40808ABCDE90634084A04AB6F
:1077E0004FF6FF7101201DF0D2F8284638B0BDE8F1
:1077F000F0812346F0E76FF01505F6E788BE030039
:10780000B96D010007B500230193FFF747FE411C46
:1078100089B20846034A01AB1DF0B9F8019803B0DC
:107820005DF804FBC94003002DE9F843154689467D
:107830009422696806461DF0D7F88046002842D198
:107840006968022230461DF00AF900283ED04FF444
:1078500070200021AF8AFFF7DDF80237044680B1BF
:107860001C4B47611D214174C0F80C804360856149
:107870003A4630461CF06AFA074638B92046FFF708
:10788000F1F86FF00B052846BDE8F8830123424666
:107890004146FFF7FBF9A98A07F10C0002311AF003
:1078A00077F820F8029BAA8A296920F017FFA760C1
:1078B000214630461CF0A9FB05460028E3D02046AF
:1078C000FFF7D0F8DFE74FF0FF35DCE76FF0150585
:1078D000D9E700BFCF40030030B504468BB037482E
:1078E0001CF0C1FC42070D4661D514B1637B072B28
:1078F00060D168680590FFF7D1FD2A68ADF81800DF
:107900003AB305A902912E4901910121002300916A
:107910004FF6FF710593FFF7F1FD059B1BB96FF063
:1079200001000BB030BD6B60059B186800238DF81B
:10793000103004A942F60303ADF812301AF09BFB95
:1079400070B90598C3689B799B0605D46FF0150044
:10795000E7E70028E8D1E2E71CF0D2FFADF8180015
:10796000BDF818003CB101230146AB752A462046FC
:10797000FFF75AFFD5E76FF07F0307930223ADF8B7
:10798000203042F60213ADF8123005ABAC7502930D
:107990000C4B01930123009304AA23464FF6FF7179
:1079A00009958DF81040FFF7A9FD0798B9E76FF02A
:1079B0000A00B6E76FF07F00B3E700BF04010020C4
:1079C000FD400300F97B010073B500F1300504466A
:1079D00050F8083C0193A0F120066FF00101284601
:1079E0001CF0EFFB0D4B44F81C3C0D4B44F8183CCD
:1079F00001AB002044F8103C042324F8080C24F8C0
:107A0000060C24F80C3C3146FFF766FF18B902213A
:107A100028461CF0C7FB02B070BD00BF5C99030094
:107A2000717301002DE9F843334B146817468268DF
:107A30009A4205465DD1C668002306F10109002B74
:107A400057D13389002B54D031784A4620461BF059
:107A50002EFB00284DD04FF49572294620461CF08D
:107A6000C3FFA0B1032844D0052820460CBF4FF027
:107A700003084FF002081BF08DFB804507D93A79C7
:107A800042454FF00103DAD287F80480D7E7314648
:107A900028461CF0EEFB194B9E422AD1207A04F1B5
:107AA0007001FFF76DF9054618B303890BB94389D7
:107AB000FBB12046FDF7C0FC114A2B8922F820308B
:107AC00002EB8003698959800E490F4D182303FB8F
:107AD000001300B202EB800200EB40005D601A610F
:107AE0000A4D9D60042201EBC00120469A82FFF7F7
:107AF000F3FE0120BDE8F8832D720100EC040020A4
:107B000036F40020A4C900205C9903009F470300BD
:107B100030B504468BB035481CF0A5FB42070D4636
:107B20005DD514B1637B072B5CD168680590FFF7C6
:107B3000B5FC2A68ADF818003AB305A902912C49A2
:107B400001910121002300914FF6FF710593FFF78A
:107B5000D5FC059B1BB96FF001000BB030BD6B600D
:107B6000059B186800238DF8103004A942F6030322
:107B7000ADF812301AF07FFA70B90598C3689B7996
:107B8000DB0605D46FF01500E7E70028E8D1E2E74F
:107B90001CF0B6FEADF81800BDF818002CB1014677
:107BA0002A4620461CF0EDFFD7E742F60212ADF858
:107BB000122005AA6FF07F0302920E4A0793012359
:107BC000CDE90032ADF8203004AA23464FF6FF710C
:107BD00009958DF81040FFF791FC0798BDE76FF00D
:107BE0000A00BAE76FF07F00B7E700BF040100208A
:107BF000FD400300F97B01002DE9F843414B144699
:107C000082689A42074603D001273846BDE8F883C8
:107C1000C6683D4B9E4211D03289A3899A4206F133
:107C20000101F1D13078FDF71BFE05460028EBD0AD
:107C3000437B072B27D0FDF717FBE5E7334DDFF834
:107C4000D0904FF00008494628461CF094FA78B9C5
:107C500015F8010C07222946FDF71CFE80B923699F
:107C600015F8010C1A69294653881288FFF79EF906
:107C700008F10108B8F1050F05F10C05E3D1CBE7D8
:107C8000FDF7F2FAF4E7736923B13946984708B96A
:107C90002846D0E73946942228461CF0A5FE074620
:107CA0000028F5D1A389022B14D1338913F00206E1
:107CB00004D12846FDF7D8FAA660A5E72269A18875
:107CC0002846FFF7B1FD0646A8B92269937D013326
:107CD0009375EEE7012B04D02846FDF7C5FAA7609F
:107CE00092E7338913F00106E3D02269A188284680
:107CF0001CF047FF06462846FDF7B6FA002EA660A0
:107D000083DB81E72D720100EC0400203BF40020AE
:107D1000FDBB030073B5437B072B04460D461AD108
:107D2000061D4FF4803130461CF03CFAC30315D4D5
:107D30000223CDE9003320460A4B0B492A461CF0AA
:107D400027FC044620B16FF4803130461CF039FA2C
:107D5000204602B070BD6FF07F04F9E76FF0770442
:107D6000F6E700BFA34203000541030007B5437BCC
:107D7000072B0A462CD14B683BB908234FF0040E61
:107D8000CDE9003E144B154909E0012B11D0097BC8
:107D90005B00019341B1202300931149114B1CF06A
:107DA000F7FB03B05DF804FB0E2300930E490F4B65
:107DB000F5E74B8933B10C234FF0040CCDE9003CBF
:107DC0000B4BE0E70A230221CDE90031094BDAE74A
:107DD0006FF07F00E5E700BFEF440300F14B0300C5
:107DE000534303000F43030013430300E742030020
:107DF000CF420300BB4203002DE9F041437B072B38
:107E000007460D465CD1FFF773F8064600285AD0A6
:107E10008468002C57D00023143C9846A54209D012
:107E200021892A89914208BF4FF0010864691CB179
:107E3000143CF3E70123F9E7002B44D005F11000CF
:107E40001CF011FA430703D5294638461CF055FFAC
:107E5000B8F1000F19D0B36805F1140253B19A427A
:107E600024D16B69E4B9F168B3608A4200D1F36050
:107E700000236B61B3681BB91449701C1CF04CF9EA
:107E8000B8F1000F15D1002008E0114AA5F80C80C8
:107E900029463846FFF728FA0028DCD0BDE8F081F3
:107EA0002360F3689A4208BFF460E1E71C461B6850
:107EB000D4E700232C681A4629463846A047E2E753
:107EC0006FF07F00EAE76FF01500E7E7FDBB030006
:107ED000E141030070B58EB000F1700504460390D7
:107EE0000123007A8DF8103029461AF0A1FB90B1D9
:107EF000227A1AB302AE0421304618F007FC00962D
:107F00000F4A242105A82B46FBF74CF805AA0D497A
:107F10001046F8F711FF4FF6FF710B4A03AB012033
:107F20001CF035FD20461BF035F99DF810108842F5
:107F300002D220461BF0F7F80EB070BD0092DFE7CA
:107F40008BBE03006D770100257A0100F8B5084B60
:107F50001C6805460E4617464CB154F8043C043CD8
:107F60001BB13A463146284698476468F4E7F8BDA5
:107F700010CA002037B501230546009000F17001BA
:107F8000007A8DF804301AF053FB78B94FF6FF7180
:107F90000120144A6B461CF0FAFC002128461CF014
:107FA00035FF08B9FFF7B8F903B030BD2846FEF732
:107FB0009FFF0028EAD08468002CE7D0143C04F12D
:107FC000100318461CF04FF9020709D418461CF09C
:107FD0004AF9830704D4044A21462846FFF784F966
:107FE0006469E9E7257A01005B42030030B5B5B06A
:107FF000002301918DF8080033930A4A01AB04462F
:108000000D4601204FF6FF711CF0C1FC339B3BB1C4
:108010009B0003AA29462046FBF780F835B030BD07
:108020001A46F7E7456E01002DE9F34100F17008AB
:10803000CDE9001204460F46007A414616461AF072
:10804000F7FA0F4A05466B464FF6FF7101201CF008
:108050009EFC1DB1207A4146FFF7C8FF207A3946C1
:10806000FEF756FE40B1314601301CF055F81DB107
:10807000207A41461CF00CFC02B0BDE8F08100BF44
:10808000F9700100F7B52F4A009104460E468DF8AD
:1080900004006B464FF6FF7101201CF078FC31465E
:1080A0002046FBF749F8002823DB314620461CF028
:1080B00039FA00281DDB31462046FEF729FE08B1BB
:1080C000FFF74EF831462046FBF720F8002810DB7A
:1080D0001D4F002517F8013CA34204D13946304614
:1080E0001CF049F838B91035502D07F11007F1D1BF
:1080F000002003B0F0BD154B1D44AB68002BF7D03A
:108100001C6804B1143C002723F8087C3A46143B51
:1081100029463846FEF7D8FD54B9E9E7A2F114061E
:108120000022A781234629461046FEF7CDFD34469E
:108130006269002AF2D1A281234629461046FEF741
:10814000C3FDD5E7D170010019CA002018CA00206C
:108150002DE9F74F044603463B4A4FF6FF710120D5
:1081600004F170061CF013FC207A31461CF087FEE7
:10817000207A31461AF05CFA50B1237A8DF8043037
:10818000324A00966B464FF6FF7101201CF0FFFB50
:108190002046FEF7ADFE074640B92046FEF772FEC8
:1081A000054600283DD103B0BDE8F08F8568002D5D
:1081B000F3D055F81489B8F1000F01D0A8F11408D4
:1081C0004FF00009CA4601E04546984605F1100BFC
:1081D0006FF0080158461BF0F4FF207A31461AF080
:1081E00027FA80B9A5F80CA02B464A463946204606
:1081F000FEF76AFDB8F1000FCFD0D8F81430002B8D
:10820000E2D0143BE0E758461CF02DF8C307E9D450
:108210007B781BB13146781C1BF07EFF05F11409F9
:10822000E8E7207A31461AF003FA28B9284603B065
:10823000BDE8F04FFEF794BF3146681C03B0BDE8BF
:10824000F04F1BF069BF00BF8D710100D1700100BC
:10825000034B42689A4204BF83691982704700BF8A
:10826000F14B0300064BD3F8EC0028B9054AC3F8DC
:10827000F020EC330B6070476FF00B00704700BFCD
:10828000F00F0020609A030008B5054B0146184620
:108290001CF055FE043B002814BF1846002008BD02
:1082A000F40F002010B50C4A11680C4ABFF35B8F25
:1082B00000F5B87353E8004F944204D143E8001C22
:1082C000BCF1000FF6D1BFF35B8FBFF35B8FD0F82B
:1082D0007001BFF35B8F10BDE4C80020F00F0020D9
:1082E00008B5FFF7DFFF0346C8B1D0E9011221B995
:1082F000002A0CBF0320022010E032B1C36813B97A
:10830000094B1B7833B9042008E00749087828B1E5
:10831000DB6833B9003A18BF0122500008BD0320C2
:10832000FCE70120FAE700BFB505012038B5051DBF
:108330000446082128461CF054FE064904F1570063
:10834000FCF746FD20B1284608211CF022FE08203B
:1083500038BD00BFFB54030038B5EC2205460021B0
:1083600020F0E4F9102105F127000CF0D9FD0446B6
:1083700048B9052128461CF034FEFCF719FD034BD3
:108380001860204638BD0824FBE700BF68CA0020FB
:1083900070B50E4686B00446FFF784FFF36804F11B
:1083A00037020546114603F1100053F8046B41F8FB
:1083B000046B8342F9D1237A052B40D8DFE803F020
:1083C000172323033F6502AB45490093096804F175
:1083D000270304F1570001F06DF880BB0A21201D2E
:1083E0001CF0FFFDEB680299D4F8EC00984720469A
:1083F0000D211CF0F6FD201D10211CF0F2FD204681
:108400001CF047FE19E094F8DC10D4F8D83002AD27
:10841000CB403349009503F00103096843F0800322
:1084200004F157001DF0E7F948B91022294604F17C
:10843000170020F083F920B1042006B070BD082099
:10844000FBE7032120461CF0CCFD1CF022FE002897
:10845000F3D194F8DC300133DBB2142B84F8DC3038
:1084600009D10D2120461CF0BCFD1021201D1CF05F
:10847000B8FD0020E1E7102104F127000CF050FDC9
:10848000003818BF0120C000D7E7102104F12700F1
:108490000CF046FD0028D2D105B32B69F3B1114B86
:1084A000E27A1B88ADF80830A37CD20703F0010301
:1084B00012D4002B14BF012303238DF809300023AD
:1084C000C4E93833201D0C211CF08BFD2B69D4F836
:1084D000EC0002A99847CCE75B00EEE70220ACE78E
:1084E00068CA00207090030073B5047A022C054618
:1084F00023D844B190F8DC30D0F8D840DC4004F008
:10850000010444F08004032128461CF0A3FD064624
:10851000A8B110210C3019F03BFA00900F48234607
:10852000006805F1270205F157011DF064F90446C2
:1085300050B13046F9F70CFC01E0032C02D00820C2
:1085400002B070BD0024DEE7314628461CF032FD43
:10855000281D21461CF01DFD2046F1E768CA0020B9
:10856000F8B50446FFF79EFE251D06460E21284657
:108570001CF0E5FC48B94C4B2022196804F1570067
:1085800020F0DCF808B90820F8BD0C2120461CF0CA
:1085900061FD07460028F6D040210C3019F0F8F9AB
:1085A000414B1B680246014603F1200053F804CBFF
:1085B00041F804CB8342F9D1203203F1200153F872
:1085C000040B42F8040B8B42F9D1394620461CF0CB
:1085D000F1FC237A052BD6D801A252F823F000BF74
:1085E000F98501007D86010025860100F9850100DD
:1085F000878501009D860100042120461CF0F1FCC6
:10860000FFF772FF0028BFD1284607211CF0E9FCC4
:108610000820FFF739FE002843D12046BDE8F84086
:10862000FFF784BE2046D4F8EC70FFF73BFE042130
:10863000064604F1D8000CF073FC0028A3D1D4F84E
:10864000D8301A4AB3FBF2F102FB1133C4F8D83028
:1086500084F8DC0056B1736843B10B2128461CF046
:10866000C0FC7368D4F8D8103846984703212046D8
:108670001CF0B7FC0E211CF0B4FCC5E7204603211A
:108680001CF0AFFC0E211CF0ACFC28460A211CF0AB
:10869000A8FCB368D4F8EC009847B5E7042120465D
:1086A000E9E7002070E700BF68CA002040420F00E1
:1086B00070B50E460446FFF7F5FDF36804F1570563
:1086C0002A4603F1200153F8040B42F8040B8B42B5
:1086D000F9D104F1770203F1200153F8040B42F8B9
:1086E000040B8B42F9D12846FCF7D0FA28B30E21AF
:1086F000201D1CF076FCD4F8EC50D5F8A03033B92E
:10870000287A05F1700100F073FCC5F8A000D5F8D7
:10871000A03043B90F4B1D68B5B9201D06211CF0D0
:1087200060FC284608E0DA8902F02402002AF1D031
:108730005B7B9B07EED4032070BD2846FCF7B2FAA2
:108740000028E7D10A20F7E72046BDE87040FFF790
:1087500007BF00BF68CA002038B512490446A0F11F
:10876000EC0554301FF063FD28461CF0E7FDBFF315
:108770005B8F0D4A04F1840353E8001F43E8002097
:108780000028F9D1BFF35B8FBFF35B8F88344FF0C4
:10879000FF3354E8002F44E800310029F9D1BFF33A
:1087A0005B8F38BD39560300F00F002038B5174BEA
:1087B0001B78054623B301F00F042846FFF790FD10
:1087C000134A03280CBF04F00B0444F0040405F51D
:1087D000BA731278BFF35B8F53E8001F013103D1E6
:1087E00043E800200028F7D1BFF35B8FBFF35B8F16
:1087F000D5F87431BFF35B8F2BB144F0010038BD65
:1088000001F00704D9E704F0FE00F8E7B505012000
:10881000090800202DE9F3410D46D0F8EC7004461C
:10882000FFF740FDED68EB78102B03D0062002B077
:10883000BDE8F081D7F8A0305BB1261D0F2130468E
:108840001CF07DFB80B92046FFF786FD60B1C0B209
:10885000EDE7387A07F1700100F0CAFBC7F8A00015
:108860000028EAD10820E2E7012363722B68C4F8EC
:108870000A30AB88E38102232374A9782046FFF7EE
:1088800095FFE0742046FFF72BFD102360742375DD
:108890002B7903F0030363756B7903F00103A37570
:1088A000E37C1A070CD5AB781B0709D505213046A8
:1088B0001CF097FB637D03F0020363750023A3752F
:1088C000052130461CF03BFB002845D05B4B1B7854
:1088D000A374E37C980606D5AB78990603D51421DA
:1088E00030461CF07EFBE37CDA0737D5AB78DB073C
:1088F00034D50D2130461CF074FBA37D84F8E8309C
:10890000637D84F8E930032130461CF06AFB237B49
:10891000E17C95F8008003EA0102100704D5E27AB1
:10892000A07C0243D2071DD4B8F1040F1CD80B431E
:1089300013F0040307D02046FFF7D2FC404B08EBAE
:10894000880843441B5C2372D7F8A01020461CF013
:10895000FFFA58B903206AE73A4BB8E7002363757A
:10896000A375CAE70523EEE70023ECE7D4F8EC3063
:108970009B7A032B5DD04BD8013B012B3FF672AFA6
:10898000052130461CF0DBFA0028E3D02046FFF733
:1089900089FC0346D4F8EC00FBB11A68EAB12A78E6
:1089A0008DF800206A788DF80120AA788DF80220D1
:1089B000EA788DF803202A798DF804206A798DF8F9
:1089C00005201B68694698470138C0B2082804D8BA
:1089D0001D4B185C00287FF42AAF0C2120461CF0A8
:1089E00000FB02211CF036FB054600283FF43AAF9D
:1089F00006210C3018F0CCFFD4F811300360B4F825
:108A000015308380294620461CF0D4FA00200EE75A
:108A1000042B7FF427AF237D627B934228BF13464C
:108A2000102B7FF403AF052130461CF088FA002894
:108A300090D0237A002BA3D18CE700BFB70501208B
:108A4000C3BE0300B6050120ABBE03002DE9F04113
:108A5000C678012E044604D06FF015042046BDE808
:108A6000F0811CF065FA0546002800F0AB80071D78
:108A7000042138461CF063FA002840F0A680032148
:108A800038461CF05CFA10B16FF00F04E6E731468F
:108A900038461CF054FA0028F6D12846FFF702FCAD
:108AA000D5F8EC309B7A032B064642D032D8013BF6
:108AB000012B48D90F21201D1CF041FA0028CBD1F1
:108AC000D4F8A03083B904F17006217A3246202010
:108AD00000F05EFBC4F8A00030B9217A32460420D1
:108AE00000F056FBC4F8A000D4F8A030002BB3D09F
:108AF000DA8912F0240FAFD0A17A022923D9587B4A
:108B0000C007A9D503291ED09206A5D51B7B102B23
:108B1000A2D118E0042BCDD12846FFF7E1FB0328B2
:108B200004D1002EC6D03369002BC3D0284B1B784C
:108B300007E02846FFF7D4FB032804D1002EB9D064
:108B40003369002BB6D0D4F8A0303BB12846FFF7EC
:108B500003FC044670B16FF068047FE7207A04F1EB
:108B6000700100F045FAC4F8A0000028EED16FF0C3
:108B70000B0473E70B2128461CF06CFA064600280C
:108B8000E9D001210C3018F003FF09218046284666
:108B9000FFF70CFE234688F800002246314605F117
:108BA000EC001AF006FC044618B13046F9F7D0F88C
:108BB00054E738460F211CF014FA012128461CF016
:108BC00010FA4BE76FF07F0448E76FF0040445E7C5
:108BD000B5050120F8B5D0F8EC40D4F8A030064631
:108BE000051D43B9022128461CF0A9F909270028D0
:108BF00051D11F214BE081BB0D2128461CF09FF96C
:108C0000074620B1D4F8A00008B11CF0D4FD364BC3
:108C10001B689BB11D6805B10C3D53F80C3C13B1AA
:108C20003946204698474DB12B46ED681B681DB16B
:108C30000C3D002BF4D1F7E7002BF1D130461CF0AE
:108C40007DFB637B072B4DD1627AA37A9A4249D090
:108C50002046BDE8F840FFF7F9BE0139C9B20E2938
:108C600098BF224A1B7B94BF575C092723BBD4F8CB
:108C7000A0001CF08DFD0023C4F8A030022128467E
:108C80001CF05DF938B9072FB3D8194BD95D3A46B6
:108C90002046FCF77BFE032128461CF050F90028F3
:108CA000CCD0114B1B68002BC8D01D6805B10C3D02
:108CB00053F8083C4BB90BE0022128461CF03FF961
:108CC0000028D4D1DAE70C3D23B139462046984735
:108CD000002DB3D02B46ED685B68002DF3D1002B3F
:108CE000F3D1ABE7F8BD00BFDCC80020B4BE030081
:108CF000A3BE0300124B10B5044618604FF0FF32BC
:108D00004FF0FF330F4814F02DFC0F4814F0E0FF34
:108D10000C4814F09FFC04B910BD0C4CBFF35B8FE2
:108D200054F80439BFF35B8F5B06F5D52046FFF797
:108D300017FC01460028EFD020461CF097FBEBE71C
:108D400068CA00201C05002030050020F40F002018
:108D50002DE9F0410B8A04460E46B3B3012106F11A
:108D60000C0018F046FEA4F1EC05E83C074604218F
:108D700020461CF0E4F840BB39780E2925D8DFF8EE
:108D8000508058F8313023B9072128461CF06EFB7B
:108D90001BE028461CF0A7FA30B9032120461CF03E
:108DA000CEF890B10821F0E73B78318A08EBC30296
:108DB0001279914201D00A21E7E7314658F8333061
:108DC0002846984701460028DFD10020BDE8F08101
:108DD000889A03002DE9F34190F8E930CF68D0F884
:108DE000EC6023F0020380F8E9303B78044623B1BD
:108DF000BB7903F0C003C02B70D106F170080722C5
:108E0000394640461FF09AFC88B1307A394600F066
:108E100037FA054658B1014620461CF099F818B9B2
:108E2000082002B0BDE8F08128461CF0B1FC0D21FD
:108E3000201D1CF084F800283CD0317A42460220E4
:108E40001CF092FC05460028EAD0F378002B3ED1B6
:108E500006F17E031878012825D19A7902F0C00224
:108E6000402A20D1D3F80120C5F83A20B3F80530C4
:108E7000EB8796F87030B3B196F8763003F0C00304
:108E8000C02B10D017496A46CDE90087FCF7B4FA29
:108E90003B68C5F80130BB88A5F80530BB79EB719C
:108EA0003046FCF76DFC2846FBF7F0F8C0B92846C1
:108EB000FBF7FCF894F8E9305B0703D50A2120465C
:108EC0001CF08FF8B4F8E81021B10020A9E706F1F2
:108ED0007703BFE72046FFF77DFEF6E70A20A0E70D
:108EE00003209EE7135303002DE9F0410546A0F14E
:108EF000E80604460F463046012155F8EC891CF07F
:108F0000F2F9002859D0CFB1032130461CF017F8F0
:108F1000002852D03846FAF73FFC0138C0B2082882
:108F20009ABF2B4B1C5C0024022130461CF059F8E0
:108F300021462846BDE8F041FFF74CBE98F80B30BB
:108F4000002B3AD0032130461BF0F9FF20B9284608
:108F5000BDE8F0411CF0F2B9052130461BF0EFFFEF
:108F6000B8B114F8043C1F0707D514F8033C1807E0
:108F700003D5112130461CF034F814F8043C23F0DA
:108F8000080304F8043C14F8033C23F0080304F835
:108F9000033C14F8033CD90711D5062128461CF0E0
:108FA00020F8022130461CF01CF82368D3F8A030CA
:108FB0001BB134F8041C0029BBD0BDE8F0819A072E
:108FC00001D50821EAE75B07EBD50A21E6E700BFF8
:108FD000ABBE030008B5044B044801221A70FBF72E
:108FE0009BFE002008BD00BFB5050120380500200C
:108FF0002DE9F74FDFF80C81DFF8F89007460D46B2
:109000000026042418F8013CBB420BD129464046F7
:109010001CF0A0FB30B13648442303FB060003B02C
:10902000BDE8F08F042C06D1494640461CF092FB67
:10903000002818BF34460136042E08F14408E1D157
:10904000042C2B4E40D14FF00008DFF8BCB0B146E5
:109050004446C2466A4659460F208DF800A08DF856
:109060000180FCF7C9F99DF8003033B93CB3D9F859
:109070004020236C9A4238BF4C4608F10108B8F1F1
:10908000040F09F14409E5D1BCB1D4F80100B4F8EA
:109090000520E379009069462078ADF8042004F1BA
:1090A00001088DF80630FAF755FB124940461CF0CE
:1090B00051FB10B1A41BCC2C03D90020AFE74C46C8
:1090C000DBE70D4BA4105C4344235C433019375558
:1090D00001342A6832513319AA889A80AA799A7180
:1090E000064A1368013313600364054B186096E762
:1090F00074CA0020FDBB0300F1F0F0F070CA00203C
:109100006CCA002075CA0020BD9201002DE9F34110
:109110000E4C05460E46174604F58878E3897BB168
:109120002378AB420CD1D4F80100B4F80520E379E0
:10913000009039466846ADF804208DF80630B047F7
:1091400044344445EAD102B0BDE8F08174CA00203D
:109150002DE9F041084C05460E46174604F588787F
:10916000E3892B4202D039462046B0474434444577
:10917000F6D1BDE8F08100BF74CA002008B50349EC
:1091800000220220FFF7E4FF002008BD655703001E
:109190002DE9F0410E4D06460F4690460024B5F8E5
:1091A0000D3033420CD015F8013CBB4208D141468A
:1091B00028461CF0CFFA18B106482044BDE8F081DB
:1091C0004434B4F5887F05F14405E8D10020F5E783
:1091D00075CA002074CA00202DE9F0410B78012BDC
:1091E00007460D4602D00020BDE8F0818B7903F0E0
:1091F000C003402BF7D11F4E002401F1010836F8BF
:109200002C3C9A070CD516F83A3CBB4208D10622F2
:10921000314640461FF092FA10B917482044E3E760
:109220004434B4F5887F06F14406E8D1134E002497
:1092300036F81C3C9B0716D516F82A3CBB4212D1C7
:1092400005F101084146304618F0C3FE58B10A4BFB
:10925000D5F8010004F13A02D1189850B5F805206C
:109260008A80E018C0E74434B4F5887F06F14406EC
:10927000DED1B8E7AECA002074CA00209ECA002022
:10928000F8B50C4D06460F46002415F8013CB342D4
:1092900007D1394628461CF05DFA10B10648204433
:1092A000F8BD4434B4F5887F05F14405EDD10020C4
:1092B000F6E700BF75CA002074CA002038B5427BAB
:1092C000072A0C4611D1057A19F06CFF0146284691
:1092D000FFF7D6FF48B16378044A03EB031302EBB0
:1092E0008303984204BF0123237038BD74CA002051
:1092F000F0B5064693B014461846002E38D03822F2
:1093000004A9A047041E33DB02A9304618F08BFEE7
:10931000054668BB01A9304618F04FF9019808BB13
:109320004CB302A90020FFF763FE0246002840D09C
:10933000382C30D0342C2BD104AE00F10C0310AFFC
:10934000344603CCBC4218605960264603F108033A
:10935000F6D120681860184B126C19688A4214D92B
:109360001A6012E00A22294615F068FB0028D7D0BF
:109370006FF0150509E002AA21463F20FFF708FF1C
:1093800018B1442221461FF0D1F9284613B0F0BD90
:109390001CF0FEF9ECE704AB00F10C0612AF1C4622
:1093A00003CCBC4230607160234606F10806F6D15A
:1093B000D1E76FF00B05E8E770CA002008B5FFF7AA
:1093C0005FFF48B1054A1368834205D00449106025
:1093D0000B6801330B60036408BD00BF6CCA00203A
:1093E00070CA00202DE9F0479AB01D46DDE92397A9
:1093F0002E4B16460CAA84468A4603F1300E904640
:1094000018685968144603C4083373452246F7D1D7
:1094100018681B79206023716146202204A81CF083
:10942000D2F923486B46202204A900F071F80446C3
:10943000C0BB102251460DF135001CF0C4F91022BA
:1094400031460DF145001CF0BEF92946062211F8FF
:10945000013B8DF855300DF156001CF0B4F92299FE
:10946000062211F8013B8DF85C300DF15D001CF017
:10947000AAF94B4635224146684600F049F80446B1
:1094800080B948461CF0A9F901238DF83030352207
:109490003B464146684600F03BF8044610B9384662
:1094A0001CF09BF920461AB0BDE8F08772900300CB
:1094B000E4BE030070B598B00E4614460146202263
:1094C00004A81D461CF07FF9202231460CA81CF090
:1094D0007AF91022294614A81CF075F910222146A9
:1094E00068461CF070F96B46502204A9184600F03B
:1094F0000FF840B9039B054A1BBAB3FBF2F102FB1C
:1095000011331C9A136018B070BD00BF40420F00A9
:109510002DE9F0418CB007460C4615460021142277
:1095200007A81E461FF002F94FF41053DFF85080D1
:10953000ADF818308023ADF81A304FF44063CDE910
:109540000838102204AB394606A81DF045F920B1B1
:109550006FF004000CB0BDE8F08105AB029310235E
:109560002246CDE9006341462B4604981DF066FA79
:10957000044604981DF05FF82043EBD0E8E700BFF5
:109580000002C00300F1070C2CF0030C10B4541EB1
:109590001860A4B2ACF80020023A93B201FB04F2C6
:1095A0004FF0000C40F802C074B103FB011403FB40
:1095B00001F22044121B4FF6FF7C013B9BB2634536
:1095C0008050A0EB0100F8D15DF8044B704700BF5C
:1095D0000346006810B102680AB91A60704700F1CA
:1095E000070C2CF0030CD11DBCF800C021F00301C6
:1095F0000CF1FF3CA1F800C0EFE700BF0B687BB1A6
:10960000073323F003031A88013292B20346D1F8DC
:1096100000C043F807CB23F003031A8008607047AB
:109620000122F3E702FB0100704700BF401A90FBE4
:10963000F2F080B2704700BF531E11449BB242B19A
:10964000DB430138CA1811F8013D00F8013F91428F
:10965000F9D17047014402E010F8013B1BB9884280
:10966000FAD1002070470120704700BF10600860E9
:10967000704700BF0A6803460068904205BF002299
:109680000A6000201A60704710B4146820601468E3
:1096900061605DF8044B1060704700BF884203D0E2
:1096A0001AB1436813607047002070470B6883420B
:1096B00009D02AB1586810601A680A6018467047C5
:1096C000002BF9D1FAE70023F8E700BF2DE9F041BC
:1096D000DFF834800B4E0C2706F130044546221D7E
:1096E000214628460C3CFFF7C1FFA642A5F108051C
:1096F000F5D1043F3B1DA8F12008A6F13006EBD1BF
:10970000BDE8F0818CCC002000CC002010B40346D2
:109710008C46A2B101EB4101154803EB430409015A
:1097200001EB84010144487A0C7AA04204BF013065
:1097300008725DF8044B614618460EF04BBA01EB17
:1097400041020B4C120100EB400302EB8303234464
:109750009C7ADA7AA24202D05DF8044B704701325B
:109760009A72044B01225A545DF8044B0EF08ABAE7
:1097700008CC002084CB0020F8B506461C460D46D8
:1097800002B322786378D21A12F003023AD1274F3B
:1097900071004FEA450C3144AC44890001EB0C11D7
:1097A00001330431DBB27A18606823702146FFF779
:1097B0006BFF1F4B0122294630465A550EF062FAC4
:1097C0000020F8BD0EF048FA0028DAD029463046CD
:1097D0000EF020FA0028D4D005EB450206EB460136
:1097E000124F6378120102EB81023A447100907AC1
:1097F000D27A90424FEA450C0CD02078C01A10F073
:109800000302C8D0012A03D00133DBB22370D0E7B2
:109810001046F8BD2278D21A920702D00233DBB28A
:109820002370D4E902039847CAE700BF08CC0020A0
:1098300084CB00202DE9F04FDFF8649119F8003057
:1098400089B0002B5AD0DFF85CA13C2204234FF0F2
:10985000000B00EB400712FB00330324CDE904BBEF
:1098600009F800B00AEB0717039302948346B84641
:109870000023B96A58F8240F079307AAFFF70EFFD1
:10988000044607AAB4B1079D2E786978761A06F0C7
:109890000306012E35D02B78591A01F00301012956
:1098A000DBB23DD1D7E90901FFF7F8FE044607AA6C
:1098B000002CE8D197F82E3097F82F209A4203D049
:1098C00087F82F300123049397F82C3097F82D2038
:1098D0009A4203D087F82D3001230593029B5D1E29
:1098E000EBB2FF2B0293A7F10C07C0D1049AD84624
:1098F000DDF814B012B1BBF1000F45D009B0BDE8DE
:10990000F08F01396970079BD3E902039847079DDF
:109910002A786978D3B2521A02F00302012A21D0C0
:10992000B86A019300224146FFF7C0FE6C60019BBC
:109930006A786B702B789B1A03F00303012B08D015
:10994000D7E9090107AAFFF7A9FE012E044698D11D
:109950000EE0039B6A70294620460AEB0302FFF7DC
:1099600093FEEDE7D7E9090107AAFFF797FE044642
:10997000029B8BB101235946584609F80B300EF073
:1099800081F909B0BDE8F08F5A464146404609B01A
:10999000BDE8F04F0EF01EB9002C8BD0EAE700BFF7
:1099A00084CB002008CC00204B1EDBB271B1411EDD
:1099B00000EB030C002011F8013F23B15A1E0130C7
:1099C0001340C0B2FAD16145F5D1704708467047DF
:1099D00030B5037E0568FF2B14D003EB43028B42A6
:1099E00005EB021227D04FF0000C01E099420BD09A
:1099F0009E4613789468FF2B03EB4302A44405EBC7
:109A00000212F3D1002030BD714517D00FFA8EFE3F
:109A1000137890680EEB4E0E4FEA0E1EFF2B05F8E2
:109A20000E3006D003EB430305EB03139A680244A0
:109A30009A60604430BD9E464FF0000C1378037668
:109A4000E4E700BFA2EB010C1CF4000F10B4836824
:109A500044690BD12CF07F4C6344A3420ED8E41A26
:109A60000023446183605DF8044B7047891A21F03C
:109A70007F418B4209D95B1AA342F0D91B1B0024FA
:109A8000446183605DF8044B70470C44E41AE7E7D7
:109A90002DE9F843284DBDF82C7004464FF02C0EEC
:109AA0000EFB045E084604EB840104EB4104DEF87F
:109AB000041001EBC00605EB8405F47811F8308042
:109AC000717804F1010C5FFA8CFCE04598BF4FF00F
:109AD000000C61452DD0716804EB44044FEA041971
:109AE00001EB04144FF0040801F809806360089B3F
:109AF000A360099BE3600A9B23610C9BA361119BFC
:109B000063620D9BE3610E9B23620F9BA362109B1C
:109B1000E36202236270A782A37086F803C0DEE9C5
:109B2000083698472B4641460022B047A078BDE84A
:109B3000F8830120BDE8F883C8CC00202DE9F04F60
:109B40000346407AD3E9004587B0002800F0FE8044
:109B5000421ED2B205EBC2029A468B46039205958D
:109B60002346039A516856780491BBF1FF0F66D0E3
:109B70000BEB4B044FEA0418CDF804B013F808B00F
:109B800003EB041400254FF0FF0C84F800C0DAF852
:109B900000709AF8182007EB08096245D9F80810F8
:109BA00018BF02960ED1CBE0091A06D1B9F81E8073
:109BB000BEF81EE0F04500F2B780B85DFF2894467D
:109BC0006DD0024602EB420607EB061E3601DEF8B8
:109BD00008008842E8D9029EC9F80810BCF1FF0FBE
:109BE00089F8002064D00FFA8CFC0CEB4C0C4FEA87
:109BF0000C1C019807F80C00FF2A06D002EB420269
:109C000007EB0217BA68521ABA60A2780132627082
:109C1000002DAAD0AA6A4FF000012970A97022B1C4
:109C2000E96A019300209047019B6268002A9CD159
:109C3000AA6A2262EA6A6262BBF1FF0F98D1039AB4
:109C4000049F9278994606EB4601701CB2424FEA97
:109C5000011CC6B207EB011569D0039B17F80C1065
:109C60001878B04208BF00260429ECD16A7802EBCC
:109C7000420809EB0814012094F801E0A1788E4510
:109C80004FEA081818D04FF0000307F80C30AA6A02
:109C9000A8700AB1E96A9047039B9A78D3E7024615
:109CA000BCF1FF0F029EC9F8081089F800209AD174
:109CB00001988AF818009FE70192AA8ADAF814102E
:109CC0004FF6FE7082424B4607D04FF6FF70121AD5
:109CD000B2FA82F2520984F82C206A6AA262EA6817
:109CE00062602A690293002363622262AA8A4FF6A5
:109CF000FD739A4288BF0022A283AA69A261EA6921
:109D0000E2602A6A2261AA68A260002363616A682D
:109D10002046FFF797FEE2784FF0000342F0010281
:109D2000E383E270029B2EE7029E014654E703990B
:109D3000059881424B46A1F1080207D0039210E733
:109D400007F80820019A8AF818205EE707B0BDE8F6
:109D5000F08F00BF2DE9F04F447E01238FB0837652
:109D6000002C40F0B480037EFF2B814600F0AE80D3
:109D70000DF080FAD9F81420D9F81C3099F8188021
:109D8000D9F800A0801A20F07F45AB4294BF002391
:109D90000123B8F1FF0F0493A34676D0059408EB96
:109DA00048080AEB08144FEA0818A368AB426BD8BE
:109DB000A0781AF80880ED1A9B4463781B1ADBB26E
:109DC000012B5ED1A26AA3690393002A00F0F08000
:109DD0001668002E7ED0002B40F08F80049B002B55
:109DE00000F00B8104230393137A590700F0FA80E3
:109DF000137A6FF302031372E78B94F82C207B1C09
:109E00009BB2E383002A74D0A28B9A4271D2A26AD9
:109E1000002A00F04B81137A03F00703012B68D06E
:109E20000126002351685360A36A1A7A002060F368
:109E300002021A72A078E7680138A0700FB3636954
:109E4000D9F8142094F803C0ABEB0303134423F0B8
:109E50007F40626A23690CF0010C002E40F0B9804B
:109E6000B4F81EE0CDE900C37346B847039BE68310
:109E7000002B049B18BF01230493E37866F30003CF
:109E8000E370B8F1FF0F8AD1059C99F80B3099F86F
:109E90000A209A4208D10132D2B2022A1ABF1446CD
:109EA0002346002389F80B4009EB83030022C3F803
:109EB0000CB0D9F8244089F81A204B46012204211D
:109EC0000320A4460FB0BDE8F04F604784760FB082
:109ED000BDE8F08F039B002B68D0049B002B87D13B
:109EE000D9F81C305B4583D8B8F1FF0F11D1049E1F
:109EF00097E7A378013BA370C3E7049B002B7FF493
:109F000073AFD9F81C309B45FFF46EAFB8F1FF0F6B
:109F100049D0039BE78B07939C46A38B6668BB42A3
:109F20009CBFFB1A99B208EB480388BF39460AEB7D
:109F30000313089301FB06630693089B9968079B2C
:109F40008B422ED3CDE90C70089BCDF820C0DDF8F4
:109F50001CC0CDF81C90DDF80C90CDF82C80CDE91C
:109F6000095B8E46A346B0461446986A9A6910B1BA
:109F7000006800284FD1002A4DD11B78FF2B07D055
:109F800003EB43030AEB031399688E44E645ECD9CF
:109F90002246DDE9079C5C46DDE9095B0D98DDF8AA
:109FA0002C80CDF80CC0002A00F09780002638E7FE
:109FB000039BA3B1049B002B7FF41EAFD9F81C3088
:109FC0009B45FFF419AFB8F1FF0FA2D104990E46DB
:109FD00031E7CDE900C34FF6FF73B84751E7039E61
:109FE000002128E7A08BE18B88423FF601AF0121D9
:109FF00061F302031372E78BFFE6D9F81C305B456F
:10A000003FF6F0AEB8F1FF0F53D04FF0040CE78BE2
:10A01000CDF81CC081E7DD8B9F8B5E68BD422AD2E4
:10A02000002E41D1002CA8D0304626682EB1B9F1BF
:10A03000000F02D1724496423FD2BD429DD3DA78DE
:10A040009BF8031002F0010601F00105AE4204D8AE
:10A050004A40D50791D400288FD02246DDE9079CDD
:10A060005C460C9FDDF82C80DDE9095B002A32D1CB
:10A07000CDF80CC0C1E69EB1E81B80B2B8F1000F6C
:10A080000AD000FB0660401A069981422CBF0020CE
:10A090000120002CC9D1D0E74046002CC5D1CCE727
:10A0A000002CC1D12046CAE72846E7E7A078012660
:10A0B00096E70423049E0393B3E62246DDE9079C5A
:10A0C0005C46DDE9095BDDF82C80CDF80CC0002E84
:10A0D0003FF48EAE88E61668F7E716461146AAE604
:10A0E0002DE9F04F8FB0837E0090002B40F0A982C5
:10A0F000437E0C93002B7AD10098837AC27A012197
:10A1000041769A424169079100F00E840133DBB237
:10A11000022B00990ABF0C9A1A46134601EB8202E1
:10A120008B72D368079A0593D31823F07F434B6152
:10A1300001230B93009C267E0DF09CF8677A236820
:10A1400001937B1E65680490DBB2002F00F0FB8456
:10A1500005EBC30A0027FF2303930D960897DAF84F
:10A1600004B04FF000092F469AF803009AF80280D5
:10A170000FFA88F404EB440408F1010340454FEA68
:10A180000416DBB20BEB041400F010819AF80020E7
:10A190009A4208BF00238AF802301BF80620617833
:10A1A000042A3AD9019801EB410300EB0315082A70
:10A1B0004FEA03130293A8786B7822D81B1A13F086
:10A1C000FF032CD1062A1CD1009BDB7E8B4251D091
:10A1D0000BF80690A36A84F80290002BC4D00020EC
:10A1E000E16A98479AF803009AF80280C0E7446A47
:10A1F0000421034601220420A4460FB0BDE8F04F1D
:10A2000060470BF806904FF00103A370A36A002B80
:10A21000AAD0E16A01209847A6E79846A8E7052A50
:10A220001FD162684AB9A2683AB9E2682AB92269BC
:10A230001AB9626932F07F42E3D0012B1CD0009B37
:10A2400004215C6A3D4601220846A0470123AA4535
:10A2500008938AF80280AAF1080300F0AD809A46BC
:10A260007DE7012B00F0A381062AE8D1009BDB7E6D
:10A270008B42ADD16168BCE1DDF800804046FFF75C
:10A28000A7FBA860D8F81410049B059A5B1A23F06A
:10A290007F431344984240F2C481C01A6B68002B7C
:10A2A00052D0A38A002B4FD0013B9AB2A282D5F89C
:10A2B00004C0EB8B604523D90CF101080697099186
:10A2C0001AE06A6ADFF814E2834996448E4584BF37
:10A2D00002F1E87202F5D4324746296A94BF674614
:10A2E00002F5A572013BC01B521A9BB260456A621F
:10A2F000EB8340F21D82A28A9342E2D8069F09991D
:10A30000934220D2CDE909710CF10102D5F820E089
:10A3100006926A6ADFF8C4816F49724490448845A6
:10A32000674606D8A2F1E872A2F5D432069FA2F5DC
:10A33000A57201339BB26A62EB83A28A9A423844C7
:10A34000E7D8DDE90971AA8363680344AB60A268BA
:10A350006B69A86A13446B6128B103681BB1D4E927
:10A3600001329B1A4360049A2846FFF76BFBE268B0
:10A37000AB691344AB61226993428CBF9B1A0023E3
:10A38000AB61A37D1BB1EA7863F30002EA70E37D61
:10A3900013B1013B85F82C30DDE901320399995462
:10A3A0006B786278039201336B7011E73D46AA45E2
:10A3B000AAF108037FF453AF0D9E089F009A0B9BF0
:10A3C00092F818B0BBEB060518BF0125002B00F072
:10A3D000B881049B0799D2F800805B1ABBF1FF0F8C
:10A3E00023F07F495DD04FF0000A0896CDF804A015
:10A3F0000695C2461646C846DDF8149005970BEB45
:10A400004B050AEB05142D01A2684A4500F2718341
:10A41000019BA178E08B1344019363785B1AF16987
:10A420008A4234BF891A0021A9EB0209A8EB02086D
:10A4300024BF4FF0FF32F276F161A16ADBB200294E
:10A4400000F06C810A68A769002A00F05481002F8F
:10A4500040F05481022B00F047830022A2601AF8DA
:10A46000052032766168002940F00B81A26A2AB18A
:10A47000127A02F00702012A00F0E6803BB1012BBC
:10A4800000D020B1236A13B1616A01209847A378F4
:10A49000637096F818B0BBF1FF0FB0D1069D089E0F
:10A4A000059F009C0B9B03995E4518BF1D462046E7
:10A4B000FFF744FBCDE90156D4F800B003974FF005
:10A4C000000C009B197EFF29084600F07C830D4696
:10A4D0004FF0FF0905E000BF592B177F5A2B17FFDC
:10A4E0001D462BB203EB43030BEB03161B01B26AB1
:10A4F0002AB1147A04F00704012C00F019821BF829
:10A500000330FF2BA946EBD1DDE90156039FBCF1D7
:10A51000000F00F01C818E4200F00483002F00F039
:10A5200045810846FF2800F05A83FF2E00F0428341
:10A53000009B1B6800EB400003EB0013D3F808B04E
:10A54000BBF1000F00F0EA820CF094FEDFF85482B9
:10A55000914F924EDDF800A00A250246DAF8143039
:10A560000192D11A21F07F418B4505F1FF3501F1B0
:10A5700003015CD959452CBF5B185B4423F07F492C
:10A580004846DAF8283098470CF074FE019AA9EB97
:10A590000203821A22F07F42033223F07F439A4261
:10A5A000044646D9002D00F0E6802246D6E7062A6A
:10A5B0003FF40AAEDDF800804046FFF709FAAB78B9
:10A5C000A8606B7098F81B2063789A427FF400AE05
:10A5D0001BF80630062B3FF44DAE009AFF23D376CE
:10A5E0001BF80630062B3FF445AE082B3FF442AE75
:10A5F0000499009B5A698B1A1D0209D4059A23F00D
:10A600007F4313440099CA699A4288BFCB61DFE552
:10A61000059B521A22F07F4293428CBF9B1A002363
:10A62000F0E76A6913441B1A6B61002036E60123C8
:10A630000C93009A00235376937E0C9A1A4340F0B1
:10A6400095800FB0BDE8F08FA378C4F808906370D0
:10A65000079B019A71699A1822F07F422046FFF702
:10A66000F1F9039B0AF805306378CDF80CB001339B
:10A67000DBB2637096F818B0BBF1FF0F7FF4BFAE8A
:10A680000CE7A36A23B11B7A03F00703012BDBD08D
:10A69000B4F81EC0BCF1000F4ED1B4F81CC0E646A1
:10A6A000481C0290D4E9087300220494704604E028
:10A6B00001388E46441C724412D0DFF8ECE0384C6E
:10A6C0003B449E44A645F3D8DDF808E0A3F1E873C7
:10A6D0000138A3F5D433441CA3F5A5737244ECD11F
:10A6E000049C94F82C006362002800F0F380A260C0
:10A6F000A4F81EC0ACE7002F3FF4AFAE022B7FF4EE
:10A70000ACAE00287FF4A9AE0A7A02F00702012A53
:10A710003FF4A3AEF76186F81BB09EE6A769002F51
:10A720003FF49BAE022B7FF498AE0028F2D094E663
:10A73000069F0999A28AE3E5A37863704FF0000EA3
:10A74000AEE7009C03992046FFF7F8F9217E8E4280
:10A750007FF4E4AE002F00F00F82009B002D40F04C
:10A760006E825D769B7E002B3FF46BAF009B0122D7
:10A770005C6A03213FE540F65B434246394630467A
:10A7800015F0ADFF85F31188BFF36F8F03231846D3
:10A7900002DF2246E2E600BFEC9D0300689B030057
:10A7A000592B177F009B03005A2B17FF009B5A7AE7
:10A7B0005C68531EDBB20125002A3FF4B2AECDE93E
:10A7C000075604EBC30301930694019B5E78DA7885
:10A7D0005B68B24218BF1D4667D036B206EB46062C
:10A7E000330105EB0616EB5C012B49D0022B51D14E
:10A7F000D6E901C133699CF80040D6F80CE0059316
:10A80000009BDEF80080D3F800905869FF2CD6E951
:10A8100005AB02D00B68834256D0009B4FF0000876
:10A820001C7E0860FF2C27D0CDE90256CDF810C061
:10A830005646F24609E0BA684244B04788B919F86A
:10A840000540BB68FF2C984438D004EB440509EB65
:10A8500005172046B9695B462D01002EEBD1002972
:10A86000EDD00599DDF810C0BB68DDE90256D6468B
:10A8700009B17A6A0A6098448CF80040CEF80080EA
:10A88000B36A4FF00002B27013B1F16A002098472A
:10A89000019BDA7801994E780B780136F6B2B34213
:10A8A00008BF0026B2424E7097D1019A06998A429B
:10A8B000A2F1080300F0D180019386E7DDE902569A
:10A8C000DDF810C0D646D7E704EB4404230119F89D
:10A8D0000340A7E790457FF60AAF8646481C0290E2
:10A8E000029C0995704605E08E4672440130904501
:10A8F00080B212D9DFF8B8E2A84D3B449E44AE4581
:10A90000F2D8A646A3F1E8737244A3F5D43301301C
:10A910009045A3F5A57380B2ECD8049C099D6362B1
:10A9200060441FFA80FCE2E60C9B0B93059301E464
:10A93000B1681C461346002940F00881D6F81880FB
:10A94000B8F1000F15D11A68002A40F0F880944A37
:10A950009449954840F6BD1315F0C1FE002383F3DA
:10A960001188BFF36F8F0323184602DFB26A4FF0DE
:10A970000408009BDB69181D53680493194613688B
:10A98000994280F0C080A3EB010C1BF80430FF2B30
:10A9900000F0B980C445C0F0B6804FF0000E0595B8
:10A9A000C24677460546CDF818903AE0A7F104096B
:10A9B000F144E14528BFE14608EB050084450DD38D
:10A9C000D1450BD3B06900283DD0107A00073AD4A6
:10A9D000B9EB080002D0A84280F02881886A20B133
:10A9E000007A00F00700012827D0886928B3496859
:10A9F00019B3B169BE44043000EB0E0509B3107AF7
:10AA00000007ACEB080103D58D4294BF2946002115
:10AA10001BF803300027FF2B22D008EB0E0AD44589
:10AA20001ED303EB43030BEB03111B0188680744A0
:10AA3000042FBBD84FF00009BEE71BF803300021FC
:10AA4000E9E72946E4E7002DC8D0A9EB0809A945A4
:10AA5000C4D32946DDE9055904E0DDE907567CE663
:10AA6000DDE90559049B0B4453601BF80400FF28E3
:10AA700018BF4FF0FF0E01D1C0E0184603B203EB40
:10AA800043030BEB031C1B01DCF808708F4280F0C2
:10AA9000D1801BF80330FF2B8646A1EB0701ECD1D8
:10AAA000FF28B16015D0B9F1FF0F1BF804106CD06E
:10AAB0000FFA89F303EB43031B010BF8031000B2F9
:10AAC00000EB400003011BF803100BF804100BF817
:10AAD0000350F38B013BF383137A022161F30203EA
:10AAE00013724FF0010CECE400287FF4B6AC04279D
:10AAF0000AE64B46D21A009BA260069D089E059F5F
:10AB000093F818B0CDE4049B53601BF80430FF2B7E
:10AB100008BF002172D00023B360DAE7009B83F8FE
:10AB200019B023E6002F7FF403AD009B5A7A5C68CE
:10AB3000531EDBB2002A3FF4FBAC65463FE61A46E3
:10AB40004FF0040815E7FF23039337E4144A17492D
:10AB5000154840F6B51315F0C2FD002383F31188A4
:10AB6000BFF36F8F0323184602DFD6F81880B8F1C1
:10AB7000000F0DD0B26AFCE6009B5A7A5C68531E47
:10AB8000DBB2002A7FF41BAEE7E5009B197696E75F
:10AB9000B36A002B3FF4DBAED5E600BF592B177F1D
:10ABA000009B0300889B0300689B0300409B0300FD
:10ABB0005A2B17FF0CF05EFB04460CF023FB009BA6
:10ABC000C8B1187EB4E4DDE90156039FBCF1000F63
:10ABD0003FF4BDADFF2E13D0002F3FF4E7AD0CF0D6
:10ABE00021FB0446B8B1009A00235376937E002BD4
:10ABF0007FF4BCAD25E5187E5C6199E4B16068E73F
:10AC0000002FECD1009B5A7A5C68531EDBB2002AFD
:10AC1000E5D06546D3E5009DE8610CF02BFB6C7632
:10AC20006861AB7E002B3FF40CAD9FE5DDE9055973
:10AC3000014617E77F1ACCF80870704630E7187E97
:10AC400070E400BFF8B5069E9DF81C50089CB8B98A
:10AC5000144F3A605A1E39727B727E60D2B273B161
:10AC600006EBC2025460114612F808398E4203EB1B
:10AC70004300A5EB030304EB0014DDB2F2D10DB1E8
:10AC80000120F8BD099B3B620A9B7B62FF240B9B62
:10AC9000BB623C760CF0EEFA7D817861FC76FD615A
:10ACA0002846F8BDC8CC0020044B2C2202FB003300
:10ACB000187A003818BF0120704700BFC8CC0020A8
:10ACC00010B40B4B2C2202FB0032546A64B100EB2F
:10ACD000800200EB420003EB8003A44601225DF8F2
:10ACE000044B0321022060475DF8044B704700BF0E
:10ACF000C8CC002010B58AB00C9C00940D9C019427
:10AD00000E9C0294BDF83C400394109C0494119C4A
:10AD10000594129C0694139C0794149C0894002498
:10AD20000994FEF7B5FE0AB010BD00BF10B4BDF81F
:10AD3000104004945DF8044BFEF7AABE2DE9F84FCD
:10AD4000294DBDF834609DF83880044608462C2112
:10AD500001FB045104EB840704EB470405EB840575
:10AD60004C6804EBC00E14F830909EF803409EF837
:10AD7000017004F1010C5FFA8CFCE14598BF4FF0C3
:10AD8000000C67459DF844902AD0DEF8047004EB6F
:10AD900044044FEA041A07EB04144FF0050B07F8BC
:10ADA0000AB063600A9BA3600B9BE3600C9B23616A
:10ADB0000F9BA362109BE36202236270A68284F859
:10ADC000168084F81790A3708EF803C0D1E9083676
:10ADD00098472B4600220421B047A078BDE8F88FA1
:10ADE0000120BDE8F88F00BFC8CC002010B588B0A6
:10ADF0000A9C00940B9C01940C9C0294BDF8344076
:10AE000003949DF8384004940F9C0594109C06947C
:10AE100000240794FFF792FF08B010BD2DE9F04120
:10AE20001E4D064608462C2101FB065E06EB8604F5
:10AE300006EB4404DEF8046005EB840706EBC0056E
:10AE400016F83060EC78697804F1010C5FFA8CFC3C
:10AE5000664598BF4FF0000C61451BD0696804EB54
:10AE60004404260101EB04144FF0070801F80680A2
:10AE7000A362069BE36202236270A37085F803C09D
:10AE8000DEE9083598473B4600220421A847A07810
:10AE9000BDE8F0810120BDE8F08100BFC8CC0020F2
:10AEA0002DE9F0411F4D064608462C2101FB065EA8
:10AEB00006EB860406EB4404DEF8046005EB840729
:10AEC00006EBC00516F83060EC78697804F1010CE7
:10AED0005FFA8CFC664598BF4FF0000C61451DD0B1
:10AEE000696804EB4404260101EB04144FF00808E0
:10AEF00001F806806360069BA362079BE36202235E
:10AF00006270A37085F803C0DEE9083598473B46B8
:10AF100000220421A847A078BDE8F0810120BDE807
:10AF2000F08100BFC8CC00200CF0A4B9401A20F07A
:10AF30007F40704701480021704700BF7F410100FA
:10AF4000022801D00120704738B5044608461D4646
:10AF500003F0E0FC10B10020287038BD204638BD59
:10AF6000002303700B70704738B5054600200C466F
:10AF700003F09AF970B93DB9074B44B120681860E5
:10AF8000A2889A80002038BD044B002CF6D11C60AA
:10AF90009C80F7E70C2038BDFCCC0020F4CC0020CE
:10AFA0000128034605D8044A0448002B08BF104670
:10AFB00070470020704700BFFCCC0020F4CC00207C
:10AFC00001280AD8064A074B002818BF13461868FC
:10AFD00008609A888A801846704700231846704790
:10AFE000F4CC0020FCCC002010B504460AF088FB0D
:10AFF00050B90BF003F8D0B90BF02CFC50BB204635
:10B00000BDE8104012F0A8BB1C4A1D491D4840F67F
:10B01000571315F064FB002383F31188BFF36F8F80
:10B020000323184602DF0AF0E9FF0028E4D0134AA0
:10B030001349144840F65C1315F051FB002383F3C9
:10B040001188BFF36F8F0323184602DF0BF002FC59
:10B050000028D4D0094A0A490A4840F6681315F076
:10B060003EFB002383F31188BFF36F8F0323184641
:10B0700002DF2046BDE8104012F06EBBE09B0300EB
:10B080001C9C0300689B03000860014812F064BB2D
:10B09000C4D8002012F060BB2DE9F84F89462A4D34
:10B0A00099F8003095F84010072B88BF0B469A425C
:10B0B0003ED05C1CE4B29246082C35F83320028066
:10B0C000834608BF002405EBC303002601274FF089
:10B0D00012081AE0012833D0C3F8048089F8004030
:10B0E00095F84030072C98BF23469A4521D01AB2D4
:10B0F0000133DCB235F83200BBF80010082C08BF71
:10B100000024884205EBC20313D1586860B1FF28C0
:10B11000E0D9027902F00302013A012A0CD9122285
:10B120005A6003F00FFCD9E701365F60F6B2D5E74D
:10B1300000263046BDE8F88F0136F6B20122EFE76F
:10B140000136F6B2CAE700BF30CD00202DE9F04746
:10B15000374F3B8898425DD913F0FF0528D0DFF8C0
:10B16000DCA0DFF8D0809AF81540DFF8CC909AF890
:10B1700014300134E4B2052C08BF0024A342404639
:10B1800018D0FEF725FA064648468EB1FEF720FA9B
:10B19000002841D006609AF815304AF823003B8811
:10B1A0008AF81540013D013B15F0FF053B80DED1DB
:10B1B000BDE8F0873B88002BFAD0DFF884A01D4D56
:10B1C0009AF80D401C4E4FF000080134E4B2032CF5
:10B1D0009AF80C3008BF0024A3422846E8D0FEF7B6
:10B1E000F7F981463046B9F1000FE1D0FEF7F0F9EA
:10B1F000C0B1C9F80480C0F800909AF80D304AF840
:10B2000023003B888AF80D40013B9BB23B80002B1A
:10B21000DBD1CDE70546A2E730460649BDE8F04759
:10B22000FEF7ECB948460349BDE8F047FEF7E6B93A
:10B2300098CD00209CCD0020F0CD0020D4D6002059
:10B2400078CD00202DE9F84F414B424FDFF80891AF
:10B25000DFF8FCB00422981824214FF00008A7F86A
:10B260001480FEF78FF93C4B042208219818FEF752
:10B2700089F997F814A07C7D04260134E4B2052CEA
:10B2800008BF0024A245484613D0FEF7A1F90546A1
:10B29000584675B1FEF79CF9002854D0C5F80480D3
:10B2A00005607B7D47F82300013E16F0FF067C75A4
:10B2B000E3D12A4B0822181D4FF48E71FEF762F974
:10B2C000274B0A22181D0821FEF75CF92448FEF7D7
:10B2D0007FF90446C8B1234A2046111FFEF7C6F97C
:10B2E0001F48FEF775F90446F0B11F4A2046111FAA
:10B2F000FEF7BCF91D4B0622FF201A80FFF726FF40
:10B3000008F0D6FD0020BDE8F88F194A19491A48FF
:10B3100040F6321315F0E3F984F31188BFF36F8F11
:10B320000323184602DFD6E7114A1249124840F6B5
:10B33000391315F0D4F984F31188BFF36F8F032309
:10B34000184602DFD1E704492846FEF757F9B0E76F
:10B3500010D70020A4D70020ECD60020F0CD00208C
:10B360009CCD002094CD00208CCD002098CD0020D5
:10B37000E09B0300D8A00300689B03002DE9F04F79
:10B38000DFF89882DFF88492DFF888B2DFF8A4A2B1
:10B3900087B0D8E9000103AAFEF780F90546002826
:10B3A00034D0039C002C71D0207804AA02A903F0A9
:10B3B00039FF0446002855D0DDE90313BDF8082005
:10B3C0000F78ADF80A20059305AE0DF10A0503F0DC
:10B3D0003BFF2146059ABDF80A0003F07BFF20469B
:10B3E00003F0FCFE32462946384603F01BFF0446B4
:10B3F0000028ECD1D9F8000012F0AEF9D8E900012C
:10B4000003AAFEF74BF905460028CAD104AA02A9EF
:10B410000DF1070003F0EEFE0446002846D0049B21
:10B4200005939DF80770BDF80830ADF80A3005AEF9
:10B430000DF10A0503F008FF2146059ABDF80A0040
:10B4400003F048FF204603F0C9FE3246294638463D
:10B4500003F0E8FE04460028ECD16C4B186812F0AB
:10B460007BF996E7039B05931B79013B172B20D8AB
:10B47000DFE803F02F43861F1F1F1F1F1F1F1F1F03
:10B480001F1F1F1F1F1F1F1F1F1F7B2F604840F6FE
:10B4900004235A46514615F022F984F31188BFF36C
:10B4A0006F8F0323184602DF039C7DE707B0BDE8DA
:10B4B000F08F584A5849564840F6A43315F00FF912
:10B4C000002383F31188BFF36F8F0323184602DF35
:10B4D0005FE75249D8F804000022FEF7E7F8504B26
:10B4E000059993F8413028460B704E4AFEF7CCF888
:10B4F000464B186812F030F94BE74849D8F8040079
:10B500000022FEF7D3F8059EB46844B1237803F017
:10B51000FF07002B6AD02378013BDBB22370337B1B
:10B5200023B1012B52D13046F1F782FD3E4A00276C
:10B530003773537D117D0133DBB2052B08BF3B46CA
:10B54000994234D03560517D42F821605375002C0A
:10B550003FF41FAF2378002B7FF41BAF6369002BF0
:10B560003FF417AFA069984713E72C49D8F80400B7
:10B570000022FEF79BF80599284603F06FFC08E7C8
:10B5800005A9284603F094FC2449D8F804000022B9
:10B59000FEF78CF8059900293FF4FBAE0B792D2BB3
:10B5A0003FF4F7AE1E4B284693F841309CE7194A0A
:10B5B0001E49174840F6124315F091F887F3118899
:10B5C000BFF36F8F0323184602DFC0E7114A124909
:10B5D0000F4840F60B4315F082F8002383F31188DF
:10B5E000BFF36F8F0323184602DF9FE7094A104914
:10B5F000074840F6B43315F072F887F31188BFF3AB
:10B600006F8F0323184602DF85E700BFC0D80020F4
:10B61000689B0300E09B0300409C030090CD00204A
:10B6200030CD00208CCD0020A4D70020449C030006
:10B63000289C0300249C030030B5314B314C18602A
:10B6400087B00BF0D1FD2378002B53D02E492F4A21
:10B650002F4D05954FF0050C81F808C02D4C049234
:10B660002D4A0220CDE9022404230D24CDE9001443
:10B670002A4A087408760B7000200621FFF7E2FAC8
:10B6800040BB0122002126481CF0E3FC09F0CAFF60
:10B69000044610B1204607B030BDFFF7D3FD044685
:10B6A0000028F7D10AF092FC04460028F2D102F0FB
:10B6B000A7FD04460028EDD10BF0C0F80446002891
:10B6C000E8D103F077FB04460028E3D10120F2F72C
:10B6D0002FFADFE7134A1449144840F2762314F096
:10B6E000FEFF002383F31188BFF36F8F03231846F7
:10B6F00002DFC6E7FDF7EAFF01232370A6E700BFDC
:10B70000C0D80020B80501204CDB0020497D020094
:10B71000497E0200E17C0200DCD800206CDB0020C6
:10B72000C4D80020E09B03001C9C0300689B03001E
:10B7300010B586B002F074FD002835D103F03CFB53
:10B74000002844D10024414B2046A3F84040F2F7A2
:10B75000EFF93F493F4A404BA1F8004194829C8158
:10B760000122214668461CF074FC3C4B22462146CF
:10B770000320C3F808D0FDF7FFFF002857D14FF092
:10B78000FF324FF0FF33684612F020F802F04EFD12
:10B7900000283CD1FFF756FD48BB0021012006B030
:10B7A000BDE81040FFF7E0BB2D4A2E492E4840F27D
:10B7B0002E3314F094FF002383F31188BFF36F8FAF
:10B7C0000323184602DF03F0F7FA0028BAD0244A10
:10B7D0002449254840F25A3314F081FF002383F3B3
:10B7E0001188BFF36F8F0323184602DFAAE71C4AB4
:10B7F0001C491D4840F2A33314F071FF002383F36A
:10B800001188BFF36F8F0323184602DFC5E7144A80
:10B810001449154840F2963314F061FF002383F376
:10B820001188BFF36F8F0323184602DFB2E70C4A7B
:10B830000E490D4840F2893314F051FF84F311880A
:10B84000BFF36F8F0323184602DF98E730CD002047
:10B85000BCD70020D4D6002078CD00208005002061
:10B86000E09B03001C9C0300689B0300549C0300A6
:10B8700008B5FFF75DFFBDE8084009F003BF00BF52
:10B880002DE9F04FDFF8F490364E83B00746884636
:10B89000A9F1400400233B60D6E9000101AAFDF7AD
:10B8A000FDFE054600284BD0019B49461A784046CC
:10B8B000FFF7F2FB034600284AD194F840208DF8A8
:10B8C000012094F841200DF101010DF102009A468A
:10B8D000FFF7E2FB4AEA000212F0FF0A0346F0D14A
:10B8E000019B1A79012A37D1DFF894B0706852466B
:10B8F0003146FDF7DBFE0BF104012846FDF77EFE25
:10B90000BBF80030052B0AD8019817490133ABF872
:10B910000030FDF773FE0120FFF718FCBAE7134A69
:10B92000134914484FF4D76314F0D9FE8AF31188F1
:10B93000BFF36F8F0323184602DFBBF80030E3E745
:10B940000D49404691F841204031FFF7A5FB0346E1
:10B95000184603B0BDE8F08F3B605346184603B06D
:10B96000BDE8F08F88CD0020F0CD0020E09B0300E3
:10B970005C9C0300689B030030CD002070CD00204C
:10B9800098CD0020F0B5624983B000234868019348
:10B9900001AAFDF78BFE0446002868D020465D49C9
:10B9A000FDF72CFE019B1C791D2C10D8DFE804F05C
:10B9B000200F0F200F0F0F0F0F0F0F0F0F0F0F0F75
:10B9C0000F0F0F0F0F0F0F32202020202020524A80
:10B9D0005249534840F2735314F081FE002383F31D
:10B9E0001188BFF36F8F0323184602DF03B0F0BD49
:10B9F000002CFBD1484A4B49494840F26F5314F0A0
:10BA00006EFE84F31188BFF36F8F0323184602DFA5
:10BA100003B0F0BD1A7F3C2A38D05C7FC4B19B686C
:10BA20001C68606E20B100233F496366FDF7E6FDA8
:10BA300094F86A306FF3000384F86A30002002F053
:10BA400033FC10F0FF00D1D108F0DCFE03B0F0BDF4
:10BA5000314A3249324840F2F64314F040FE84F352
:10BA60001188BFF36F8F0323184602DFE6E72A4AE7
:10BA70002E492B4840F2354314F031FE84F31188EF
:10BA8000BFF36F8F0323184602DF87E79E68D6E96E
:10BA90000045F5B100277760AB6F6BB11E4A2449B2
:10BAA0001F4840F2B24314F01AFE87F31188BFF327
:10BAB0006F8F0323184602DF05F16C0105F1680062
:10BAC000FDF7D8FD064698B12868AE6702F00CFF76
:10BAD000AEE7114A1749124840F2AF4314F0FFFD98
:10BAE00085F31188BFF36F8F0323184602DFD1E778
:10BAF000094A11490A4840F2B54314F0F0FD86F3B3
:10BB00001188BFF36F8F0323184602DFDCE700BF05
:10BB100088CD00209CCD0020E09B0300409C0300CA
:10BB2000689B0300CC9C0300F0CD0020D8A003004C
:10BB3000A89C03009C9C0300C09C03002DE9F047D7
:10BB4000046881465CB3DFF86C81DFF888A1584F48
:10BB50002646246835791D2D10D8DFE805F03C0F06
:10BB60000F3C0F0F0F0F0F0F0F0F0F0F0F0F0F0FB8
:10BB70000F0F0F0F0F28583C3C3C3C3C40F2AC638D
:10BB800042465146384614F0AAFD002383F311883B
:10BB9000BFF36F8F0323184602DF002CD8D1002398
:10BBA000C9F80030BDE8F047FF20FFF7CFBA337F78
:10BBB0003C2B66D0F3B13F4A3F493D4840F2D75352
:10BBC00014F08DFD002383F31188BFF36F8F0323DF
:10BBD000184602DF35796DB9384940F22D63424687
:10BBE000384614F07CFD85F31188BFF36F8F032373
:10BBF000184602DF324D2B88052B31D801333149ED
:10BC00002B803046FDF7FAFC002CA1D1C7E7F6885F
:10BC1000002EC2D1304602F075FED0F894300546B1
:10BC20006BB1244A2849224840F29B6314F057FD27
:10BC300086F31188BFF36F8F0323184602DF05F1E7
:10BC4000880105F18400FDF715FD064608B3C5F827
:10BC50009460284602F048FE002C7FF479AF9EE7FE
:10BC60001A494FF4D7634246384614F038FD002392
:10BC700083F31188BFF36F8F0323184602DF2B88ED
:10BC8000BCE710493046FDF7B9FC002C7FF460AFEB
:10BC900085E7084A0E49064840F29E6314F01FFDEE
:10BCA00086F31188BFF36F8F0323184602DFCEE7B8
:10BCB000689B0300E09B0300F09C0300FC9C0300D6
:10BCC00098CD0020F0CD0020249D03005C9C030053
:10BCD000D8A00300409C03000148FDF779BC00BFD9
:10BCE0009CCD00200149FDF789BC00BF9CCD002000
:10BCF0000148FDF76DBC00BFF0CD00200149FDF704
:10BD00007DBC00BFF0CD0020034B044A93F84130C6
:10BD10000B70FDF7B9BC00BF30CD00208CCD0020EA
:10BD200008B5064B064A93F841300B70FDF7ACFCA2
:10BD3000044B1868BDE8084011F00EBD30CD00205E
:10BD40008CCD0020C0D800200B490A7B4B7B9A4247
:10BD50000AD8A3EB020C5FFA8CFC604509D89A4222
:10BD600007D051F82200704703339B1ADBB2984288
:10BD7000F7D90020704700BF78CD0020074A117B1B
:10BD8000537B8B4208D04B1CDBB2032B08BF002334
:10BD900052F82100137370470020704778CD0020BF
:10BDA00008B5134A92F841C092F840E00CF1010343
:10BDB000DBB2082B08BF00239E4508D022F83C00C8
:10BDC00002EBCC0CCCF8041082F8413008BD094AD3
:10BDD00009490A4840F2127314F081FC002383F3EE
:10BDE0001188BFF36F8F0322104602DF1B80FFDE36
:10BDF00030CD0020E09B030028A20300689B0300D5
:10BE00000022042302700B70704700BF002208B5A7
:10BE100011460B4B0120FDF7AFFC00B908BD094AE4
:10BE200009490A4840F2317314F059FC002383F3A6
:10BE30001188BFF36F8F0323184602DF08BD00BFD0
:10BE400070050020E09B03003C9D0300689B0300FD
:10BE5000022810B50C4602D00B68022B07D004480C
:10BE60004FF0FF324FF0FF3311F0B0FC206810BDEF
:10BE7000C4D8002004490A680AB110467047024637
:10BE800008601046704700BF2CCD0020044A13689C
:10BE900023B1984206BF0021116000231846704765
:10BEA0002CCD0020014B1868704700BF2CCD00201E
:10BEB00004490A680AB110467047024608601046F5
:10BEC000704700BF74CD0020044A136823B1984224
:10BED00006BF0021116000231846704774CD002072
:10BEE000014B1868704700BF74CD002030B505685D
:10BEF0002B7887B05BB304460122002168461CF012
:10BF0000A8F8144BC5F818D06B612B78FBB1124B15
:10BF10000022114603209C60FDF72EFC38B94FF437
:10BF200000420023684611F051FC07B030BD0B4AB7
:10BF30000B490C4840F2E97314F0D1FB002383F362
:10BF40001188BFF36F8F0323184602DFE7E76FF016
:10BF50007700EAE795B0010060050020E09B030050
:10BF60003C9D0300689B0300F0B5254E336885B007
:10BF70000C461746002B36D0994215D10223039365
:10BF800003AB0246009303211E4B0020FEF746FF41
:10BF9000022805460CD0039B022B09D195B13368CA
:10BFA0000BB19C4221D014B36FF02D0005B0F0BD51
:10BFB00015484FF0FF324FF0FF3311F007FC039D9F
:10BFC000002DECD13846FFF791FF33680BB19C424E
:10BFD00011D0002CE8D10028E8D010F1780F08BF6C
:10BFE000002005B0F0BD3160C8E7002333606FF07A
:10BFF000770005B0F0BD35600028D7D0EDE700BF71
:10C000002CCD002089B00100C4D800200B490A7D46
:10C010004B7D9A420AD8A3EB020C5FFA8CFC604578
:10C0200009D89A4207D051F82200704705339B1A6D
:10C03000DBB29842F7D90020704700BFD4D6002069
:10C04000074A117D537D8B4208D04B1CDBB2052B78
:10C0500008BF002352F82100137570470020704775
:10C06000D4D6002038B50C46054603F0BDF8207044
:10C0700021462846024ABDE83840FDF705BB00BF0F
:10C0800094CD00200122024B11460020FDF774BB25
:10C090005005002070B50C46054603F0A5F8214672
:10C0A0002070064A2846FDF7EFFA0122BDE87040ED
:10C0B000034B11460020FDF75FBB00BF94CD00206D
:10C0C000500500202DE9F0431A4D9DF81C8095F88D
:10C0D00001C10CF1010E5FFA8EFEBEF1080F994608
:10C0E00095F8003108BF4FF0000E73451DD014467F
:10C0F00005EB4C1CE36807460E46106851689268D1
:10C1000064460FC49CF81C30CCF8186008F0010895
:10C1100023F0030343EA0803CCE904978CF81C30AE
:10C1200085F801E16046BDE8F0834FF0000C604601
:10C13000BDE8F083BCD70020054890F8003190F8A6
:10C1400001219A4214BF00EB43100020704700BF4A
:10C15000BCD7002001460B480A7890F80131072A25
:10C1600084BF90F800210A70934208D0531CDBB2C0
:10C17000082B08BF002300EB42100B707047002013
:10C18000704700BFBCD700202DE9F04F444F97F80F
:10C19000004197F8013185B0A34202903FD04FF0A3
:10C1A000000A07EB44140A25CDF80CA0D346CDF8BD
:10C1B00004A0267FD4F80C90C6F3400806F00106D0
:10C1C000002D47D0013DEDB2B8F1000F2AD097F80D
:10C1D000013197F80041A34221D00134E4B2082C88
:10C1E00008BF0024A34287F8004118D007EB44148D
:10C1F000E368B8F1000FDCD1002E3AD1019A002A91
:10C2000047D0BBF1000F08BFCB46227F9107D0D4A7
:10C21000D20735D4019A9A4201D09B45C9D105B0C5
:10C22000BDE8F08F1F4B02989C6042464146FDF7E7
:10C23000A3FA0028CBD01C4A1C491D4840F67E03B7
:10C2400014F04DFA88F31188BFF36F8F032318465B
:10C2500002DFBCE7144A1749154840F66F0314F093
:10C260003EFA85F31188BFF36F8F0323184602DF70
:10C27000A8E7039A82B1BAF1000F08BFCA46C4E723
:10C28000BBF1000F95D1039A9A42C8D09A4590D13C
:10C29000C5E7CDF80490B8E7CDF80C90B5E700BF3E
:10C2A000BCD7002040050020E09B03003C9D03001C
:10C2B000689B0300449D0300054B1A7D597D914204
:10C2C00004D053F8220010B10C30704700207047A2
:10C2D000A4D7002070B5134A117D537D8B421ED028
:10C2E0004B1CDBB252F82140052B08BF002313750D
:10C2F000ACB102230025266823712560A06002F0FE
:10C3000073FF094A207021463046FDF7BDF901222E
:10C31000064B11462846FDF72FFA204670BD002433
:10C32000FBE700BFA4D7002094CD002050050020DB
:10C3300010B582B00024CDE90044049B09F098FBBD
:10C3400002B010BD10B50346007F1A699969012437
:10C3500082B02040CDE90004586909F089FB08B19A
:10C36000773001D102B010BD074A084908484E2372
:10C3700014F0B5F9002383F31188BFF36F8F032303
:10C38000184602DF02B010BD4C9D0300909D0300D3
:10C39000689B030010B50469FFF76AFA40B90C48BE
:10C3A000F5F784F80B48F5F781F80020206010BD00
:10C3B000094A0A490A4840F2793314F090F90023F7
:10C3C00083F31188BFF36F8F0323184602DFE6E77C
:10C3D0003012002068110020A49D03001C9C030063
:10C3E000689B03002DE9F047464FD0F81080DFF836
:10C3F0001CA1DFF81C9182B006464FF0FF324FF0CF
:10C40000FF33384611F076F90028F6D043790190D1
:10C41000042B22D8002B4FD13B4840F21223524626
:10C42000494614F05CF9002383F31188BFF36F8F42
:10C430000322104602DF019A01A81360FFF77EFB7A
:10C440004FF0FF324FF0FF33384611F053F9002818
:10C45000D3D043790190042BDCD9052BDCD14FF0EC
:10C46000FF324FF0FF330820F6F75CFF0446214609
:10C47000019800F05FFF019B00221A6001A8FFF7FE
:10C480005DFB002CB9D0204615F03FFA2146054649
:10C49000002015F060FA2B8A0446294630463BB14D
:10C4A000D8F80030984711F08FFE002CEBD1A4E7AC
:10C4B0002846F5F74DFCF6E7022B13D04FF0FF327C
:10C4C0004FF0FF330220F6F72DFF044601989CB190
:10C4D000214600F06BFF019B00221A6001A8FFF7C4
:10C4E0002DFBD0E70022002301210020F6F72AFFD0
:10C4F00004460198002CEBD1046001A8FFF71EFB55
:10C500007BE700BF90DC0020689B0300A49D030034
:10C51000409C0300F0B50546076989B00E461F48E8
:10C520001BF040FD4FF0FF3200211D481BF091FD34
:10C530001B48FFF781F8044660BB3E60F0F7A0FAA5
:10C54000002600276FF00903CDE90334CDE9066723
:10C55000CDE90144134B144900954FF40072134880
:10C5600011F03CFC124911481BF0C3FE6FF00702AA
:10C57000CDE90324CDE90667CDE901440D4B0E4911
:10C5800000954FF460720D4811F028FC0C490B48DF
:10C590001BF0AFFE204609B0F0BD00BF90DC0020CC
:10C5A000A8DC0020DDC5010000220120301200209F
:10C5B000E49D0300E5C30100001E01206811002076
:10C5C000F09D03000B7E0269022B01D0136818470F
:10C5D000CB681B78052BF9D1704700BF2DE9F043DC
:10C5E000DFF8C4802F4F83B005460DE0F6F7AAFEB2
:10C5F0002246BDF80210044601F0AEF92146284655
:10C60000FFF7E0FF11F0E0FD0DF1020101A8FFF7D7
:10C6100037F904464FF0FF324FF0FF33002113206B
:10C62000002CE3D1019BB3B1FFF7ACF9DDF8049026
:10C63000484601F0A9F9019E89F805007379032B9A
:10C6400002D13379182B0ED0314638461BF0E8FC66
:10C65000019B002BD8D14FF0FF324FF0FF33404603
:10C6600011F0B4F8D0E74FF0FF3321464FF0FF321E
:10C670000520B6F80690F6F765FE494602460446E0
:10C6800006F11C0000F02EFE484600F04BFE21464D
:10C69000284624B1FFF796FF2046F5F759FB019E87
:10C6A000D2E700BF90DC0020A8DC002070B50B8A28
:10C6B00082B033B10B7E012B0C46064619D0042BF9
:10C6C00004D06FF01505284602B070BD01A92046C0
:10C6D00000F0AAFD0199054611B13046FFF772FF3F
:10C6E000002DF0D12046F5F733FB0025284602B097
:10C6F00070BD002301A92046019300F02BF90146EB
:10C700000028EFD03046FFF75DFF019D002DE9D0F6
:10C71000284601F039F96871019902481BF080FC44
:10C72000E0E700BF90DC002010B511F0FDFC054CE7
:10C7300020461BF043FC20461BF034FCBDE81040B3
:10C7400011F006BD90DC00202DE9F0411A4C646820
:10C75000A40004D51646194A1268120701D4BDE890
:10C76000F08103F10C0405460F462046022115F026
:10C770000FF940F63E4303800121204615F008F9E9
:10C780000346042220461A700B2115F001F90570AA
:10C79000A0F801603DB97B68BA68C0F80720C0F80E
:10C7A0000330BDE8F0814FF00008C0F80380C0F806
:10C7B0000780BDE8F08100BFC8010020C001002053
:10C7C000F0B5013887B0144611280AD8DFE800F028
:10C7D000233F55090967097998AB0909090909092E
:10C7E000090D6FF0150007B0F0BDCB68DA789978C5
:10C7F000188807F049FB554B06460121188816F0AA
:10C8000082F8012105460C3015F0C2F8067025604B
:10C81000002007B0F0BD4D4B0D21188816F073F8BD
:10C820000D2120600C3015F0B3F84FF002140023F6
:10C830004FF4806101220370C0F80140A0F8051098
:10C84000C271037243728372C3720373E0E73F4B9A
:10C850004121188816F057F8412120600C3015F05E
:10C8600097F8002104463E2200F8031B1BF05EFFF0
:10C8700040F2A733A4F80130CAE7344B09211888E5
:10C8800016F041F8092120600C3015F081F80346BC
:10C89000002203F8012BC0F801205A60B8E7C968EC
:10C8A0000020FEF761FB294B0121188816F02BF8B8
:10C8B000012105460C3015F06BF80023037025604C
:10C8C000A6E7234E214F0FCE01AD0FC53368388840
:10C8D0002B70122116F017F8122120600C3015F081
:10C8E00057F80446002301AE04F8013B84460FCEFE
:10C8F0002D78CCF801006160A260E360257487E7C1
:10C90000124B1821188815F0FEFF182120600C30FA
:10C9100015F03EF800230446012100F8023B0AF01E
:10C92000E9FB607074E7094B2121188815F0EBFFD3
:10C93000212120600C3015F02BF80146002301F86E
:10C94000113B01300AF026FC62E700BF78F40020BA
:10C950000C9E03002DE9F041038A8CB00022022BCB
:10C96000079230D9044603210C3015F042F8228A90
:10C9700083789A4227D30088D14EC0F38523082BB1
:10C9800030801FFA80FCC0F3090509D8A3B1013B30
:10C99000072B11D8DFE803F01C10284C101010648E
:10C9A0003F2B09D107AA21462846FFF709FF163079
:10C9B00040F02984B6F800C0012160460CB0BDE803
:10C9C000F04115F0B2BF002420460CB0BDE8F08164
:10C9D000062D00F0D1831D2DEED1E368188802F0FA
:10C9E000BDF801463088E9E7632D00F0098400F2C4
:10C9F000EE80032D00F0E0832D2D40F0D380E3681E
:10CA0000604604211E8893F8028015F07CFF042103
:10CA100004460C3014F0BCFFB7B20546C31C4246B6
:10CA200039460220FEF78CFAA5F801602870CBE7A2
:10CA3000681E0828C0D801A353F820F095CC010047
:10CA400049CC010023CC0100B9C90100B9C90100DA
:10CA5000B9C90100B9C90100B9C9010003CC01007D
:10CA6000681E4D28A8D801A353F820F0F9CC010086
:10CA7000D5CC0100A1CD0100B9C9010097CD0100BD
:10CA80007BCD010061CD010055CD010049CD0100F4
:10CA900029CD0100B9C90100B9C90100B9C9010016
:10CAA000B9C9010009CD01000FD0010007D0010074
:10CAB000FFCF0100DDCF0100B9C90100B5CF0100F2
:10CAC000A7CF01006DCF01004DCF0100B9C9010012
:10CAD00043CF010033CF010013CF0100B9C90100DA
:10CAE000B9C90100B9C90100F3CE0100D9CE0100D6
:10CAF000C9CE010095CE010089CE0100B9C901005F
:10CB0000B9C90100CBD00100C3D00100BDD00100E4
:10CB10009DD001006BD0010039D001002FD0010061
:10CB200021D001002FD10100D9D0010069CE010030
:10CB300017CE0100B9C90100B9C90100B9C9010086
:10CB4000B9C90100B9C90100B9C90100B9C90100D9
:10CB5000B9C90100B9C90100B9C90100B9C90100C9
:10CB6000B9C90100B9C90100B9C90100B9C90100B9
:10CB7000B9C90100B9C90100B9C90100B9C90100A9
:10CB8000B9C90100B9C90100B9C90100B9C9010099
:10CB9000B9C90100F5CD0100B9C90100B9C9010049
:10CBA000EBCD0100012D7FF407AFE268454B116822
:10CBB00052681960604629465A6015F0A4FE0121AA
:10CBC00004460C3014F0E4FE00230370FCE67B2DD9
:10CBD00000F0DA827C2D7FF4EFAEE3681F8859887D
:10CBE000B8B202F0B5F805460321308815F08BFE87
:10CBF000032104460C3014F0CBFE0570A0F8017040
:10CC0000E2E66046072115F07EFE072104460C305F
:10CC100014F0BEFE0146002001F8010BFEF7D0F92A
:10CC2000D2E60921604615F06EFE092104460C305B
:10CC300014F0AEFE0346002203F8012B6021C0F879
:10CC400001205A604171BFE66046412115F05BFE4C
:10CC5000412104460C3014F09BFE002105463F2282
:10CC600000F8021B1BF062FD0423174AEB72EB7500
:10CC700020231649C5F81A20C0204FF490626B702B
:10CC80004FF40A73A871C5F82110A5F82720A5F85C
:10CC90000F3099E60921604615F035FE092104465A
:10CCA0000C3014F075FE4FF450610023084A0180E7
:10CCB0000D218370C3700171C0F8052084E600BFA8
:10CCC00078F40020C8010020F7C3F70E30F0F97F98
:10CCD000F105FFFF0421604615F015FE042104460E
:10CCE0000C3014F055FE00236FF004010322037092
:10CCF00041708370C27067E6E268C64B1168526883
:10CD000019606046012157E76046022115F0FBFDDE
:10CD1000022104460C3014F03BFE0023037005464C
:10CD200007F018FA68704FE6E3681878EFF7D0FE5E
:10CD300005460121308815F0E6FD012104460C303E
:10CD400014F026FE05703FE6E16811F8010B01F0D2
:10CD5000CBFBEDE7E16811F8010B01F057FBE7E7CA
:10CD60000221604615F0CFFD022104460C3014F07C
:10CD70000FFE00230370437026E6E468A57BA379C9
:10CD80006279217920880295657B019507340094AA
:10CD900001F042F9CCE7E1680120FEF7E5F8C7E7CA
:10CDA0006046092115F0AFFD092104460C3014F04E
:10CDB000EFFD0346002503F8015BC0F801505D60FC
:10CDC0000646FEF7B7F82B4661F30703C1F30722C7
:10CDD00062F30F23090C61F31743090A61F31F6320
:10CDE000C6F80100C6F80530EEE5E068C17907F045
:10CDF000B7FC9DE76046032115F085FD032104463D
:10CE00000C3014F0C5FD0146002301F8023B01304F
:10CE1000FEF7A6F8D8E5E26891781088B2F80540E8
:10CE2000CB0703D5D37843F00303D37013798F076F
:10CE3000D17844BF43F00303137143EA0102032A8C
:10CE400000F2E7814D0700F0E1815A0700F0DE8132
:10CE500014F003021CBF04F1FF3404F0010201F0DE
:10CE600011FF01463088A9E5E3681A78D10744BF6D
:10CE70000721597092074CBF07219978587848BF0D
:10CE8000997001F0F5FE53E7E3685988188801F0BE
:10CE9000BBFE4DE76046052115F035FD0521044632
:10CEA0000C3014F075FD08A905460DF11A0001F0CB
:10CEB0009FFEBDF81A30A5F80130BDF82020A5F876
:10CEC000032000232B707FE5E3681F889A88598828
:10CED000B8B201F063FE86E6E26817889278002314
:10CEE000CDE90233CDE900330221B8B201F078FD7B
:10CEF00079E6E16800220F884B8803920889029046
:10CF0000C888019089880091B8B2022101F068FDBB
:10CF100069E60921604615F0F6FC092104460C304B
:10CF200014F036FD3C493D4A016000234260037223
:10CF30004AE5E3681F8800220621B8B206F092FF96
:10CF400051E6E268002132F8027BF6E760460921EB
:10CF500015F0D9FC092104460C3014F019FD00230A
:10CF600000F8013B082108F09DFB2DE5E068002357
:10CF700008AA00F110010AF0CBFF3088112115F04A
:10CF8000C2FC112104460C3014F002FD06460023B9
:10CF900006F8013B08AD07460FCDC7F801007160E8
:10CFA000B260F36010E5E368188801F0B5FD014652
:10CFB000308803E5E368604608211E8815F0A3FC6D
:10CFC000082104460C3014F0E3FC0546E91CB0B21D
:10CFD00001F04AFDA5F801602870F5E4E16800223F
:10CFE0004B88088803920C890294CC880194898824
:10CFF0000091114601F0F4FC01463088DEE4E0685F
:10D0000007F05EF994E6E06807F0CCF890E607F0E8
:10D01000A3F88DE6C0010020008FCC30ECC00100E9
:10D02000E368188807F092FB30880121C5E5E368C2
:10D03000187807F077FB7BE6E368186808909A8811
:10D040009B798DF8263060460721ADF8242015F035
:10D050005AFC072104460C3014F09AFC0546411C8A
:10D0600008A807F02BFB2870AEE4E3681868089066
:10D070009A889B798DF8263060460721ADF82420E8
:10D0800015F041FC072104460C3014F081FC0546E4
:10D09000411C08A807F0D8FA287095E460460221E0
:10D0A00015F031FC022104460C3014F071FC0546E9
:10D0B00007F09AF9002368702B7085E407F096F961
:10D0C00036E6E06807F0D0F932E6E06800F11702D2
:10D0D000C11D07F061FD2BE6E368604605211E884F
:10D0E00015F011FC052104460C3014F051FC0546E6
:10D0F0002A1DB0B2E91C01F09DFDEB782A79287059
:10D10000002B93FAA3F3B3FA83F308BF4FF0FF3376
:10D110000133EB70002A92FAA2F3B3FA83F308BF4B
:10D120004FF0FF330133A5F801602B714CE46046EA
:10D13000092115F0E8FB092104460C3014F028FC05
:10D1400008AB05460DF11A0206A90DF1160001F013
:10D1500065FDBDF81630A5F80130BDF81830A5F80A
:10D160000330BDF81A30A5F80530BDF82020A5F829
:10D17000072000232B7027E4E3689978188801F0D2
:10D1800095FC0146308819E4E3681F8808A9B8B205
:10D1900001F0AAFD05210546308815F0B4FB0521F4
:10D1A00004460C3014F0F4FB0570A0F80170BDF8D3
:10D1B0002030A0F8033007E4174B184A4FF0FF3037
:10D1C00041F6FF71C3E90001154B00200021C2E9BF
:10D1D00000011F200021C3E90001FEF7A9FA3088F1
:10D1E000012115F090FB012104460C3014F0D0FB16
:10D1F00000230C4A03701360FFF796FAFFF7E4BBB5
:10D20000E268064B7AE5079CFFF7DEBB1221FFF7C9
:10D21000D4BB1121FFF7D1BBC8010020F8120020B8
:10D22000C0010020C0DC00202DE9F84300230B6082
:10D23000038A032B2ED9054688460C30042114F0AE
:10D24000D8FB2B8A4788B0F80090BB4222D3FB2F33
:10D2500020D801F071FB4FEA193633460446F8B185
:10D260009B0817D1D6B1012E14D12379677166F3CB
:10D2700001032371E9683A46E01D1BF02FFA2146AD
:10D28000C9F30B0001F064FB08B9BDE8F883204640
:10D2900001F058FB6FF01500BDE8F8830226E4E7C3
:10D2A0000F4B1B689B0117D54FF0FF324FF0FF3338
:10D2B0000220F6F737F80221C8F800000C3014F00D
:10D2C00067FB4FF48D730380D8F8000001210C3008
:10D2D00014F05EFB012303706FF06800D5E700BF18
:10D2E000C8010020F8B50E4B1B68DB0600D4F8BD62
:10D2F00002F10C0406460D462046022114F048FBBC
:10D30000034640F205421A802046042114F040FBF7
:10D3100000270770A0F801503278C270F8BD00BF36
:10D32000C8010020024A1368013B1360704700BF28
:10D33000C0DC002070B5037FC68803F00303013B07
:10D34000012B0FD9164A1749174842F2CF3313F071
:10D35000C6F9002383F31188BFF36F8F03231846A8
:10D3600002DF70BD044601F10C052846042114F0CB
:10D370000FFB237F03F00303022B0CBF46F4005680
:10D3800046F480560680637F4380617F284614F010
:10D39000FFFA627F04F11F01BDE870401BF09EB9E7
:10D3A000209E0300409C0300689B03002DE9F0438E
:10D3B00090F804C0C688BCF1030F85B004460D4642
:10D3C00000F11C070ED0ACF1170CBCF1060F00F2F7
:10D3D000AF82DFE81CF02B00880090002100C10024
:10D3E000D400F400C37F033B122B00F21F81DFE85F
:10D3F00013F063011D011D018A01B1011D01E3014B
:10D400001D011D011D01E8011D01BF011D011A00C3
:10D410001D011D012D012D01C74B5B6818044FF044
:10D42000000400F1398105B0BDE8F083F80700F190
:10D43000ED81277F002F00F0E081BF4B5B689900F2
:10D44000F1D5BE4B1B6840F20122134203F4007871
:10D45000E9D00C35002F40F0F481B94A136801334C
:10D460001360B8F1000F00F00C820221284614F07E
:10D470008FFA41F63E7303800121284614F088FAA2
:10D4800003460A221A7028461E2114F081FA0770FA
:10D49000A0F80160637FC370A37F0371D4F81F30CD
:10D4A000C0F80530B4F82330A0F80930D4F82B3098
:10D4B000C0F80B30B4F82F30A0F80F30D4F8253076
:10D4C000C0F81130B4F82930A0F81530638EA0F8F8
:10D4D0001730A38EA0F81930E38EA0F81B3094F813
:10D4E000383043779FE70A463846314605B0BDE8F5
:10D4F000F043FFF7F7BE904B5B689A004FF00008CF
:10D5000091D58E4B1B685B078DD50C3502212846C3
:10D5100014F03EFA40F63E2303800121284614F021
:10D5200037FA03464FF00309284683F80090092193
:10D5300014F02EFAFF07054600F1EC81237F2B70D3
:10D54000A5F80160E38BA5F80330238CA5F805301E
:10D55000638CA5F8073066E77A4B1B6819027FF5E4
:10D5600062AF0C350221284614F012FA40F257231C
:10D5700003800221284614F00BFA068053E76E4B15
:10D580005B689A007FF54FAF6C4B1B681B037FF500
:10D590004AAF0C350221284614F0FAF940F23E4316
:10D5A00003800121284614F0F3F9142303700321AA
:10D5B000284614F0EDF90680237F837033E75E4B35
:10D5C0005B689F007FF52FAF5C4B1B6818057FF5EC
:10D5D0002AAF0C350221284614F0DAF940F23E63F6
:10D5E00003800121284614F0D3F90C230370052190
:10D5F000284614F0CDF9237F0370A0F80160627F04
:10D60000002A92FAA2F3B3FA83F308BF4FF0FF3374
:10D610000133C370A27F92FAA2F3002AB3FA83F314
:10D6200008BF4FF0FF3301330371FCE6464A474918
:10D63000474842F2A33313F052F8002383F31188D2
:10D64000BFF36F8F0323184602DFECE63A4B5B68AB
:10D650009A007FF5E8AE394B1B685B067FF5E3AEB9
:10D660000C350221284614F093F940F63E3303802E
:10D670000121284614F08CF9072303700A2128465B
:10D6800014F086F90680A38C4380E38C8380238C7E
:10D69000C380638C0381C6E60C350221284614F052
:10D6A00077F94FF44C7303800321284614F070F986
:10D6B0000470A0F80160B6E61F4B5B6899007FF527
:10D6C000B2AE1E4B1B68DA067FF5ADAE0C350221FB
:10D6D000284614F05DF940F63E53038001212846A8
:10D6E00014F056F9052303700C21284614F050F964
:10D6F000034623F8026B216A626AC0F802105A607E
:10D70000238D43818FE60C4B1B681B064FF00004F2
:10D710007FF589AE0C350221284614F039F94FF413
:10D72000816303800421284614F032F90123047038
:10D73000A0F80160C37076E6C8010020C001002097
:10D74000C0DC0020F8120020209E0300409C030053
:10D75000689B030090F820300E2B7FF464AE0B46DC
:10D76000324600211A2005B0BDE8F043FEF7ECBFB9
:10D77000724B5B68980059D5714B1B68990655D55B
:10D780000C350221284614F003F940F63E3303809D
:10D790000121284614F0FCF8062303700A212846CC
:10D7A00014F0F6F80680238C4380638C8380A38C6E
:10D7B000C380E38C038136E60B46324639460020AF
:10D7C000D1E75E4B90F820401B681F067FF52BAE1B
:10D7D0000C350221284614F0DBF84FF481630380F6
:10D7E0000421284614F0D4F8002C08BF1F2400237D
:10D7F0000470A0F80160C37015E6A07F04F1250352
:10D80000FF2204F11F0106F0DDFE16E64D4A4E49E7
:10D810004E4842F2CF0312F062FF002383F31188D7
:10D82000BFF36F8F0323184602DF02E60023CDE922
:10D830000233CDE900331A220221304601F0D0F83C
:10D84000F1E5B8F1000F4CD10221284614F0A0F800
:10D8500041F23E3303800121284614F099F8012358
:10D8600003701221284614F093F8C0F80180C0F824
:10D870000580C0F80980C0F80D8080F8118007701D
:10D88000D1E50221284614F083F841F23E330380AB
:10D890000121284614F07CF8034601221A7028461C
:10D8A000122114F075F80770A0F80160637FC3704F
:10D8B000A37F03F001030371D4F81F30C0F80530D3
:10D8C000B4F82330A0F80930638EA0F80B30A38E93
:10D8D000A0F80D30E38EA0F80F3094F83830437480
:10D8E000A1E50221284614F053F841F63E73038067
:10D8F0000121284614F04CF80A2303701E21284603
:10D9000014F046F804461D22002101301AF00EFFE3
:10D91000277088E50B4A0E490C4842F2581312F062
:10D92000DEFE88F31188BFF36F8F484602DF05E6FD
:10D93000044A0849054842F2BF237CE6C80100209A
:10D94000C0010020209E03005C9E0300689B030032
:10D95000989E0300409C030070B500F10C040E4635
:10D9600020460221154614F013F840F213530380A9
:10D970000521204614F00CF801230370A0F8016083
:10D98000A0F8035070BD00BF0379032B09D0172BFB
:10D9900005D0183B052B8CBF0020032070470120C9
:10D9A0007047037F03F00303032B14BF05200420FB
:10D9B000704700BF30B583B01B4B079D1B4AEB1A65
:10D9C000A2FB032313F47F5FC3F387141BD1A21CB4
:10D9D000174B0095D2B201210020FDF71FFA10F07D
:10D9E000FD0F0ED0134A1449144840F6EB1312F001
:10D9F00076FE002383F31188BFF36F8F032318464D
:10DA000002DF03B030BD0B4A0D490C4840F6E61367
:10DA100012F065FE002383F31188BFF36F8F032399
:10DA2000184602DFD3E700BFF8DC002009CB3D8DAC
:10DA3000D9DA0100D49E0300209F0300689B0300F5
:10DA4000149F0300F8B505682F6E0646C7B16C6ECB
:10DA500000232B6644B300211723696623714FF618
:10DA6000FF73E38004F11C001E221AF05FFE3C23CA
:10DA70002377A66021463846BDE8F840FEF750B946
:10DA8000114A1249124840F6332312F028FE87F358
:10DA90001188BFF36F8F0323184602DF6C6E2F6E61
:10DAA00000232B66002CD6D1074A0A49084840F6C5
:10DAB000372312F014FE84F31188BFF36F8F032312
:10DAC000184602DF6C6EC6E7D49E03003C9F03003D
:10DAD000689B0300509F030000B170470C4B10B5CA
:10DAE00002460446996002200121FBF745FE00B979
:10DAF00010BD084A0849094840F6072312F0EFFD17
:10DB000084F31188BFF36F8F0323184602DF10BD23
:10DB1000B0050020D49E03003C9D0300689B0300D9
:10DB200038B5044610F81C3B002B2ED0194D636904
:10DB3000A8607BB1184A1949194840F61C2312F015
:10DB4000CEFD002383F31188BFF36F8F03231846A4
:10DB500002DFA86813490F4B0022C4E905101146E3
:10DB60000120FBF709FE00B938BD0B4A0E490C48ED
:10DB700040F6232312F0B3FD002383F31188BFF393
:10DB80006F8F0323184602DF38BDBDE83840FFF72A
:10DB900059BF00BFA0050020D49E0300689F03006A
:10DBA000689B030045DA01003C9D030038B50C4634
:10DBB000124994F82930124A0978117004EB830352
:10DBC000DB6A1D7800B938BDFEF76CF98442FAD0E3
:10DBD00015F00E0F02D1236A002BF4D0094A0A492E
:10DBE0000A4840F6D31312F07AFD002383F311881C
:10DBF000BFF36F8F0323184602DF38BDBA0501203B
:10DC0000B9050120D49E03007C9F0300689B03009C
:10DC100000B5154B93F829109A8C93F86AC003EB62
:10DC200081014FF0020E22F44372C86A6EF3420C77
:10DC30004FF4006122F00202A3F8681083F86AC072
:10DC400042F00E0206214FF0000C9A8480F800C0CA
:10DC5000417093F8350003EB800304229B6B1A702C
:10DC600059705DF804FB00BFF8DC002070B51C4C57
:10DC7000256AAB6F73B11B4A1B491C484FF42663DE
:10DC800012F02DFD002383F31188BFF36F8F032360
:10DC9000184602DF05F16C0105F16800FBF7EAFCAC
:10DCA000064670B12868AE6700F01EFE0025606E63
:10DCB0002562FEF723F8206E6566FEF713F82566E9
:10DCC00070BD084A0A49094840F6622312F007FD70
:10DCD00086F31188BFF36F8F0323184602DFE1E755
:10DCE000F8DC0020D49E0300D49F0300689B03004F
:10DCF000D8A0030030B5504C94F86A30D90785B0ED
:10DD000067D5236A53B193F82C2042F0020283F8BE
:10DD10002C20236A93F82C30DA0771D44648FEF79A
:10DD2000A9F884420ED0454A4549464840F62B336F
:10DD300012F0D5FC002383F31188BFF36F8F032308
:10DD4000184602DF94F82430DB0703AD0DD502211D
:10DD500003913D4B0095032101220020FDF75EF861
:10DD60002946FEF775F800285BD10222364B009554
:10DD7000032100200392FDF751F82946FEF768F8C9
:10DD8000054648BB3148FEF7B1F808B1783039D1C3
:10DD90002948FEF77BF884420ED0284A28492948B2
:10DDA00040F64D3312F09BFC002383F31188BFF340
:10DDB0006F8F0323184602DF236A0BB1FFF756FF6C
:10DDC00094F86A3000206FF3000384F86A3006F09C
:10DDD00019FD002005B030BD1748FEF757F8844202
:10DDE0000ED0164A1649174840F6443312F077FC15
:10DDF000002383F31188BFF36F8F0323184602DFDC
:10DE00000C20E7E70D4A12490E4840F64A3312F05B
:10DE100066FC85F31188BFF36F8F0323184602DF7A
:10DE2000B6E70548FEF732F88442E9D0034A0449D0
:10DE3000044840F63633D9E7F8DC0020D49E0300CE
:10DE4000E89F0300689B030089B0010014DD0020F7
:10DE5000F49F0300037803F00F0302F1FF3C022B51
:10DE60001FFA8CFC25D0012B0DD01031C9009BB1BD
:10DE7000062B11D04FF4F37313FB0CF340F2532035
:10DE8000184480B2704740F2162313FB0CF340F2A3
:10DE9000E330184480B2704740781030C00001F27F
:10DEA0001B3100F5B37313FB0CF30844184480B224
:10DEB000704741780CEB8C03C3EB0310400001F179
:10DEC0001003DB0000F23B1003FB020290B270472C
:10DED0002DE9F0431E468BB04FF6FF739E429DF82E
:10DEE0004890139C17D025780135EDB2804617462F
:10DEF000257075B33B493C4B0E8104F11C00002298
:10DF0000C860C1E9008781F80A9099600120114634
:10DF1000FBF732FC68B994F8240010F0010505D134
:10DF2000324A334B11781B788B4221D00BB0BDE8BD
:10DF3000F083304A3049314840F66C1312F0CFFB81
:10DF4000002383F31188BFF36F8F0323184602DF8A
:10DF5000E1E7284A2A49294840F64A1312F0BFFB54
:10DF600085F31188BFF36F8F0323184602DFC1E7E3
:10DF70000133042109A8137007F0B0FB099B214A63
:10DF80000694A2FB0312991A02EB5102120A40F204
:10DF9000471101FB12331C4A1C49A21AA1FB0212B1
:10DFA00092091B490232CDE904510133CDE90255F2
:10DFB000CDE90055D2B2012128460993FCF716FF9E
:10DFC00010F0FD0FB2D00B4A12490C4840F2BB735F
:10DFD00012F085FB85F31188BFF36F8F032318467A
:10DFE00002DFA3E7CCDC002090050020BA05012069
:10DFF000B9050120D49E03003C9D0300689B0300EB
:10E000000CA0030021F1D490F8DC002009CB3D8D59
:10E01000ADDB010010A003002DE9F04F714C1F464D
:10E02000714B94F86A6086468C4693E8030083B08F
:10E0300016F001061546DDF830809DF834209DF875
:10E04000383000908DF8041040F08A80A18C02F0E6
:10E05000070203F00303520021F4437142EA032252
:10E0600021F002010A43A28494F8292004EB8202E1
:10E07000BCF1010F0CF10803D2F82C9008BF4FF04F
:10E08000000E0DEB030CA4F868E099F800A01CF852
:10E09000083C2AF01F0113F00E0F03F00F030CBF12
:10E0A000012200220B4362F3451389F8003003F08C
:10E0B0000F03012B0AF00F0A49D094F86A3065F378
:10E0C000420384F86A30DAB25B070CD5134667F373
:10E0D000C30384F86A30D8F80030C4F86B30434B7F
:10E0E000B8F804209A8099F8003003F00F02012A52
:10E0F00005F0010B39D099F80120F2B1BAF1010F06
:10E1000051D099F800306BF386136FF3C71389F879
:10E11000003094F83530E46104EB8304AD01A36B67
:10E1200005F040055A7845F004051D700AB906222D
:10E130005A70304603B0BDE8F08F6BF3861362F37C
:10E14000C71389F80030062389F80130E1E7BAF1F6
:10E15000010FB2D099F80120CAB984F84060ACE749
:10E160000C26304603B0BDE8F08F4A466BF38613A9
:10E1700067F3C71302F8083BD8F80010C9F8081075
:10E18000B8F8041091800C2389F80130C1E7052A02
:10E1900016D9063AD2B209F10801154884F8402090
:10E1A0001AF09CFA89E794F84020114909F1080017
:10E1B0001AF094FA94F84030063389F80130A0E759
:10E1C0000C4A0D490D4840F2BD1312F088FA86F34F
:10E1D0001188BFF36F8F0323184602DF99F80120DF
:10E1E000D7E700BFF8DC00205090030063DD00207B
:10E1F00039DD0020D49E030048A00300689B030083
:10E2000010B5064C204607F011FF04F10C0007F092
:10E210000DFFFFF7FDFC002010BD00BF20DD00203A
:10E2200008B5FFF767FD002008BD00BF38B5094CF1
:10E2300004F10C05204607F009FF284607F006FF09
:10E24000204607F0F3FE284607F0F0FEFFF7E0FC5B
:10E25000002038BD20DD0020034A044B801AA3FBB8
:10E260000030C0F38F107047F8DC002009CB3D8DE3
:10E27000044A0068044B801AA3FB0030C0F38F10DF
:10E28000704700BFF8DC002009CB3D8D38B9054848
:10E2900090F86A3013F0010F08BF0020704700208B
:10E2A000704700BFF8DC002028B9044B93F86A00DF
:10E2B00000F0010070470020704700BFF8DC00202C
:10E2C00050B9064B93F86A0010F0010005D093F89E
:10E2D000250000F00300704700207047F8DC0020A4
:10E2E00070B5054690F826000C4606F0DBFB18B327
:10E2F000237843F04003237023780268C4F8022097
:10E3000003F00F038288E280012B04F1020601D0A2
:10E31000304670BD95F8260006F0F6FB0028F7D0D1
:10E320002278234642F0800203F8082B0268A2609C
:10E3300082889A80304670BD2078C0F38010FCF748
:10E340002FFED9E71F2957D82DE9F04190F8293041
:10E3500000EB830382B0DF6A3B7803F00F03012BED
:10E360000E460546904649D00DF10701283007F0CA
:10E37000D9FE3A78037802F00F0223F01F0313430B
:10E3800003703B780278C3F3401363F345120270C5
:10E390003B78D2B2C3F38013394663F3861202701E
:10E3A00011F8023BD2B2DB0963F3C712044600F84E
:10E3B000022B06221AF0A0F93246414604F1080069
:10E3C00006361AF08BF9667095F86A30DB0707D4C9
:10E3D0009DF8073085F82930002002B0BDE8F081B3
:10E3E00095F8353005EB830321469A6B2846EEF706
:10E3F00023FD0028ECD0F0E71220704780F8401091
:10E400000A46413041461AF069F9E5E703460A46F3
:10E4100001481946FFF796BFF8DC00201F295FD896
:10E420002DE9F04190F8353000EB830382B09E6B0C
:10E430000F460446904600F13405002E41D0284690
:10E440000DF1070107F06EFE037823F03F0331461C
:10E4500043F00403037011F8022BDBB2C2F3801205
:10E4600003F03F0343EA82130370BB1D437005466C
:10E47000062202301AF040F93A46414605F10800FA
:10E480001AF02CF994F86A30DA0707D49DF80730AF
:10E4900084F83530002002B0BDE8F08194F82920DE
:10E4A00004EB82024123D16A0A7802F00F02D340C2
:10E4B000DB07EBD52A462046EEF7BEFC0028E5D068
:10E4C000E9E7284607F0B2FDC0B258B994F83530F4
:10E4D00004EB83039E6B0423337006237370AEE753
:10E4E000122070470720D6E703460A46014819461E
:10E4F000FFF794BFF8DC002010B5134B1348144C01
:10E5000001224FF4D871FBF73DF8124B0322181D7E
:10E510004FF48271FBF736F80F4B0722181D0821C4
:10E52000FBF730F802F028FB0C4A0D4B0D49002098
:10E5300010601B221A800C4A03234FF4A47CA4F819
:10E5400000C00B70137010BD8CDD00200013002084
:10E550007AF40020CCDD002090DD002044E1002092
:10E560007CF40020BC050120BB0501202DE9F04111
:10E570000768324982B005464FF4D8723846FBF737
:10E5800055F805F16806294608F066F9E86E01AA13
:10E590003146FBF78BF800B3294C4FF6FF7894F81F
:10E5A000412094F84010531CDBB2082B08BF002315
:10E5B000994232D004EBC20124F83280019A4A60B9
:10E5C00012680260019A1060E86E84F8413001AA76
:10E5D0003146FBF76BF80028E1D1D7F8644107F525
:10E5E000B2754CB10023C7F8643129462046FDF7C7
:10E5F00051FD02B0BDE8F081124A1349134840F2C0
:10E60000FC7312F06CF884F31188BFF36F8F03234F
:10E61000184602DFD7F86441E4E70A4A0C490B4880
:10E620004FF4FD6312F05BF8002383F31188BFF30E
:10E630006F8F0322104602DF1B80FFDE00130020D5
:10E64000DCE0002088A00300D0A00300689B03004A
:10E65000C8A0030010B50C46C0B9144B002201211C
:10E6600002209C60FBF788F800B910BD104A1149E0
:10E67000114840F2A27312F032F8002383F311889C
:10E68000BFF36F8F0323184602DF10BD084A0B4902
:10E69000094840F29C7312F022F8002383F311889A
:10E6A000BFF36F8F0323184602DFD6E7E005002093
:10E6B00088A003003C9D0300689B0300E0A00300CA
:10E6C00008B50C4B0022986011460120FBF754F866
:10E6D00000B908BD084A0949094840F2CE7311F053
:10E6E000FEFF002383F31188BFF36F8F03231846C7
:10E6F00002DF08BDC005002088A003003C9D030088
:10E70000689B030038B5044610F81C3B002B2ED044
:10E71000194D6369A8607BB1184A1949194840F23C
:10E72000B77311F0DCFF002383F31188BFF36F8F01
:10E730000323184602DFA86813490F4B0022C4E9DF
:10E74000051011460120FBF717F800B938BD0B4A38
:10E750000E490C4840F2BE7311F0C1FF002383F351
:10E760001188BFF36F8F0323184602DF38BDBDE861
:10E770003840FFF7A5BF00BFD005002088A00300E8
:10E78000689F0300689B0300C1E601003C9D0300F5
:10E7900008B583685A6892F82730DB090FD10B4A15
:10E7A0000B490C4840F2137311F099FF002383F3D7
:10E7B0001188BFF36F8F0323184602DF08BD01469F
:10E7C000BDE808400831EEF77BBF00BF88A003001A
:10E7D000409C0300689B030000B9704710B50C46CD
:10E7E000FDF77EFB844212D0FDF75CFB84420ED025
:10E7F000074A0849084840F2D66311F070FF002329
:10E8000083F31188BFF36F8F0323184602DF10BD17
:10E8100088A00300ECA00300689B030010B50C4621
:10E82000A0B92046FDF750FB84420ED00F4A104994
:10E83000104840F2EC6311F052FF002383F311887B
:10E84000BFF36F8F0323184602DF10BD074A0A4942
:10E85000084840F2E96311F042FF002383F3118876
:10E86000BFF36F8F0323184602DFDAE788A00300A7
:10E8700040A10300689B0300E0A0030010B50C4614
:10E88000A0B92046FDF714FB84420ED00F4A104970
:10E89000104840F2E26311F022FF002383F3118855
:10E8A000BFF36F8F0323184602DF10BD074A0A49E2
:10E8B000084840F2DF6311F012FF002383F3118850
:10E8C000BFF36F8F0323184602DFDAE788A0030047
:10E8D00040A10300689B0300E0A003000148FAF791
:10E8E00077BE00BF8CDD00200149FAF787BE00BF6C
:10E8F0008CDD002002494FF4D872FAF797BE00BFB2
:10E900000013002002464FF4D8710148FAF78ABE7E
:10E910000013002058B908B502464FF4D8710548D5
:10E92000FAF780FE038E03B908BD002008BD002061
:10E93000704700BF001300200148FAF749BE00BF2E
:10E94000CCDD00200149FAF759BE00BFCCDD002024
:10E9500000283CD170B502460E461E484FF4D871CF
:10E96000FAF760FE028E0546E2B91B4C94F821C00E
:10E9700094F820100CF10103DBB2042B08BF002334
:10E98000994221D024F83C2004EBCC0CCCF8046054
:10E9900084F82130037843B995F94330002B0EDB1E
:10E9A000002070BD6FF0150070BD0C4B0121986008
:10E9B0000320FAF7E1FE95F94330002BF0DA00214D
:10E9C000284605F015FAEBE76FF0680070BD6FF0B0
:10E9D000150070470013002020E10020F005002002
:10E9E0002DE9F04782B0BDF82870BDF82C80BDF845
:10E9F0003090B0B90C4615464FF4D871024619480C
:10EA00001E46FAF70FFE038E824653B96CB1022CF4
:10EA100003D0012002B0BDE8F087CDB902F01AFBA7
:10EA200012E0022002B0BDE8F0870D9B0193CDF803
:10EA3000009043463A46314602F084FA0028E9D174
:10EA40009AF94330002B07DB002002B0BDE8F087C5
:10EA5000294602F00FFBF7E70146504605F0C8F9DA
:10EA6000F2E700BF00130020E0B938B502460C46BB
:10EA70000D484FF4D871FAF7D5FD038E054643B91A
:10EA800002F0F2F938B103682360037923710020A2
:10EA900038BD022038BDD5F83E30236095F84230AD
:10EAA0002371F4E7022070470013002038B510B13D
:10EAB0000224204638BD02460C4615484FF4D87152
:10EAC000FAF7B0FD038E0546FBB91A2C04D8042CC6
:10EAD00016D81224204638BD292C01D03B2CF8D161
:10EAE0002146284602F0A6F904460028E1D195F90E
:10EAF0004330002BDDDA0146284605F079F9D8E7E6
:10EB0000044BE340DB07EBD4E3E70C24D1E700BF81
:10EB1000001300202000380438B598B902464FF49D
:10EB2000D8710D48FAF77EFD038E054653B90121D1
:10EB300002F02EF9044618B995F94330002B04DB96
:10EB4000204638BD0224204638BD0146284605F03F
:10EB50004FF9204638BD00BF0013002038B590B9EA
:10EB600002464FF4D8710C48FAF75CFD038E054657
:10EB70004BB902F025F9044618B995F94330002B3A
:10EB800004DB204638BD0224204638BD0146284615
:10EB900005F02EF9204638BD00130020F0B970B5FD
:10EBA0000D4616464FF4D87102461048FAF73AFD62
:10EBB000038E044683B9D0F840319B060AD532460D
:10EBC000294602F063F920B994F94330002B07DBA2
:10EBD000002070BD1A2070BD022070BD0220704759
:10EBE0000146204605F004F9F2E700BF00130020BB
:10EBF000034A044B12881B8802800B80704700BFB9
:10EC00007CF400207AF40020024A034B1080198023
:10EC1000002070477CF400207AF400204FF0FB0CB9
:10EC2000A0F800C040F64800A2F800C00880188094
:10EC3000704700BFC0B938B50D4614464FF4D871BF
:10EC400002460A48FAF7EEFC0346008E50B993F8E4
:10EC50008220C2F302022A7093F88330C3F30203C6
:10EC6000237038BD022038BD0220704700130020F9
:10EC7000024A034B1070197000207047BC05012038
:10EC8000BB050120F0B583B0F8B90F4616464FF426
:10EC9000D871024613481D46FAF7C4FC038E044699
:10ECA0009BB9D0F84031DB0513D52B4601250095E3
:10ECB0003246394602F096F8054618B994F94330C1
:10ECC000002B0ADB284603B0F0BD0225284603B01E
:10ECD000F0BD1A25284603B0F0BD0146204605F0D8
:10ECE00087F8EFE70013002060BB10B502460C4622
:10ECF00015484FF4D871FAF795FC038E03BB438E89
:10ED0000B0F89621052B0FD801339BB202FB03F319
:10ED10000E494FF4FA7202FB03F3A1FB0313C3F392
:10ED20004F332380002010BD03FB02F2074940F25D
:10ED3000E24303FB02F2A1FB0212C2F34F33F0E7FE
:10ED4000022010BD02207047001300205917B7D1D0
:10ED500058BB10B502460C4615484FF4D871FAF767
:10ED600061FC038EFBB9438E42F2107202FB04F188
:10ED7000052B01F1FF310DD801339BB24FF4FA722C
:10ED800002FB03F31944B1FBF3F189B2A0F8961129
:10ED9000002010BD40F2E24202FB03F31944B1FB34
:10EDA000F3F189B2F2E7022010BD0220704700BFE4
:10EDB00000130020FFF7A0BB38B500224FF4D87134
:10EDC0001948FAF72FFC044600F11C020146032003
:10EDD000FDF7CAF818B110F1780F05460ED11349A6
:10EDE000134A00234FF6FF702086C4F894300B843A
:10EDF000A2F84030BDE83840FFF77EBB40F22173F7
:10EE00000C490D480D4A11F06AFC0D482A460021B4
:10EE100011F065FC002383F31188BFF36F8F032388
:10EE2000184602DFDBE700BF0013002020E10020CE
:10EE3000DCE000207CA10300689B030088A00300A5
:10EE400094A10300014B1878704700BFBC05012056
:10EE5000014B1878704700BFBB05012038B58B689F
:10EE600008601D682B780C46A3B16B6973B10C4A1E
:10EE70000C490D484FF45E7311F031FC002383F30D
:10EE80001188BFF36F8F0323184602DF074BC5E9D4
:10EE9000053438BDBDE838400846FFF779BC00BFEF
:10EEA00088A00300689F0300689B030091E70100AE
:10EEB0000B68DA8892BB70B50C4606464FF4D871E1
:10EEC0001848FAF7AFFB038E05461BBB02F00EF99C
:10EED0002268137F03F00303032B08D1012313716E
:10EEE000226831462846BDE8704002F013B953B994
:10EEF00095F890319B0703D53D2385F86031226852
:10EF00000123137170BD95F890319A07FAD53D230E
:10EF100085F86031236801221A7170BD01221A71CF
:10EF2000704700BF00130020F8B50446008E1D4650
:10EF30004FF6FF7398420F4616460CD02046C4E9A0
:10EF40004776A4F8245101F0B5FE94F8903113F0FF
:10EF5000010010D1F8BD0B4A0B490C4840F2BE33FA
:10EF600011F0BDFB002383F31188BFF36F8F0323E0
:10EF7000184602DFE2E76FF3000384F890316FF088
:10EF80008B00F8BD88A00300ACA10300689B0300C0
:10EF9000F8B51C4C1C4E94F8212007461AE0FAF7ED
:10EFA00041FB0346E0301B8E0BBB696801F0FCFBA4
:10EFB00094F8201094F821204B1C8A4207F1FF306E
:10EFC000DBB204D0042B08BF002384F8203010F0FB
:10EFD000FF0716D094F8203093424FF4D871304692
:10EFE0000FD034F8332004EBC305002AD7D069686A
:10EFF0000B796FF301034FF6FF700B71FCF7D0FE36
:10F00000D6E7F8BD20E10020001300202DE9F04FE5
:10F01000414A1468A04206460B4604BF0021116015
:10F02000008EA6F86A01182283B0012186F86821B3
:10F0300086F88031304601F047FE06F1E0073046A1
:10F0400001F056FE384601F097FB384601F0CCFB44
:10F05000044600283BD00379DFF8D090DFF8C4B035
:10F06000DFF8CCA003F00303032B0CBF03460023FF
:10F0700003604846FAF7ACFA06F188080546B8B1CD
:10F08000214642462846FAF7FFFA384601F0ACFB23
:10F090000446E0B1037903F00303032B0CBF0346DE
:10F0A000002303604846FAF793FA05460028E7D1A3
:10F0B0001A4840F28D735A46514611F010FB85F301
:10F0C0001188BFF36F8F0323184602DFD8E7328E13
:10F0D000134B00960332D2B201210020FBF79EFEB3
:10F0E00010F0FD0F0ED00F4A0F490C4840F2537339
:10F0F00011F0F5FA002383F31188BFF36F8F032318
:10F10000184602DF4FF6FF73FF20338603B0BDE8D9
:10F11000F04FFFF73DBF00BF44E10020689B0300B4
:10F1200055E6010088A003004CA1030090DD0020FB
:10F13000D8A0030000293BD02DE9F84F4D1EDFF881
:10F140007890DFF878B0DFF878A00746EDB200F1EC
:10F15000E00815E0237903F00303032B0CBF2346DB
:10F1600000232360FAF734FA064690B1013D07F117
:10F17000880221463046EDB2FAF786FAFF2D06D016
:10F18000404601F031FB04464846002CE2D1BDE880
:10F19000F88F084840F2B5535A46514611F09FFA8D
:10F1A00086F31188BFF36F8F0323184602DFDDE774
:10F1B000704700BF689B030090DD002088A003001B
:10F1C000D8A0030010B504460120FFF7E1FE204659
:10F1D0000121BDE81040FFF7ADBF00BF0149FAF7BC
:10F1E0000DBA00BF90DD0020014B93F8410070473D
:10F1F000DCE0002000B50A4B93F840C093F841E0F2
:10F20000F4450BD080F800E033F83C00088003EBB5
:10F21000CC035B68136018685DF804FB0020FBE713
:10F22000DCE00020074B93F840C0844508D003EB96
:10F23000CC0033F83C300B8043681360186870478B
:10F2400000207047DCE00020094A92F8401092F854
:10F2500041308B4209D04B1CDBB2082B08BF002386
:10F2600052F8310082F8403070470020704700BFEC
:10F27000DCE0002008B5134A92F841C092F840E063
:10F280000CF10103DBB2082B08BF00239E4508D018
:10F2900022F83C0002EBCC0CCCF8041082F8413090
:10F2A00008BD094A09490A4840F2F45311F017FA17
:10F2B000002383F31188BFF36F8F0322104602DF10
:10F2C0001B80FFDEDCE0002088A0030024A20300F6
:10F2D000689B0300F8B55779144605460E467FB380
:10F2E000237903F00302032A0CD04FF6FF729542F4
:10F2F00004BF6FF30103237121462846BDE8F8409F
:10F30000FCF74EBD4FF6FF739D4228D133689C42F7
:10F310003AD0002BF0D01F4A1F49204840F2166314
:10F3200011F0DDF9002383F31188BFF36F8F0323FE
:10F33000184602DF21462846BDE8F840FCF730BDFC
:10F34000144A1749154840F2016311F0C8F987F3D0
:10F350001188BFF36F8F0323184602DFC0E72A46E8
:10F360004FF4D8710F48FAF75DF9214601F0A0FE7D
:10F370003368A342CDD13DB90A482A464FF4D8712B
:10F38000FAF750F9038E03B100202146BDE8F8409A
:10F3900001F044BC88A0030038A20300689B03006E
:10F3A0002CA203000013002090F86620B0F85C3017
:10F3B000C2F30212022A14BFDB089B0890F87E20D9
:10F3C000B0F8580014BF0A3B0B3B9BB2D20644BFB7
:10F3D000043B9BB2984228BF18467047704700BF55
:10F3E00090F8903143F0020380F89031704700BFED
:10F3F00090F890316FF3410380F89031704700BF6F
:10F400000278838F12B1581E80B27047C18EB0F857
:10F4100024215818104480B2704700BF10B50B6803
:10F42000C0F83E3004463E300B7903710521FAF7EF
:10F43000BBFA94F8433060F3050384F8433010BD01
:10F44000B0F87C3040F6480C634528BF6346B3F5FE
:10F45000A47F38BF4FF4A473A1F800C01380704795
:10F4600000B5B0F86C20B0F8661003468A4290F8F8
:10F470008300B3F86AC028BF0A4600F00700B3F85B
:10F4800070101B2A38BF1B22042814BF4FF4A4702D
:10F490004FF42960614528BF61468142B3F87AC0C4
:10F4A00038BF01468C45B3F8760044D09042A3F8AB
:10F4B0007A1001D0A3F8762093F8DD2042F0020202
:10F4C000012083F8DD20B3F864C0B3F86E2093F810
:10F4D0008210B3F868E0624528BF624601F0070178
:10F4E0001B2A38BF1B220429B3F8721014BF4FF433
:10F4F000A47C4FF4296C714528BF71466145B3F86F
:10F5000078E038BF61468E45B3F874C017D06245C5
:10F51000A3F8781001D0A3F8742093F8DD206FF3DE
:10F52000410283F8DD2093F8DD200120024383F8B7
:10F53000DD205DF804FB9042BCD10020C3E76245AA
:10F54000E9D193F8DD1041EA510202F0010221F005
:10F5500003010A4383F8DD200028E4D15DF804FBB1
:10F56000B0F86C20B0F8661003468A4290F8830029
:10F57000B3F86AC028BF0A4600F00700B3F870105D
:10F580001B2A38BF1B22042814BF4FF4A4704FF469
:10F590002960614528BF61468142B3F87AC038BF0F
:10F5A00001468C45B3F876000DD09042A3F87A104E
:10F5B00001D0A3F8762093F8DD2042F0020201206A
:10F5C00083F8DD2070479042F3D10020704700BFE0
:10F5D000B0F86E20B0F8641003468A4290F88200BA
:10F5E000B3F868C028BF0A4600F00700B3F87210ED
:10F5F0001B2A38BF1B22042814BF4FF4A4704FF4F9
:10F600002960614528BF61468142B3F878C038BFA0
:10F6100001468C45B3F8740014D08242A3F87810E8
:10F6200001D0A3F874204FF0010C93F8DD10604670
:10F63000C1F3400242EA0C0221F003010A4383F8BD
:10F64000DD2070478242ECD193F8DD10002001F0FC
:10F65000010CEDE740F648039A4228BF1A46FB2901
:10F6600028BFFB21B2F5A47F944638BF4FF4A47C99
:10F67000A0F87E10A0F87C20A0F86A30A0F868C03E
:10F68000A0F86410704700BF01F0030238B502F122
:10F69000280302F584720446C1F34001D200CA4037
:10F6A000A4F86A20284A1288DB00FB2A23FA01F317
:10F6B000264928BFFB220988A4F87E20A4F86420EC
:10F6C000FB220020A4F8662040F648028A426067C8
:10F6D000A067A4F8800094F8830028BF0A46B2F51A
:10F6E000A47F00F007009BB211464FF01B1538BFF6
:10F6F0004FF4A4710428E566A4F87030A4F87230C1
:10F70000A4F87C20A4F868101BD0B3F5A47F38BF00
:10F710004FF4A47394F8DD20A4F87A3042F002028A
:10F720001B2184F8DD20A4F876102046FFF750FF57
:10F7300094F8DD300122134384F8DD3084F8802012
:10F7400038BD4FF42963E5E77CF400207AF400200B
:10F75000F8B506460F46154601F040F90446002864
:10F760003CD02A1F201D092A06D8DFE802F01F22FC
:10F77000250505050528052B234A2449244840F280
:10F78000DF2310F0ACFF002383F31188BFF36F8FEA
:10F790000323184602DFE3797B732146304601F0EC
:10F7A00033F9304604F028F82046F8BD02F0BAFEDE
:10F7B000F1E702F0CFFEEEE702F0D6FEEBE702F053
:10F7C000DDFEE8E796F8303197F84E101BB1D6F819
:10F7D00040315B0711D402F0DBFEDCE70A4A0D4939
:10F7E0000B484FF4317310F07AFF84F31188BFF3A4
:10F7F0006F8F0323184602DFB3E70A4697F84D10D0
:10F8000002F0D2FEC7E700BF44A20300409C030001
:10F81000689B030028A20300F8B505460C4601F0DA
:10F82000D5F828B9204601F013F90323A372F8BDD7
:10F83000042221462846FFF78BFF8368C268C4F87C
:10F840004720C4F843300369C5F8B830A6690023DF
:10F85000A361A6B10323377933712B8EF38006F1B0
:10F860001C01204602F046FE2D2F02D00423A37275
:10F87000F8BD30683146FCF753FA0423F7E7074A2E
:10F880000749084840F2F62310F029FF86F3118853
:10F89000BFF36F8F0323184602DFDBE744A20300A8
:10F8A00088A20300689B030070B504460D4601F072
:10F8B0008DF810B90623AB7270BD04F19B06334678
:10F8C000002205F13B0105F12B0008F021FBD4F8E3
:10F8D000A310C4F8C410D4F8B410D4F8A720C4F806
:10F8E000D510D4F8B810D4F89F30C4F8C820C4F8A4
:10F8F000D91094F8B32094F8D410C4F8C030002381
:10F90000D4F89B0084F8AB3063F30001C4E93333CF
:10F9100084F8AC3084F8AD3084F8AE3084F8AF3081
:10F9200084F8B03084F8B13084F8B23042F001038A
:10F93000C4F8BC0084F8D41084F8B33005222946FA
:10F940002046FFF705FF4FF4C1636B8194F89A30AE
:10F9500043F0080384F89A3070BD00BFF0B50C4640
:10F96000897A83B0064615460D2900F22C81DFE81E
:10F9700001F05E6669959907070C1736393E4F52BC
:10F98000002D00F0A18003B0F0BD002DFBD1214679
:10F9900001F01CF8002840F0C7800723A372F2E7AB
:10F9A000022DF0D1A5690023A361002D00F0EE80A7
:10F9B00003272F71338EEB80237A052B00F0E18033
:10F9C000062B40F0CF801A232B712146304600F0E1
:10F9D000FDFF002840F08D800923A372D3E7002D9E
:10F9E000D1D1F2E7002DCED10B23A372CBE7072DA7
:10F9F000C9D1012101F00CF83046FFF7F1FC214696
:10FA0000304600F0E3FF002864D10C23A372BAE76C
:10FA1000002DB8D1F3E7082DB5D140F20233638150
:10FA200090F89A306FF3041380F89A30ABE7002D0A
:10FA3000A9D1237A062BD7D00223A372A3E7002DE6
:10FA4000FAD0A0E7012D9ED12946019300F0E0FFF6
:10FA50003046FFF7C5FC304602F066FA019B5A6853
:10FA60009968C4F82510C4F821201A7B84F829204D
:10FA70005A7B84F82A20D3F80E20D3F81210C4F849
:10FA80003F10C4F83B20D3F81630C6F8B4302146F6
:10FA9000304603B0BDE8F040FFF7BEBE002D7FF456
:10FAA00072AFF4E7032D0CD0042D7FF46CAF062168
:10FAB00040F20362072384F82010A4F84D20A372BB
:10FAC00061E70523A3725EE7214603B0BDE8F0407D
:10FAD000FFF7EABE0B2221463046FFF739FE40F61B
:10FAE0000D33638196F89A306FF3C30386F89A302A
:10FAF00049E7062221463046FFF72AFE304604F049
:10FB000049F80023A3720121304600F095FF3046EA
:10FB1000FFF76EFC304602F00BFA96F89A3043F08D
:10FB2000100386F89A302EE70D2221463046FFF763
:10FB30000FFE304604F02EF894F82030062B34D017
:10FB4000242B3FF420AF284A2849294840F2773334
:10FB500010F0C5FD85F31188BFF36F8F032318469E
:10FB600002DF10E7204A2149214840F21E3310F0FD
:10FB7000B6FD002383F31188BFF36F8F384602DF91
:10FB800023E705F11C0002F0EFFC1EE7164A1949B5
:10FB9000174840F20F3310F0A2FD85F31188BFF330
:10FBA0006F8F0323184602DF02E70121A17230465E
:10FBB00000F042FF3046FFF71BFC304603B0BDE8C3
:10FBC000F04002F0B5B9084A0849094840F2D34369
:10FBD00010F085FD002383F31188BFF36F8F03239B
:10FBE000184602DFCFE600BF44A20300409C03009A
:10FBF000689B030088A2030092F81FC0ACF1030CBD
:10FC000002F11C03BCF1080F06D8DFE80CF0120566
:10FC1000050F0505050C09003D2380F8603170478C
:10FC20000822FFF79BBE0722FFF798BE0222FFF7CC
:10FC300095BE0122FFF792BE00230322FFF78EBE7E
:10FC400000230422FFF78ABE887AA0F10400B0FAEC
:10FC500080F04009704700BF13460022FFF77EBEC8
:10FC600070B591F82C3091F82D20042B0C4603D858
:10FC7000032B01D0042A0DD91343112113F00703DC
:10FC800084F828104FF001050CD184F828300125A4
:10FC9000284670BD032A0DD0134313F007034FF01D
:10FCA0000005F2D0668DFFF7ABFB801B0304EFD499
:10FCB0002823EAE7112381F828300125F2E700BF65
:10FCC000F0B50E4683B00DF1060201A9B0F87850E8
:10FCD000B0F87A700446FFF7B3FB96F82D20002A9F
:10FCE0005CD196F82C30FBB9B4F87830AB420ED327
:10FCF000BDF806209A420AD3B4F87A30BB4206D344
:10FD0000BDF804209A4202D3002003B0F0BD94F85D
:10FD1000DD30A4F8785043F001030120A4F87A7094
:10FD200084F8DD3003B0F0BD94F9430000281DDBFA
:10FD300094F8821094F8745001F003032B440D33AF
:10FD4000DB00C1F34001CB409BB2BDF80650B3F5D8
:10FD5000A47F38BF4FF4A4739D4228BF1D4632B321
:10FD6000002803DA96F82C30002BBDD094F88320BD
:10FD700094F87610BDF8047002F003030B440D33C1
:10FD8000DB00C2F34002D3409BB2B3F5A47F38BF7F
:10FD90004FF4A4739F4228BF1F46A5E794F9430080
:10FDA0000028C5DB96F82C30002BDFD0C0E796F892
:10FDB0002C30002B98D0002896DAD7E770B58D69E3
:10FDC00000230C4606468B61002D35D094F8213077
:10FDD000DB071ED52B792D2B1ED11D232B71338EC6
:10FDE000EB8094F828302B7796F88330C3F3020326
:10FDF000AB7796F88230C3F302036B772868294605
:10FE0000FBF78EFF94F821306FF3000384F8213064
:10FE100070BD01232B71F1E70F4A1049104840F2E1
:10FE2000B91310F05CFC002383F31188BFF36F8FCC
:10FE30000323184602DFD0E7074A0A4908484FF46F
:10FE4000DB7310F04CFC85F31188BFF36F8F032335
:10FE5000184602DFBAE700BF8CA20300D0A203005D
:10FE6000689B030088A2030070B591F821304D6AA9
:10FE70009B070C4603D4CDB101232B710AE0064643
:10FE8000ADB103232B71338EEB8005F11C0130469D
:10FE900002F0DAFC28682946FBF742FF94F821308B
:10FEA00000226FF3410384F82130626270BD074A7B
:10FEB0000749084840F2DF1310F011FC85F3118860
:10FEC000BFF36F8F0323184602DFDAE78CA203002B
:10FED00088A20300689B0300F8B5CE690C4605466E
:10FEE0004EB300F087FD10B90723A372F8BD00F0F0
:10FEF00089FD06466062002834D0637BE66966614E
:10FF00000027172BE76125D01E4A1F491F4840F2E2
:10FF1000C93310F0E4FB87F31188BFF36F8F03231D
:10FF2000184602DF2846314600F06EFD2846BDE83F
:10FF3000F84003F061BC134A154914484FF4697343
:10FF400010F0CDFB86F31188BFF36F8F03231846A3
:10FF500002DFC6E7311D284602F060FB41F60303CD
:10FF60006381DFE7074A0B49084840F2AE3310F0DF
:10FF7000B6FB86F31188BFF36F8F0323184602DFA9
:10FF8000BBE700BF8CA20300409C0300689B0300FA
:10FF9000F8A203000CA30300F8B5CE690C46054691
:10FFA000002E5AD0637B162B2ED195F94330002BAF
:10FFB0002ADBE66966610023E36194F8203095F856
:10FFC000A421C3F3C20363F3C50285F8A42194F806
:10FFD000202095F8A43162F3020385F8A43194F847
:10FFE000203095F88220C3F3801363F3C302311DE0
:10FFF00085F88220204602F0EDFA0221284600F022
:020000040002F8
:1000000007FD0223A3721FE000F0F4FC10B90723E0
:10001000A372F8BD00F0F6FC0646606260B3637B35
:10002000E66966610027162BE761C6D01A4A1B49AC
:100030001B484FF4D27310F052FB87F31188BFF3C3
:100040006F8F0323184602DF2846314600F0DCFCA0
:100050002846BDE8F84001F06FBF0F4A114910482B
:100060004FF4BF7310F03BFB86F31188BFF36F8F23
:100070000323184602DF95E7074A0B49084840F278
:10008000891310F02CFB86F31188BFF36F8F0323C5
:10009000184602DFC3E700BF8CA20300409C0300A8
:1000A000689B0300F8A203000CA3030038B50546C3
:1000B0000C4601F031FF10B10123A37238BD284670
:1000C00003F088FB0028F7D12146284600F07EFC8B
:1000D0000028F1D0284603F07BFB0728ECD0284607
:1000E000012103F06FFB28460D2103F06FFB16235F
:1000F00021466373284600F071FCE06121462846E2
:10010000BDE83840FFF748BF38B505460C4603F058
:100110006BFB10B10223A37238BD2146284600F0C4
:1001200055FC0028F6D0284603F052FB0728F1D0F2
:1001300028460D2103F04AFB172321466373284606
:1001400000F04CFCE06121462846BDE83840FFF74E
:10015000C3BE00BFF0B591F80AC083B00C46074695
:1001600015461E46BCF1090F0BD8DFE80CF005055B
:100170001B0A0A0A31747BAF002A00F0BA8003B070
:10018000F0BDA94AA949AA4840F2653310F0A7FA80
:10019000002383F31188BFF36F8F0323184602DF18
:1001A00003B0F0BD032AEAD190F84330DB0940F0F8
:1001B000D3809D4A9D499E4840F28A2310F08FFAD1
:1001C000002383F31188BFF36F8F284602DFD6E741
:1001D000052A00F0B480062A00F09080022ACED1D1
:1001E00090F94330002B0EDB8F4A9249904840F241
:1001F000CB2310F074FA002383F31188BFF36F8FC1
:100200000323184602DF0221384603F0DBFA3146A9
:10021000204602F019FA21463846FFF721FD05462F
:10022000204600F015FC002D40F0B08094F82D30F1
:100230002BB197F8822063F3061287F882203846A4
:1002400001F084FE0823A3720221384603B0BDE802
:10025000F04000F0F1BB002A91D103B0BDE8F040BE
:10026000FFF79ABE002A8AD14D8DFFF7C9F8401BCF
:10027000030484D497F9435097F8820097F88330A9
:1002800094F82C2094F82D10002D00F0070C03F0AA
:100290000706C0F297800021384603F093FA94F8DD
:1002A0002030002284F82820DB0994F8212063F311
:1002B000000284F8212097F88230C3F3020262F32F
:1002C0000613092287F88230A27258E7042A7FF4C5
:1002D00056AFFFF773FD21463846FFF7C5FD384698
:1002E00001F0F8FE0021384603F070FA0023A372F3
:1002F00045E703B0BDE8F040FFF7D8BE002103F0AA
:1003000061FAD7F840311A2223F48073C7F84031DC
:1003100084F82820204600F09BFB94F8213043F01D
:10032000010384F8213097F88230C3F3020262F3AC
:100330000613092287F882300221A27285E731462E
:10034000204602F03FF994F84E3084F8283000211E
:10035000384603F037FADDE7374B90F8822093E810
:10036000030094F82030134302AD03F0070305E9BE
:10037000030008336B44022113F8083C63F30612B0
:1003800041F6060387F8822063815EE70021384644
:1003900003F018FA94F828300BB187F8603194F81C
:1003A000203094F82120DB0963F3000284F8212037
:1003B00097F88230C3F3020262F3061387F88230A3
:1003C000092340E711F003011FD061F3020012F08E
:1003D000030287F8820023D062F302038C4587F87A
:1003E00083301AD021463846FFF76AFC94F8213052
:1003F00060F3410384F821300021384603F0E2F92C
:10040000002384F8283001234FE712F003023FF461
:1004100042AF62F3020387F883309642E2D13AE7B3
:100420008C45DFD137E700BF8CA20300409C03005E
:10043000689B030028A3030058900300F0B50C4606
:10044000897A83B00646154609290BD8DFE801F002
:100450001B2059620A0A95ADB605042D00F0E08014
:1004600003B0F0BD8E4A8F498F4840F20A5310F016
:1004700036F9002383F31188BFF36F8F03231846E7
:1004800002DF03B0F0BD002DEAD10123A372E7E73C
:100490001946204602F0B4F894F8202096F8A431CA
:1004A000C2F3C200C3F3C2010140C3F30203C2F3AB
:1004B0000200034043EAC10322F03F02134384F8E1
:1004C000203096F94330002B0BDB94F8203013F0EA
:1004D000380F40F0A18094F8203023F03F0384F8D7
:1004E00020300221304600F093FA012DB8D196F861
:1004F0004330DB0907D16A4A6A496B4840F234430A
:10050000B5E7002DACD12146304603B0BDE8F04040
:10051000FFF7FABD022DA3D190F94330002B0EDB7B
:100520005F4A6249604840F2544310F0D8F8002313
:1005300083F31188BFF36F8F0323184602DF5C4BF0
:1005400096F8822093E8030094F82030134302AD1C
:1005500003F0070305E9030008336B44022113F895
:10056000083C304663F30612062386F88220A37205
:1005700003B0BDE8F04000F05FBA032D7FF470AF28
:100580001946204602F060F821463046FFF768FB26
:100590000546204600F05CFA002D52D094F8283031
:1005A000282B2ED186F860312BE0002D7FF458AF38
:1005B000214603B0BDE8F040FFF78EBC002D7FF46C
:1005C0004FAF678DFEF71CFFC01B03043FF548AF1C
:1005D00084F8285096F9435096F8820096F88330B4
:1005E00094F82C2094F82D10002D00F0070C03F047
:1005F00007072CDB002294F8213062F3000384F813
:10060000213096F88230C3F3020262F30613092206
:1006100086F88230A27223E75A077FF462AF5AE766
:100620002146FFF7CBFB21463046FFF71DFC304645
:1006300003F0B0FA0021304603F0C8F80023A3729B
:100640000EE7304603F0DEF80823A37208E711F046
:10065000030118D061F3020012F0030286F8820051
:100660001BD062F302038C4586F8833012D02146FA
:100670003046FFF725FB94F8213060F34103012257
:1006800084F82130B7E712F00302B3D062F302031B
:1006900086F883309742EAD1ACE78C45E7D1A9E7E9
:1006A0008CA20300409C0300689B030028A3030066
:1006B0005890030092F81FC0BCF1110F02F11C0307
:1006C0000FD0BCF1180F12D0BCF1070F0CD010B531
:1006D00024230C4680F8603101F0FCFC0023A37257
:1006E00010BD0522FFF736BD0622FFF733BD0222FB
:1006F000FFF730BD13460022FFF72CBD134603223F
:10070000FFF728BD00230422FFF724BD10B592F89F
:100710001FE0BEF1160F02F11C030BD0BEF1180F43
:100720000DD024230C4680F8603103F033FA002307
:10073000A37210BDBDE810400122FFF77FBEBDE8E7
:1007400010400322FFF77ABE13460022FFF776BE61
:1007500013460222FFF772BE00230422FFF76EBE8B
:100760000023037043608360C3600361704700BF70
:10077000037801330370704703785BB9C3687BB1BA
:1007800002691AB1816861B10B6082600023C360A5
:1007900003617047013BDBB20370002BEED0704762
:1007A00070474360F1E700BF03783BB100230C3092
:1007B0000B60436843B11960416070470023043007
:1007C0000B604368002BF6D101604160704700BFA9
:1007D00000230B60836813B119608160704741602A
:1007E00081607047406870470346406828B1996847
:1007F00002685A60884208BF9A6070474078A0F14A
:100800000C00B0FA80F04009704700BF4078A0F1BA
:100810000800B0FA80F04009704700BF4078A0F1AE
:100820000200B0FA80F04009704700BF4078A0F1A4
:100830001700B0FA80F04009704700BF4078A0F17F
:100840000100B0FA80F04009704700BF4078A0F185
:100850000900B0FA80F04009704700BF4078A0F16D
:100860000600B0FA80F04009704700BF4078A0F160
:100870001800B0FA80F04009704700BF4078A0F13E
:100880000300B0FA80F04009704700BF4078A0F143
:100890000500B0FA80F04009704700BFF8B5064681
:1008A00008460D46F8F794FE044680B100274560DF
:1008B0000672476187612C223946203017F036FFD7
:1008C0004FF47F43FF2262726381A381A7732046A6
:1008D000F8BD00BF4078A0F10200B0FA80F04009F6
:1008E000704700BF4078A0F10200B0FA80F04009E4
:1008F000704700BF4078A0F10100B0FA80F04009D5
:10090000704700BF4078A0F10200B0FA80F04009C3
:10091000704700BF4078A0F11800B0FA80F040099D
:10092000704700BF4078A0F10100B0FA80F04009A4
:10093000704700BF4078A0F10100B0FA80F0400994
:10094000704700BF4078A0F10900B0FA80F040097C
:10095000704700BF4078A0F10900B0FA80F040096C
:10096000704700BF4078A0F10300B0FA80F0400962
:10097000704700BF4078A0F10300B0FA80F0400952
:10098000704700BF38B5456804462DB1294620465A
:10099000BDE83840F8F732BE094A0A490A487023D0
:1009A0000FF09DFE85F31188BFF36F8F0323184668
:1009B00002DF656820462946BDE83840F8F71EBECC
:1009C00040A3030080A30300689B0300024B186848
:1009D000003818BF012070471006002010B50448E9
:1009E000F8F7F6FD04460430FEF7F8FC204610BD8B
:1009F0001006002008B50120FBF7A6F9003818BF43
:100A0000012008BDFBF7BAB9E030FFF7E1BE00BF37
:100A100038B590F8563105460C461BB11C4385F895
:100A2000564138BDE030FFF7A3FE95F856311C4320
:100A300085F8564138BD00BF90F8563123EA0101D0
:100A400080F8561101B17047E030FFF795BE00BF46
:100A500038B58569044645B12B792D2B04D02D235B
:100A60002B71A36922691A6038BD084A08490948F0
:100A70004FF496730FF033FE85F31188BFF36F8F39
:100A80000323184602DFA569E6E700BF40A3030081
:100A90008CA30300689B030038B5856904465DB1EB
:100AA0002B792D2B00D038BD01232B71A169BDE816
:100AB00038400868FBF734B9074A084908484FF43A
:100AC0009D730FF00CFE85F31188BFF36F8F032326
:100AD000184602DFA569E3E740A303008CA30300E7
:100AE000689B03008B6913B11A792D2A0BD00B7AFE
:100AF000072B15D0CB692BB1D0F85C211A60CB69DC
:100B0000C0F85C3170471B68D0F858215A608B6977
:100B100001221A718B69C0F858310B7A072BE9D181
:100B20004B6A002BE6D01B68D0F858215A604B6AFC
:100B300001221A714B6AC0F85831DBE7F8B50D4F46
:100B400005463846F8F744FD044680B10026476064
:100B50000572466186612C223146203017F0E6FD91
:100B60004FF47F43FF2262726381A381A673204604
:100B7000F8BD00BF0006002010B50A4B06225868D9
:100B80005021F8F7FFFC084B012258685021F8F774
:100B9000F9FC064BBDE81040586804222C21F8F7F8
:100BA000F1BC00BF0806002000060020100600204F
:100BB00038B50446002501F04DFA2046C4E93E55FB
:100BC00084F8045102F0DAFFC4F82851C4E9425510
:100BD00084F81651A4F81451A4F81851C4F82B51F4
:100BE000A4F84851C4F83051C4F83451C4F838510D
:100BF000C4F83C51C4F84051C4F84451FAF79AF98A
:100C000094F89A3084F85651C4E95001C4E9565515
:100C100023F0180384F89A30A58738BD08460149A7
:100C2000F8F7ECBC1006002038B5B0F802510346C6
:100C3000144625B1A9420ED26D1AA0F80251B3F89C
:100C4000122122B191420DD2521AA3F8122100238F
:100C50001846237038BD01F0BDF8054658B12B7A0F
:100C60000A2B03D022236FF07300F2E795F82030AF
:100C70006FF07300EDE7074A0749084840F2022386
:100C80000FF02DFD85F31188BFF36F8F03231846F6
:100C900002DFE4E740A30300A0A30300689B030076
:100CA000034B0B44B3FBF1F3A0F81831704700BFBE
:100CB000FF59620210B5044602F068FF2046BDE805
:100CC000104001F0CFB900BF10B5044611B10129A1
:100CD00007D010BD02F062FF2046BDE8104001F0D1
:100CE00023BA02F05FFF2046BDE8104001F040BA91
:100CF00070B5D0F85841064634B1206821464468A2
:100D0000FBF702F8002CF8D1D6F85C410023C6F8B6
:100D100058313CB1054D204624682946F8F76EFC51
:100D2000002CF8D10023C6F85C3170BD10060020FD
:100D300090F94330002B14DA70B504460E460320B8
:100D400009491546FFF7AAFD014640B180F8206029
:100D500080F82150204601F009F8002070BD0C20D9
:100D600070BD0C20704700BF0806002010B5074971
:100D700004460120FFF792FD28B10146204600F00D
:100D8000F5FF002010BD0C2010BD00BF080600209C
:100D900038B504460D4602200849FFF77FFD58B1DB
:100DA00090F8203065F30003014680F8203020469B
:100DB00000F0DCFF002038BD0C2038BD0806002004
:100DC00010B5074904460420FFF768FD28B1014625
:100DD000204600F0CBFF002010BD0C2010BD00BF4E
:100DE000080600202DE9F0410546884607201049F5
:100DF0009DF8186017461C46FFF750FDA8B1E300A8
:100E000008F0070803F03803BF0143EA080307F0BE
:100E100040073B4343EAC613014680F8203028468A
:100E200000F0A4FF0020BDE8F0810C20BDE8F081B7
:100E30000806002038B504460D4601F0F1F92046B9
:100E400002F00CFF07490A20FFF728FD38B10146E0
:100E500080F82050204600F089FF002038BD0C208B
:100E600038BD00BF0806002008B590F94330002BBC
:100E700008DB00F0AFFF20B1037A0B2B0CBF223050
:100E8000002008BD02F0ACFCF5E700BFF8B5D0F8D3
:100E900040319B0601D40020F8BD04460D460C20CD
:100EA00008491646FFF7FAFC074648B1294620468E
:100EB0003246FEF7CFFB3946204600F057FFEAE7FF
:100EC0000C20F8BD0806002070B506460D4602F05D
:100ED00087FC20B1037A053B012B044601D90C2085
:100EE00070BD01463046FEF7AFFE0028F7D02968F6
:100EF0006A68AB68ED68C4F837503046C4F82B1008
:100F0000C4F82F20C4F833302146FEF795FE0020A8
:100F100070BD00BF38B5054602F062FC20B1037A0F
:100F2000053B012B044601D90C2038BD014628465B
:100F3000FEF78AFE0028F7D028462146FEF780FEFD
:100F4000002038BD2DE9F0470546D0F84001BDF836
:100F50002090099E9A4683078846174632D495F911
:100F60004330002B50DB30490820FFF797FC044644
:100F7000002C56D0237A082B2AD0092B34D1A4F880
:100F800026802785A4F82AA0A4F82C90002E3ED015
:100F90003388238773886387B388A387F388E387BD
:100FA0003389A4F840307389A4F8423095F943306E
:100FB000002B12DA2846FDF79DFC0146284602F078
:100FC00017FF0AE018490920FFF768FC0446CFE73D
:100FD0002785A4F82AA0A4F82C902846214600F0E2
:100FE000C5FE0020BDE8F087104A1149114840F2C3
:100FF00005430FF074FB002383F31188BFF36F8F59
:101000000323184602DFE8E71A20BDE8F0870A4A02
:101010004FF0FF33C4E90E23A4F840304FF6FF73BE
:10102000C2E70C20DEE700BF0806002040A3030053
:10103000409C0300689B03000000FFFF08B502F01E
:10104000CFFB28B1007AA0F10C00B0FA80F0400983
:1010500008BD00BF10B5044602F0C2FB10B1037A10
:10106000092B00D010BD01462046BDE8104002F01B
:10107000D9B900BF38B504460D4602F0B1FB10B136
:10108000037A092B00D038BD80F820500146204655
:10109000BDE8384002F0CAB908B502F0A1FB28B19A
:1010A000007AA0F10900B0FA80F0400908BD00BF45
:1010B00038B505460C4600F08DFE10B14369A342D9
:1010C0000ED0284602F08CFB10B14369A34200D039
:1010D00038BD224601462846BDE8384002F024BD0E
:1010E00001462246284600F07FFFEAE710B5044695
:1010F00000F070FE18B10146204600F099FF20462E
:1011000002F06EFB014620B12046BDE8104002F01F
:1011100023BD10BD2DE9F041537F144605460E4610
:10112000002B3FD0D37F1E2B29D9284600F052FE3A
:101130000746284602F054FB0146002F5ED0FA7A9B
:10114000E37F002848D09342C07A51D03A7B002AEE
:101150005DD098424ED00A7B002A4BD1072B6DD030
:10116000112B04D14A7B94F820309A4242D0234676
:10117000324639462846BDE8F04100F0EBBE444A0D
:1011800052F8232022B104F11C00904760B1E37FA4
:10119000022BCAD10123224631462846BDE8F04140
:1011A00002F004BDFF23D377284600F013FE28B1D8
:1011B000E27FC37A9A420DD0037B5BB9284602F0E6
:1011C0000FFB002850D0E27FC37A9A4202D0037B03
:1011D000002BE0D0BDE8F0819342C8D03A7B002AD2
:1011E000C5D1072B4DD0112B4BD00D2BBFD0D1E744
:1011F00098421CD11F2385F86031EBE70028C9D045
:10120000234632462846BDE8F04102F013BC072BC6
:101210002CD0112B18D0B3F10D0218BF0122984227
:101220001FD00B7BEBB9002AA1D02423E3E70A7B74
:10123000002ADFD1072B95D0112B98D14B7B94F846
:1012400020209A42D6D092E77A7B94F82030D21AA6
:1012500018BF0122112804D0087B10B9487B98429E
:10126000E1D1002ACCD1C5E7034694E77A7B94F814
:101270002030D21A18BF01220728EDD1002ABFD191
:10128000B8E77A7B94F820309A4283D16FE700BFA9
:10129000A4A3030070B505460E46FFF79FFB044666
:1012A000002862D0337A013B211D0B2B07D8DFE8E1
:1012B00003F022282E3506060606063B0642324A71
:1012C00032493348DD230FF00AFA002383F31188F3
:1012D000BFF36F8F0323184602DFE3797373214650
:1012E0002846FFF791FB337A0A2B2AD02846BDE81F
:1012F000704000F021BE084600F0B0FF1323F372E7
:10130000EBE7284600F0DEFF0923F372E5E73046FD
:1013100001F096F8FF237461F372DEE7084601F0EE
:10132000B1F80C23F372D8E7304601F09BF8FF23A5
:101330007461F372D1E7284601F056FA1523F3726F
:10134000CBE76B8EB5F89C1140F2E24202FB03F34F
:1013500042F2107202FB013101392846B1FBF3F170
:10136000BDE8704089B200F0EDBD074A0949084860
:10137000A2230FF0B4F984F31188BFF36F8F032316
:10138000184602DF8EE700BF20A40300409C030044
:10139000689B030028A203002DE9F04107460C4694
:1013A000164602F021FA28B10323A372002528462D
:1013B000BDE8F08121463846FFF708FB05460028C6
:1013C000F2D021463846FFF709FB804680B3237AE6
:1013D000013B08F104010B2B07D8DFE803F0384686
:1013E000064C060606060606063E264A26492748F5
:1013F00040F25E430FF073F9002383F31188BFF3CB
:101400006F8F0323184602DF98F807306373414655
:101410003846FFF7F9FA384602F0EEF90423A372D2
:10142000002EC4D0384602F0B5FB0023A372BEE7FD
:10143000144A174915484FF483630FF050F988F3A5
:101440001188BFF36F8F0323184602DFBFE70846FA
:1014500000F00EFFFF23E372D6E7384601F0DCF917
:10146000FF23C4F81480E372CEE7384600F04EFF45
:10147000FF23E372C8E7084601F004F8FF23E37294
:10148000C2E700BF20A40300409C0300689B030048
:1014900028A2030038B50B7A013B0C4605460B2BFE
:1014A0000CD8DFE803F006060B290B0B0B0B0B1B0C
:1014B0000B24BDE838400122FFF76EBF174A1849D8
:1014C000184840F20E530FF00AF9002383F31188F5
:1014D000BFF36F8F0323184602DF38BD02F05AFBBB
:1014E00094F820300022A27285F8603138BDBDE842
:1014F00038400022FFF750BF90F8283143B901224D
:10150000FFF74AFF0028E8D0012385F8283138BDCD
:1015100002F040FB0023A37238BD00BF20A40300EB
:10152000409C0300689B03002DE9F0410C46897A3A
:1015300006461546042900F2F380DFE801F0072390
:101540000C1B0300012D4DD0BDE8F081002DFBD117
:101550000123A372F8E7002DF6D1237A0A2B74D168
:10156000304602F017FB94F820300022A27286F871
:101570006031E9E7002DE7D121463046BDE8F04172
:10158000FFF788BF022DDFD1DA786272023A122AA1
:101590006AD801A151F822F0B116020069160200C2
:1015A0006916020069160200691602006916020037
:1015B000A9160200691602006916020069160200E7
:1015C000C3160200691602006916020069160200BD
:1015D00069160200691602007915020069160200F8
:1015E00089160200237A0C2BAED1FDF7F1FF94F897
:1015F0002030042140EA03073046FFF71DFAA569B1
:101600000023FFB2A361002D7BD02B792D2B0ED0B0
:101610004B4A4C494C4840F281430FF060F800239C
:1016200083F31188BFF36F8F0323184602DF002F67
:101630004BD101232B7128682946FAF771FB3046FC
:1016400002F0A8FA0023A3727EE73D4A3F493E48D4
:1016500040F224530FF043F885F31188BFF36F8FE6
:101660000323184602DF7BE7354A3949364840F202
:101670000D430FF034F8002383F31188BFF36F8F0D
:101680000323184602DF77E7194601F0F5F8042135
:101690003046FFF7BDF93046FDF762FF84F82000C1
:1016A0002046FFF7D5F967E7194600F06FFE63E7BC
:1016B0001946204600F0E2FE08213046FFF7A8F95F
:1016C0005AE7194600F006FF56E703272F71338EBD
:1016D000EB80237A0C2B05F11C080DD0184A1D490C
:1016E000194840F28A430EF0FAFF002383F3118871
:1016F000BFF36F8F384602DF4146304601F0A4F851
:1017000099E70F4A1449104840F27E430EF0E7FF74
:1017100085F31188BFF36F8F0323184602DF74E748
:10172000074A0B49084840F28A530EF0D8FF0023BD
:1017300083F31188BFF36F8F0323184602DF03E79B
:1017400020A40300D0A20300689B030068A4030048
:10175000409C030084A4030088A203002DE9F0410B
:10176000D1F8188000260C4605468E61B8F1000FAE
:1017700049D00126032788F804702B8EA8F806307C
:10178000237A042B08F11C0129D00C2B23D0022B27
:1017900017D0284A284940F2AB1328480EF09FFF83
:1017A000002383F31188BFF36F8F384602DF0EB139
:1017B000BDE8F081D8F800004146BDE8F041FAF7F5
:1017C000AFBA637A072B1AD0092B10D0194A1A49DD
:1017D0004FF48173E1E7284601F036F8E7E7637AD2
:1017E0000C2B08D0134A144940F20F13D5E72846B2
:1017F00000F0AEFDDBE7284600F056FED7E72046B6
:1018000000F052FDD3E7FFF7FDF880460028B1D184
:10181000084A0B4909484FF4C6730EF060FF88F37D
:101820001188BFF36F8F0323184602DF88F8048006
:10183000FFDE00BF20A40300409C0300689B030060
:1018400088A2030038B50B7A013B0C4605460B2BEA
:1018500015D8DFE803F006240E32141414141441D2
:1018600014494B7A072B04D0132B02D0242385F87C
:101870006031284600F02EFC0023A37238BD324AA6
:10188000324933484FF413730EF029FF002383F3DA
:101890001188BFF36F8F0323184602DF38BD4B7AE0
:1018A000072B01D0092BE1D194F82030DB07E0D5DC
:1018B00021462846FFF752FFDBE74B7A0C2BD5D1A8
:1018C0008B6993B321462846FFF748FF284600F06E
:1018D00001FC0023A37238BD00F0FCFB002216239C
:1018E000A27285F8603138BD4B7A152B16D0072BC4
:1018F000BCD1D0F8403123F02003C0F8403100F0D3
:10190000E9FB0023A3722846FFF798FB0028B5D116
:1019100028460421BDE83840FFF78EB8FDF7A0FD4A
:1019200068B9284600F0D6FBEBE7FFF763F800281C
:10193000C8D1284600F000FB0423A37238BD21461D
:101940002846FFF70BFFECE720A40300409C0300B0
:10195000689B030070B50E7A731E0C4605460B2B70
:1019600007D8DFE803F0161D3145060606060661B6
:10197000066F534A5349544840F2CF230EF0AFFE4E
:10198000002383F31188BFF36F8F0323184602DF10
:1019900070BD00F0C1FA00287FD00123A37270BD92
:1019A00000F0BAFA0028F8D121462846FFF70EF8D1
:1019B0000028F2D021462846FFF76CFC6369002B13
:1019C00008BF0326A67270BD00F0A6FA0028E4D175
:1019D00021462846FEF7FAFF0028DED02146284699
:1019E000FFF758FC6369002B18BF0226A67270BD72
:1019F00090F828319BBB00F08FFA0028CDD121460A
:101A00002846FEF7E3FF0028C7D021462846FFF707
:101A100041FC6269002A4FF001030CBF032202223D
:101A2000A27285F8283170BDFEF7D0FF0028B4D02F
:101A300021462846FFF72EFC1622022384F8202098
:101A4000A37270BDD0F840319B0602D5FFF7F6FABD
:101A500068B1284600F03EFB0023A37270BD0C2243
:101A600000234A728B61BDE87040FFF7EBBE284649
:101A700000F052FA002890D121462846FEF7A6FF32
:101A800000288AD004212846FEF7C2FF21462846B6
:101A9000FFF700FC0323A37270BD21462846FEF722
:101AA00095FF00283FF479AF21462846FFF7F2FB67
:101AB0006369002B0CBF03230223A37270BD00BF18
:101AC00020A40300409C0300689B030070B50C46F3
:101AD000897A06461546042900F2A380DFE801F062
:101AE00003031B280600002D5CD070BD002DFCD127
:101AF000237A042B00F08780524A534953484FF40D
:101B00005F730EF0ECFD85F31188BFF36F8F032335
:101B1000184602DF70BD052DE7D1237A032B01D0D3
:101B20000A2BE2D121463046BDE87040FFF78ABE5D
:101B3000012DDAD1DA786272023A172A37D801A178
:101B400051F822F0FB1B0200AF1B0200AF1B02008A
:101B5000AF1B0200AF1B0200F11B0200AF1B020013
:101B6000E91B0200AF1B0200AF1B0200E11B0200D9
:101B7000251B0200AF1B0200AF1B0200AF1B0200BF
:101B8000D71B0200AF1B0200251B0200AF1B020087
:101B9000CF1B0200AF1B0200AF1B0200AF1B0200F5
:101BA000251B02002146BDE87040FFF7D3BE254A41
:101BB0002549264840F24F330EF091FD002383F370
:101BC0001188BFF36F8F0323184602DFAAE7194677
:101BD00000F07CFEA6E71946204600F0F3FCA1E7E2
:101BE000194600F077FC9DE7194600F0FDFB99E7E8
:101BF0001946204600F054FB94E7124A1249134854
:101C000040F23633D8E7FEF7F5FE00283FF46DAF1B
:101C100021463046FFF7A2FD304600F05BFAA57280
:101C200070BD084A0849094840F29A330EF057FD42
:101C3000002383F31188BFF36F8F0323184602DF5D
:101C400070BD00BF20A40300409C0300689B0300FC
:101C5000131D0522FFF73ABF02F11C030122FFF713
:101C600035BF00BF13460022FFF730BF02F11C034F
:101C70000222FFF759BC00BF131D0122FFF754BC1D
:101C800013460022FFF750BC70B5044606F024F856
:101C900068B1D4F8F85045B1D4F8FC202B68C4F8EA
:101CA000F830954208BFC4F8FC30284670BD0546A0
:101CB0000121032005F0AEFF2A460646012103203C
:101CC000F7F724FDD4F8F85045B1D4F8FC202B6880
:101CD000C4F8F830954208BFC4F8FC30002EE4D0B8
:101CE000012211460320F7F711FD284670BD00BF01
:101CF00070B5044605F0F0FF40B1D4F8F850DDB1FE
:101D000000220123A4F80221AB7370BD0546012116
:101D1000032005F07FFF2A46064601210320F7F73E
:101D2000F5FCD4F8F850002EE9D00122114603202A
:101D3000F7F7ECFC002DE3D1094A0A490A484FF4B1
:101D4000F5730EF0CCFC85F31188BFF36F8F03237E
:101D5000184602DF00220123A4F80221AB7370BDF4
:101D6000ACA40300F4A40300689B0300F8B5054687
:101D70000C4605F0B1FF40B100232360D5F8FC30DC
:101D8000F3B11C60C5F8FC40F8BD064601210320F4
:101D900005F040FF3246074601210320F7F7B6FC65
:101DA0002660D5F8FC3083B11C60C5F8FC40002FDC
:101DB000EAD00122BDE8F84011460320F7F7A6BC9F
:101DC000C5F8F840C5F8FC40F8BDC5F8F840C5F8BE
:101DD000FC40ECE770B5054605F07EFF18B1D5F87C
:101DE000F840204670BD04460121032005F012FF93
:101DF0002246064601210320F7F788FCD5F8F84073
:101E0000002EEED0012211460320F7F77FFC20467A
:101E100070BD00BF38B50C460546FFF7DBFF8442B6
:101E20000DD0184A1849194852230EF058FC0023C7
:101E300083F31188BFF36F8F0323184602DFA36972
:101E400013B11B792D2B07D02846FFF71DFF204625
:101E5000BDE83840FEF796BD0A4A0D490B485723A6
:101E60000EF03DFC002383F31188BFF36F8F032333
:101E7000184602DF2846FFF707FF2046BDE8384036
:101E8000FEF780BDACA4030008A50300689B030017
:101E90001CA5030038B50546FFF79CFF037A013BFC
:101EA00004460B2B1BD8DFE803F0060606061A1AB9
:101EB0002A1414061A06014600222846FFF7D2FE0D
:101EC000A37B03B938BD21462846BDE83840FFF75B
:101ED000A1BF01460022284601F076FAF0E70B4A3E
:101EE0000B490C484FF4EF730EF0F9FB002383F31A
:101EF0001188BFF36F8F0323184602DFE0E7014626
:101F000000222846FEF7F6FBDAE700BFACA4030088
:101F1000409C0300689B030090F80401A0F10100BD
:101F2000B0FA80F040097047012380F8043170470F
:101F3000002380F804317047B0F81831A0F802315E
:101F4000704700BFA0F80211704700BF0023A0F83F
:101F50000231704738B50C468969054610461A4665
:101F6000F9B1217A01390B2923D8DFE801F00606FF
:101F700006062222321D1D06220621462846FFF7AC
:101F80006BFEA36923B11B792D2B1CBF0023A3611A
:101F9000A37B03B938BD21462846BDE83840FFF78A
:101FA00039BFA3612061DCE72146284601F0B8F97A
:101FB000E7E70A4A0A490B4840F249130EF08FFB43
:101FC000002383F31188BFF36F8F0323184602DFCA
:101FD000D7E721462846FEF76DFBD2E7ACA4030005
:101FE000409C0300689B030038B50B7A033B0C460A
:101FF0000546092B09D8DFE803F0050808080D0895
:10200000080508052146FFF723FEA37B0022626135
:1020100043B938BD2146FEF771FBA37B0022626104
:10202000002BF6D021462846BDE83840FFF7F2BE27
:1020300038B50B7A072B0C46054608D0A37B03B9AD
:1020400038BD21462846BDE83840FFF7E3BEFEF71D
:1020500059FBF3E70222002380F80021A0F80231A7
:10206000704700BF38B590F800310446032B1AD8EA
:10207000DFE803F002100F10FFF7ACFE48B1057A5D
:102080002046FFF707FF0A2D14BF0123032384F81E
:10209000003138BDFFF79EFE0028FAD02046BDE88B
:1020A0003840FFF7F7BE084A084909484FF41B7348
:1020B0000EF015FB002383F31188BFF36F8F03230A
:1020C000184602DF38BD00BFACA40300409C0300EB
:1020D000689B030010B590F800310446032B0DD81F
:1020E000DFE803F008020702FFF702FE002384F88E
:1020F000003110BDBDE81040FFF7FABD074A08499E
:1021000008484FF41B730EF0EAFA002383F311889A
:10211000BFF36F8F0323184602DF10BDACA403008A
:10212000409C0300689B030008B590F80031022B27
:1021300013D000D808BD032BFCD00A4A0A490B482B
:102140004FF41B730EF0CBFA002383F31188BFF317
:102150006F8F0323184602DF08BD002380F800318B
:1021600008BD00BFACA40300409C0300689B0300B3
:1021700038B590F800310446032B3AD8DFE803F075
:102180000926121320462946FEF7ACFC2846FEF726
:10219000F9FB2046FFF778FD05460028F2D102231F
:1021A00084F8003138BDFFF76FFD05460028F6D0F2
:1021B00029462046FEF796FC2846FEF7E3FB20461C
:1021C000FFF762FD05460028F2D1E8E7FFF75CFD66
:1021D00005460028E3D029462046FEF783FC284622
:1021E000FEF7D0FB2046FFF74FFD05460028F2D151
:1021F000D5E7084A084909484FF41B730EF06FFAF7
:10220000002383F31188BFF36F8F0323184602DF87
:1022100038BD00BFACA40300409C0300689B0300D2
:1022200038B50546FFF730FD68B10446214628461B
:10223000FEF758FC2046FEF7A5FB2846FFF724FDD5
:1022400004460028F2D10024A5F802412146284680
:1022500001F0B8FA85F8004138BD00BF03780121CC
:10226000122243F0030303704170C270704700BF35
:1022700003780121132243F0030303704170C270FD
:10228000704700BF0B784FF0020C43F003030722A6
:102290000B7081F801C0CA7090F84C300B71704718
:1022A0000B7980F84C3070470B784FF0020C43F0FC
:1022B000030307220B7081F801C0CA7090F84C30FC
:1022C0000B71704710B50B780C460922082143F0BA
:1022D0000303E1706270237090F94330002BACBFB0
:1022E0000B460E23E370F8F725FE002261F3070288
:1022F000C1F3072C0B0C6CF30F2263F317421B0A7C
:1023000063F31F626060A26010BD00BF38B50C4669
:102310000546F8F70FFE237843F0030323700923E3
:102320006370E370D5F84031217263F0FF03184009
:10233000020C0B0CC0F307252071C1F30721100A12
:10234000A2711A0AE07165716172A372E27238BDFE
:102350000B78092243F003030B704A70CA70D0E96E
:102360004E23100CC2F3072C0A711A0C81F805C019
:1023700088714FEA102C0B72C3F30720130A81F8FF
:1023800007C048728A72CB72704700BF2DE9F041D6
:102390004B68144F8E685A0F82EA137202F00102E2
:1023A0001F400021931849419B18054641F1000840
:1023B00087EA0374F8F7BEFD04EA0003C5F840316C
:1023C00063F0FF0306F0EF063B4046EA0878C5E9F4
:1023D0004E3608EA01010122C5F8441185F8302182
:1023E000BDE8F0812FCF87F72DE9F0414A68134F00
:1023F0008E68530F83EA127303F00103D91807EABA
:1024000002074FF000025241C918054642F100048C
:1024100087EA0178F8F78EFD06F0EF0646EA0474C5
:10242000C5E94E7608EA00000C400123C5F84001DA
:10243000C5F8444185F83031BDE8F0812FCF87F7EA
:102440000B784FF0030C43F0030319220B7081F853
:1024500001C0CA7090F820300B7190F821304B7198
:10246000704700BF0B78022243F003030B704A70E1
:10247000CA7090F820300B71704700BF0B7980F85C
:10248000203070470378074AC0F805204FF0060C4B
:1024900043F0030340F60C51037080F801C0A0F82C
:1024A00003107047F105FFFF0B784FF0060C43F067
:1024B00003030C220B7081F801C0CA7090F82A3116
:1024C0000B71B0F82B31A1F80530B0F82D31A1F81F
:1024D00007307047012380F829310B7980F82A31C1
:1024E000B1F80530A0F82B31B1F80730A0F82D3144
:1024F000704700BF0B78032243F003034FF0170C23
:102500000B7081F801C0CA70D0F82130D0F82520B6
:102510008A604B6090F829300B7390F82A304B7327
:10252000704700BF10B503780D21042243F0030368
:1025300041700370C270841805F0CEFB0C2120B1ED
:102540002046BDE8104003F0B7B82046BDE8104073
:1025500003F0A8B803780121052243F003030370B8
:102560004170C270704700BF03780121062243F01A
:10257000030303704170C270704700BF03780121EC
:102580000B2243F0030303704170C270704700BF19
:10259000037801714FF0020C43F003030D22037026
:1025A00080F801C0C27070470378017143F00303E3
:1025B0004FF0030C0370112380F801C0C370427107
:1025C000704700BF0B7980F84D304B7980F84E3062
:1025D000704700BF0B784FF0030C43F00303162243
:1025E0000B7081F801C0CA7090F82030C3F3C203A9
:1025F0004B7190F82030C3F302030B71704700BF9A
:102600000A7990F8203062F3C50380F820304A79C7
:1026100062F3020380F82030704700BF0B784FF060
:10262000030C43F0030317220B7081F801C0CA703A
:1026300090F8A431C3F3C2034B7190F8A431C3F3F3
:1026400002030B71704700BFCB8843850B7980F87C
:102650002C304B7980F82D30704700BF0B784FF04D
:10266000180C43F003030F220B7081F801C0CA70ED
:10267000C38C8B80038DCB80438D0B81838D4B81ED
:1026800090F834300B73C38EA1F80D30038FA1F88E
:102690000F30438FA1F81130838FA1F81330C38F0F
:1026A000A1F81530B0F84030A1F81730B0F842303A
:1026B000A1F81930704700BF0B784FF0180C43F0A9
:1026C000030310220B7081F801C0CA70C38C8B8089
:1026D000038DCB80438D0B81838D4B8190F83430FB
:1026E0000B73C38EA1F80D30038FA1F80F30438F09
:1026F000A1F81130838FA1F81330C38FA1F81530E2
:10270000B0F84030A1F81730B0F84230A1F81930D5
:10271000704700BF8B88C384CB8803850B894385B2
:102720004B8983850B7B80F83430B1F80D30C3863C
:10273000B1F80F300387B1F811304387B1F8133087
:102740008387B1F81530C387B1F81730A0F840304F
:10275000B1F81930A0F84230704700BF0B78002262
:1027600043F003034FF00C0CCA700B7081F801C0EA
:1027700090F823300B71036B094AA2FB03239B0AD9
:10278000A1F80530438DA1F80930038DA1F8073079
:10279000838DA1F80B30838CA1F80D30704700BFFA
:1027A0005917B7D10B7980F82330B1F8053040F2D2
:1027B000E24202FB03F30363B1F809304385B1F849
:1027C00007300385B1F80B308385B1F80D30838471
:1027D000704700BFB1F8093003844B68C0F822305D
:1027E0000B7A80F8263070470B784FF0090C43F0D5
:1027F000030314220B7081F801C0CA70B0F8663070
:102800008B80B0F864300B81B0F86A30CB80B0F8C0
:1028100068304B81704700BF0B784FF0090C43F0D4
:10282000030315220B7081F801C0CA70B0F866303E
:102830008B80B0F864300B81B0F86A30CB80B0F890
:1028400068304B81704700BF0B784FF0090C43F0A4
:10285000030315220B7081F801C0CA70B0F87630FE
:102860008B80B0F874300B81B0F87A30CB80B0F840
:1028700078304B81704700BF8B88A3F11B02E02AA0
:1028800022D8B1F808C0ACF11B02E02A1CD830B540
:10289000CD88A5F5A47244F2481492B2A24212D88F
:1028A0004A8900218E4662F30F0EA2F5A4726CF3E2
:1028B0000F0192B2A24263F31F4165F31F4E9CBF0A
:1028C000C166C0F870E030BD704700BF8B88A3F1CF
:1028D0001B02E02A22D8B1F808C0ACF11B02E02AA2
:1028E0001CD830B5CD88A5F5A47244F2481492B234
:1028F000A24212D84A8900218E4662F30F0EA2F539
:10290000A4726CF30F0192B2A24263F31F4165F30C
:102910001F4E9CBFC166C0F870E030BD704700BF5D
:1029200070B58C6900230D4606468B6104B31923EC
:1029300022792371338EE38095F82030237743B9D1
:102940002B8DE3836B8D2384AB8D63842D2A09D07B
:1029500070BD738EE383B38E2384B6F89C31638499
:102960002D2AF5D120682146BDE87040F9F7D8B985
:10297000074A0849084840F207130DF0B0FE84F3F7
:102980001188BFF36F8F0323184602DFCFE700BF24
:1029900074A5030088A20300689B0300F8B58C6946
:1029A00000230D4606468B6194B1032327792371DA
:1029B000338EE38004F11C012846FFF74FFE2D2FD4
:1029C00000D0F8BD20682146BDE8F840F9F7A8B965
:1029D000074A084908484FF459730DF080FE84F304
:1029E0001188BFF36F8F0323184602DFDDE700BFB6
:1029F00074A5030088A20300689B030030B5438ED2
:102A00000A8D4C8D8D8D934285B002D1838EA34269
:102A100014D0012381F8223002950B6BCDE90024FC
:102A20000C7A91F82320898C0391A4F10801B1FA62
:102A300081F14909EAF7ECFC05B030BDB0F89C31F2
:102A40005B1B18BF0123E5E7F8B5CD6900230C46F1
:102A500007461646CB61002D3FD0291D112E0AD8FE
:102A6000DFE806F02E0909090909092A09090909F7
:102A7000090909093222234A234924484FF4527391
:102A80000DF02DFE002383F31188BFF36F8F032316
:102A9000184602DFEB79637329463846FDF7B4FF29
:102AA000237A092B14D0F8BD084694F8202094F816
:102AB0002110FFF779FDEDE72046FFF7E3FBE9E79B
:102AC0002046FFF74BFEE5E72046FFF7F5FDE1E77F
:102AD0003846BDE8F84000F08FBEFDF77FFF0546A1
:102AE0000028BAD1074A0A49084840F22E330DF0AF
:102AF000F6FD85F31188BFF36F8F0323184602DFBD
:102B0000ABE700BF74A50300409C0300689B030073
:102B100028A2030038B58B690C46054673B11F4ADD
:102B20001F49204840F286330DF0D9FD002383F37E
:102B30001188BFF36F8F0323184602DFFDF762FF92
:102B40002D23A061037194F834200121002384F81F
:102B500023102363218D4AB1B1FBF2F313FB02F37F
:102B6000E28C9BB29A429CBF23851946238F8B42ED
:102B700004D840F2E24202FB03F323632846FCF749
:102B80003FFCAB8E06331844A08400222146284621
:102B9000FFF75AFF4FF60B73638138BD74A503002E
:102BA000C0A50300689B03002DE9F0413A4E33684D
:102BB00004460D462BB1834203D00123AB72BDE81E
:102BC000F0812046FFF7A8F90028F6D1204600F052
:102BD00001FE07460028F0D129462046FDF7F6FE03
:102BE0000028EAD02046FCF70BFC01218046204655
:102BF00000F0E8FDA5F83680D5F81C8085F8347023
:102C00003460EF61B8F1000F29D008F104012846C3
:102C1000FFF724FD98F807306B7341462046FDF717
:102C2000F3FE2B7A092B16D094F84330DB0902D03F
:102C300004236B81C3E7194A19491A4840F29B13D0
:102C40000DF04DFD002383F31188BFF36F8F032335
:102C5000184602DFB3E72046FFF76EF9E4E729469E
:102C60002046FDF7BBFE80460028CED10B4A0E4918
:102C70000C4840F22F130DF032FD88F31188BFF39A
:102C80006F8F0323184602DF04212846FFF7E6FC76
:102C900098F80730FFDE00BF44E1002074A5030070
:102CA000409C0300689B030028A2030038B505463A
:102CB0000C4600F099FD10B10923A37238BD2146DE
:102CC0002846FDF783FE0028F6D021462846FDF76A
:102CD00085FEE061FDF78EFE10B90C23A37238BDAE
:102CE00021462846BDE83840FFF714BF70B50C46B2
:102CF0000546FCF785FBA38CC31A1B0400D570BDE9
:102D000021462846FFF77AFE237A092B15D094F83E
:102D10002260E6B92046FDF7BFFEA661284600F016
:102D200039FF237A092B05D10D4B1A68954204BF50
:102D300000221A600023A37270BD284600F062FDD5
:102D4000237A092BE3D194F82030002BDFD0002325
:102D500084F8203021462846FFF7E2FDDEE700BF79
:102D600044E1002070B506460C4600F03DFD10B170
:102D70000623A37270BD054621463046FDF726FEA8
:102D80000028F5D0112221463046FFF75DFE30467F
:102D900000F000FF237A092B04D1044B1A689642F5
:102DA00008BF1D600023A37270BD00BF44E1002076
:102DB00070B5204A136806460C468BB183420FD08B
:102DC00002238B7200F010FD054620B921463046E3
:102DD000FDF7FCFD08BB2046BDE87040FDF738BE9E
:102DE000218D738E16609942628DA08D06D021468A
:102DF0003046FFF7D3FD0423A37270BDB38E934218
:102E0000F5D1B6F89C318342F1D12046FDF744FE5E
:102E100000220523A261A37270BD4FF472632146A4
:102E200023843046FFF79EFF2046FDF735FEA5615F
:102E300070BD00BF44E1002070B50C46897A06469B
:102E400015460C2900F2A980DFE801F00B17464E69
:102E5000586273A77A848B9F0700002D00F0AD8025
:102E600070BD002DFCD1237A082B00F0C980092BFE
:102E700040F0B7800123A37270BD012DF0D1194637
:102E80002046FFF747FCE38C228DA08D618D94F8DE
:102E90003450052B17D9B2F5486F14D8934212D885
:102EA000B1F5FA7F0FD2A0F10A039BB240F6764C3F
:102EB000634508D84B1C9BB202FB03F3B3EB800FB6
:102EC00001D2AA420AD240F61E732384214630461C
:102ED000BDE87040FFF746BF012DC1D821463046FE
:102EE000BDE87040FFF764BF002DB9D1FDF782FD4A
:102EF000002840F0C7800323A37270BD032D67D064
:102F0000042DADD10F22062384F82120A37270BDB9
:102F1000002DA5D190F94330002B5CDA94F82030D5
:102F200083B10F2384F821302146BDE87040FFF7BC
:102F300019BF002D94D12146BDE87040FFF712BFA4
:102F4000002D8DD1304600F04FFC00285BD00823C7
:102F5000A37270BD002D83D12146BDE87040FFF7FC
:102F6000A5BE022D7FF47CAF90F84320C2F3C011C0
:102F7000D20956D184F84C1000F036FC05460028E2
:102F800000F089800D23A37270BD002D7FF468AF1F
:102F90002146BDE87040FFF7A9BE504A504951484C
:102FA00040F251530DF09BFB002383F31188BFF3D4
:102FB0006F8F0323184602DF70BDFDF71BFD00284D
:102FC0003FF44EAF21463046BDE87040FFF7A2BD4A
:102FD0000523A37270BDA5612146BDE87040FFF7CF
:102FE00065BE3E4A3E493F4840F2F2330DF077FB62
:102FF00085F31188BFF36F8F0323184602DF70BD7E
:103000000A23A37270BD21463046FDF7DFFC00287D
:103010009DD0102221463046FFF716FD0A2363811A
:1030200070BD19462046FFF7BDFB218D628DA58D31
:103030008B1F9BB240F67A4083422AD8B2F5FA7FC2
:1030400027D2A5F10A039BB240F67640834220D8EE
:10305000531C9BB201FB03F3B3EB850F19D230462F
:10306000A58CFCF7CDF92B1A9BB247F6FE72934262
:1030700029D9282386F86031304600F08BFD0023E3
:10308000A37270BD21463046FFF788FC0423A3726B
:1030900070BD1E23EEE721463046FDF797FC002861
:1030A0003FF470AF072221463046FFF7CDFC304693
:1030B00000F070FD237A092BE1D10B4B1A68964280
:1030C000DDD11D60DBE72046FDF7C2FC0B23A372B8
:1030D00021463046BDE87040FFF708BE74A50300E6
:1030E000409C0300689B030044E10020F8B50C46B7
:1030F000897A06461546062908D8DFE801F0172B1D
:10310000070733640400002D65D0F8BD7F4A80496D
:1031100080484FF43E730DF0E2FA002383F31188E8
:10312000BFF36F8F0323184602DFF8BD002DECD1EB
:10313000237A092B10D0754A754976484FF4F573F8
:103140000DF0CDFA85F31188BFF36F8F0323184676
:1031500002DFF8BD002DD8D121463046BDE8F84049
:10316000FFF722BD032D00F08D80042D00F092802A
:10317000022DCAD119462046FFF714FB228D608D1F
:10318000B4F82CC0931F9BB240F67A418B4244D8CE
:10319000B0F5FA7F41D2ACF10A039BB240F676411A
:1031A0008B423AD8431C9BB202FB03F3B3EB8C0F68
:1031B00033D22946304600F005FB2046FDF748FC97
:1031C0000623A372F8BD002D9FD1FEF7A5FE60B3C4
:1031D0000523A372F8BDFCF713F9A38CC01A0304EE
:1031E00093D42946304600F0EDFA21463046FFF7E9
:1031F00005FC237A092B58D094F82250002D5ED17B
:103200002046FDF749FCA5613046FEF763FF237AAF
:10321000092B2CD00023A372F8BD0021304600F00A
:10322000D1FA1E2386F86031EEE721463046FDF7DD
:10323000CDFB0028CCD02946304600F0C3FAE76920
:10324000E561002F43D094F8202094F82110381D18
:10325000FFF7AAF9FB79637339463046FDF7D4FBD3
:10326000237A092BD0D13046FEF766FECCE796F9DB
:103270004330002B25DB284B1A689642CAD1002226
:103280001A60C7E75B7984F8203021463046FFF7A3
:1032900047FBB9E7D0F840311A2223F00203C0F807
:1032A0004031214684F82020F0E73046FEF74EFEFC
:1032B000237A092BA0D194F82030002B9CD0002336
:1032C000E1E73046FDF7E8FE0028D4D0A2E721462A
:1032D0003046FDF783FB07460028B4D10B4A0F495F
:1032E0000C4840F22F130DF0FAF985F31188BFF363
:1032F0006F8F0323184602DF042094F8202094F8EF
:103300002110FFF751F9EB79FFDE00BF74A5030030
:10331000409C0300689B030044E1002028A20300B6
:1033200010B592F81FC082B0044602F11C03BCF134
:10333000110F0AD8DFE80CF02C0909090909092541
:1033400009090909090909091E17242380F86031B0
:103350000191FEF7BFFE01990B7A092B1FD00023C4
:103360008B7202B010BD0322204602B0BDE81040AF
:10337000FFF7BCBE0122204602B0BDE81040FFF7B7
:10338000B5BE0422204602B0BDE81040FFF7AEBE35
:103390000222204602B0BDE81040FFF7A7BE94F914
:1033A0004330002B06DB074B1A689442D7D100222A
:1033B0001A60D4E720460191FDF76EFE01990028BE
:1033C000F1D0CCE744E1002013460022FFF78EBE87
:1033D00070B5D57F02F11C0335B10F2D09D1BDE8C1
:1033E00070400122FFF728BDBDE870400222FFF7C0
:1033F00023BD24230E4680F86031044600F0CAFB4A
:10340000337A092B05D1044B1A68944204BF002279
:103410001A600023B37270BD44E1002013460022FD
:10342000FFF70ABD00230322FFF706BD0023042295
:10343000FFF702BD70B5D37F012B05460C4607D0C0
:10344000242380F8603100F0A5FB0023A37270BD37
:103450008B7A012B12D013F0FD0FF8D0154A1649C4
:10346000164840F227130DF03AF9002383F3118830
:10347000BFF36F8F0323184602DF70BD02F11C01FA
:103480002046FFF7A7F92846268CFBF7B9FF361A26
:10349000B6B247F6FE739E4202D80223A37270BDF5
:1034A000282385F86031284600F074FB0023A372BE
:1034B00070BD00BFE0A50300409C0300689B0300B3
:1034C00038B58B7A012B12D0022B0C4610D00BB3DF
:1034D000124A1349134840F227130DF000F9002354
:1034E00083F31188BFF36F8F0323184602DF38BDC3
:1034F0000546FBF785FF238CC01A0304F7D404F1BB
:1035000022012846FBF78AFF284600F043FB0023F0
:10351000A37238BD01238B7238BD00BFE0A5030044
:10352000409C0300689B030038B5D0F808318B42FB
:1035300004460D4623D01C4A1C491D4878230DF033
:10354000CEF8002383F31188BFF36F8F032318464F
:1035500002DFAB6913B11B792D2B15D0D4F80831DC
:1035600043B1D4F80C111A68C4F80821994208BF75
:10357000C4F80C212846BDE83840FDF703BA8B6932
:10358000002BE8D10B46ECE7074A0A4908487D239F
:103590000DF0A5F8002383F31188BFF36F8F032389
:1035A000184602DFDAE700BF28A6030008A50300DB
:1035B000689B03001CA5030038B5D0F808512B7A8E
:1035C000013B04460B2B28D8DFE803F0060606066D
:1035D00018181D131306220600222946FEF750FB79
:1035E000AB7B2BB129462046BDE83840FFF79CBF96
:1035F00038BD00222946FFF711FFF1E700222946D6
:10360000FCF72AFBECE700222946FDF79DF8E7E7E7
:1036100000222946FFF754FFE2E7084A0849094813
:103620004FF4E7730DF05BF8002383F31188BFF3C9
:103630006F8F0323184602DFD2E700BF28A60300DE
:10364000409C0300689B030070B5D0F80851044605
:103650001DB394F81431012B03D1022384F81031E7
:1036600070BD29462046FDF7B1F90028F5D029465E
:103670002046FDF7B3F90646F0B1311D2846FEF7A6
:1036800001FEF3796B7331462046FDF7BDF9012346
:10369000AB73002384F8103170BD0F4A0F491048F6
:1036A00040F216230DF01BF885F31188BFF36F8FDE
:1036B0000323184602DFCCE7074A0A4908484FF4BB
:1036C000EF730DF00CF886F31188BFF36F8F0323AF
:1036D000184602DFD1E700BF28A60300F4A40300C8
:1036E000689B030028A2030070B5D0F80851044677
:1036F000ADB394F81431012B03D1012384F81031B8
:1037000070BD29462046FDF761F90028F5D029460D
:103710002046FDF763F9064600283CD02046FEF718
:1037200059FB2A7A037A934206F1040026D0082B2B
:1037300026D02A2194F830311BB1D4F840315B07F0
:1037400023D4FEF725FFF3796B7331462046FDF74E
:103750005BF90123AB73002384F8103170BD154A67
:103760001549164840F206230CF0B9FF85F311887D
:10377000BFF36F8F0323184602DFBAE72321D9E78F
:10378000092A14BF2A212321D4E70A4694F81711E5
:10379000FEF70AFFD7E7074A094908484FF4EF73D5
:1037A0000CF09DFF86F31188BFF36F8F032318463B
:1037B00002DFB3E728A60300F4A40300689B03001C
:1037C00028A2030080F81611704700BF704700BFA1
:1037D0000020704790F81501003818BF012070478D
:1037E000D0F80801704700BF90F81401A0F1010063
:1037F000B0FA80F040097047B0F81831A0F81231E3
:10380000704700BF0023A0F81231704738B5D0F8D8
:103810000841A4B10546D5F80C212368C5F8083144
:103820009442214608BFC5F80C312846FDF75AF9E5
:103830002046FDF7A7F8D5F80841002CEBD138BD9C
:10384000022938B5054612D004290C460AD00129B0
:1038500000D038BDD0F80831002BFAD0BDE8384090
:10386000FFF7AABEFFF7D2FF85F8104138BDD0F8A8
:103870000841002380F815313CB100230122A5F84E
:103880001231A27385F8103138BD074A074908483C
:1038900040F229230CF023FF84F31188BFF36F8FCC
:1038A0000323184602DFE8E728A60300F4A4030078
:1038B000689B0300F8B590F8103104460E46154693
:1038C000052B00F29F80DFE803F00E1607030B03C1
:1038D000BDE8F840FFF7B4BFBDE8F840FFF7B4BE5D
:1038E00003290CD0F8BD71B10429FBD1FFF78EFF7D
:1038F00084F81061F8BDBDE8F840FFF7F5BE00237D
:1039000080F81031F8BDD0F80871002FEAD03B7A6A
:1039100090F816C190F843E0112B11D8414A0121CB
:1039200001FA03F0024052B30A2B21D0C3B184F84C
:1039300015612046FFF740FE032384F81031F8BDDF
:10394000394A3A493A486B230CF0C9FE002383F305
:103950001188BFF36F8F0323184602DF3B7AE3E73A
:10396000EB7F87F84C302046BDE8F840FFF76CBE8F
:103970002046FFF721FE052384F81031F8BD10F42E
:10398000386FDDD00A2BF3D0002BE9D0BCF1000F4B
:1039900001D10E46CBE71EF0800F12D1BCF1010F12
:1039A00022D0BCF1020F9DD12046FEF713FA3B7ADC
:1039B000027A9A4222D0082A1ED02A2384F8603143
:1039C000F8BDBCF1010FECD12046FEF703FA08B1B7
:1039D000FF22C272012384F815312046FFF7ECFD67
:1039E000032384F81031F8BDEB7F84F817312046AB
:1039F000BDE8F840FFF778BE092BDED1232384F819
:103A00006031F8BD084A094909484FF443730CF086
:103A100066FE002383F31188BFF36F8F03231846DC
:103A200002DFF8BD7FF4030028A60300409C0300DA
:103A3000689B030038B50C468969054610461A464E
:103A4000237AF1B10C2B57D8DFE803F00D070707F5
:103A5000073C3C484242074E070021462846FEF7F5
:103A600005F9A16921B10B792D2B1CBF0023A3619E
:103A7000A37B2BB121462846BDE83840FFF754BD53
:103A800038BDA26120610C2B36D801A151F823F07A
:103A9000F53A02005B3A02005B3A02005B3A020030
:103AA0005B3A0200C53A0200C53A0200DD3A020064
:103AB000D13A0200D13A02005B3A0200E93A020030
:103AC0005B3A020021462846FCF796F8A169C9E74F
:103AD00021462846FFF77CFCA169C3E7214628461A
:103AE000FCF714FEA169BDE721462846FFF7A2FCBA
:103AF000A169B7E71146B5E7084A094909484FF4F3
:103B0000A1730CF0ECFD002383F31188BFF36F8FDA
:103B10000323184602DFA169A4E700BF28A603001B
:103B2000409C0300689B030038B50B7A072B0C46BA
:103B300005460ED00C2B01D1FEF79EF8A37B002288
:103B400062612BB121462846BDE83840FFF7ECBC46
:103B500038BDFCF7FDFDF1E738B50B7A072B0C46B5
:103B6000054608D0A37B2BB121462846BDE8384046
:103B7000FFF7DABC38BDFCF7EFFDF3E704220023C2
:103B800080F81021A0F81231704700BF00220121F7
:103B9000FFF790BE00220221FFF78CBE0022032116
:103BA000FFF788BE00220421FFF784BEF0B504466B
:103BB00083B00E4615467BB1D37F1B2B31D8DFF87F
:103BC00098C090F843100CEB4307C9097F781AB2EC
:103BD00001238B403B402BD11846FCF7AFFF074633
:103BE000E8B100230360D4F80C31E3B11860C4F8E5
:103BF0000C012A4600212046FFF75CFEBB7B1BB16F
:103C000039462046FFF790FCD4F8081139B12B460D
:103C10003246204603B0BDE8F040FFF70BBF03B0CB
:103C2000F0BD0023D8E7C4F80801C4F80C01E0E7B0
:103C30001CF812300A2BCFD10193FFF7E7FD0022C9
:103C4000A4F8122184F8152184F810212046FEF7EB
:103C5000E7FA019BC0E700BF70A6030010B5044659
:103C6000FFF7D4FD0023A4F8123184F8153184F84D
:103C7000103110BD10B50C4630B994F884316FF393
:103C8000000384F8843110BD0A4A0B490B4840F206
:103C9000A2230CF024FD002383F31188BFF36F8F60
:103CA0000323184602DF94F884316FF3000384F88D
:103CB000843110BDA8A60300F0A60300689B030092
:103CC00000B9704708B5084A0849094840F29A23E4
:103CD0000CF005FD002383F31188BFF36F8F0323DE
:103CE000184602DF08BD00BFA8A60300E0A003003D
:103CF000689B0300012800D0704710B50C46F8F708
:103D0000D1F884420ED0084A0849094840F292236B
:103D10000CF0E5FC002383F31188BFF36F8F0323BE
:103D2000184602DF10BD00BFA8A6030004A70300C9
:103D3000689B03002DE9F843099C9DF820900546F7
:103D4000208E4FF6FF71884225D0294620469046A6
:103D50001F46FBF7E9F8F0B926780136F6B226706F
:103D60005EB31D491D4B0F8104F11C000022C86089
:103D7000C1E9005881F80A90996001201146F5F7D1
:103D8000FBFC50B9FF20FBF703F92046FF21BDE8FB
:103D9000F843FBF7CFB9BDE8F883114A114912483F
:103DA0004FF413730CF09BFC002383F31188BFF3D3
:103DB0006F8F0323184602DFE4E7094A0B490A48DC
:103DC00040F23F230CF08BFC86F31188BFF36F8F1A
:103DD0000323184602DFC4E730E400201806002061
:103DE000A8A603001C9C0300689B03000CA0030012
:103DF000438F43B110B590F8843113F0010488B0BB
:103E000002D008B010BD7047124A43F0010380F899
:103E1000843103310123CDE90442CDE90243069008
:103E2000CAB2CDE90044234603212046F6F7DEFF5F
:103E300010F0FD0FE5D0084A0849094840F2052373
:103E40000CF04DFC84F31188BFF36F8F03231846E9
:103E500002DFD6E7753C0200A8A603004CA10300D0
:103E6000689B030038B50C461546FAF753FD48B178
:103E70001CB1BDE83840FDF74DB82946BDE83840D3
:103E8000FDF722B8022038BD38B50C461546FAF7C2
:103E900041FD58B190F94330002B05DA2A462146FE
:103EA000BDE83840FCF744BF0C2038BD022038BDC7
:103EB000064B074A10B41F204FF0FF3425211C6029
:103EC000187111705DF8044B704700BF40E400208A
:103ED000BD05012030B5044600789DF80C5002FB6A
:103EE00001111F4A014482FB01020A44521102EBF4
:103EF000C20002EB80028A1AD0B2C1082070595C5D
:103F000002F0070241FA02F212F001021FD1B0FBE7
:103F1000F5F405FB1404E4B25D1E1046043300F111
:103F2000080E15F8011F5FFA8EFE024611F0010F10
:103F300002F1010C4FEA510102D04CB1013CE4B254
:103F40005FFA8CF27245F1D110469D42E7D130BD47
:103F5000C11D891AC9B207291046F6D830BD00BF65
:103F6000A7C867DD4288008850407047F0B5344DDF
:103F7000344C48404FF0030C060A5FFA80FE0EEB0B
:103F80008E2E06EB862004EA401705EA400605EA75
:103F90004E0004EA4E1E3E4340EA0E0000EB0027AE
:103FA00006EB062E06EB0E2600EB0720360CC0F3C0
:103FB000074040EA062000EB00100CF1FF3C0844EB
:103FC0001CF0FF0C80B2D7D141401F48A0FB01403C
:103FD0000C1A00EB5400400900EBC00400EB840015
:103FE000081AC0F3C40400F00705145D2C41E4076F
:103FF000C0B21CD401FB03F3561EC3F307430432C3
:10400000604600F1080516F801CFEDB201461CF03C
:10401000010F01F101044FEA5C0C02D043B1013BF6
:10402000DBB2E1B2A942F2D108469642E9D1F0BD35
:104030000730401AC0B207280846F6D8F0BD00BFC6
:1040400010210200408408004D91CFBA1A491B4844
:104050002DE9F0410023451EA1F1020C012606E0E6
:104060000133082B01F1060100F1280022D003EBF7
:10407000830215F83220D407F2D59CF800409CF852
:1040800001E0D0F80080C2F3801206FA03F79A40EC
:1040900001333C434EEA020287888F80082B8CF85C
:1040A00000408CF8012001F1060141F8068C00F176
:1040B0002800DCD1BDE8F0814EE4002039E5002085
:1040C0002048214A2DE9F047204FDFF88480002363
:1040D000951EA0F1020C012615F83310C90706FA47
:1040E00003F926D53C7812F8011C4CB1072901EBE5
:1040F000810405D818F834104C0701D5C90618D525
:1041000015F833109CF801E09CF80040D2F800A0AC
:10411000C1F3400199404EEA010144EA0904B2F8B2
:1041200004E08CF800408CF80110A0F804E0C0F81E
:1041300000A00133082B00F1060002F10802CBD1E8
:10414000BDE8F087BAE600207AE60020BF0501202E
:1041500038E500200820704738B50020FAF7B0F89D
:10416000C8B90E4C0E4D621E14F83030072B03EB0D
:10417000830105D815F831306FF3451305F8313058
:1041800012F830306FF3000302F8303001300828A5
:10419000EAD1002038BD0C2038BD00BF79E60020F0
:1041A00038E500202DE9F04F804683B00020FAF773
:1041B00087F8002875D198F80030FF2B054663D0AA
:1041C0003D4E08F101094FF0FF0A0446B71E03F007
:1041D000010B06E059455AD00134082C06F10806B7
:1041E0000FD017F83420C2F34001D207F2D4BAF14D
:1041F000FF0F08BF5FFA84FA0134082C06F10806A5
:10420000EFD1BAF1070F52D817F83A2063F3410201
:1042100007F83A20022314FB0A34D8F801303B5146
:104220003C44B9F80430A38098F800B0234C0BF05C
:10423000010B661E04E00135082D04F1280434D07A
:1042400005EB85034FEAC30816F83330C3F3801239
:10425000DB07F0D55A45EED120460622494614F038
:104260006DFA0028E7D116F8083043F0200306F86D
:104270000830EDB217F83A3007EBCA0243F00103F9
:1042800007F83A305570002003B0BDE8F08F304693
:1042900006224946019314F051FA019B00289BD154
:1042A000F1E70C2003B0BDE8F08FFF25E2E707201F
:1042B00003B0BDE8F08F00BF7AE6002039E50020AA
:1042C0002DE9F04106460020F9F7FAFFC8BB96F841
:1042D0000080B8F1FF0F04462ED01B4D0136AF1EF3
:1042E00008F0010804E00134082C05F1080525D088
:1042F00017F83430C3F34002DB07F4D54245F2D15E
:1043000006222846314614F019FA0028EBD107EBB3
:10431000C4035B78072B08D80C4A03EB830312F81D
:10432000331060F3451102F8331017F834306FF38F
:10433000000307F834300020BDE8F0810220BDE81A
:10434000F0810C20BDE8F0817AE6002038E50020FD
:1043500007282DE9F8430446884615461BD81D4E0C
:1043600004EB84034FEA840916F8333013F0010795
:1043700021D0A144012216F83930C3F3801388F804
:104380000030282313FB0423F218F3582B60938882
:10439000AB80BDE8F883104A104911484FF48C7384
:1043A0000CF09DF9002383F31188BFF36F8F032373
:1043B000184602DFD3E7084A0A49094840F21913B0
:1043C0000CF08DF987F31188BFF36F8F0323184624
:1043D00002DFCEE738E5002034A7030078A703000A
:1043E000689B030084A703000820704710B50020D5
:1043F000F9F75AFF88BB1A4B1A4C197893F8282002
:10440000207060F3000160F30002197083F8282027
:1044100093F8501093F8782060F3000160F30002E5
:1044200083F8501083F8782093F8A01093F8C820F0
:1044300060F3000160F3000283F8A01083F8C82045
:1044400093F8F01093F8182160F3000160F3000274
:1044500083F8F01083F8182110BD0C2010BD00BFA8
:1044600038E50020BE0501202DE9F04F83B08346DA
:104470000020CDF800B0F9F717FF002856D11BF83F
:10448000012BDFF83481019202F00103044608F1A8
:10449000FF391E4604E00134082C08F1280841D0F9
:1044A00004EB840209EBC20519F83270FB074FEAEE
:1044B000840AC7F38012EED5B242ECD14046062200
:1044C000594614F03BF90028E5D13E467607019A9B
:1044D00007462FD4354D02F00108AE1E04E0013727
:1044E000082F05F1080512D016F83730C3F3400243
:1044F000DB07F4D54245F2D106222846594614F08E
:104500001DF90028EBD106EBC706FF237370A24408
:10451000002019F83A306FF3000309F83A3003B07D
:10452000BDE8F08F022003B0BDE8F08F0C2003B08F
:10453000BDE8F08FDFF884C09CF800305E1E023BBF
:10454000062BF6B203D895F81780B04502D18CF847
:104550000060BFE7164A019002EB061302EB081257
:1045600015460FCBDFF858E085E80F003D4605EB18
:10457000850309EBC30219F83330D80705D559076D
:1045800003D59EF81730B34207D00135082D0EF140
:10459000280EECD1009B1A78D9E7009B82F817808F
:1045A0001A78044B03F80850D1E700BF7AE60020E0
:1045B000B8E40020B0E4002039E50020BE05012069
:1045C00038E500202DE9F8431D465B7903F0C00370
:1045D000402B01D0BDE8F8830F46F1B1DFF86480CD
:1045E000002400F0010608F1FF3904E00134082C32
:1045F00008F12808EED004EB840319F83330D8070B
:10460000C3F38012F2D5B242F0D1062240463946B9
:1046100014F094F80028E9D1E2B2072ADAD8084B5E
:1046200002EB820113F83110C907D3D518202821D5
:1046300011FB0202286898501A44AB889380C9E79E
:1046400038E5002039E500202DE9F84F82461A4E62
:104650001AF8018B8946002408F00108771E03E050
:10466000082C06F128061BD004EB8402D50017F8AD
:104670003230C3F38012DB0704F10104F0D5424568
:10468000EED106225146304614F058F883460028F1
:10469000E6D118357C1906212046F4F7DBFF10B966
:1046A0000220BDE8F88F7859C9F80000A388A9F85E
:1046B00004305846BDE8F88F39E500202DE9F04771
:1046C0008246174E1AF8018B8946002408F001082B
:1046D000771E03E0082C06F128061DD004EB8402A7
:1046E00007EBC20517F83230C3F38012DB0704F181
:1046F0000104EFD54245EDD106225146304614F073
:104700001DF80028E6D16B6A1A68C9F800209B885A
:10471000A9F80430BDE8F0870220BDE8F08700BFAB
:1047200039E5002010B504460020F9F7BDFD40B979
:104730001CB1012C01D0122010BD034B1C700020B5
:1047400010BD0C2010BD00BFBF050120034B4FF46E
:104750007A7202FB00F01860704700BF48E4002046
:104760002DE9F047824600208846F9F79DFD90BB71
:104770001D4E1AF8019B044609F00109771E03E05B
:10478000082C06F1280620D004EB8402D50017F887
:104790003230C3F38012DB0704F10104F0D54A453F
:1047A000EED130460622514613F0C8FF0028E7D16B
:1047B000B8F1000F12D0B8F1010F09D17B5D43F0C1
:1047C00010037B550020BDE8F0870220BDE8F0878C
:1047D0001220BDE8F0870C20BDE8F0877B5D68F310
:1047E00004137B55EEE700BF39E50020034A044B74
:1047F000002814BF10461846704700BFB8E60020D6
:104800004CE40020A8B110B50B4A12684FF40043E5
:1048100040F2E7300021E2FB03014FF47A720023FB
:10482000E7F76EFDBDE8104002460B46034809F06D
:1048300015BA024813F007BD48E40020B014002068
:1048400008B5094B00221A8030B9084B084A1B787A
:10485000002111801BB908BDFFF732FCF5E7BDE868
:104860000840FFF7F3BB00BFB8E60020BF050120FA
:104870004CE400202DE9F04F834687B013F062FE30
:104880004A0143011B1A42EAD06262EB0102920024
:1048900042EA93729B001B1841EB02094FEAC909D7
:1048A00049EA5379C3F3103343EA49434FEAD9390C
:1048B000BBF1000F16D1644AD2E90012B2F1FF3FFA
:1048C00008BFB1F1FF3F0DD060480068591A69EB8D
:1048D0000202814272F10002ACBF4FF0010A4FF0B8
:1048E000000A01E04FF0010A594ECDF804B0DFF89C
:1048F00074810024F71F9B460DE0254417F83530DE
:1049000043F0020307F835300134082C08F106089B
:1049100006F1280625D004EB8403A50017F83330F0
:10492000DA07F1D5BAF1000F01D19807ECD42B19B1
:1049300017F83330590750D42B1917F833301A07AA
:10494000DBD502A930460DF057FB00286CD1BDF82D
:104950000C300298A8F80430C6F81D80C8F8000092
:10496000CBE75B46DDF804B0BAF1000F02D0364A5F
:10497000C2E90039BBF1000F08D00020F9F786FC2E
:10498000044618B194F86A305B0702D407B0BDE85A
:10499000F08F94F82630072BF8D8FF238DF80830D5
:1049A00094F8293004EB830302A9DE6A04F128009D
:1049B00001F0B8FB727805460232314613F08EFEE4
:1049C00029462046F9F78CFC9DF80830FF2BDDD0F6
:1049D00084F8293007B0BDE8F08F317C1D4B0F22E1
:1049E00002EB01121A440DF117000DF1070312F842
:1049F000011903F8011F8342F9D106F1170102A83A
:104A00000DF0FAFA002897D0134A1449144840F2DE
:104A1000F3230BF064FE002383F31188BFF36F8F41
:104A20000323184602DF87E70B4A0C490C4840F283
:104A300001330BF054FE002383F31188BFF36F8F13
:104A40000323184602DF82E7E014002048E4002038
:104A50003FE50020B8E4002034A703001C9C0300BD
:104A6000689B030080E4002010B50120FFF702FFDF
:104A70000A4A12684FF4004340F2E7300021E2FB9B
:104A800003014FF47A720023E7F73AFCBDE81040C7
:104A900002460B46024809F0E1B800BF48E4002096
:104AA000B0140020072815D8F8B500EB8003124D8C
:104AB00015F833301A0704464FEA8006C3F3C000E6
:104AC00007D5C3F340079B0706D5264405EBC6036D
:104AD000586AF8BD00207047084A094909484FF450
:104AE0004A730BF0FCFD87F31188BFF36F8F03232C
:104AF000184602DFE9E700BF38E5002034A70300CD
:104B000098A70300689B030007280CD800EB8003DC
:104B1000064A12F833104B0705D5282303FB002261
:104B200002F11E0070470020704700BF38E50020EA
:104B30002DE9F047894616460AB1FF231370154D3B
:104B4000002400F0010805F1FF3A09E01EB13378B6
:104B5000FF2B08BF37700134082C05F1280514D04D
:104B600004EB8403E7B21AF83330C3F38012DB0797
:104B7000ECD54245EFD106222846494613F0DEFD2A
:104B80000028E8D13846BDE8F087FF273846BDE861
:104B9000F08700BF39E500202DE9F04F074685B0CA
:104BA00000200E469046F9F77FFB002874D1BA46E4
:104BB00004461AF8010B0DF10F025146FFF7B8FF3A
:104BC000072840F2BB809DF80F90B9F1070F79D804
:104BD00009EB8902D2005B4DD7F801100192531CFA
:104BE00009EB890BE9502B44BAF8041099803B7803
:104BF00015F83B10009263F38611A954304610213A
:104C0000F4F728FD009BE95C60F38201E95440461B
:104C10001021F4F71FFD009B019AE95C00F00100F0
:104C200060F3C30111F0040FE95405EBCB0B4FEA1D
:104C300089034BD1002868D118320021A9502A4499
:104C4000414E918003EB090215F8321021F0120158
:104C500005F8321097F80080B71E08F0010804E04C
:104C60000134082C06F108061AD017F8342012F087
:104C7000010BC2F34001F3D04145F1D13046062289
:104C80005146009313F05AFD009B0028E8D107EB32
:104C9000C40787F8019005E00C2005B0BDE8F08F4F
:104CA0004FF0000B4B444FEA4B1215F8331042F013
:104CB000010221F021010A43002005F8332005B04C
:104CC000BDE8F08F072005B0BDE8F08FDFF87CE08D
:104CD000DFF87CC09EF800108BF817100CF80190DC
:104CE000DFF870B04FF0FF3C0CEB011C01318EF887
:104CF0000010DC4406F10F01013E11F801E90CF847
:104D000001EFB142F9D1002896D0D61DA81903EBC6
:104D10000901D8F800B0D8F804E0D8F808C0D8F8ED
:104D20000C8045F806B005EBC101C0F804E0C0F8FE
:104D300008C0C0F80C80002048627DE7122005B052
:104D4000BDE8F08F38E500207AE60020BE0501209E
:104D5000B0E40020B8E40020072807D8044B00EB9B
:104D6000800013F83000C0F3C00070470020704787
:104D700038E50020024B1B7803700248704700BFE3
:104D8000BE050120B8E4002038B5234B1B788342D0
:104D900004460DD9214B1C5D072C1CD8204B04EB7D
:104DA000840213F8323013F0010524D0204638BDB8
:104DB0001C4A1D491D4840F287330BF090FC00232C
:104DC00083F31188BFF36F8F0323184602DF134B61
:104DD0001C5D072CE2D9134A1549144840F2893367
:104DE0000BF07DFC002383F31188BFF36F8F032347
:104DF000184602DFD2E70B4A0E490C4840F28A33CC
:104E00000BF06DFC85F31188BFF36F8F03231846F9
:104E100002DF204638BD00BFBE050120B0E40020FF
:104E200038E5002034A7030028A90300689B03008D
:104E300048A903001CA90300072825D8F8B5134F7B
:104E400000EB8003044617F8333013F001054FEAF6
:104E5000800605D0264417F83600C0F34010F8BD90
:104E60000B4A0C490C4840F295330BF038FC85F3A3
:104E70001188BFF36F8F0323184602DF264417F80B
:104E80003600C0F34010F8BD0020704738E5002020
:104E900034A7030084A70300689B03001378FF2B4B
:104EA00019D12DE9F047194D0446AE46002303EB16
:104EB000830C9E0015F83CC01CF0010003D0CCF31D
:104EC000801CA44509D00133082B0EF1280EEED129
:104ED0000120BDE8F0870120704701F1FF387746D7
:104EE0004FF0000C17F801AF18F8019FCA450CF1FC
:104EF000010CE8D1BCF1060FF4D11E44137015F873
:104F000036305A07E5D5C3F30010E2E738E5002054
:104F1000024B1878003818BF01207047BF050120E8
:104F200000F0C0BB08B5002302F0F2FF002008BD6E
:104F300010B584B0079BD3E900209047012812D018
:104F400004460DF10F010DF10E00F6F759FF002197
:104F5000064B00919DF80F209DF80E000121F5F7FA
:104F60005DFF034BDC6004B010BD00BF754F020055
:104F700004E7002000B585B00DF10F010DF10E0022
:104F8000F6F73EFF9DF80F20064B9DF80E0000211E
:104F900001320091D2B20221F5F740FF05B05DF871
:104FA00004FB00BF45500200F0B58DB00E4605462B
:104FB0000DF12F010DF12E001C461746F6F720FFCC
:104FC0009DF82FC006940CF1010C0024CDE9074494
:104FD000CDE90344CDE901449DF82E0005970096E4
:104FE0002B465FFA8CF20121F5F784FE10F0FD0FDD
:104FF0000AD006480094064BC4609DF82F209DF807
:105000002E000121F5F70AFF0DB0F0BD04E70020E6
:10501000754F0200019B024A3121FFF7C5BF00BF57
:105020002550020070B5059D0446F6F7EFFE2B46AD
:105030002046034ABDE870400621FFF7B5BF00BF18
:10504000314F0200014808F087BB00BFECE60020AA
:1050500008B501220021024812F0FBFF002008BD24
:10506000ECE60020024BA0F2A462C3E900207047E6
:1050700004E700200020F5F717BE00BF08B5F5F7DC
:1050800053FF014B986008BD04E70020684620F0FC
:1050900007018D4601B502F0FBF8ECF723F8BDE8F7
:1050A00001408546704700BF08B50A4BD3F8402140
:1050B0003AB90120F4F7BEFBBDE808400220F4F73E
:1050C000B9BB0020C3F84001D3F84031F5F7F8FD33
:1050D000EFE700BF00B000400020F4F7ABBB00BF1B
:1050E00070B508BB214B224C1A7821789142D3B27B
:1050F0000FD0204A2049214840F234430BF0EFFA08
:10510000002383F31188BFF36F8F0323184602DF58
:1051100023781B4E1B4D3278013323702B7893423A
:1051200012D033782B7070BD124A1749134840F2E1
:105130002F430BF0D4FA002383F31188BFF36F8F52
:105140000323184602DFCDE70A4A10490B4840F214
:105150003A430BF0C4FA002383F31188BFF36F8F37
:105160000323184602DF33782B7070BDC005012081
:10517000C105012050A9030098A90300689B030002
:10518000C5050120C4050120E0A00300B4A9030067
:1051900070B51A4E1A4D33782A789A4204460BD0CD
:1051A00033782B70174E184D1CB933782A789A42F1
:1051B00012D033782B7070BD144A1549154840F24F
:1051C0001B430BF08CFA002383F31188BFF36F8F1E
:1051D0000323184602DFE3E70C4A0F490D4840F26B
:1051E00026430BF07CFA84F31188BFF36F8F0323FF
:1051F000184602DF33782B7070BD00BFC305012055
:10520000C2050120C0050120C105012050A90300ED
:10521000DCA90300689B030004AA030002F046B95E
:1052200038B5194C194D237829788B421AD0184B70
:10523000217000220599996001201146F4F79CFA2B
:1052400000B938BD134A1449144840F2B3430BF077
:1052500046FA002383F31188BFF36F8F03231846A8
:1052600002DF38BD0B4A0E490C4840F2AD430BF04B
:1052700036FA002383F31188BFF36F8F0323184698
:1052800002DF2978D3E700BFC0050120C105012056
:105290002806002050A903003C9D0300689B0300E2
:1052A00020AA03002DE9F04F494A4A4F12783B7873
:1052B0009A428BB00C4605D1474B484A1B7812786E
:1052C0009A4271D0E368D4F800801B68DFF830910F
:1052D000DD68D3E9012191422CBFC5EB0105C5EB87
:1052E000020508EB050626F07F46D9F80010304687
:1052F000F5F71CFE10F4000002D10BB0BDE8F08FF2
:10530000374A384B11781A78914232D1324A3349B0
:105310001278097891422CD01A7801324FF0000AA5
:10532000D2B21A705146304BCDF800A052465046CA
:10533000F5F774FD10F0FD0F1BD02C4A2C492D48B9
:1053400040F29F430BF0CBF98AF31188BFF36F8FC4
:105350004FF0030B584602DF244A2549254840F206
:1053600067430BF0BCF98AF31188BFF36F8F58467F
:1053700002DFE368C9F8006006931F4B0022CDE905
:1053800007321E4BCDE90222CDE90423CDE90052BC
:105390003C780134E4B24346114610463C70F5F7C0
:1053A000A9FC0BB0BDE8F08FC368D0F800801A6884
:1053B000DFF84C90D568D2E9011088422CBFC5EBCC
:1053C0000005C5EB010508EB050626F07F46D1E791
:1053D000C4050120C5050120C0050120C10501202B
:1053E000C2050120C30501209151020050A903000C
:1053F000209F0300689B0300E1500200215202003D
:105400001CE70020804A9368002B7ED02DE9F04FE6
:10541000136889B082467BB14FF0FF338DF80A30B4
:1054200003E0067F16F0030609D00DF10A00F6F737
:1054300091FE05460028F4D109B0BDE8F08FC3689D
:10544000534576D00768B146B04602E0037F99071E
:1054500022D00DF10A00F6F77DFE04460028F5D1B2
:10546000B8F1000F08BFA84641464046FFF71AFFB3
:1054700030F00203E0D0654A6549664840F2FA43DD
:105480000BF02DF984F31188BFF36F8F03231846B7
:1054900002DF09B0BDE8F08FC368B9F1000F0ED08C
:1054A000534527D0D4F800B039465846F5F73EFDAD
:1054B00000F4000000281CBFA0465F46C9E79A45DB
:1054C0008146EFD12B7FE96843F002032B77284612
:1054D000AB699847FF238DF80A3003E0037F13F090
:1054E000030413D00DF10A00F6F734FE0546002838
:1054F000F4D1A1E72B7FE96843F002032B7728461C
:10550000AB699847A14587D1E4E77047C368534525
:105510000FD03E4A40493F4840F21D530BF0DFF8A0
:1055200084F31188BFF36F8F0323184602DFD5F889
:105530000CA0354A50465368116803AA98470446A0
:10554000F0B110F1100F3FF477AF2F4A00209368AD
:105550001168984714F10B0F1BD08C343FF46CAFDB
:105560002A4A2E492B4840F25A530BF0B8F8002330
:1055700083F31188BFF36F8F0323184602DF5BE7C5
:105580002B7FAA69E96843F002032B7728469047EE
:1055900052E70224FF258DF80B500DF10B00F6F7B2
:1055A000D9FD98B1037F9A07F7D40EB9DB07F4D47D
:1055B000154AC36811689942EFD1037F43F0020393
:1055C0000377836998478DF80B50E6E70126B442CC
:1055D00001D03446DFE70C4D039B2868009400217E
:1055E000CDE9041106910790296004AAD5E90101CB
:1055F000F6F768FD044600287FF41EAF034A084909
:1056000004484FF4AB633BE720E7002050A90300B8
:10561000209F0300689B03003CAA030068AA0300C4
:1056200060AA030010B5154812F020FB10B3144B0C
:1056300000249C6000F03EFB00281ADB214601207C
:105640002246EBF7D9FF22460B200121EBF7D4FFCE
:10565000224621461820EBF7CFFF0120EBF79CFFF5
:105660000B20EBF799FF1820EBF796FF01F040FEB7
:10567000204610BD6FF0120010BD00BF048C030067
:1056800020E7002008B500F025FB002809DB0120F9
:10569000EBF790FF0B20EBF78DFF1820EBF78AFF5D
:1056A000002008BD034603488AB2194683681B6878
:1056B000184700BF048C030030B4074DAB685C682A
:1056C00034B18AB2A44601460023284630BC604764
:1056D0006FF0850030BC7047048C030030B4074D78
:1056E000AB685C6834B18AB2A44601460023284600
:1056F00030BC60476FF0850030BC7047048C0300FD
:105700000020704730B5254B83B0044670B31A684B
:10571000824225D0FF250DF107008DF80750F6F7DE
:1057200019FD38B91AE0A1420AD00DF10700F6F7C9
:1057300011FD98B1037F9B07F7D4C168002CF2D10B
:10574000037F826943F00203037790470DF107005E
:105750008DF80750F6F7FEFC0028EBD103B030BD02
:105760009D6865B101460020A847D3E79D68002DDC
:10577000D0D019680029CDD00020A847CAE7084A30
:105780000849094840F2BF130AF0A9FF85F31188C0
:10579000BFF36F8F0323184602DFBBE720E700202B
:1057A00050A9030074AA0300689B030000207047FF
:1057B00038B50446F6F7C0FC64B1054620B324684A
:1057C0000020F6F7E1FC2046F6F784FD044658B1C8
:1057D000002038BD1B4DAC682CB32C680023AB6097
:1057E0002B60002CEBD1EBE7174A184918484FF40F
:1057F0000C730AF074FF84F31188BFF36F8F0323D7
:10580000184602DF002038BD0F4A1249104840F206
:10581000F9130AF064FF85F31188BFF36F8F032338
:10582000184602DFCBE7084A0B4909484FF4FF73DB
:105830000AF055FF84F31188BFF36F8F03231846D6
:1058400002DFCAE720E7002050A90300A0AA030056
:10585000689B03007CAA03008CAA0300D0E90132F4
:10586000002A04DB9A4238BF1A4610467047C068C7
:10587000984238BF1846704710B51446F5F754FBE8
:105880002146F5F753FB034610F4000004D103331F
:10589000092B88BF184610BD002010BD262810B562
:1058A00004461CD0272812D0252808D00A281ED943
:1058B000272821D80330400001F068FD02E00220D3
:1058C00001F064FD2046BDE8104001F065BD5020A8
:1058D00001F05CFD2046BDE8104001F05DBD1A20DE
:1058E00001F054FD2046BDE8104001F055BD0230E6
:1058F000400001F04BFDE5E7074A0849084840F23F
:10590000A2230AF0ECFE002383F31188BFF36F8F0C
:105910000323184602DFD5E750A90300409C03008B
:10592000689B030001F096BD01F09CBD08B501F035
:10593000BDFDBDE8084001F025BF00BF08B501F07E
:10594000B5FD01F01FFFBDE8084001F0C3BE00BF78
:1059500008B501F0ABFD01F015FF01F0F9FE02F012
:10596000EDF8BDE8084001F0B5BE00BF08B501463E
:10597000184801F09DFC01F0CFFD60B101F098FFE7
:1059800001F0EEFC00F0EAF900280EDBBDE808406B
:105990000020FFF70DBF01F073FD01F089FF01F05A
:1059A000DFFC00F0DBF90028F0DA0B4A0B490C4869
:1059B00040F21E330AF093FE002383F31188BFF3F5
:1059C0006F8F0323184602DF0020BDE80840FFF771
:1059D000EFBE00BF1D52020050A90300A8AA030099
:1059E000689B030010B5044601F060FD01F0CAFE9B
:1059F00001F0AEFE02F0A2F801F06CFE2046BDE818
:105A00001040FFF7B3BF00BF08B50146144801F0CE
:105A10004FFC01F081FD40B100F0A0F900280ADB45
:105A2000BDE808400020FFF7C3BE01F029FD00F0EB
:105A300095F90028F4DA0B4A0B490C4840F22D3353
:105A40000AF04DFE002383F31188BFF36F8F032309
:105A5000184602DF0020BDE80840FFF7A9BE00BFDE
:105A60001D52020050A90300A8AA0300689B03006E
:105A70002DE9F04F89B01F46FF239DF848B08DF8FF
:105A80001F3080468946924602E0037F9C0722D061
:105A90000DF11F00F6F75EFB0028F6D1684DAB68EC
:105AA0000446002B40F08180FB682B60C5E901892A
:105AB0003846D047054603E0037F13F0030356D072
:105AC0000DF11F00F6F746FB01460028F4D12846E9
:105AD00009B0BDE8F08F05683E689DF81F3005935A
:105AE000044629463046F5F721FABBF1000F01D1F3
:105AF000010254D4BC4214BF2646002602E0027FB5
:105B0000920724D00DF11F00F6F724FB0028F6D1F0
:105B10004B4D059B8DF81F30AB68002B46D1002EF6
:105B200044D1002CC0D0BBF1000F66D1BC42BBD029
:105B3000444A4549454840F2B2330AF0D0FD8BF360
:105B40001188BFF36F8F0323184602DFACE70268AA
:105B50000490294610460392F5F7E8F9039A049B4E
:105B600000F4000000281CBF15461E46CAE71C466C
:105B7000FFF798FB30F00203A9D0324A344933488A
:105B800040F2D2330AF0ABFD84F31188BFF36F8F7C
:105B90000323184602DF284609B0BDE8F08FFF2333
:105BA000354605935C465E46ACE726464946CDF849
:105BB00000B053463A464046F6F784FA014638B3F9
:105BC000BBF1000F16D1002E35D03046FFF76AFB2F
:105BD00030F002030ED01B4A1D491C4840F28D33A1
:105BE0000AF07DFD002383F31188BFF36F8F032339
:105BF000184602DF6FF0760569E7CDF800B053462E
:105C00003A4649464046F6F75DFA06460028F1D185
:105C10000C4A10490D4840F27B330AF060FD002128
:105C200081F31188BFF36F8F0323184602DFBBF1A6
:105C3000000FC8D0DEE7002C14BF26460E46C4E78E
:105C400020E7002050A90300BCAA0300689B0300C2
:105C5000209F0300B4AA030001F1100007F07CBDEF
:105C600070B505468AB00C460122002104A812F046
:105C7000F0F90F4B0193002603236946284603964B
:105C800002930AF072FE002810DB4FF40043314605
:105C900040F2E730E4FB03014FF47A720023E6F7A9
:105CA0002FFB02460B4604A807F090FD0AB070BD1A
:105CB000595C020010B5012002F088FC0449002361
:105CC00001244B608C60CB60BDE810400AF04DBEF3
:105CD00030E7002010B5012002F078FC04490446AA
:105CE0000AF0BEFE2046BDE810400AF095BE00BF97
:105CF00030E700200C4B1A780AB10020704710B52D
:105D00000120187002F062FC4FF4FA710446FFF7AC
:105D1000A7FF38B920460AF07FFE02280CBF0020FA
:105D20006FF0040010BD00BFC605012008B50A4B86
:105D3000BFF35B8F53E8002F511C43E8001000288D
:105D4000F8D1BFF35B8F002A01DD002008BD02F00F
:105D500045FC002008BD00BF2CE7002008B50C4B17
:105D60001A68002A11DDBFF35B8F53E8002F511E24
:105D700043E800100028F8D1BFF35B8F012A01DD52
:105D8000002008BD02F040FCFAE76FF0770008BD84
:105D90002CE700204FF4FA70704700BF014B33F836
:105DA00010007047F0AA030010B50446FFF7D0FDBD
:105DB00001F0C4FC2046BDE81040FFF7D7BD00BF8E
:105DC00030B583B00546FFF7B1FD962001F0EAFC3F
:105DD000002318461A46194601F00EFC0120F6F77A
:105DE00015F90446002845D004F11C0001F026FBFB
:105DF00001F072FBE0B92748294601F059FAFFF794
:105E000087F860BB01F0A8FD00210446084601F0B8
:105E10002BFB00210546084601F022FB2C44CB3425
:105E2000201A01F051FD03B0BDE8304001F086BDFD
:105E3000194A1A491A4840F29C430AF050FC0023C0
:105E400083F31188BFF36F8F0323184602DF1148D5
:105E5000294601F02DFAFFF75BF80028D2D00DF1AA
:105E60000700FEF787FF002201469DF8070001F0BA
:105E700023FEC7E7084A0B4909484FF493630AF029
:105E80002EFC84F31188BFF36F8F0323184602DFC3
:105E9000AAE700BF4D65020000AB030054AB03004E
:105EA000689B03004CAB0300814208B50ED00B7A0F
:105EB000DB0702D46FF08B0008BD134B1360FFF7B4
:105EC00035FF00280FDB6FF00A0008BD0B7B01EBEC
:105ED00083010B691B7803F00F03012B14BF6FF0D4
:105EE0008B00002008BD094A09490A4840F2514385
:105EF0000AF0F5FB002383F31188BFF36F8F0323B0
:105F0000184602DFDFE700BF5563020000AB030065
:105F1000A8AA0300689B030010B50446FFF718FD0C
:105F200001F00CFC2046FFF721FD0C4B0021012263
:105F300008469C60F3F720FC00B910BD084A0949E7
:105F4000094840F2B1530AF0CAFB002383F31188D9
:105F5000BFF36F8F0323184602DF10BD3806002001
:105F600000AB03003C9D0300689B030010B5E8B143
:105F70000C46FFF7F3FE002804DB2046BDE8104086
:105F8000FFF716BC0D4A0E490E4840F277430AF05F
:105F9000A6FB002383F31188BFF36F8F03231846FA
:105FA00002DF2046BDE81040FFF702BC064801F0C2
:105FB0007FF9BDE8104001F063BA00BF00AB0300F9
:105FC000A8AA0300689B0300A95D0200084B0422F5
:105FD00010B598182821F3F7D5FA064B00249C81B8
:105FE00002222146044812F034F8204610BD00BFBA
:105FF00070E7002060E7002048E70020084B0422FB
:1060000010B598182821F3F7BDFA064B00249C819F
:1060100002222146044812F01CF8204610BD00BFA1
:1060200070E7002060E7002048E7002010B5044634
:106030000548F3F7CDFA20B103460020587063609D
:1060400010BD6FF00B0010BD70E70020034600206C
:10605000187058709860704738B52B4D2B7B6A7B51
:106060009A4202D055F8234034B92848F3F7B0FAE1
:10607000044680B1204638BD254807F0CDFB2B7B78
:106080006A7B9A42F6D00133DBB2032B08BF0023B0
:106090002B73204638BD1E484FF42032002307F0F2
:1060A00095FB90B91A4807F0B7FB2A7B6B7B9342AC
:1060B0001AD0531CDBB255F82220032B08BF002353
:1060C0002B738AB11446204638BD124A1249134830
:1060D0004FF4DB730AF003FB84F31188BFF36F8F77
:1060E0000323184602DFDDE70A4A0D490B4840F258
:1060F000BB130AF0F4FA002383F31188BFF36F8F08
:106100000323184602DFB5E760E7002070E70020B0
:1061100048E7002000AB03001C9C0300689B0300C1
:1061200068AB030010B5027843789A4214D0D4B219
:1061300044700278944204D05A1C4370D3B2022BAC
:106140000ED01A4600EB82040B70606800B110BDDF
:10615000FFF782FF606010BD0133DBB2022BF0D18C
:1061600000221346EEE700BFF8B502784378934269
:10617000044625D0D5B2154A00EB8507507B92F82E
:106180000CC0431CDBB2032B08BF00239C450E460A
:10619000796806D042F8201053730D4807F0DCFAF6
:1061A00000216B1CDBB2022B0ABF00221A461346E9
:1061B00079602370012104EB820431706068F8BDBE
:1061C0001A4604EB82046068F8BD00BF60E7002057
:1061D00048E7002070B5057AC5F302150446002D86
:1061E00095FAA5F0B0FA80F008BF4FF0FF3082B00A
:1061F00000F1010646D0227A6B1E2B4063F3061293
:1062000006F124002272FFF749FB00230DF107017C
:1062100004F10C008DF80730FFF7A6FF05460028B3
:1062200042D0284601F010F92B7803F00F03022B1F
:106230001FD00DF1070104F11800FFF795FF064686
:10624000002840D09DF8073063B92146254801F069
:106250002FF8962001F0A6FA002002B0BDE87040A9
:1062600001F082B9D5F80230C6F80230EB88F3802D
:10627000EBE71D48214601F01BF802B0BDE8704075
:1062800001F01ABA194A1A491A4840F2BC530AF0E6
:1062900026FA85F31188BFF36F8F0323184602DFB8
:1062A000257AC5F30215A6E7104A1349114840F2B2
:1062B000C5530AF014FA85F31188BFF36F8F0323D7
:1062C000184602DFADE7094A0C490A4840F2CF53AD
:1062D0000AF005FA86F31188BFF36F8F032318467F
:1062E00002DFAFE7C15D02000163020000AB030003
:1062F0006CAB0300689B030074AB030078AB030036
:1063000010B5044601F006F9FFF722FB237A03F0EB
:106310007102012A05D1C3F3420262F3061323720C
:10632000DBB213F0700F05D0636853B193F82C30D3
:106330009B0706D501F002FA2046BDE81040FFF7A2
:1063400015BB2046FFF746FF01F094F8BDE810406A
:1063500001F0F4BA70B5C36804461E68F4F7E4FDB2
:1063600005463046FFF77AFA00232D1AC4E9005398
:1063700023812046BDE87040E7F7F6BC10B582B037
:106380000446FFF7D3FC00281CDB164A16491748C1
:1063900000940023F5F7CCFF08B1773001D102B0AB
:1063A00010BD134A1349144840F2AF230AF097F97D
:1063B000002383F31188BFF36F8F0323184602DF96
:1063C00002B010BD0A4A0D490B484FF42B730AF076
:1063D00086F9002383F31188BFF36F8F03231846D8
:1063E00002DFD2E769DD00006D5F0200A95E0200F6
:1063F00000AB0300909D0300689B0300A8AA030064
:106400002DE9F0410D46417A9DF818801746CA07DC
:106410001E4609D5B8F1000F17D02B78B7EBD31F64
:106420001AD00020BDE8F0812946044611F8020B7D
:10643000079AC0F38010FEF731FD0028EDD1637A92
:10644000DB07EED5B8F1000FE7D1079B1878FEF710
:10645000F3FC0028E1D1E4E7062205F1080130460B
:1064600012F06CF9B0FA80F04009BDE8F08100BF8D
:106470002DE9F84F1F460B9B9DF828909DF8305052
:1064800006460C4692466BB9437A03F00303012B90
:106490002CD9002D3AD02378BAEBD31F4AD0002054
:1064A000BDE8F88F88460D9A18F8020BC0F38010EB
:1064B0004146FEF7F3FC0028F2D094F800B0BAEBA6
:1064C000DB1FECD104F108013846062212F036F940
:1064D0000028E4D10D9B1B78FF2B1ED0B27AFF2A37
:1064E0001BD0981AB0FA80F04009D9E711F8020BD6
:1064F0000D9AC0F38010FEF7D1FC0028CBD1737A3F
:1065000003F00303012BCAD9002DC4D10D9B1878C9
:10651000FEF792FC0028BED1C1E7CBF3801BCB4530
:10652000BDD10B980622414612F008F9B0FA80F06E
:106530004009B5E7062204F10801384612F0FEF8DA
:10654000B0FA80F04009BDE8F88F00BF2DE9F047B0
:106550008AB0044600F0D4FFC0B250B9FFF7F8F992
:106560007D48214600F0A4FE0AB0BDE8F04700F0E7
:1065700087BF00F0E7FF054601F0F4F8824601F01E
:10658000FBF801F0F3FA064601F0D2FAEDB28046CC
:1065900001F0AAF8FFF7DCF9002DE1D016F0FF06B4
:1065A0007AD1FF2301208DF82730F5F72FFD05461E
:1065B000002800F0A480237B95F81C8004EB830363
:1065C00008F00F081F693B4605F11C0113F8020B88
:1065D00000F00F0CBCF1010F0CBF07F108094FF0E0
:1065E0000009B8F1030FC0F380125FFA8AFA4FEA8C
:1065F000D01759D0B8F1050FB2D1687F2228AFD19A
:1066000060680028ACD090F82C5015F00205A7D196
:106610000DF127000390CDE9019A00972046FFF77E
:1066200027FF00289CD00420F5F7F0FC002897D025
:106630004A48214600F03CFE00F022FF00F04CFFEB
:1066400000284DD1626892F82C3043F0010382F8A3
:106650002C30F5F7F5FC17224FF6FF730271C3805B
:106660008460054601F01EF9286101F06FF90021F0
:106670000446084600F0F8FE241A6C6196B19DF8B5
:1066800027306B76F5F7DCFC2946E8602868F5F7DB
:1066900001FD0AB0BDE8F0875FFA88F0FEF774FBF1
:1066A00003467FE7FF23ECE7687F0C287FF458AFB1
:1066B000B9F1000F7FF454AF0DF127000190CDF830
:1066C00000A02046CDE906230591FFF799FE28BBDF
:1066D00095F81C80079BDDE9051208F00F0889E793
:1066E0001F4A2049204840F25F6309F0F8FF85F314
:1066F0001188BFF36F8F0323184602DFA2E7184A01
:106700001A49194840F2FF5309F0E9FF85F311884F
:10671000BFF36F8F0323184602DF4CE70E48214674
:1067200000F0C6FD00F0C8FF237E04EB8303D869A8
:1067300000F08AFE00F0D0FE0028AAD0084A0949DD
:1067400009484FF4C36309F0CAFF89F31188BFF306
:106750006F8F404602DF9CE701630200195F020071
:1067600000AB030054AB0300689B03004CAB030079
:10677000F8B50546FFF7ECF8F5F79EFD044600284E
:106780003FD0274B274A1B781178A27926485B0017
:1067900001F0010103F002030B4322F00302134353
:1067A000224A01881278A18001202070A3712272F0
:1067B00019B195F92730002B04DB2846BDE8F840D5
:1067C000FFF7D4B895F82C30C3F30213022B16D080
:1067D000042B0CBF4FF4BC77282701F0A3F8064622
:1067E00001F0A6F8361AE660EA6BC4E90427002334
:1067F000EB636B642846BDE8F840FFF7B7B818278D
:10680000EBE70B4A0B490C484FF4787309F067FF2C
:1068100084F31188BFF36F8F0323184602DFB0E7BC
:10682000C8050120C90501207EF40020C70501200C
:10683000BCAB030024A30300689B030008B500F071
:106840008BFE02780346012161F301021A700020D9
:1068500008BD00BF00207047704700BF30B4074A32
:10686000074D084C0848094900231380084A2B802B
:10687000237003700B70137030BC70477EF40020DF
:1068800080F40020C9050120CA050120C8050120A7
:10689000C705012091F82C305B070AD481420AD148
:1068A000064B1B88002B14BF6FF08B006FF00F009E
:1068B0007047002070476FF08B00704780F4002015
:1068C00038B50D46002842D00446FFF747FA0028A5
:1068D00051DBE2682389518B938301330B4492F996
:1068E00027105383002913DBF5F7E6FC0446F8B1C3
:1068F000A37923F00303002243F002030121217056
:10690000A280A37122722846BDE83840FEF750BF2E
:106910002089136B916B00FB03330B44516B8B424B
:1069200028BF0B469363F5F7C7FC04460028DFD168
:10693000184A1949194840F2071309F0D0FE84F3A8
:106940001188BFF36F8F0323184602DFD0E791F958
:106950002730002B07DB2946114800F0A9FCBDE8D1
:10696000384000F08DBD0F4B1B88002BF3D10E4B30
:1069700001221A70EFE7074A0C490848EE2309F094
:10698000AEFE002383F31188BFF36F8F03231846F5
:1069900002DF9EE7BCAB030024A30300689B030057
:1069A0007167020080F40020C8050120A8AA030036
:1069B000F8B506460120F5F729FB044670B300211F
:1069C000617796F86750B6F85A7005F007052846C3
:1069D00000F0C8FC96F87E301B0704F11C044FEA57
:1069E000850210D5391D42F00102C9B2082000F01D
:1069F000FBFC2246294606F17F0000F0B3FFBDE80C
:106A0000F84000F01BBDF9B2082042F0010200F08E
:106A1000EBFC2046BDE8F84000F010BD074A0849ED
:106A2000084840F2133309F05AFE84F31188BFF38B
:106A30006F8F0323184602DFC1E700BFBCAB030022
:106A40004CAB0300689B030038B50446FEF76EFFAD
:106A50002B4AA08913880133138000F0A3FE94F819
:106A6000662094F86700C2F3C00300F0070002F04C
:106A70000702002100F0C0FD2046FFF799FF00F05B
:106A800035FD60BB00F068FF258A034694F8670077
:106A90000D35012100F007001D4400F0E5FC94F8DD
:106AA000673003F00703022B054416D0042B0CBFFC
:106AB0004FF4BC73282394F86600C0F3C00100F0C3
:106AC00007001D4400F0CCFC281A00F0FDFE214612
:106AD0000C48BDE8384000F0EBBB1823EBE70A4A4E
:106AE0000A490B4840F2AF2309F0F9FD002383F374
:106AF0001188BFF36F8F0323184602DFC2E700BF80
:106B000080F40020296C0200BCAB030008AC030039
:106B1000689B0300F8B50F4690F86610B0F858600F
:106B200001F007040546C1F3C001204600F01AFC3D
:106B300095F87E30A200DB0642F00102F1B20DD5DD
:106B40000431C9B2082000F04FFC394605F1A0001D
:106B500000F04EFFBDE8F84000F076BC082000F0E1
:106B600043FC3846BDE8F84000F06EBCF0B5054681
:106B700083B001AA806E0F46E96EF2F78FFD95F89B
:106B80007E305A07064638D448B3019C95F87D30CC
:106B900095F87C2004341C4412B9627885F87C2076
:106BA00033B12378012262F30103237095F87D301D
:106BB00095F87C20D31A63702846F8F7F5FB6378C4
:106BC00083422AD960700121237803F00F03002249
:106BD00043EA01132370A2703C6003B0F0BD43F0A0
:106BE000040385F87E3000F0B7FC044623786FF389
:106BF000041323703C6003B0F0BD43F0040385F838
:106C00007E3000F0A9FC0446002EEFD0037843F05C
:106C1000100303703C6003B0F0BD3268EB6E9A4223
:106C2000D1D10021D0E700BF2DE9F04182B0044668
:106C300000F066FCC0B250B9FEF780FEBD482146A8
:106C400000F036FB02B0BDE8F04100F019BC00F0E6
:106C500079FCC5B200F048FDFEF770FEB64A138815
:106C6000012003441380F5F7D1F90646002800F00F
:106C7000E380002D4ED1B14B1F78002F40F0AA8049
:106C8000012201A920461A70FFF770FF0027DDF8E6
:106C900004803D46E08900F085FD94F8670000F02F
:106CA000070000F061FCA648214600F001FB00F05F
:106CB00045FE94F87E2098F8003062F3C30388F80C
:106CC000003094F87E3098F80020C3F3400363F35B
:106CD000820288F8002041462046FFF71BFF00F0A3
:106CE00005FC002840F0988000F01CFE002867D0CA
:106CF000002D6BD0A08A4FF6FF73984200F0D18030
:106D00002946F8F7B7FA002F77D102B0BDE8F04175
:106D1000F5F7B8B994F87E30327F03F00101C2F381
:106D20008000884200F09A8094F9272081F00101C8
:106D300061F30003002A84F87E3005DA94F82C30E1
:106D400043F0080384F82C3094F87E305D0700F19E
:106D5000BC80D4E91A0101AAF2F7A0FC054600287C
:106D600000F0B98094F87D20019B1344597971B1EA
:106D700094F87E30D8060AD5D4F8B0300133C4F880
:106D8000B030D4F8B43043F10003C4F8B43094F810
:106D90007C300A44D2B29A42C0F0A28000F0B780A0
:106DA000684A6949694840F26D4309F098FC00233C
:106DB00083F31188BFF36F8F0323184602DF8AE045
:106DC00000F0A4FD00F0A8FD002D93D1AFB902B0F2
:106DD000BDE8F081013FFFB201A920461F70FFF717
:106DE000C5FE002F7FF452AFDDF8048051482146E4
:106DF00000F05EFA00F060FC5BE7F5F721F9032391
:106E00003371A38A3068F3803146F5F72BF902B06D
:106E1000BDE8F041F5F736B94A4A4D494B4840F2D2
:106E2000E91309F05CFC002383F31188BFF36F8F33
:106E30000323184602DF57E7424A464943484FF4C6
:106E4000AA7309F04CFC86F31188BFF36F8F0323FC
:106E5000184602DF002D3FF40EAF5BE70025C2F3BA
:106E6000C002C3F340039A423DD00027334A3A4B55
:106E7000002111702046012201A91A70FFF776FE49
:106E8000337FDA061ED4DDF8048098F80030DB0684
:106E90003FF500AF98F80130002B7FF4FBAEA5E77B
:106EA0000027284A2D49294840F2092309F017FCF8
:106EB000002383F31188BFF36F8F0323184602DF8B
:106EC000A08A1DE7DDF80480E4E66FF3820384F80E
:106ED0007E3000F041FB94F87E30327F0025BEE723
:106EE00084F87D20F7E70320F5F790F80028BCD060
:106EF00094F87E3083F0020384F87E30737F002B99
:106F0000B3D094F87E3019072AD40127AEE70022C7
:106F1000A4F87C20E06E04F16801F2F7C7FB019B46
:106F20001B682B60019B1D60019D94F87E30327FB1
:106F300095E700BF716702007EF40020CA050120BA
:106F4000496A0200BCAB0300409C0300689B03003D
:106F500008AC03004CAB0300C905012024AC0300BE
:106F600000F078FD0746002868D000F09BFD00285F
:106F700054D1D4F88F30D4F89320134304D1337F05
:106F800003F00303032B32D0344B35480222214651
:106F90001A7000F08DF900F073FA00F09DFA78B9DC
:106FA00000F0C0FCE0B1002D3FF411AFA08A4FF615
:106FB000FF7398423FF474AF2946F8F75BF9A4E6F3
:106FC000284A2949294840F2651309F088FB002323
:106FD00083F31188BFF36F8F0323184602DFDFE7C7
:106FE00000F094FC00F098FC002DDFD1EFE600F0FB
:106FF000B7FA4378272B0146C6D80333DAB206F135
:107000001C0011F06BFBD4F88F30D4F89320013BB7
:10701000C4F88F3042F1FF33C4F89330D4F88F3086
:107020000E4A0133C4F88F30D4F8933004F18F0145
:1070300043F100034B600123137066E7094A0C49D2
:107040000A484FF4916309F04AFB87F31188BFF3B4
:107050006F8F0323184602DF87E700BFC7050120B3
:1070600071670200BCAB030054AB0300689B0300D4
:107070001CAC030010B582B00446FEF757FE002892
:107080001BDB154A1549164800940023F5F750F903
:1070900008B1773001D102B010BD124A124913482D
:1070A000552309F01CFB002383F31188BFF36F8F76
:1070B0000323184602DF02B010BD0A4A0C490B48F0
:1070C0004C2309F00CFB002383F31188BFF36F8F6F
:1070D0000323184602DFD4E7E1DE0000C1680200A6
:1070E000956802003CAC0300909D0300689B030080
:1070F000A8AA03004FF080530246D3F8A410013130
:1071000007D04FF08051D1F8A00010F0010009D154
:107110007047D3F8A8304FF6FF719BB28B42F0D185
:1071200000207047D1F8A4301360D1F8A830137153
:10713000C3F3072363F03F035371D1F89030013359
:107140001CD0D1F89430013318D0D1F898300133E5
:1071500014D0D1F89C30013310D0D1F89030C2F85F
:107160000630D1F89430C2F80A30D1F89830C2F81D
:107170000E30D1F89C30C2F8123008E00023C2F87B
:107180000630C2F80A30C2F80E30C2F812300120C0
:10719000704700BF00234FF080520360436083605C
:1071A000C360D2F88030013318D0D2F88430013374
:1071B00014D0D2F88830013310D0D2F88C3001339B
:1071C0000CD0D2F880300B60D2F884304B60D2F80B
:1071D00088308B60D2F88C30CB60704700230B6016
:1071E0004B608B60CB607047054B4FF480320021C1
:1071F000C3F80815C3F84423C3F80423704700BF3D
:1072000000B00040054B1878421C1A7018B9044BA6
:1072100001221A6070470120704700BFCB05012092
:1072200000B0004038B50E4D2C784CB1601EC0B295
:10723000287018B90B4B01225A6038BD012038BDA7
:10724000094A0A490A48712309F049FA84F3118866
:10725000BFF36F8F0323184602DF2C78E6E700BFE9
:10726000CB05012000B000409CAC0300E8AC03005B
:10727000689B0300014BD3F80405704700B0004041
:10728000024B00F5A87043F82010704700B0004092
:10729000044BD3F8103123B1034A044B10681B6828
:1072A00018477047001000402CEB002030EB002006
:1072B00038B5044601200D46EAF77CF9084B094A27
:1072C0001C600949094B156010200222C1F8040313
:1072D000C3F88021BDE838400120EAF75DB900BF5E
:1072E00030EB00202CEB00200010004000E100E01B
:1072F0004FF080434FF0FF320021C3F8002EC3F857
:10730000042EC3F8081EC3F80C2EC3F8101EC3F8D1
:10731000142EC3F8182EC3F81C2EC3F8202EC3F861
:10732000242EC3F8282EC3F82C2EC3F8302EC3F811
:10733000342E704710B50120EAF73CF9064B074898
:1073400000244FF490514FF41052C0F81845C3F880
:107350000018C3F8042810BD00F0014000100040E0
:10736000704700BF054B02280CBF0421032140F2E7
:107370000122C3F81015C3F85026704700100040D2
:10738000014BC3F80C05704700100040014BC3F8D7
:107390000805704700100040084B00F07F00C3F85C
:1073A0005405D3F8182522F00072C3F81825D3F835
:1073B000182542F00072C3F81825704700100040ED
:1073C000084A00210123C2F82C15C2F83035C378D1
:1073D000C2F824358178038843EA01431B02C2F8CE
:1073E0001C35704700100040C2F38203A3F1020372
:1073F00002F00302B3FA83F3013A5B091B06022A87
:1074000098BF43F4801300F00F000A4A184340F479
:107410008070C2F81405D2F81805074B0340C2F873
:107420001835D2F81835194341F44031C2F818150F
:10743000704700BF001000400000F8FE014BC3F889
:107440000405704700100040014BC3F80405704765
:107450000010004002280CBF28202920704700BFE0
:10746000012070472920704702280CBF05200A2000
:10747000704700BF014B01221A60704700100040A6
:10748000084A094910B401234FF410640020C2F8DF
:1074900008455360D360C1F800020B615DF8044BEE
:1074A000704700BF00F0014000100040094B00226F
:1074B000C3F80021D3F80011C3F80421D3F8041154
:1074C000C3F80C21D3F80C11C3F81021D3F81031F4
:1074D000704700BF00100040034BD3F80001003894
:1074E00018BF0120704700BF00100040034BD3F8C5
:1074F0000401003818BF0120704700BF0010004091
:10750000034BD3F80C01003818BF0120704700BFAF
:107510000010004001207047034BD3F85005B0FA2B
:1075200080F04009704700BF00100040044B40F25B
:107530000312C3F83425C3F83805C3F83C15704767
:1075400000100040034BD3F80004003818BF01209E
:10755000704700BF00100040004870472CEA002030
:107560000048704728E90020F0B41D4B1D4D1E4E09
:107570001E4C1F4F0322C3F800222A78C6F86875F4
:1075800002F10C03DBB2D000DB00910003F1804379
:1075900000F1804003F5F83300F5F83001F1804147
:1075A000C6F86C0501F5104104EB82041148C3F8DC
:1075B0001045C3F81405D1F840352D2B8ABFD1F8FA
:1075C000403501232D3BC1F840350132064B4FF4C5
:1075D000106102F00102C3F804152A70F0BC704774
:1075E00000100040CC05012000F001404091004017
:1075F0000C110040041000402DE9F041284E294CA8
:10760000294FDFF8ACE0DFF8AC800323C6F8003286
:107610002178CEF8688501F10C03DBB2DB00CD00E8
:1076200003F1804303F5F83305F1804507EB81074B
:1076300005F5F835CEF86C554FEA810CC3F8107596
:1076400049F63465C3F814654AF2B813022A18BF24
:107650001D460CF1804C42F2B84241F288330228B8
:1076600018BF13460CF5104C104A2B44A2FB032301
:10767000DCF84025B2EB931F85BF9809DCF8403554
:1076800001231B1ACCF840350131094B4FF410622D
:1076900001F00101C3F804252170BDE8F08100BFAD
:1076A00000100040CC05012040910040D34D6210F5
:1076B00000F001400C1100400449054B03204FF439
:1076C0001062C1F80002C3F808257047001000409E
:1076D00000F00140034B0022C3F81C21D3F81C31F9
:1076E000704700BF00100040034BD3F81C01003866
:1076F00018BF0120704700BF0010004010B44FF0C9
:10770000000C4FEA8C0303F1804303F580531468A7
:10771000C3F800460CF1010C9488C3F82046BCF174
:10772000080F02F10602ECD1034B40EA0120C3F836
:1077300040065DF8044B704700100040034AD2F841
:10774000403623F0FF03C2F8403670470010004077
:10775000034B0022C3F81421D3F81431704700BF43
:1077600000100040034BD3F81401003818BF01206B
:10777000704700BF00100040014BD3F81004704761
:10778000001000400449054B054A4FF48020C1F821
:107790004803C3F80825704700B0004000F00140DE
:1077A000C001700E034B044A1B7803F5A87342F81E
:1077B00023007047CC05012000900040F0B4A2F5F2
:1077C00074232F4DA3F51073AB42044606D902F182
:1077D000E87202F5D432013902F5A572294B2A4824
:1077E0002A4D2B4E0127DF600027C3F80475A0FB4C
:1077F00002020427C3F81075900C0227C3F808751D
:10780000244AC3F84005C5F848154FF48021C5F84F
:1078100044134021C2F84065C2F84435C2F804154B
:107820004CB34FF48013C2F804351B4A01210024E5
:107830000423D160C2F80445C2F81035154BC2F8D4
:10784000084511601549C3F850150C32C3F854258A
:1078500002F5AF32124CC3F8584502F5FC7201F53F
:107860000041C3F85C2538310832C3F86015C3F80D
:107870006425F0BC70474FF40013C2F80435D4E718
:10788000BFBDF07F0080004083DE1B4300B000409E
:1078900048B1004000F00140009000400C11004051
:1078A00040910040014BD3F84805704700B00040BC
:1078B0000349044A01234B600B6153601361704715
:1078C00000800040009000400449054BC1F8440589
:1078D0004FF08862C3F80425704700BF0080004065
:1078E00000F00140054B06480649074AC3F8480521
:1078F000C3F84C15C3F80425704700BF00F00140E1
:10790000001100404080004080000004014BD3F88B
:107910004405704700800040014B1860704700BF6D
:1079200024E90020014B1868704700BF24E90020BB
:10793000014BD3F84005704700800040024B4FF0E8
:107940000062C3F80425704700F00140014BD3F8F2
:107950004805704700800040014BD3F84805704748
:10796000008000401C4B30B40024C3F800450229BD
:107970004FF00204C3F80045044626D003F58033D7
:107980004FF00071154DC3F80415134B1448C3F89C
:1079900004550021C3F80845124CC3F80C05C3F880
:1079A0001025C3F81445C3F80012C3F80011D3F82A
:1079B0000021C3F80411D3F80421C3F808110122EF
:1079C000D3F808111A6030BC7047074B074D4FF0D1
:1079D0000071C3F80415D8E700F000400100000171
:1079E00028E9002018E8002000F001400100010112
:1079F00010B4144B002204460220C3F80025C3F83B
:107A000000051148C3F80405C3F808450F48C3F83A
:107A10000C150F4CC3F810050121C3F81445C3F829
:107A20000012C3F80021D3F80041C3F80421D3F8B1
:107A30000441C3F80821D3F8082119605DF8044B0C
:107A4000704700BF00F000400000010128E900205D
:107A500018E8002038B5114C0223C4F80433D4F8D8
:107A6000043163B92025EFF3118085F31288BFF349
:107A70006F8F09F0F3FED4F80431002BF3D0074BDD
:107A8000074A02204FF40041C3F80803C2F88011EE
:107A9000D3F80801B0FA80F0400938BD00F000408A
:107AA00000E100E0034BD3F80004003818BF0120C8
:107AB000704700BF00F00040F0B4194A194BD2F8EB
:107AC0000455194E0024013D0327C3F80075C3F87F
:107AD0000405C3F80815C3F81055C3F81465C3F8B6
:107AE0000041D3F80011C3F80441D3F80411C3F8DE
:107AF00008414021D3F80831C2F86015D2F80032AD
:107B00000A4943F04003C2F80032C2F828414FF45A
:107B10000003D2F82821C1F80435F0BC704700BF3B
:107B20000010004000F0004014E8002000F0014088
:107B3000014BD3F80004704700F0004010B4084A2D
:107B4000084C09490023C2F828314FF40000D2F84C
:107B50002821C4F80035C1F808055DF8044B7047CA
:107B60000010004000F0004000F0014038B5164B16
:107B7000D3F828312BB3154C0123C4F80433D4F8BF
:107B8000003163B92025EFF3118085F31288BFF32C
:107B90006F8F09F063FED4F80031002BF3D00B4B4C
:107BA0000B4A01204FF40041C3F80803C2F88011CA
:107BB000D3F804212AB1D3F80801B0FA80F04009C3
:107BC00038BD002038BD00BF0010004000F000406C
:107BD00000E100E00139012905D80B200AB1E9F7DD
:107BE000DBBCE9F7E7BC08B5074A084908482D237C
:107BF00008F075FD002383F31188BFF36F8F032313
:107C0000184602DF08BD00BFF4AC0300409C03002F
:107C1000689B030029B10139012905D80B20E9F738
:107C2000DDBC1820E9F7DABC08B5084A084909485C
:107C3000412308F054FD002383F31188BFF36F8FB5
:107C40000322104602DF184608BD00BFF4AC030053
:107C5000409C0300689B030088420FD0012807D096
:107C600002280DD1A1F10100B0FA80F0400970475F
:107C7000A1F10200B0FA80F040097047012070477E
:107C800000207047012908B511D002290FD0A1B1F9
:107C90000D4A0E490E487B2308F021FD002383F393
:107CA0001188BFF36F8F0323184602DF08BD094B0D
:107CB0004FF40062C3F8002108BD064B4FF08072FC
:107CC000C3F8002108BD00BFF4AC0300409C0300D2
:107CD000689B030000E100E008B510F004FB08BD5C
:107CE000032810B5044604D8124B1C5D9CB12046F5
:107CF00010BD114A11491248292308F0F0FC002355
:107D000083F31188BFF36F8F0323184602DF094BFB
:107D10001C5D002CEBD1084A0A4909482C2308F0C5
:107D2000DEFC84F31188BFF36F8F0323184602DF54
:107D3000204610BDC4AD030044AD030094AD030064
:107D4000689B0300B4AD0300013810B51C4604283D
:107D500063D8DFE800F014221B29030004292CD08B
:107D6000304A31493148B82308F0B9FC002383F385
:107D70001188BFF36F8F0323184602DF10BD04295B
:107D80002BD0284A284929484C23EDE704291CD048
:107D9000244A254925487A23E6E7032925D0214AA4
:107DA000214922486323DFE703292ED0042924D068
:107DB0001C4A1D491D48A023D6E71D4B9C60BDE809
:107DC000104002210320F1F7D7BC1A4B9C60BDE89C
:107DD000104002210120F1F7CFBC174B9C60BDE899
:107DE000104002210020F1F7C7BC144B01219C6018
:107DF000BDE810400846F1F7BFBC114B02219C6062
:107E0000BDE810400846F1F7B7BC0E4B9C60BDE8DA
:107E1000104001210220F1F7AFBC024A0249034899
:107E2000BE23A1E744AD0300409C0300689B030010
:107E300048060020780600209806002088060020CA
:107E4000580600206806002001460020FFF718BAF7
:107E5000124B30B40121044600205960C3F8044598
:107E6000C3F80001C3F80401196005E0D3F8042148
:107E700032B9D3F804251AB1D3F80021002AF5D07D
:107E80005960D3F80421002AE7D1D3F80455002D16
:107E9000E3D0C3F8042530BC704700BF00E00040C9
:107EA00070B5174C0126D4F8045566600E20E9F72A
:107EB00081FBD4F8040140B10021C4F80411D5E9D4
:107EC0000E323046BDE870401847D4F8006146B124
:107ED000C4F80001D5E90E3205F12001BDE870407B
:107EE0001847084A08490948E42308F0F8FB86F3D4
:107EF0001188BFF36F8F0323184602DF70BD00BFE8
:107F000000E00040C8AD0300409C0300689B0300F4
:107F100070B58CB00E4615460146102268461C46C8
:107F2000F1F78AFB10220DEB02003146F1F784FBDA
:107F30006846FFF78DFF25B1102208A92846F1F702
:107F40007BFB2CB108AD0FCD20606160A260E360C7
:107F50000CB070BD054B0122C3F8002590F88610C7
:107F600009B1DA6070471A605A60704700700040CB
:107F70002DE9F0410D7905F01F03072B1DD80C7872
:107F80000C2C1AD8DFE804F00808081907191C1986
:107F9000191E2019220003244A78032A18D0042A23
:107FA0000BD100204A8844F20A06B24264D843F654
:107FB000FE76B2420ED8002A6CD06FF0150057E062
:107FC0000424E9E70524E7E70624E5E70724E3E7D7
:107FD0000120E7E7A2F57F523F3A0B2AEDD801A630
:107FE00056F822F09D800200BB7F0200BB7F02009A
:107FF000BB7F020015800200BB7F0200758002007B
:10800000BB7F0200BB7F0200BB7F0200BB7F020080
:10801000958002000022224F8E7997F8A8C04FF079
:108020000108000308FA03FE40EA042015F02005C9
:108030005FFA8EFE40EA02404FEA031214BF2CEAB8
:108040000E0C4CEA0E0C02F1804287F8A8C002F533
:10805000E04218BF45461F44497987F8A01040EA1E
:108060000550C2F818050020C2F81005C2F81465C2
:10807000BDE8F0810122CEE744F21406B2420BD0F3
:1080800044F22806B24209D044F20F06B24294D11B
:108090000322C0E70222BEE70422BCE70522BAE7BA
:1080A000D0010020F7B50D464FF0FF335B484FF08D
:1080B000FF3205F08BFB6E68731EFE2B44D8002345
:1080C0005748584F1A4626FA03F111F0010126D0FD
:1080D00017F803C0BCF1000F36D000EB031E6C7C18
:1080E000DEF81815003C18BF012421F0807141EA28
:1080F0000461CEF8181503F151010901013240F86D
:1081000001C0D2B20133082BDDD12B7C083B062BFA
:108110001AD8DFE803F0111925192119230000EB03
:10812000031CDCF8184524F08074CCF8184503F1E2
:10813000510424010151E5E700233949012AC1F81E
:10814000F0356B7C0ED97BB16FF01504334805F028
:1081500003FB204603B0F0BD0223EEE70323ECE768
:108160000123EAE7082BEFD8C1F8F435296853005A
:1081700011B1898901FB0333E96899424AD3284B3D
:10818000A968C3F82C162F46C3F830260FCF264C0B
:1081900004F174060FC63B683360002626672B681F
:1081A00027469BB30FCB04F1880585E80F00656770
:1081B000A4F8986050B3BFF35B8F57E8003F47E8DF
:1081C0000062002AF9D1BFF35B8F1849D4F88850B8
:1081D000174A4FF400400F463146E5FB007100237B
:1081E0003846E4F78DF80022CDE90001002304F1C0
:1081F000080006F06FFB0F484FF0FF324FF0FF33DF
:1082000005F0E4FA00B12067246F9FE70648FFF706
:10821000A1FEF0E76FF00B0498E700BF100200200A
:108220000070004070020020D00100203F420F008B
:1082300040420F002802002038B5104C0025C4F839
:108240000451D4F80431C4F81051D4F81031122379
:10825000C4F804330720E9F79FF92A4601210720D3
:10826000E9F7CAF90648836C13B9403005F074FA8F
:108270000123C4F80035002038BD00BF0070004065
:10828000D0010020F8B53C4BD3F80421002A66D079
:108290000021C3F80411D3F80421384C01229A605C
:1082A000C3F80015A66F94F8A8703742254606D18A
:1082B000636FC3B93248BDE8F84005F04DBAD3F852
:1082C0002C16F6B213461E4208D01F4205D0B1F953
:1082D0000020002ABCBF00220A8002315B009BB252
:1082E0009F42F0D2E4E7D4F88C30B4F898202BB158
:1082F00024499847012814D0022828D0B4F898308F
:10830000B4F894209A4222D90133A4F898301A4B39
:10831000D3F82C26D3F8341689B202EB4102C3F805
:108320002C26D4F8883023B9BDE8F8401348FFF76D
:1083300011BEBFF35B8F55E8003F5A1E45E8002190
:108340000029F8D1BFF35B8F012BEDDCF8BDD4F829
:108350008830002BAED00C4810F03BF9AAE7D3F8D8
:1083600010110029F2D0C3F81021D3F810210122F6
:108370009A601A605A60E9E700700040D00100205E
:108380002802002044020020D8010020084B70B5CC
:10839000C31A0D4607499B1004465943064840221C
:1083A0000DF0F5FA2B4601462046BDE8704018470F
:1083B00078EB0020B76DDBB6C88B030073B50C4CAF
:1083C0000C4A4023041B00930D460B460A49A41097
:1083D0006143064609480DF006FB011E05DA3046EA
:1083E0002B4602B0BDE87040184702B070BD00BF18
:1083F00078EB0020515A0300B76DDBB6C88B030041
:10840000002270B5012104461046E9F7F5F811483D
:1084100001F00AFD104B984218D1206900F002FAD1
:1084200001F014FD26690D49304608F08BFA00284A
:108430000BDB012535642469084904F11C0008F0B0
:1084400081FA002801DBE564002070BD6FF00400B4
:10845000FBE700BF1D8502000000AD0B14AE03005A
:108460007FB500220123CDE9022304ABCDE904331B
:10847000094ACDF800D06B46CDF804D00DF0E1FAF2
:10848000002805DB4FF480420023684605F09EF982
:1084900007B05DF804FB00BF6B5A030010B5EFF3A3
:1084A0001184202383F31288BFF36F8F074A136868
:1084B00023F00201DB07116002D401200DF07FFCE4
:1084C00084F31188BFF36F8F10BD00BFC8EB00208D
:1084D00030B4104B0C2202FB003301460020D3E9DC
:1084E0000E529863EFF31180202484F31288BFF3B7
:1084F0006F8F1C6C04F0C00444F002041C6480F311
:108500001188BFF36F8F1DB12B46034830BC18474D
:1085100030BC704778EB0020C88B0300012810B5F1
:1085200004460AD004280CD078B9084B1B6C5B07B2
:108530000BD1BDE81040FFF7CBBF00F081F920461A
:10854000F7E7BDE8104000F089B910BD78EB0020D6
:1085500010B4EFF31182202383F31288BFF36F8FDF
:108560001848016841F002040460C80708D482F387
:108570001188BFF36F8F01205DF8044B01F078BCC8
:108580004FF08041D1F80C04D1F80C14C907EED596
:10859000EFF3118083F31288BFF36F8F0A490B6CDE
:1085A00003F0C00343F002030B6480F31188BFF3B0
:1085B0006F8F82F31188BFF36F8F00205DF8044B3B
:1085C000FFF786BFC8EB002078EB0020024AC3B259
:1085D0001C2003FB0020704778EB0020094BBFF301
:1085E0005B8F53E8002F42F0010143E800100028A0
:1085F000F7D1BFF35B8F930702D4012001F038BCA1
:10860000704700BFC8EB002010B5EFF311842023A2
:1086100083F31288BFF36F8F074A136823F00101B9
:108620009B07116002D401200DF0C9FB84F311886F
:10863000BFF36F8F10BD00BFC8EB0020F8B528490D
:10864000BFF35B8F0646012251E8003F41E800205E
:108650000028F9D1BFF35B8F33B9224922484B6020
:10866000CB608A6008F081F9731E012B1DD80FF0D2
:108670003AFE0446D0B91D4B1B78BBB14FF0804386
:108680000222C3F8082305464FF08047D7F8182484
:10869000D7F81834D20312D59B0701D0012E0ED182
:1086A000BCB185F31188BFF36F8FF8BDEFF311856F
:1086B000202383F31288BFF36F8F0124E4E71CB1FA
:1086C000284609F0CBF8E1E7002121200FF0C1FE98
:1086D000DCE74FF080430222C3F80423E5E700BF44
:1086E00074EB002064EB002094EB0020DF050120F8
:1086F0000D4BBFF35B8F012253E8001F002903D10C
:1087000043E800200028F7D1BFF35B8F0AD1074967
:108710000023CB60064B4B6003238B60054B18682E
:1087200008F023B9704700BFE8EB0020D0EB002031
:10873000F9870200CCEB002007B500220023CDE929
:10874000002308484FF40032002306F0C3F8064B1C
:10875000186808F061F9054B00221A6003B05DF853
:1087600004FB00BF20080020CCEB0020E8EB002039
:10877000F7B51C4E1C4CB7681C4DFB6840213046B9
:10878000984740B1002323702B8001F0C3FB0123E5
:10879000237003B0F0BD0C213B696A463046984710
:1087A0000028EFD1124A019B93FBF2F3009A217843
:1087B00003EB82031BB2B5F900200029E4D09A1A1A
:1087C000002AB8BF524212B2012ADDDC094A1368FE
:1087D000013901332170136003B0BDE8F040FFF7A9
:1087E000ABBF00BF908C0300CD05012082F40020B8
:1087F00090D00300E0EB002008B507480FF036FAF0
:1088000028B901F087FB054B01221A7008BDBDE8AD
:108810000840034805F0B4B9908C0300CD05012051
:10882000A8060020034B044A186000231360034A83
:1088300013607047CCEB0020E4EB0020E0EB00205D
:10884000024B00221A70FFF753BF00BFCD05012075
:1088500001480FF0BEBE00BF20080020024A136886
:1088600001331360FFF768BFE4EB0020EFF31182E0
:10887000202383F31288BFF36F8F0A4BD3F80011C4
:1088800061B10021D3F80805C3F80011D3F8003115
:10889000C0B282F31188BFF36F8F70476FF00A0088
:1088A000F7E700BF00D00040F0B5034610469C78C3
:1088B00093F803C0EFF31182202585F31288BFF3EC
:1088C0006F8F1F7893F801E0E41B04EA0C04A042C8
:1088D00088BFA0B23E180CEA06063D461E7082F321
:1088E0001188BFF36F8F0A188A4216D177450CD1D1
:1088F000EFF31182202181F31288BFF36F8F197873
:10890000597082F31188BFF36F8F1B79241AA34229
:1089100022BF064B01221A60F0BD5E19013576793F
:1089200001F8016B05EA0C05DEE700BF00D000404E
:10893000DB432DE9F04713F001050E46144604D041
:108940002248FFF7B1FFBDE8F0879AB3EFF3118833
:10895000202383F31288BFF36F8F0D20E8F73EFECC
:1089600007460D20E8F726FE88F31188BFF36F8FC6
:10897000DFF85CA0DFF85C80CAF80051DAF800315B
:108980004FF400590123CAF800302546C8F88091F9
:10899000DAF8003183B1FFF769FF031EC8F8809150
:1089A000F6DB013DADB27355002DF1D117B10D20AD
:1089B000E8F7F2FD2046C6E7EFF31180202383F3AA
:1089C0001288BFF36F8F08F049FFE1E71CEC00202D
:1089D00000D0004000E100E02DE9F041124F0D46CB
:1089E000144607F1450814B92046BDE8F0814FF060
:1089F000FF334FF0FF32384604F0E8FE22462946A6
:108A00004046FFF751FF0646384604F0A5FE3EB942
:108A10004FF0FF324FF0FF33044804F0D7FEE6E793
:108A2000A41BA4B23544DEE7ECEB002004EC0020EC
:108A300038B5194C0122114620460FF00AFB0122DD
:108A4000002104F118000FF004FB40F20743A4F8E2
:108A500048304FF0706323630C2384F834300025D2
:108A60000E4B84F84550A4F84650D3F8042542F044
:108A70000102C3F804250121C3F80051D3F80021F5
:108A8000C3F804132A4619600D20E8F7B5FD0D2040
:108A9000E8F782FD284638BDECEB002000D000400E
:108AA00010B5FFF7E3FE002820DB174B93F83220C8
:108AB00093F8314093F83310141B31EA0404C0B228
:108AC0000DD193F8472093F8464093F84810141BB3
:108AD00031EA04040BD10D4B01225A600EE09C18C0
:108AE0000132114084F8350083F8321010BD9C1813
:108AF0000132114084F84A0083F847100448BDE869
:108B0000104004F029BE00BFECEB002000D0004074
:108B100004EC0020024B0B6001231360704700BF80
:108B200040EC00200048704730AE030010B5012231
:108B300011460748074C0FF08CFAFCF789FA0DF044
:108B4000CAF920600DF0C3F96060002010BD00BFBD
:108B500048EC002040EC00204FF08042D2F8101585
:108B6000D2F8103501F01E0123F01F030B4343F030
:108B70000103C2F81035024B00221A70704700BF83
:108B8000CE0501204FF08053D3F83031082B20D18F
:108B90004FF08042D2F81015CB071AD5D2F8103515
:108BA00001F01E0123F01F030B43C2F81035D2F869
:108BB00008315BB1D2F8103523F01F030B4343F0AB
:108BC0000103C2F810356FF08B007047024B012291
:108BD0001A700020704700BFCE050120F8B504468A
:108BE0000DF075F9237B05460BB1FCF747FA134FDF
:108BF0000026FFF7C7FFE8B9606801F019FEA36817
:108C00005B1BA36063682B4463603B780BB1FFF789
:108C1000A3FF237B01363BB9A368002BE9D1A068F1
:108C2000003818BF0120F8BD3046E5F779F8002874
:108C3000F2D0F4E76FF08B00F5E700BFCE0501201E
:108C4000F0B587B00E4615460DF041F929460746A6
:108C500030460CF089FFC8B3B6FBF7F307FB13638C
:108C6000A3BBB5FBF7F407FB14547CBBBD4222D376
:108C70004FF0FF324FF0FF33164804F0A7FDFCF72A
:108C8000F9F902AB01461022C0B1214618460FF097
:108C90004DFD01228DF814200F4ACDE900200F4828
:108CA000CDE90365FCF7DEF96846E4F7BDFF04464D
:108CB000084804F051FD204607B0F0BD18460FF0FB
:108CC00035FDCDE90365FFF789FFF0E76FF0150487
:108CD000F1E700BF48EC0020DD8B0200645E01007C
:108CE00070B5037B04460BB1FCF7C8F9194E01259A
:108CF000A368032B06D8184AD2F80034DB07FBD54B
:108D0000002070BDFFF73EFF08BB2368606819684C
:108D100001F0AEFD33780BB1FFF71EFF636804333B
:108D20006360236804332360A368043BA360237B50
:108D30000135002BDCD02846E4F7F2FF0028D7D01D
:108D4000054AD2F80034D907FBD50120D9E76FF0E6
:108D50008B00D6E7CE05012000E0014070B50D463E
:108D600086B01946284616461C460CF0FDFE60B338
:108D700045EA04039B0728D1FCB14FF0FF334FF0C5
:108D8000FF32134804F022FDFCF774F90346CDE9E5
:108D9000026502A804949BB101238DF814300D4B99
:108DA000CDE9003041F64C50FCF75CF96846E4F739
:108DB0003BFF0446064804F0CFFC204606B070BDD9
:108DC0008DF81430FFF78CFFF3E76FF01504F4E72C
:108DD00048EC0020E18C0200F0B54068057B01F012
:108DE0001F0444EA4514056987B0002D64D0B2F52C
:108DF000001F00F1100506D1214628460DF05FF84E
:108E0000002007B0F0BD01AE0027B2F5800F01973A
:108E1000776039D1B3F1007F14BF052304238DF8A7
:108E200004300023CDE904630393836823FA01F13E
:108E300011F001011AD1B2F1A07F17D104F01F0384
:108E4000620903F5E0732AD0012A3BD11F4A52F888
:108E50002330DB070AD40DF10306324621462846AB
:108E600001F040FB1A4B98421CD0029603AA2146FF
:108E7000284601F0F9F9174B984220D101222146EA
:108E8000284601F093FBBBE7B3F1C06F05D0B3F107
:108E9000007F14BF01230223C1E70323BFE74FF084
:108EA000A042D4E73146284601F07AFB094B9842AC
:108EB000DBD06FF00B00A4E76FF08500A1E76FF047
:108EC00015009EE751F82330FFDE00BF000300507D
:108ED0000400AD0B0000AD0B38B545682B69B3B18C
:108EE0001035284601F04CFB044680B9014628465F
:108EF00001F012FB084B98420BD108492246284644
:108F000001F0EAFA224605210620E8F775FB002069
:108F100038BD6FF00400FBE70000AD0B218F0200AD
:108F2000420970B5034602D0012A17D070BD0D4E1C
:108F3000326951680029F9D003F01F0301250C683C
:108F40009D400029F2D08A682A4002D04B68304602
:108F500098472CB1236821461C46F2E7024EE7E70A
:108F60002346F8E7F08B0300DC8B03002DE9F04388
:108F7000466840F20635D006337B87B002EA050525
:108F800054BFC2F34010032001F01F07B5F5837FE3
:108F9000144647EA43178DF8030045D00FD8062D35
:108FA00018D007D8B5B1022D40D06FF0150007B02A
:108FB000BDE8F083B5F5807FF7D101250AE040F2E6
:108FC0000222954234D0B5F5407F33D0B5F5007F0D
:108FD000EBD102250123220303FA01F12CD573689A
:108FE000C3F80815326982BB07F01F037F0929D037
:108FF000012F77D13E4A02EB830284F48033D2F80A
:109000000017C3F30043C4F3404444EA430421F48B
:10901000E16144EA800421F0070144EA05230B439F
:10902000C2F800370020C2E70725D3E70425D1E7BF
:109030000525CFE70325CDE7630344BF7368C3F875
:109040000C15CFE74FF0A042D5E710360DF1020224
:109050003946304601F046FA14F4403F80460CD1C0
:10906000394630460CF029FF224B9845DAD19DF85D
:109070000210304601F08EFAD4E701AB4FF0000940
:1090800003AA39463046CDE90439CDE90199CDF836
:109090000C9001F0E9F8174B984286D114F4003394
:1090A00015D09DF803308DF80E3084F48034C4F36D
:1090B00000444B4603AA394630468DF80C508DF8D3
:1090C0000D4001F08BF90B4B9842CDD06DE7CDE907
:1090D000043303AA0DF1030339463046039301F02C
:1090E000C3F8F0E703F5E07352F82330FFDE00BF6A
:1090F000000300500000AD0B02780B69012A08D074
:10910000022A08D04AB9064A1A6303F1180004F08B
:1091100023BB044AF8E7044AF6E7044AF4E700BF31
:109120000000AD0B0100AE0B0200AE0B0100AD0B59
:109130002DE9F04F87B00546049343680769D3F8DB
:1091400028909B8B03930C4690464FF0FF324FF0D4
:10915000FF33384604F03AFB07F11803029300236B
:1091600002980022002604F031FB3346464501D325
:1091700000234EE0207A010776D401364645216867
:109180000BD2820709D4227D80EA020C0CF0010C7C
:1091900002F004025CEA020C08D023B901F060423C
:1091A000B2F1005F1BD04FF0000A01E04FF0010A5E
:1091B000D4F804E0039A03EB0E0C944557D8C20789
:1091C00006D409EB0300724605930FF087FA059B5E
:1091D00062681A4493B2BAF1000F2ED113BBD4F8CF
:1091E00000B0A3884FF0000A049A217A0092284622
:1091F0005A4600F061F8031E0BDB4FF480420298E0
:10920000002304F0E3FA80B1284600F035F86FF04F
:1092100004030293384604F09FFA029B184607B0F5
:10922000BDE8F08F9A46CB46DEE73B6B114A93428E
:10923000EDD1237ADB0702D400230C3496E7CB452B
:10924000FAD1A34609E0AAEB02011FFA81FADBF882
:109250000C0019FA81F10FF041FADBF80420924575
:10926000ABF10C0BEFD2E7E76FF08503D1E76FF0BE
:109270001B03CEE70000AD0B70B544682368D3F83C
:109280000855D3F80C65204601F08EFB3146284680
:1092900001F0F0FE00210546606A0CF00BFD20464F
:1092A00001F072FB034B9D4214BF6FF00F000020D2
:1092B00070BD00BF0000AD0BF0B587B047680C462D
:1092C0001646002112220DF106001D460FF02EFA5F
:1092D00004F001038DF80430BDF830308DF805300E
:1092E000BB8D0295AB42049614D384F00202C2F304
:1092F0004002520101A9384601F08AFB084B98420E
:109300000BD00B33984214BF6FF004006FF00F00C6
:1093100007B0F0BD6FF01B00FAE70020F8E700BFD0
:109320000000AD0B38B545682B6A04469847686A5B
:1093300001210CF0BFFC2346AA6905F1080128466B
:1093400001F0E8FA064B984206D1012120460CF0C4
:10935000D7FC00EAE07038BD6FF00400FBE700BF07
:109360000000AD0B2DE9F043DFF8D0C0324F0025EF
:1093700040F2FF16EBB2994202D80020BDE8F0831C
:1093800050F8253013F4804FC3F3C324C3F3080807
:1093900046D1B04517F804E04FEA136429D00B2CEE
:1093A00036D1C2F80885BEF1000F08BF4FF0060E97
:1093B0005FEA581850F8254003F01F032DD0B8F18C
:1093C000010F33D1E04608EB8303DFF87480D3F854
:1093D000009709EA0808C4F3C039C4F34124A40083
:1093E00044EA490444EA0E2444EA0804C3F8004766
:1093F00005E00B2C05D14FF0FF33C2F808350135DD
:10940000B8E70C2C0FD14FF0FF33C2F80C35F6E75C
:109410000C2C08D1C2F80C85C5E74FF0A048D2E764
:109420006FF01500AAE76FF08500A7E7002203F5AB
:10943000E07352F82330FFDE72BF030000030050D8
:10944000F0F8FCFF014B01221A60704700C0004099
:109450000C2903690BD1DB6A064907484B4393FB90
:10946000F0F100FB113311605360002070476FF082
:109470008500704790D0030040420F00044B006904
:109480000022C3F80021D3F8003104F065B900BF11
:1094900000C000407FB505692B6B63B3402901D044
:1094A0000C292BD105F118064FF0FF324FF0FF3396
:1094B000304604F057F8134B0193286B0323002424
:1094C00069460394029307F050FA4FF0FF324FF0D1
:1094D000FF33284604F07AF9286B07F09DFA0A4B0F
:1094E000D3F80825EA6201225A60304604F0B2F847
:1094F000204604B070BD6FF00A00FAE76FF08500F7
:10950000F7E700BF4594020000C0004010B50469B1
:109510000020FFF75BF820634FF0FF320021204668
:109520000EF097FD04F118000EF0AAFC00220121B4
:109530000C20E8F761F80C20E8F72EF8024B012226
:10954000C3F80423002010BD00C0004070B5012303
:1095500083400E4ABFF35B8FDC4352E8001F01EAF1
:10956000040542E80056002EF7D1BFF35B8F4FF49D
:10957000803282400648C0F80823BFF35F8FBFF3F4
:109580006F8F0B4214BF0120002070BDE4EC00205F
:109590000010014070B40E49D1E90034D01AC3184C
:1095A00044F1000422F07F46C1E90034A6F500131F
:1095B000B3F5400F09D2074B1B681A0A1B069C190A
:1095C000054B42F10005C3E9004570BC05F0A2B8A7
:1095D000F8140020E8EC00200015002011B3BFF3C0
:1095E0005B8F0123104A834052E800CF4CEA030C02
:1095F00042E800C10029F7D1BFF35B8F0B4A4FF45B
:1096000080338340C2F80433094BBFF35B8F1B6880
:10961000BFF35B8FC340DB0742BF064B4FF4003202
:10962000C3F80021704700BFE4EC002000100140A7
:10963000E0EC002000E100E00D4B1868010A000694
:10964000BFF35F8F0B4BD3F80435181841F10001BD
:10965000B3F5801F0AD2084BD3E90023904271EB87
:10966000030303D210F1807041F10001704700BF85
:10967000E8EC002000100140001500202DE9F04F1B
:1096800085B016461F469DF840A00446FFF75EFFD2
:109690000190FFF7D1FFB04271EB070354D23E4B6C
:1096A000301A67EB0101984271F100014FD23B4B38
:1096B00003EB0413D3E902239F4208BF96425ED016
:1096C00037494FF4803804F1500508FA04F8AD002A
:1096D000C1F848832046ADB20CF03EFB26F07F4B2C
:1096E00005F1804504F5A87305F58835DC464FF093
:1096F00003090293029A2CF07F4341F82230C1F80B
:109700004483D1F80435274A6FF00200C01A604440
:1097100020F07F40904232D9286868B1D1F80435F2
:109720000393A3EB0B0020F07F40B0F5000F26D988
:1097300020460CF011FB039BBAF1000F07D109EB97
:10974000030C09F10109D5E7BAF1000F09D06FF058
:10975000150520460199FFF741FF284605B0BDE8F1
:10976000F08F0123104ABFF35B8FA34052E8000F34
:10977000184342E800010029F8D1BFF35B8F074985
:109780000E98230101EB0412C8500F9B5360C2E9ED
:1097900002670025DDE700BF01008000E81400201B
:1097A00000100140FDFF7F00E0EC00207FB51C4C65
:1097B0001C4BC4F80833C4F848331B4B00254FF04A
:1097C000FF304FF0FF31C4F80855C3E902014FF4F0
:1097D0008033C4F80433154B02264FF400320121C4
:1097E000C4F804631120C3F880212A46E7F704FF78
:1097F0001120E7F7D1FE0E4A0123A3602360136016
:109800000C4B0D4A0093CDE9015500232846FFF784
:1098100035FF3046FEF712FF284604B070BD00BF8A
:109820000010014003000F00E814002000E100E0F8
:10983000E4EC002095950200FFFF7F002DE9F7433F
:109840002F4CD4F8043399070BD5D4F8043143B125
:109850002C4A0023C4F80431D4F8043113680133CE
:109860001360D4F80433DA0329D5BFF35B8F264B9A
:1098700053E8002F22F0010143E800100028F7D13F
:10988000BFF35B8FD30702D4D4F84031BBB10025BE
:10989000C4F84051D4F84031FFF7CEFEEFF3118207
:1098A000202383F31288BFF36F8F184BD3E902672D
:1098B000B042B94106D282F31188BFF36F8F03B073
:1098C000BDE8F0834FF0FF384FF0FF39C3E902895C
:1098D000D3E900101D604FF48033C4F84833C4F856
:1098E0004051D4F8403182F31188BFF36F8F0029C3
:1098F000E5D0009032463B4628468847DFE700BF68
:1099000000100140E8EC0020E0EC0020E81400200A
:1099100030B5431C124C85B005D08442A8BF044624
:10992000012CB8BF0124FFF787FE0E4B0C4DD3E985
:109930000013401AB0F5000F10D22218AA4228BF17
:109940002A4652184FF0000007490091CDE9010066
:1099500043F10003FFF792FE05B030BD2A46F0E761
:10996000FFFF7F00F81400209595020008B5FFF76F
:1099700063FE024B1B68C01A08BD00BFF81400202C
:1099800010B5084C012363601120E7F713FE064B66
:10999000C4F80833C4F84833044B4FF40032C3F81A
:1099A000802110BD0010014003000F0000E100E025
:1099B00037B503460D461C69406894F825303BBB1B
:1099C0000B7B022B27D10B68FBB994F824204B6842
:1099D000C2B9144A591E914217D823620DF10701EA
:1099E00001F0E8FA104B984218D0AB689DF80700D8
:1099F0000BB144F8203094F82430013384F824303B
:109A000003B030BD226A9A42E8D06FF01500F7E744
:109A10006FF00F00F4E76FF08500F1E76FF00B00D7
:109A2000EEE700BFFEFFCF070200AD0B30B585B0FB
:109A30000469456800230193CA070393236A0293CC
:109A40005CBF012301938B0758BF019B01A958BF3D
:109A500043F00803284658BF019301F085FA074BED
:109A6000984208D1284601F099FA012384F825305C
:109A7000002005B030BD6FF00F00FAE70000AD0B1D
:109A800010B50022446801211020E7F7B5FD00233E
:109A90001946054A204601F04DFA044B984214BF7E
:109AA0006FF00F00002010BDB19A02000000AD0B56
:109AB0002DE9F0410B4E0C4F0C464FF001080CB94C
:109AC000BDE8F08194FAA4F5B5FA85F556F825308D
:109AD00013B129463846984708FA05F524EA0504E3
:109AE000EDE700BFECEC00202C8C03004FF080531E
:109AF000D3F83021082A06D1D3F83431052B02D807
:109B0000024AD05C70470020704700BFA0BF03002E
:109B100008B54FF08053D3F83021082A4ED14FF0CA
:109B200080420021C2F80C11C2F81011C2F8381599
:109B300002F54042D3F80414C2F82015D3F80814F3
:109B4000C2F82415D3F80C14C2F82815D3F8101451
:109B5000C2F82C15D3F81414C2F83015D3F8181421
:109B6000C2F83415D3F81C14C2F84015D3F82014E9
:109B7000C2F84415D3F82414C2F84815D3F82814B1
:109B8000C2F84C15D3F82C14C2F85015D3F8301481
:109B9000C2F85415D3F83414C2F86015D3F8381449
:109BA000C2F86415D3F83C14C2F86815D3F8401411
:109BB000C2F86C15D3F84434C2F87035FFF796FF3D
:109BC00018B12B4B2B4AC3F88C26FFF78FFF18B127
:109BD000294BFB22C3F81825FFF788FF70B14FF01F
:109BE00080414FF08053D1F8E42ED3F8583222F060
:109BF0000F0203F00F031343C1F8E43EFFF776FFB3
:109C000020B11E4B4FF40072C3F840264FF0805332
:109C1000D3F83031082B09D14FF08043D3F800241A
:109C2000D20744BF6FF00102C3F80024144AD2F8EF
:109C3000883043F47003C2F88830BFF34F8FBFF30E
:109C40006F8F4FF08053D3F83021082A0ED1D3F80C
:109C50003431052B02D80B4AD35C3BB14FF01023B3
:109C6000D3F808224FF08043C3F8582508BD00BF41
:109C7000005000404881030000F000400090024086
:109C800000ED00E09ABF030030B50468CCB1BFF32B
:109C90005B8FB4FA84F3C3F11F03DBB201229A4055
:109CA00024EA020250E8005FA54204D140E8002CFB
:109CB000BCF1000FF6D1BFF35B8FE6D102480B7009
:109CC00030BD0248FCE700BF0000AD0B0200AD0B49
:109CD00010B50368CB40DB0714D401238B40026826
:109CE000BFF35B8F43EA020150E8004F944204D176
:109CF00040E8001CBCF1000FF6D1BFF35B8FEED142
:109D0000014810BD0148FCE70000AD0B0400AD0B9D
:109D10002DE9F04700F160404C1E0444DFF8348028
:109D20001F461646050B240BFF234FF0010AA542E0
:109D300001D9BDE8F08718F80510994201F00F002D
:109D4000894604D0090932460AFA01F1B8470135BB
:109D50004B46ECE7A6BF0300014BFFF7D9BF00BF9E
:109D6000A95D0300F7B50546F8B101281BD104220F
:109D70004FF4807301464FF0804003440244C0F822
:109D800008130026012111601E608D421B688DF8AA
:109D9000071008BF0DF1070642F210744FF080471C
:109DA00045B1012D28D003B0F0BD0C224FF48273D1
:109DB0000221E0E7D7F8183403F480333EB9002BD2
:109DC000F1D001200BF0EEFF013CF3D1EBE7D7F827
:109DD000182402F003023260002BE4D09DF8070043
:109DE000012803D10BF0DEFF013CD9D1012DDAD1DE
:109DF0000C4B00225A71D6E7D7F80C3403F48033A9
:109E00003EB9002BF4D001200BF0CCFF013CF3D184
:109E1000EEE7D7F80C2402F001023270002BDDD1FE
:109E2000E6E700BF14ED0020054B1A792AB99A71B4
:109E3000012218609A80034870470348704700BFAA
:109E400014ED00200000AD0B0C00AD0B08B5074B66
:109E50001B682BB10020E7F7C1FB08B9E7F79CFBB3
:109E60004FF080430022C3F8182508BD14ED0020F0
:109E700010B510B1012840D010BD4FF08043D3F889
:109E80001814D3F81824CC031ED5900702D0002054
:109E9000FFF768FF4FF080430022C3F81825022027
:109EA00008224FF4827303F180430021196002F10C
:109EB00080421C6801241460154A12680AB34FF0EE
:109EC0008043C3F80403D7E7D3F81424D107E1D5BE
:109ED000D3F81C249207DAD10D4A12681AB1022273
:109EE000C3F80423C8E7D3F80421002AFBD00022DA
:109EF000C3F80421D3F80431BEE700224FF4807385
:109F0000D1E71A68002AFCD019601B68B4E700BFCB
:109F100014ED00204FF08043D3F80C14D3F80C2438
:109F2000C80325D5D10723D5D3F81824D2031FD5CC
:109F3000114A917901F0FF00E1B9C3F80C01D3F89F
:109F40000C11022001219171C3F8340C19611268BF
:109F500022B10822C3F8042308487047D3F80C2123
:109F6000002AFBD00022C3F80C21D3F80C31F3E710
:109F7000034870470348704714ED00200000AD0B04
:109F80000500AD0B0B00AD0B10B54FF08043D3F8BF
:109F900000216AB10022C3F80021D3F80021012278
:109FA000C3F80823234B587910B95A711B68984796
:109FB0004FF08043D3F804215AB10022C3F80421A2
:109FC000D3F804210222C3F808231A4B01201B688E
:109FD00098474FF08043D3F810217AB1D3F8042387
:109FE000D1060BD50022C3F81021D3F8102110227E
:109FF000C3F808230F4B03201B6898474FF080439A
:10A00000D3F80C21A2B1D3F80423120710D50022F3
:10A01000C3F8342CC3F80C21D3F80C110821C3F871
:10A020000813044B9A71BDE810401B6804201847C0
:10A0300010BD00BF14ED0020036803F01F025B0990
:10A04000026004D0012B034818BF002070474FF076
:10A05000A040704700030050034A430900F01F006E
:10A06000D35C1844C0B27047E6BF030070B5054624
:10A07000FFF7F2FF0C4C08300E4634F81030DA05CA
:10A0800008D5C3F3432304EBC302284654F8333006
:10A0900052689847A3682BB1E26831462846BDE86C
:10A0A0007040184770BD00BFB806002008B5FFF724
:10A0B000D3FF034B083033F81000400B08BD00BF3E
:10A0C000B806002008B5FFF7C7FF034B083033F888
:10A0D0001000C0F3400008BDB806002008B5FFF727
:10A0E000BBFF034B083033F81000C0F3401008BD2D
:10A0F000B8060020034611F0010010B5CCB20DD116
:10A10000A207C4F3400012D5094AD2F820055860CE
:10A11000C2F82005003818BF012008E04FF0A04128
:10A12000D1F820251A60C1F82025002AE8D010BDFA
:10A130000003005010B5FFF78FFF124A083032F8C5
:10A140001030D9051CD5C3F3432123F4F85322F86A
:10A15000103002F10E04002034F8023F13F4807F27
:10A1600003D0C3F3432399420AD001303028F3D1FE
:10A17000002342F831300448BDE81040FFF7A8BD85
:10A1800010BD00BFB806002030070020F0B505461E
:10A1900000200446012607468C420BD1114BD3F810
:10A1A0007C2132B10022C3F87C21D3F87C3140F00D
:10A1B0000040F0BDE3B29B0003F580729B0806FAF5
:10A1C00003F31D420BD002F1804202F5C042D2F8E7
:10A1D00000C0BCF1000F02D01760126818430134B0
:10A1E000DAE700BF00600040F7B506460846FFF713
:10A1F00033FF194F00F108050C4637F81530DB071F
:10A2000027D530460BF035FE2046FFF767FF40B1FB
:10A210002046FFF74BFF316800F5A270002341F89C
:10A2200020302046FFF786FF002301A827F81530CD
:10A230000194FFF701FF019B00EB8300074BD0F86F
:10A240000027134043F00203C0F80037044803B06E
:10A25000F0BD0448FBE700BFB8060020F0F8FCFFA3
:10A260000000AD0B0400AD0B2DE9FF411646804602
:10A270000846FFF7F1FE0D463168044609B328464B
:10A28000FFF720FF18B12846FFF728FF10BB002377
:10A29000CDE900338DF80E308DF80F300DF10F023F
:10A2A0000B4628460DF10E010BF08BFD474A04F1D9
:10A2B000080132F8113023F0020343F0010322F8C1
:10A2C0001130736863B328461F785968FFF7FAFEA8
:10A2D00010B1D1B13E4826E03C4A04F1080032F802
:10A2E000103023F02003DB04DB0C22F8103061B1C6
:10A2F000032FEFD87168496891F800C0D8F80010B2
:10A30000A7B90CF5A27C41F82C70304A04F1080181
:10A3100032F8113023F01C0343EA870322F811308E
:10A32000B3684BBB2B4804B0BDE8F08101EB8C0156
:10A3300043EA4C33D1F810E52EF0030EC1F810E5D6
:10A34000D8F8001001EB8C0E43F02003DEF8101556
:10A3500022F8103021F44F3121F44071CEF810155D
:10A360002902DEF8108501F47C5141EA074141EAF7
:10A370000801CEF81015C8E7D3E900672846FFF7B3
:10A38000D9FE002ECED0114DD5E90023964203D13F
:10A390009F4201D1002209E00F480DF10F01FFF7A4
:10A3A00073FC0C4B9842BED19DF80F2045F83260EB
:10A3B00005EBC20308345F6035F8143043EA4223EA
:10A3C00043F4807325F81430ACE700BFB8060020D2
:10A3D0000400AD0B0000AD0B300700202DE9F04369
:10A3E0000C4685B08046204611461E46FFF734FED7
:10A3F000054629B32046FFF765FE18B92046FFF74A
:10A400006DFE18BB314F05F1080937F8193013F00C
:10A410001C0F02D04B78012B18D001238DF80F3080
:10A420000023CDE900134A1C8B1C20460DF10F01BF
:10A430000BF0C7FC37F8193043F0030327F8193045
:10A44000002E41D02046FFF73DFE18B9204805B048
:10A45000BDE8F08396F800C0D8F800301B4F0CF52B
:10A46000A272002143F8221005F1080237F81210F9
:10A4700021F02001C904C90C27F8121075781DB30A
:10A48000D8F80000B67800EB8C002D04D0F8103519
:10A4900023F4991323F4F853C0F81035230203F47E
:10A4A0007C5305F440353605D0F810E52B4306F40F
:10A4B000801641EA4C31334341F0200143EA0E0358
:10A4C00027F81210C0F810350248C0E7B80600207F
:10A4D0000400AD0B0000AD0B014BC3E90212704745
:10A4E000B806002010B508461446FFF7F7FD50B136
:10A4F0000846FFF7B1FD054B083033F8103004482B
:10A500005B0B237010BD0348FCE700BFB8060020BA
:10A510000000AD0B0400AD0B70B5164D95F88040F2
:10A5200006462CBB2146602205F110000EF0FEF815
:10A5300030682E6F21468E420ED10023C0F87C3148
:10A54000D0F87C3140F30730E7F726F801230A48BA
:10A5500085F88030AB6770BDCBB29B0003F580728D
:10A560007C2B08BF845001F1010108BF8358E2E74A
:10A570000248F0E7B80600200000AD0B0C00AD0B60
:10A58000034B93F88000003818BF0120704700BFCC
:10A59000B80600200148FFF79BBB00BF2C07002036
:10A5A0000148FFF771BB00BF2C07002073B503689B
:10A5B0001646D3F80423002AA8BF4FF000420546F0
:10A5C000A8BFC3F8042308460C46FFF787FD00B375
:10A5D0000846FFF777FD0146D8B92046FFF766FD2C
:10A5E00004B2A40004F580720346286881502968EB
:10A5F00082582144D1F8102542F00102C1F81025FB
:10A600002EB12968012202FA03F3C1F8043302B023
:10A6100070BD2046FFF720FD0F4B083033F8103097
:10A62000C3F38203042B12D0052B12D001A801948E
:10A63000FFF702FD019AD0F81035D34003F0010373
:10A64000991C204602B0BDE870400BF003BC03210A
:10A65000F7E70221F5E700BFB80600202DE9F04F2B
:10A66000694BDFF8B081D3F80403D8F87010C0B29A
:10A6700089B040F00040FFF789FD051E2FDAC24681
:10A6800000235AF87C1F06A8CDE90633FFF732FDF8
:10A690005E4B01930DF118094FF0000B019A12F86F
:10A6A000013B0192DA0803F007031AF8022022FAAC
:10A6B00003F3DA071CD409F10409BBF1000F14D02D
:10A6C000D8F870104FF00040FFF760FDD8F87C100C
:10A6D00006A8FFF70FFD0028DAD125F00045012478
:10A6E000002D79D109B0BDE8F08F4FF0010BD5E70F
:10A6F000474B5B440293D9F800100029DBD0029B42
:10A7000091FAA1F11C78B1FA81F141EA4414204692
:10A71000FFF7A2FC0830059438F81070C808BB0891
:10A7200019F80020039301F00701012303FA01F156
:10A7300022EA010209F8002005A8FFF77DFC059A2E
:10A74000039B02F5E072C7F3820650F822205B07F4
:10A750003746C2F3014224D520463946D6B2FFF728
:10A7600085FC05A80594FFF767FC059B03F5E073DE
:10A7700050F82330C3F301439E4207D10021204605
:10A780000BF068FB314620460BF064FB05A80594EE
:10A79000FFF752FC059B012202FA03F3C0F82035B3
:10A7A000A9E7022A0CD1032120460BF053FB06F047
:10A7B0000503012BEAD139462046FFF757FCE5E7B0
:10A7C0000221204603920BF045FB032EF3D0039A9F
:10A7D000032ADBD1022EEDE795FAA5F3B3FA83F352
:10A7E00004FA03F29B0003F1804303F5C04325EA1A
:10A7F0000205D3F81005D3F81015C0F30520C1F3F6
:10A800000141FFF733FC6BE700600040F6BF030037
:10A81000F6BF0300B8060020044AD2F80034DB0774
:10A82000FBD50160BFF35F8F704700BF00E00140C0
:10A830004FF080531A69B0FBF2F302FB130373B9B4
:10A84000084B0222C3F80425C3F80805D3F80024F6
:10A85000D207FBD500220448C3F8042570470348FB
:10A86000704700BF00E001400000AD0B0A00AD0BD7
:10A8700010B5054C0123C4F80435FFF7CDFF0023C4
:10A88000C4F8043510BD00BF00E0014030B500F051
:10A890001F04400911D0012812D10C4800EB84009C
:10A8A0001B02D0F800570A4C43EA82022C4042EACD
:10A8B00041012143C0F8001730BD4FF0A040EDE743
:10A8C00004F5E074002353F82430FFDE0003005049
:10A8D000F0F8FCFF10B4CC7B8A6803682CB9D1E98E
:10A8E0000041C3F80845C3F80C15C3F824250379C3
:10A8F00028225343064AD35833B100685DF8044B0D
:10A9000040F30730E6F748BE5DF8044B704700BFE0
:10A910001CED00202DE9F04190F80480164E07460A
:10A92000282000FB08F035180C4695F82210F1B9E4
:10A93000A96032506B6085F8251085F824106CB141
:10A94000A37B85F8273020460BF0FAFA88B1637BA9
:10A9500085F8263021463846FFF7BCFF282303FB45
:10A9600008660648012386F82230BDE8F0810448D5
:10A97000FBE70448F9E700BF1CED00200000AD0B29
:10A980000C00AD0B0400AD0B036802790621C3F87F
:10A990000015044B282101FB0233022283F82220F8
:10A9A000704700BF1CED002010B5164B047928221B
:10A9B00002FB04320021916002681349C2F80813B7
:10A9C000D2F8001221F4BC51C2F800124FF08051AD
:10A9D000D1F83001082809D1D1F83411052905D85A
:10A9E0000A48415C11B10921C2F800150021C2F8E2
:10A9F0000015282202FB0433012283F8222083F869
:10AA0000241010BD1CED002002029C01F8BF0300C1
:10AA10002DE9F84FB04D90F804900468282303FB0B
:10AA200009539046002283F823204B680E4633B129
:10AA3000CB6803F06043B3F1005F40F08581337869
:10AA4000023B012B06D8336903F06043B3F1005F8A
:10AA500040F07A81A14BC4F80833282303FB095343
:10AA600093F8241001F0FF0239B19B68DFF878B247
:10AA7000C4F804335846BDE8F88F18F0140F0CBF23
:10AA80000121002183F82410317883F82010717897
:10AA900083F82110F168D9607168196131695961D1
:10AAA000B1689961C8F3001183F82510C3F81C80C0
:10AAB0007378C4F88835C4F86021D4F86031C4F8DC
:10AAC0004821D4F84831C4F82421D4F82431C4F8FA
:10AAD0000421D4F8043118F0010318BF0123C4F88D
:10AAE000503518F0020318BF0123C4F840353378FD
:10AAF00009EB890705EBC707032B00F2A380DFE80A
:10AB000003F0799862024FF48073C4F80032D7E9F9
:10AB10000323C4F84425C4F848350123A3604FF447
:10AB2000801120460BF02FFA0028F8D1D7E9052331
:10AB3000C4F84425C4F84835282303FB09534FF4CF
:10AB400080229A60DFF8A4B1282202FB09F218F0F3
:10AB5000080AAB5805EB020013D13178032910D055
:10AB6000012940F085802160002B6ED0282202FB55
:10AB700009F27168AA5821B9002A00F0BB800122AD
:10AB80006261282202FB09F2A918AA58002A00F0E3
:10AB9000B18018F0040F1CBF00228A6018F0400F2B
:10ABA00006D1282202FB0952916841F0020191600E
:10ABB000282202FB0952916841F400719160926869
:10ABC000C4F8042356E7D7E90323C4F84425C4F89E
:10ABD0004835D7E90523C4F83425C4F838354FF48F
:10ABE0008453C4F8003201232362282303FB095352
:10ABF0000222A6E7D7E9032318F0200FC4F8442562
:10AC0000C4F848354FF0280315BF4FF480724FF455
:10AC1000007203FB095303FB095315BFC4F800225C
:10AC2000C4F800224FF4802202229A60012323629A
:10AC300088E7D7E90323C4F83425C4F838354FF43E
:10AC40008053CEE7DFF8A8B07EE7026902B9616100
:10AC50002349DFF890A020460BF095F9012210F46B
:10AC6000007F18BF626110EA0A0F1D49F3D07DE72B
:10AC70000121A160002B7FF479AF006918B3194B53
:10AC80001AEA030F7FF472AF154920460BF07BF9E7
:10AC900010F4007F8246F2D04FF0807120460BF016
:10ACA00072F9D4F8001280B111F4007003D10122BE
:10ACB000226282466261CB05E1D54FF480212046B5
:10ACC0000BF061F904E06161D9E70122226262615F
:10ACD0004FF0000AD3E700BF1CED002002029C01E8
:10ACE00002020400020004000B00AD0B0000AD0BDB
:10ACF0000400AD0B2821D4F8C424C4F8C42401FBFB
:10AD00000955002185F824108AB11149114B12F020
:10AD1000010F14BF8B469B46013112F0020F18BF82
:10AD20008B4612F0040F0C4A18BF9346A2E618F0A7
:10AD3000400F7FF49FAE394620460BF0D0F8054A0D
:10AD4000002808BF934695E6DFF810B092E600BFF2
:10AD50000000AE0B0100AD0B0200AE0B0A00AD0B04
:10AD600070B55C4D5C4C86B0022128460BF00BF9A7
:10AD70004FF40071064628460BF005F9D8B1E6B944
:10AD8000A368C5F808330223A360A368C5F8043399
:10AD90004FF0807128460BF0F6F818B1D5F8003264
:10ADA0009B0503D44B4B01221A625A61012384F89C
:10ADB000233006B070BD002E57D0E5696E060AD468
:10ADC00094F823303BB9444942480BF088F880F0AE
:10ADD000010084F8230015F0040524D13D4B94F8BC
:10ADE0002520C3F86051D3F86011C3F85C51D3F843
:10ADF0005C1112B194F8232052B10022C3F8002252
:10AE0000A260364AC3F80823354B0822C3F88021D4
:10AE1000238CADF80430E3680493236902936369DB
:10AE20000593A36903932B4AD2F8C434C2F8C434FF
:10AE3000980749D4590749D4DA0749D494F82330FC
:10AE40009B00DBB28DF8003094F825300BB984F804
:10AE50002430E3695B0703D594F82330002BA8D096
:10AE6000D4E9003168469847A3E74FF4802128468B
:10AE70000BF089F894F82030A3B994F825304BB939
:10AE8000C5F80032A360154BC5F80833144B0822EF
:10AE9000C3F8802100238DF8043094F821308DF818
:10AEA0000530B8E74FF40073C5F8003240F20223D2
:10AEB000A36003F1CE73C5F80833A368C5F8043363
:10AEC0000123AB602B6274E70123BBE70223B9E7E0
:10AED0000323B7E7003000401CED002002029C0174
:10AEE00000E100E038B5D1E9005104464FF47A7230
:10AEF0000023C803490CE1F703FA2368C3F80C5593
:10AF0000C3F8040522790A4B0C2101FB02335B686C
:10AF100063B124680023C4F8003144F30730D4F847
:10AF20000031E6F739FB0123C4F8043338BD00BF14
:10AF300044ED0020F8B50479084E0C277C433719FE
:10AF4000C7E90123335D33B90123335509B1FFF755
:10AF5000C9FF0348F8BD0348FCE700BF44ED0020EB
:10AF60000000AD0B0C00AD0B08B503790C22534368
:10AF7000064AD35C2BB1022B05D0FFF7B3FF044880
:10AF800008BD0448FCE70448FAE700BF44ED002090
:10AF90000000AD0B0500AD0B0B00AD0B0268037993
:10AFA000012111600C225343014A0221D154704700
:10AFB00044ED002030B50279EFF31184202383F3B0
:10AFC0001288BFF36F8F0D4B0C2505FB02335A78A7
:10AFD000072A10D80A70511C597001680123D1F852
:10AFE0000805934003430648C1F8083584F31188E7
:10AFF000BFF36F8F30BD0348F8E700BF44ED00207A
:10B000000000AD0B0200AD0B0368034A01F5C071EF
:10B0100043F82120704700BF3546526E10B40B4BE9
:10B02000D3F80414D3F800216AB10022C3F8002138
:10B03000D3F80031064BD3E901424FF48070234628
:10B040005DF8044B18475DF8044B70470000014061
:10B0500044ED0020036803F01F025B09026004D086
:10B06000012B034818BF002070474FF0A0407047E5
:10B0700000030050F7B506460AF0AFFF08460AF095
:10B08000ACFF01A80196FFF7E5FF019B2E4D00EBF9
:10B0900083000C46D0F80037019440F20D612B403C
:10B0A0000B43C0F8003701A8FFF7D4FF019B00EB6A
:10B0B00083000127D0F800372B400B43C0F800373E
:10B0C00004200AF06FFE092501A80194FFF7C2FFD2
:10B0D000019AD0F81035D340DB0715D401A80196AA
:10B0E000FFF7B8FF019B07FA03F3C0F80C35042003
:10B0F0000AF058FE30460AF070FF013D04200AF0C5
:10B1000051FE15F0FF05DFD101A80194FFF7A2FF62
:10B11000019A01239340C0F80C3504200AF042FE46
:10B1200020460AF05AFF04200AF03CFE01A80194D0
:10B13000FFF790FF019AD0F810350448D34003F090
:10B140000103C01A03B0F0BDF0F8FCFF0100AD0B25
:10B15000C02AF0B540D0B2F5807F3FD0802A40F0C1
:10B16000BB800A23036003460024520943F8044FBE
:10B1700001EB82028A4233D103680C2B35D00E2BAF
:10B1800063D00A2B26D1564D564900F1A0064269DC
:10B1900055F8044B8768C2F307237C40CB5C6340BF
:10B1A000140E10300C5D83EA0443D4B20C5D83EAC4
:10B1B0000463C2F307440C5D83EA042350F8044C93
:10B1C000836063400468C36063405A400361426126
:10B1D0008642DCD10020F0BD0C23C3E70E23C1E77B
:10B1E00051F8044B43F8044FC4E73D4C3D4900F18E
:10B1F000C005C26954F8046B8768C2F307237E4018
:10B20000CB5C7340160E18308E5D83EA0643D6B2CF
:10B210008E5D83EA0663C2F307468E5D83EA0623EA
:10B2200050F80C6C8360734050F8086CC360734036
:10B2300050F8046C036173400668436173405A40E0
:10B240008361C2618542D4D1C4E7254D254900F10F
:10B25000E006446A55F8042B8768C4F307237A4054
:10B26000CB5C87695340220E20308A5C83EA02431C
:10B27000E2B28A5C83EA0263C4F307428A5C83EA2F
:10B28000022350F8142C8360534050F8102CC360F4
:10B29000534050F80C2C03615340DAB243618A5C8E
:10B2A0007A401F0ECF5D82EA0762C3F30727C3F31C
:10B2B0000743CF5DCB5C82EA072282EA034350F862
:10B2C000042C836153400268C36153405C400362B5
:10B2D00044628642BDD17DE76FF01F007BE700BF6F
:10B2E000BCAE0300FEC003002DE9F04FC9B0044618
:10B2F00002A816460D460AF07DFE00233246636022
:10B30000294602A8FFF724FF0646002862D1029FC3
:10B31000039B3548DFF8D4C0276004A903EB8703FB
:10B3200001EB830251F82330A3605368E360936814
:10B330002361D368636104F1180E103A7B1E9946AD
:10B3400071469046B9F1000F2CDD01F11004A8F10F
:10B35000040B01945BF8044F250E1CF8055050F8BF
:10B3600025A0E5B21CF8055050F8255085EA3A2A88
:10B37000C4F30725C4F307441CF805501CF8044027
:10B3800050F8255050F824408AEA356585EA34455E
:10B3900041F8045B019CA142DCD109F1FF39A8F11D
:10B3A0001008CFE76FF00F014B43002FCCBF1C46B6
:10B3B000002402EB0400C3F10003D8BF00230EEB0E
:10B3C000030112594EF8032043684B6083688B6079
:10B3D000C368CB6002A84FF48C7100F0F3FE3046D6
:10B3E00049B0BDE8F08F00BFE4AE0300FEC003002B
:10B3F0002DE9F04F904644680E684D6800F1080250
:10B4000002EB840352F824208C68C9688FB0724024
:10B41000019206925A6855409A6807955440DA6836
:10B4200008945140026809914FEA620E03F130001E
:10B43000CC4B0EF1FF3E002250E906A6029650F8D2
:10B44000106C039650F80C6C049650E9087B50F889
:10B45000086C0596BEF1000F00F1200050F8249C06
:10B4600000F3C68022B1019ACDE90841CDE9062555
:10B47000DDE90640DDE90865E1B22A0E53F8211046
:10B4800053F8222081EA3221C0F3072253F8222008
:10B4900081EA3261C6F3074253F8222081EA324141
:10B4A000220E794053F822700A91C2B253F822203A
:10B4B00082EA3722C6F3072753F8277082EA3762F9
:10B4C000C5F3074753F8277082EA3742070EC0F3E7
:10B4D000074053F827C053F82000F7B2360E53F850
:10B4E000277053F8266087EA3C27C5F3072CEDB296
:10B4F00053F82CC053F8255087EA3C67C4F3074C37
:10B50000C4F3072485EA362553F8244053F82CC0A9
:10B51000029B039E85EA346484EA30405840040E5E
:10B52000914B0D901D5DCCB282EA0B021C5D0B921B
:10B53000744084EA0564C2F3072587EA3C475D5DF1
:10B5400087EA0A0784EA0524C7F307450C975D5D7F
:10B5500084EA054E0D0ECDF818E05E5DD5B25D5D56
:10B56000049CC8F800E0654085EA0665C7F3072635
:10B57000059C9E5D85EA0625C0F307469E5D85EA2B
:10B580000645160EC2F3074213F806C0C8F8045069
:10B59000FEB23F0E9E5DDF5D0795664086EA0C6653
:10B5A000C0F3072CC0B213F80CC0185C86EA0C2656
:10B5B000C1F3074CC1F3072180EA0900595C13F875
:10B5C0000CC09B5C80EA076080EA012181EA0343AA
:10B5D00086EA0C4606A8C8F80860C8F80C30202196
:10B5E0000896099300F0EEFD00200FB0BDE8F08F43
:10B5F0000A0E029E53F822C09DF8042053F8222020
:10B600007A4082EA3C2CC5F30722EFB253F822209D
:10B6100053F827708CEA326CC4F307428BEA0707B1
:10B6200053F822208CEA324C019A120E0EF1FF3EA2
:10B6300053F8222087EA3227C4F3072253F8222046
:10B6400087EA3267C1F3074253F8222087EA32477C
:10B650002A0EC5F3074553F822B0E2B2240E53F880
:10B66000222053F824408AEA0202C1F3072AC9B211
:10B6700053F82AA053F821104E4086EA3421019C49
:10B68000C4F3072682EA3B2253F8264081EA34615C
:10B6900053F825405FFA8CF581EA34410C0E53F8DB
:10B6A0002560039D53F8244082EA3A6A019A754066
:10B6B000C2F3074285EA3426C7F3072453F8222051
:10B6C00053F824408AEA324286EA3466C2F30744D9
:10B6D000FDB253F8244053F8255086EA34440194CF
:10B6E0004FEA1C64049E53F824406E4086EA3425D9
:10B6F000C2F3072453F8244085EA3465C1F30744B4
:10B7000053F8244085EA34453C0EC7F3074753F805
:10B7100024A0059ED4B2120E53F8244053F82220E0
:10B72000664086EA3A24C1F3072AC9B253F82AA030
:10B7300053F8211084EA3A64CCF3074ACCF3072C7F
:10B7400089EA010181EA322153F82C2053F82AA01A
:10B7500081EA326153F8272084EA3A4481EA32418F
:10B76000012269E6E4B20300FEC003002DE9F04FB8
:10B77000904644680E684D6800F1080202EB8403AD
:10B7800052F824208C68C96856405A6855409A6817
:10B790005440DA688FB051400268069630334FEA61
:10B7A000620E0193CE4B0795089409910EF1FF3E6E
:10B7B0000022019850E9087B50E906A00290019808
:10B7C00050F8100C0390019850F80C0C049001985C
:10B7D00050F8080C05900198BEF1000F00F1200010
:10B7E000019050F8249C00F3C5801AB1CDE906659C
:10B7F000CDE908410798069E020EDDE9084553F899
:10B800002210F2B253F8222082EA3122C5F3072136
:10B8100053F8211082EA3162C4F3074153F8211032
:10B8200082EA31425740220E0A9753F82210C2B2E0
:10B8300053F8222082EA3122C6F3072153F821105F
:10B8400082EA3162C5F3074153F8211082EA31429E
:10B85000290EEDB253F821C053F82550E1B2C4F3DC
:10B86000072453F8211053F8244081EA3C21C0F307
:10B87000072CC0F3074053F82CC053F8200081EA8E
:10B880003C61C6F3074C360E53F82CC053F82660C3
:10B89000029B85EA362585EA346482EA0B0284EA53
:10B8A00030405840140E8F4B039E1D5D0B92FCB22E
:10B8B00081EA3C411C5D0D90744084EA0564C0F34C
:10B8C000072581EA0A015D5D0C9184EA0524C1F334
:10B8D00007455D5D84EA054E0D0ECDF818E05E5D0E
:10B8E000D5B25D5D049CC8F800E0654085EA066558
:10B8F000C7F30726059C9E5D85EA0625C0F307462B
:10B900009E5D85EA0645060EC0B213F806C0185CB7
:10B91000C8F80450CEB2C1F307219E5D595C07956B
:10B92000664086EA0C66C2F3072CC2F3074213F89E
:10B930000CC086EA0C26C7F3074C3F0E80EA0900CC
:10B94000DF5D13F80CC09B5C80EA076080EA012190
:10B9500081EA034386EA0C4606A8C8F80860C8F8DE
:10B960000C3020210896099300F02CFC00200FB029
:10B97000BDE8F08F2A0E029853F822C0F2B20EF101
:10B98000FF3E53F822207A4082EA3C2CC1F3072282
:10B99000EFB253F8222053F827708CEA326CC4F3CC
:10B9A00007428BEA070753F822208CEA324C220E1A
:10B9B00053F8222087EA3227C6F3072253F82220C1
:10B9C00087EA3267C1F3074253F8222087EA3247F9
:10B9D0000A0EC9B253F822B053F82110E2B2C4F3F0
:10B9E000072453F8222053F824408AEA0202C5F3C0
:10B9F000072A82EA3B2253F82AA082EA3A6AC6F36F
:10BA00000742360E484053F8266053F82220C5F30B
:10BA1000074580EA362181EA346153F825400398CE
:10BA20005FFA8CF581EA34413C0E53F8256053F8F7
:10BA30002440704080EA3426C1F307248AEA324267
:10BA400053F82440049886EA3466C2F30744FDB2F2
:10BA500053F8244053F8255086EA3446140E6840C3
:10BA600053F8244080EA3425CCF30724059853F892
:10BA7000244085EA3465C1F3074453F8244085EA3D
:10BA800034450C0EC9B253F824A0D4B2C2F3072235
:10BA900053F82440604080EA3A24C7F3072AC7F3EA
:10BAA000074753F82AA084EA3A64CCF3074A4FEADE
:10BAB0001C6C53F82AA053F82CC053F8211053F8EB
:10BAC000222089EA010181EA3C2181EA326153F8AE
:10BAD000272084EA3A4481EA3241012269E600BF24
:10BAE000E4AE0300FEBF0300F0B50C4B0C4E044661
:10BAF000586800B9F0BDC579C5F3840556F82550DE
:10BB00002D78A54208D1457905F00F07B1EB871FC5
:10BB100002D1B2EB151FEDD00833E9E7E4B603001C
:10BB20003C07002038B5044638B390F84430012B68
:10BB300011D1C56B4DB12B7A012B02D168680AF087
:10BB40007AFD0C2128460AF0FDFA20464821BDE87E
:10BB5000384000F037BB006C10B124210AF0F2FA33
:10BB6000E06B0028F1D02368044ADB79C3F3840337
:10BB700052F823309B699847E7E738BD3C0700201F
:10BB800038B505460C46A9B1482200210CF0CEFD7F
:10BB9000E379094AC3F3840352F823305B6913B98C
:10BBA0002C60002038BD9847E8630028F8D1A0F544
:10BBB000C340F7E70148F5E73C070020009FFFFF7F
:10BBC0002DE9F0431E46DBB2012B87B004468846C0
:10BBD000154672D8D0F80090B9F1000F6DD090F8EA
:10BBE0004430012B39D1C76B1822002168460CF074
:10BBF0009DFD6B0761D13B7A002B5ED199F8062041
:10BC0000102A08D80D2A08D8023A052A05D92C4846
:10BC100007B0BDE8F083263AF7E74FF41053ADF8CC
:10BC200000304FF4407302933B46414653F8042BD7
:10BC30000392EA1DD20868460AF0CEFD10F1860F85
:10BC4000E5D028B18D301F4818BF6FF06F00DFE7D7
:10BC500001233B7265602672DAE799F8073003F03A
:10BC60000303012B06D899F8053003F00F03B2EB5C
:10BC7000831F22D165602672012EE06B99F8073090
:10BC8000114909D099F8052002F0F004302C03D0B6
:10BC900002F0E002402A0AD1C3F3840351F82330B2
:10BCA000DB682A46414607B0BDE8F0431847C3F3B6
:10BCB000840351F823301B69F3E70448A8E700BF69
:10BCC000809FFFFF809EFFFF3C070020009FFFFF3B
:10BCD0002DE9F04F154685B00268DDF838A004461E
:10BCE000884699461AB9634805B0BDE8F08F90F8C8
:10BCF0004420012A01D16048F6E70022CAF800205A
:10BD00000268002A00F0B280167916F01F0600F0D3
:10BD1000AD80527902F0F002102A15D1B54240F000
:10BD2000A780CAF8005002685449D279C2F384024D
:10BD300051F8222090F908105568C06B4246AC4675
:10BD400005B0BDE8F04F6047994208D1436A002B27
:10BD5000C9D1B5FBF6F306FB1353002BC3D1202A40
:10BD6000C9D194F90830626A03928BB9039BE268E7
:10BD7000F31A8AB1AB4249D3039814302A4641469C
:10BD800020440CF0ABFC636A2B4463620020ABE7F9
:10BD9000012B03D1039BF31AAB42EDD8039B002B7D
:10BDA00037D1002DF2D0B5FBF6F706FB175737B9A0
:10BDB00094F908301BB9E368002B18BF3746ED1B18
:10BDC0003A4608EB050104F114000CF087FC636AA5
:10BDD0003B446362002DD9D02368284ADB79C3F342
:10BDE000840352F82330CDE900892A469E6894F9ED
:10BDF0000810E06B04F12803B04700287FF474AF0B
:10BE0000DAF800302B44CAF80030BFE7039B002B60
:10BE1000C9D0039BA6EB030B03F114005A4641461D
:10BE200020440CF05BFC2346144953F8142BD279C0
:10BE3000C2F3840251F82220CDE90039936894F9C5
:10BE40000810E06B1F46324604F12803B84700286B
:10BE50007FF44AAFDAF80030039F33442F44CAF826
:10BE60000030B1446062D844BD1B9AE704483BE708
:10BE7000044839E7009FFFFF809FFFFF3C07002039
:10BE8000809CFFFF809DFFFF70B50C230024CD58E0
:10BE900022462EBA42EA460212BAC250043B1A1D8A
:10BEA000C5F3C014F3D1084B1A680B7882EAD31299
:10BEB00053085B4252421343DB17C27B03F08703F4
:10BEC0005340C373002070BD50ED002038B50546C7
:10BED000D0B10468C4B1B9B10123FFF771FE0446C3
:10BEE00098B92B6883B19B79042B0BD8012B0BD904
:10BEF0002421012000F072F948B12864102100F0DB
:10BF000061F902E0242BF3D0024C204638BD024CEC
:10BF1000FBE700BF009FFFFF809EFFFF2DE9F04F72
:10BF20000F4685B016468046002879D00368002B5E
:10BF300076D0002974D0046C002C71D01D79206A51
:10BF400005F01F05F8B12A1AB2421CD21030204465
:10BF50000CF0C4FB04F110020023191DA9422CD9D6
:10BF600023441A1B954231D803AB00932A4623463B
:10BF700021464046FFF7ACFEE0B9236A2062EA1A88
:10BF8000334417445E1B05F1FF394FF0010A0DF1F0
:10BF90000C0BB144B9FBF5F9CA4538D34EB1206A50
:10BFA00010303246394620440CF098FB236A334463
:10BFB0002362002005B0BDE8F08F52F8100C136822
:10BFC000434042F8103C04320B46C6E71A7C19780D
:10BFD0004A4003F8012BC4E7FA58E0584240E250C7
:10BFE0000B46191D8D4204EB0302F5D2AB4210D370
:10BFF000CDF800B023462A4621464046FFF768FEAA
:10C000000028D7D1761B2F440AF1010AC4E7002388
:10C01000E7E7F85C1178414002F8011B0133E5E7DE
:10C020000048C7E7009FFFFF2DE9F04F8B4691B016
:10C030008046002800F0C2800368002B00F0BE801C
:10C04000056C002D00F0BA80002900F0B7800DF1DA
:10C050001009102148460DF1200A1C7900F0B2F8B1
:10C060001021504600F0AEF810210CA800F0AAF8FC
:10C07000D8F8006004F01F0416B1367906F01F06E8
:10C0800003AF0CAB0097324619464046FFF720FE3F
:10C0900050B9102E08D10CA94846FFF7F5FE18B983
:10C0A00049465046FFF7F0FE10210CA800F08AF830
:10C0B000D5F820C0A44505F110060FD349460CA8B9
:10C0C00000231A1DA2425FD9A3421BD2F25C19F8C9
:10C0D00003104A400CA9CA540133F5E70CA90846DD
:10C0E00000239C453BD9F25C00F8012B01339C42B4
:10C0F000F7D8D44600231A1DA24235D90CAA1A44F7
:10C10000A34239D30CA90023281F1A1DA24245D9E6
:10C11000EA18A3424AD300972B46224629464046B6
:10C12000FFF7D6FD074620B92246294658460CF0AF
:10C13000D5FA1021484600F045F81021504600F08D
:10C1400041F80023102130462B6200F03BF810210B
:10C15000284600F037F8384611B0BDE8F08F0CBF24
:10C1600001220022D201BFE708685CF8043B43408B
:10C1700041F8043B1346BEE711781AF8030041402A
:10C1800002F8011B0133BBE7AB1851F804CBDB68A5
:10C1900083EA0C0340F8043B134692E7835851F8B6
:10C1A00004CB83EA0C0383501346AEE70CA8117846
:10C1B000C05C414002F8011B0133AAE7004FCAE707
:10C1C000009FFFFF10B50A46044619B1024B00213B
:10C1D0001B68984710BD00BF40070020014B1B683B
:10C1E000184700BF48070020014B1B68184700BFD5
:10C1F0004407002010B500F0FE44B4F1A06F029A8D
:10C2000014D0B4F1806F0CBF0B4C0C4CA0420DD17C
:10C210000124B1F5105F1C7008D10AB1022313701C
:10C22000054B984205D0054B984202D06FF085002F
:10C2300010BD0020FCE700BF004440040002C00322
:10C240007FB5036816460E4A23F47E1393420D46CB
:10C2500013D169460430FFF7E7FE044620B93246A1
:10C26000694628460CF03AFA68461021FFF7AAFF03
:10C2700020460AF0DCF804B070BD6FF08800FAE7E1
:10C280000002C00310B5036804464BB1094A23F409
:10C290007E13934206D10430FFF744FC0023236051
:10C2A000002010BD4C2200210CF040FA6FF08800F5
:10C2B000F7E700BF0002C0032DE9F843D0F8009073
:10C2C00005460E461746B9F1000F30D123F47E140F
:10C2D0000360184B9C420FD100F10408404609F05E
:10C2E0002DFF318872884B46204609F04AFF0146EF
:10C2F00058B96FF0850416E04C2249460CF016FA46
:10C300006FF085042046BDE8F8834046FFF738FC0F
:10C3100020B9728839464046FFF7D8FD0AF087F801
:10C3200004460028EED02846FFF7ACFFEAE76FF09E
:10C330008804E7E70002C00310B503685BB1074C4F
:10C3400023F47E13A34206D10430FFF7E7FDBDE8D6
:10C3500010400AF06CB86FF0880010BD0002C003F6
:10C360000E4B0340B3F1607F06D1B1F5885F14BF77
:10C370006FF0860000207047B3F1707F0BD101F49D
:10C38000E043B3F5005F06D111F4E06F0CBF6FF02E
:10C390008600002070476FF0860070470000C07F65
:10C3A0008A42F8B506460C4600F0DB806F4922F45D
:10C3B000FF7323F001038B420ED06D4B22F0FF017F
:10C3C000994209D06B4822F47F7323F00303834220
:10C3D00002D0694B994228D1684B24F0FF01994261
:10C3E0000FD114F0FF000BD0654B40F00070984265
:10C3F00040F0B98082EA0400FF288CBF00200120B1
:10C40000F8BD5B4B9942ECD0A3F588539942E8D034
:10C4100024F4FF7323F00103B3F1062FE1D0564853
:10C420008142DED053498B42DBD004F0FE43B3F1AE
:10C43000A06F14D102F0FE43B3F1A06F40F09380DF
:10C4400082EA040333F47E1340F08D8014F400403C
:10C45000D6D0C4F30540C2F305429042CDE7B3F114
:10C46000407F6AD102F0FE43B3F1407F7BD182EA84
:10C47000040535F47E1576D131462046FFF770FF6E
:10C48000002870D13F4B12F47C1703EA02031BD043
:10C49000B3F1607FC2F305473FD13B49D3B243F0CC
:10C4A00000738B423DD003F17E43043B0F2B01D838
:10C4B0003649CD5C14F47C1FC4F3054333D1BD422F
:10C4C00014BF002001209BE7B3F1607F0DD12E49FE
:10C4D000D3B243F000738B421DD003F17E43043B83
:10C4E0000F2BDAD82A49CF5CD7E7B3F1707FE1D1BF
:10C4F00006F4E043B3F5005F03D1C6F3022301273E
:10C500009F4006F4E043B3F5005FD3D1C6F30221A8
:10C5100001258D40CEE71027BFE7B3F1707FC9D169
:10C52000EFE71025C6E712F47C1F01D1AB4218D00B
:10C5300022047FF565AFBB425FE7B3F1106F12D104
:10C5400024F01F6020F4702068B902F0FE43B3F1BC
:10C55000106F7FF455AF0F48104040F01060A042BC
:10C56000AEE701204CE700204AE700BF00020006CA
:10C570000013000600040006000900060003000680
:10C58000FF0000020000C07F0300000246C203005B
:10C5900046C203000000FFF637B50D4D6B78022B45
:10C5A0000C4612D12B78072B0FD1002301930A469A
:10C5B00001AB0146281D09F0D7FD20B9019BA3421C
:10C5C00018BF6FF0930003B030BD6FF08800FAE73A
:10C5D00054ED0020F0B50446084604F0FE41B1F1E8
:10C5E000106F87B02BD124F01F6121F4702131BB73
:10C5F00045682D0A00F1200121D1068806F44F4537
:10C60000B5F5824F1BD10F4D0F4F254045F01065FA
:10C61000BD4214D1F6B2122E11D14588B5F5807FF6
:10C620000DD10E9D04950D9D03950C9D0092CDE9B5
:10C6300001352346426E0AF029FC07B0F0BD6FF0C9
:10C640008500FAE70000FFF6000002092DE9F84333
:10C65000884617461C4600F0E9F9054688BBD8F81D
:10C660000060B6F8009009F4E043B3F5804FB3687A
:10C6700008BF27F0010737EA03031AD10CB3254B93
:10C6800024F0FF029A421FD114F0FF0304D0224A83
:10C6900043F00073934232D0F16822464846FFF7D8
:10C6A0007FFE074668B9316922464846FFF778FEA3
:10C6B00070BB6FF084050023C8F8003030460AF0E4
:10C6C00058FB2846BDE8F883144B9A42DCD0A3F50A
:10C6D00088539A42D8D024F4FF7323F00103B3F1B6
:10C6E000062FD1D00E498A42CED00E4A9342CBD0EB
:10C6F00004F0FE43B3F1407F04D12304CCD56FF0A6
:10C700008605D8E7B3F1A06FF7D0034B9C42C2E790
:10C710003D46D6E700030006FF00000200130006B6
:10C72000000900060004000638B500F0FE43B3F12E
:10C73000407F04460D4602D06FF0860038BDFFF7FB
:10C740000FFE0028FAD114F47C1F12D0C4F3054365
:10C75000032B137022D9284A2240B2F1607F3DD1C9
:10C76000264AE4B244F0007494422BD1102BE5D950
:10C77000E2E7214B2340B3F1607F15D11F49E3B2BB
:10C7800043F000738B4202D110231370D6E703F1FC
:10C790007E43043B0F2B04D9002313706FF08500F8
:10C7A000CCE71749CB5CD3E7B3F1707FF4D101F448
:10C7B000E043B3F5005FEFD1C1F3022101238B40C9
:10C7C000DBB2C5E704F17E44043C0F2CB4D80D4A1B
:10C7D000125D9342B0D8202BB0D9DFE7B2F1707F61
:10C7E000AAD105F4E042B2F5005FA5D1C5F3022558
:10C7F0000122AA40EDE700BF0000C07F0300000255
:10C8000046C2030046C2030007B5002300911A4642
:10C8100002490AF09CF903B05DF804FB68B7030015
:10C8200010B5114C2378580744BF23F0040323703C
:10C830002378990705D500F097F8237823F00203B1
:10C84000237063781BB1094A00236360536000239F
:10C85000064863700821FFF7B5FC2378DA0744BF68
:10C8600023F00103237010BD54ED002058ED00208B
:10C8700038B5184C62782378022A01D1072B09D0E9
:10C880009B070AD52378DD0713D562782378A2B1F8
:10C8900058071AD50025284638BD00F05DF82378E2
:10C8A00043F00203237005460028EBD0FFF7B8FFE2
:10C8B000F1E743F001032370E7E7D907E8D506491C
:10C8C00062604A6002226270E2E743F00403237070
:10C8D000E0E700BF54ED002058ED002000F1404299
:10C8E0000F2A38B504460D460CD81A4B682101FBB7
:10C8F00002331A7E022A02D15A69824218D06FF09E
:10C900008B001FE001210AF00EFAE0B1114A00206D
:10C910001346117E022902D15169A14205D001308E
:10C92000102802F16802F4D1E9E7682202FB003323
:10C930001A7E022A0AD1DA69511C07D00132DA6163
:10C9400000202B6038BD6FF08700FBE76FF096008A
:10C95000F8E700BF60ED0020024B012283F880263B
:10C960000020704760ED00202DE9F0410A4C0025C1
:10C9700026464FF001080327C4F81C80277620467E
:10C98000013509F03BFE102D04F16804F4D10023B9
:10C9900086F88036BDE8F08160ED0020F8B5214DC5
:10C9A00095F8803606460F46002B34D000242B46DF
:10C9B0002246197EF9B13CB9022905D1D96919B9C4
:10C9C0001979002918BF1C460132102A03F16803A7
:10C9D000EFD114B96FF08C000BE0237E022B04D151
:10C9E000E3695A1C1CBF0133E361204609F006FECF
:10C9F00010B100240DE01C46237E7BB90123237671
:10CA000036B1094B651BED105D4305F1804535607E
:10CA100000203C60F8BD6FF08800EAE76FF09600F8
:10CA2000E7E700BF60ED0020C54EECC438B5094B08
:10CA300000250D6093F880360C4643B1FFF74EFF9A
:10CA400010F18C0F02D125606FF0870038BD6FF0B8
:10CA50008800FBE760ED0020043004289ABF034BF8
:10CA600033F910006FF08300704700BF38BA03003D
:10CA7000014B0AF0E6BA00BF10B8030070B51446C7
:10CA800088B006460D46204621460C4A0AF039FB7E
:10CA9000224621466846FFF7EBFF6A46314630469C
:10CAA000FFF7E6FF224669466846FFF7E1FF6A4660
:10CAB00029462846FFF7DCFF08B070BD10B8030018
:10CAC00030B5044689B00AF081FA0C4A214668461E
:10CAD0000AF014FA0121054668460AF0F3F96A469D
:10CAE000214610460AF00AFA2DB1003818BF01207D
:10CAF000404209B030BD4FF0FF30FAE7CCB7030039
:10CB000030B589B004460AF0F9F921460546054AD0
:10CB100068460AF0DDF92A46694620460AF005FA19
:10CB200009B030BD10B8030070B5044690B00D4692
:10CB3000114616460AF04AFA234A214608A80AF086
:10CB4000DDF901283DD1114620460AF0B9FA06F177
:10CB5000200128460AF03AFA1B4A294608A80AF09A
:10CB6000CDF901282DD1114628460AF0A9FA2A4606
:10CB700029466846FFF77CFF2246214608A8FFF7B2
:10CB800077FF08A908462246FFF772FF08A9084662
:10CB90002246FFF7B5FF08A908462246FFF7B0FF77
:10CBA00008A908462246FFF7ABFF08A90846064B2E
:10CBB000064A0AF031FA08A968460AF0C7F910B027
:10CBC00070BD4FF0FF30FAE710B80300ACB70300B8
:10CBD000F0B5384E99B004460D4608A811461746E0
:10CBE000FFF746FF334608AA214668460AF014FAC2
:10CBF00008AA214610A8FFF783FF10AA694608A8D3
:10CC0000FFF736FF08AA3346114668460AF004FAD1
:10CC1000334608AA694668460AF0FEF92A462946BC
:10CC200010A8FFF725FF10AA3346114610460AF058
:10CC3000F3F910AA214608A8FFF71AFF08AA3346FD
:10CC4000114610460AF0E8F910AA11461046FFF7FF
:10CC50000FFF10AA3346114610460AF0DDF96A4666
:10CC600069462046FFF704FF08AA21462046FFF741
:10CC700047FF08AA21462046FFF742FF3A462946C9
:10CC80003846FFF7F5FE33463A46394638460AF04D
:10CC9000C3F9224608A92846FFF732FF6A4629460B
:10CCA0002846FFF7E5FE10AA29462846FFF728FF89
:10CCB00019B0F0BD10B803002DE9F04FA3B00C4639
:10CCC0002C9E31490546924602A8324699460AF002
:10CCD00015F9D6F800B031460BF0010202A80DF1AB
:10CCE00048080AF022F9002140460AF0EBF84A46CB
:10CCF00041460AA8FFF704FF0122514628460AF0E0
:10CD000014F90122494620460AF00FF91F4A012171
:10CD10001AA80AF0EBF96FEA0B0202F001020AA965
:10CD200020460AF002F9FF277B0922AA02EB8303BF
:10CD300007F01F0253F8806CD64086EA0B06F243D8
:10CD400002F00102494640460AF0EFF806F00102FF
:10CD50000AA940460AF0E9F81AAA21462846FFF730
:10CD600037FFCDF8008053461AAA214628460AF01C
:10CD70000AFA013FD8D11AAA21462846FFF77EFEBB
:10CD800023B0BDE8F08F00BFCCB7030010B803009C
:10CD90002DE9F74306460D46174698464FF005091C
:10CDA000B9F1010905D14FF0FF34204603B0BDE8C9
:10CDB000F083202130460AF047FA0028F3D13146AB
:10CDC0002846FFF77DFE04460028E9D1034B044ABC
:10CDD000009541463846FFF76FFFE6E76CB7030062
:10CDE0008CB7030030B599B00D4610AB694608AA60
:10CDF000FFF7CEFF202104466846FFF7E3F96CB940
:10CE0000084A08A928460AF0ACF9064A10A905F113
:10CE100020000AF0A6F9204619B030BD4FF0FF34CB
:10CE2000F9E700BF10B8030070B5AAB002AD06461E
:10CE300028461446FFF744FEC8B9224612A90AA89C
:10CE4000FFF772FE0446A8B90AAA22A91AA80095FB
:10CE500012ABFFF731FF094A1AA930460AF081F9EF
:10CE600028462021FFF7AEF920462AB070BD6FF0AA
:10CE70000204F5E76FF00104F2E700BF10B8030009
:10CE800070B59AB002AE05463046FFF719FE04466B
:10CE9000C0B90E4B0E4A009612A90AA8FFF70CFF64
:10CEA00020213046FFF78EF90A4A0AA928460AF0DF
:10CEB00058F9084A12A905F120000AF052F9204653
:10CEC0001AB070BD6FF00204F9E700BF6CB7030041
:10CED0008CB7030010B80300F0B5816885B0103935
:10CEE000054621F0070404F0C7F90B4B6E4603F129
:10CEF000100C324618685968374603C70833634533
:10CF00003E46F7D110232146284604F068F9003840
:10CF100018BF012005B0F0BD42BA030030B50D4680
:10CF2000816887B0102302AA1039044604F042F940
:10CF3000002802DA012007B030BD102202A92046E5
:10CF40000AF0BEF900283AD11E49102202A80BF0BF
:10CF5000F5FB00280CBF012302232B7020460AF0AA
:10CF60009BF9012301460DF10702204604F022F946
:10CF70000028DFDB9DF8073003F00F021B096A7001
:10CF80002B7101220DF1070120460AF099F910B921
:10CF90006B78042B03D901236B7000232B71A268DB
:10CFA000183A22F00702083AA91C20460AF09BF919
:10CFB0000028BFD1E91C20460AF0EEF9BBE70323A5
:10CFC000CBE700BF42BA03007FB5264D4400694657
:10CFD00055F824000AF0E6F9002835D1013402A9F9
:10CFE00055F824000AF0DEF901282BD103238DF82F
:10CFF00008308DF80B309DF800509DF808601A4AF3
:10D000000024107829460AF04DF918B350783146BB
:10D010000AF048F9F0B19378042B03D09DF803107F
:10D02000994217D1D378042B03D09DF80B10994265
:10D0300010D11379042B09D15079831E022B03D808
:10D0400004B070BD0028D6D0FF20F9E79DF802108B
:10D050009942F1D00134032C02F10602D1D1012012
:10D06000EEE700BF54B8030056C2030070B5164681
:10D070001D465A1C03681344C2689A42044605D2EE
:10D08000006A08210AF0FEFC002070BD32783DB134
:10D09000AB1E062B9ABF0C4AD35C00231833DAB2BE
:10D0A00020460AF0F2FC0028EED03544B54203D108
:10D0B000A3680133A360E8E723685A1C226015F8CF
:10D0C000012D1A70F2E700BF68C2030038B5EFF314
:10D0D0001185202383F31288BFF36F8F064B9C6862
:10D0E0000AF0D7FD85F31188BFF36F8F2046BDE8A6
:10D0F0003840E4F7DBB900BFE4F3002038B5094B52
:10D1000053F82040013053F82050A54200D838BDD4
:10D11000636823B120460AF0BFFD0834F5E72368B1
:10D120009847FAE75CB8030070B52B4B2B4C2C4D9D
:10D13000012286B003201A70FFF7E0FF01F04CFCDB
:10D140000AF0C6FD0420FFF7D9FF2646AE4204F1DF
:10D15000300410D300F0E8FF204C224EAC4226D31E
:10D1600000F0F6FFE1F718F91F4A137B23F00103E3
:10D17000137306B070BD54F80C3C059354F8103C82
:10D18000049354F8143C039354F8183C029354F855
:10D190001C3C019354F8203C009354E90A2354E9C1
:10D1A0000C0100F0CFFD54F8303C5E65CDE7D4E9CA
:10D1B0000A23B3F1FF3F08BFB2F1FF3F05D052EAA7
:10D1C0000301206803D101F083F83034C6E731460B
:10D1D000183001F029FAF8E7DF050120248E03005A
:10D1E000248E0300E7830300D015002008B5034810
:10D1F000034A0021121A0AF067FD08BD980A0020B0
:10D20000E405012070B5154E154D1649C82386B0AA
:10D2100003FB006601220023CDE904230F22CDE9A0
:10D2200002320193182303FB0055044601EB402111
:10D230000D4B00954FF4C072304600F083FD737BB8
:10D240000A4AEE6023F0040373734FF4086304FB8F
:10D25000033313442C746B6006B070BD08150020B6
:10D26000E4F30020002D0120417E030080240120F2
:10D27000BFB50020FFF742FF294B83F30888294CF4
:10D28000294F636943F4007363610025E02384F848
:10D290002230E57725766576A57684F82050636A96
:10D2A00043F4E023636284F82350E4F769F8E4F779
:10D2B00099FA4FF0FF33A362E362E4F75FFBE4F710
:10D2C000B5FA1A481A4C00F0B5FD0AF0CEFC012060
:10D2D000FFF714FF0220FFF711FF00F06DFF154B61
:10D2E00015499C61154B05930123CDE903534FF478
:10D2F00040623B46CDE901550095204600F022FDF5
:10D30000627B064622F00402204662730BF02EF880
:10D310002846FFF777FF3A4631462046E4F736FACB
:10D32000002D012000ED00E029D10200801700202F
:10D33000D0150020E4F30020002F01206FC203006D
:10D3400038B5064C064DAC4201D3002038BDD4E9B7
:10D35000011220460AF0BDFC1434F4E7AC080020AA
:10D36000AC08002038B5064C064D0020AC4200D376
:10D3700038BD20460AF013FD0028F9DB1C34F5E720
:10D3800058080020AC08002073B50C46EFF311815B
:10D39000202585F31288BFF36F8FC5685DB12560C6
:10D3A0002B68C360836901338361002081F3118896
:10D3B000BFF36F8F11E052EA030603D125606FF0CF
:10D3C0000B00F3E7CDE900230246083000F00AFE27
:10D3D00018B9034B9B685B69236002B070BD00BF46
:10D3E000E4F300202DE9F34104460E4600F108085D
:10D3F000EFF31187202181F31288BFF36F8F006A4A
:10D40000E168884237D22568AC4217D0B5B12846CA
:10D410000AF021FD05F118000BF06FF8A2686869A9
:10D4200031460BF05BF90023EB6728460AF09EFFBC
:10D430004046394600F052FE002029E0A268E0692B
:10D4400031460BF04BF9E369A26813446269E3616A
:10D45000934204BF2369E361236A013323621021ED
:10D4600004F124000BF014F90028E1D187F31188AE
:10D47000BFF36F8F0CE052EA03010CD007498968B3
:10D4800040464E61CDE900233946224600F0AAFD10
:10D4900002B0BDE8F0816FF02200E7E7E4F300207E
:10D4A000F7B5044604F108070846EFF3118620217A
:10D4B00081F31288BFF36F8F216A002939D0A268E7
:10D4C000A1690BF00BF9A369A2682568134462698E
:10D4D000A361934204BF2369A361236AAC4203F1B1
:10D4E000FF33236233D02846002D31D00AF0B3FC3D
:10D4F00005F118000BF001F8A2686969E0690BF00A
:10D50000EDF8E369A26813446269E361934204BFE2
:10D510002369E361236A0133236200242846EC6710
:10D520000AF024FF3846314600F0D8FD204603B00B
:10D53000F0BD52EA030110D0094989684861CDE97C
:10D54000002331462246384600F04CFDEFE700202C
:10D5500086F31188BFF36F8FE9E76FF02200F7E7DA
:10D56000E4F300202DE9F341044617461E46EFF38D
:10D570001188202383F31288BFF36F8FC368334A67
:10D580007BB180689168884219D057EA060318D1A8
:10D5900088F31188BFF36F8F6FF00F0002B0BDE802
:10D5A000F081916891F90E1021610133E360936875
:10D5B000A36088F31188BFF36F8F0020EEE7216925
:10D5C000F2E791F90E1090F90E309942A8BF194672
:10D5D0006FF07E029142B8BF11468B422DDD0AF0FA
:10D5E00047FC0546CDE9007619482246414600F041
:10D5F000F9FC0028E1D0EFF31186202383F3128891
:10D60000BFF36F8FA068D0B1236821699C420AD014
:10D610004BB193F90E309942A8BF19466FF07E03C3
:10D620009942B8BF19460AF023FC40B10848314678
:10D6300000F054FD6FF00A00B0E70025D2E7002D9E
:10D64000F4D186F31188BFF36F8FF3E7E4F3002082
:10D65000E0050120F8B583680546002B3FD0234A3A
:10D66000926893423ED1C368012B03D9013BC3604A
:10D670000020F8BDEFF31187202383F31288BFF356
:10D680006F8F016980680AF0F3FB2C68A54207D10F
:10D690000023C5E9023387F31188BFF36F8FE7E7F3
:10D6A000002CF5D0D4E9003213605A60637B002669
:10D6B00023F002036373C4E90066A66004F1180056
:10D6C0000AF01BFFAC6094F90E302B612046E66730
:10D6D0000AF04CFE0648394600F000FDC8E76FF03E
:10D6E0001500C6E74FF0FF30C3E700BFE4F30020AA
:10D6F000E005012037B51146EFF31185202282F3B2
:10D700001288BFF36F8F04689CB12368426823F0CE
:10D7100003039442036008BF4360012120460AF0DE
:10D7200035FC044685F31188BFF36F8F204603B0A4
:10D7300030BD51EA0302F5D000F10802CDE9001333
:10D740001046294600F04EFC0028EFD1014B9B68A3
:10D750005C69EBE7E4F3002070B5EFF3118620235A
:10D7600083F31288BFF36F8F0468A0421AD0CCB144
:10D77000D4E9003213605A60637B002523F0020372
:10D78000C4E900556373A56004F118000AF0B5FE02
:10D79000E56720460AF0EAFD31460B48BDE87040D7
:10D7A00000F09CBCD0E902329A4218BF013383607A
:10D7B000022110300AF06CFF0028EDD186F31188A9
:10D7C000BFF36F8F70BD00BFE005012013B5EFF30D
:10D7D0001181202484F31288BFF36F8F846844B1D1
:10D7E000013C846081F31188BFF36F8F002002B089
:10D7F00010BD52EA030406D181F31188BFF36F8F85
:10D800006FF00F00F3E7CDE900230246014800F076
:10D81000E9FBECE7E00501202DE9F8430546EFF3CD
:10D820001188202383F31288BFF36F8F00263746B9
:10D830006FF00A092C68A54216D0ACB1D4E90032C9
:10D8400013605A60637BA76023F002036373C4E92B
:10D85000007704F118000AF050FEC4F87C902046CE
:10D860000AF084FD0126E5E70023AB60022105F103
:10D8700010000AF00DFF30B92EB988F31188BFF3FC
:10D880006F8FBDE8F88341460248BDE8F84300F0D9
:10D8900025BC00BFE00501201FB5094A92E803003E
:10D8A00002AB83E803004FF4806200930549064809
:10D8B0004FF0FF3300F06AF9002005B05DF804FB7B
:10D8C00060900300803B0120981600202DE9FF4165
:10D8D0004F4E04462027EFF3118887F31288BFF3D9
:10D8E0006F8FD4F8C850F5B9022104F1E0000AF0B6
:10D8F000C0FB002868D004F1D80500220121284689
:10D900000AF0C0FD0028F8D1002302934FF0FF3247
:10D910004FF0FF33CDE90023414604F1D0023D48EA
:10D9200000F0A0FDD7E7D4F8CC202B68C4F8C830AD
:10D93000954208BFC4F8CC30D4F8E03043F002037D
:10D94000C4F8E030EB6823F0040343F00103EB601C
:10D950006B6888F31188BFF36F8F28469847EFF301
:10D96000118887F31288BFF36F8FEB68D80623F016
:10D97000010236D4EA60EB689A0716D5306823F0C6
:10D980000203EB6088B10368002170B142689542E0
:10D9900035D1036869BB72683360824200D173601D
:10D9A000002340F8083BFFF7D7FED4F8E03023F01F
:10D9B0000203C4F8E03088F31188BFF36F8FDB05F2
:10D9C00089D400F001FC86E7D4F8E030D9069BD575
:10D9D000C4F8E00088F31188BFF36F8F04B0BDE88E
:10D9E000F08123F01103EB6005F11000FFF7B4FEA6
:10D9F000C1E70B607368834208BF7160D0E723B151
:10DA00001A68014618461346BFE71A46F9E700BFF1
:10DA10000CF40020E005012070B5C368C3F3400694
:10DA20009B0705460C460DD50122002104F1080094
:10DA30000AF00FFB00232360054B65605A681AB992
:10DA4000C3E90044304670BD14605C60FAE700BF73
:10DA50000CF40020F8B5C3689A0704460F46C3F3D8
:10DA600040062CD45B071AD40B680BB983680B6093
:10DA7000E368DD0744BFA3683B603D684CBF0226F6
:10DA80000126002D3AD01F4B9B68AB420AD0D5F837
:10DA9000E030D807C3F3800214D46FF012060023DD
:10DAA0003B6025E00AF01FFCD5F8E0300028F0D1FB
:10DAB000D907C3F3C002F0D552B15B0708D46FF0A9
:10DAC0000F06ECE7002AFAD1C3F3C003002BF6D10E
:10DAD00000232360D5F8CC3063B9C5E93244284629
:10DAE0000AF0E2FAE36843F00403E3603B68A360F2
:10DAF0003046F8BD1C60C5F8CC40F0E76FF0150665
:10DB0000CDE700BFE4F30020F8B5C36803F00503D8
:10DB1000002B06460C4614BF012700271CD0856841
:10DB20000122002104F110000AF093FA1349204663
:10DB30000AF012FBE36843F01003E360F3685B074D
:10DB400012D5336823606BB9D5F8CC3033B9C5E949
:10DB5000324428460AF0A8FA3846F8BD1C60C5F8D9
:10DB6000CC40F6E73460F4E7D5F8C8302360D5F848
:10DB7000CC30C5F8C840002BEBD1F0E7898003001A
:10DB8000014601480AF013BB98160020F0B589B091
:10DB900004460020C4E932000E9D04F1D000C4E91F
:10DBA000340004F1D800C4E936004DB328790028C8
:10DBB00040F2011008BF0120C4F8E00000204FF03F
:10DBC000FF364FF0FF37CDE90330CDE90100CDE955
:10DBD00006670C4B0094204600F000F955B1296807
:10DBE00011B120460AF085FB6B791BB1237B43F012
:10DBF00001032373204609B0BDE8F04000F068BB84
:10DC00000120D9E7CDD8020037B501900846EFF3DF
:10DC10001184202181F31288BFF36F8FC16811F046
:10DC20001E0F16D153EA020508D101A9FFF712FF12
:10DC300084F31188BFF36F8F03B030BD41F008014A
:10DC4000C160019981621030034900F0EDFC0120B0
:10DC5000EEE70020ECE700BF1D810300014601480C
:10DC6000FFF7D2BF98160020F7B50C460190164674
:10DC70001D46EFF31187202383F31288BFF36F8FC4
:10DC800008460AF002FA55EA060309D101A920461E
:10DC9000FFF7E0FE87F31188BFF36F8F03B0F0BD8D
:10DCA000E368074943F00803E360019BA36204F1C2
:10DCB000100032462B4600F0B7FC0120EAE700BF17
:10DCC0001D81030001460148FFF7CEBF98160020D2
:10DCD0002DE9F0410546EFF31187202383F31288E5
:10DCE000BFF36F8F0468A04223D014B320460AF01C
:10DCF000EDFA04F118000AF000FC0026B046C4F862
:10DD00007C8020460AF032FB2C68A54206F1010611
:10DD100008D03CB120460AF0D9FA04F118000AF004
:10DD2000ECFBECE70648394600F0D8F93046BDE890
:10DD3000F08187F31188BFF36F8F0026F6E700BFED
:10DD4000E00501202DE9F043073285B022F00702FB
:10DD50000E461F461099017300F15803FF32C0E9C7
:10DD600016330446002322F07F02042183604173AE
:10DD70007F2A0F98A073C4E90633E37306F1800984
:10DD8000A2F1800805D883F31188BFF36F8F08468E
:10DD900002DFB51829462046E3F784F907300E9BC9
:10DDA00020F00700E066C4E9199802930D9B0193E7
:10DDB0002D1A0C9B00932A463B4631462046E3F73A
:10DDC00061FC00236365044B9B6803B11B6F2367F1
:10DDD000284605B0BDE8F083E4F30020F0B587B035
:10DDE00000250595109D04950F9D03950E9D0295A8
:10DDF000DDE912760D9D01950C9D00950446FFF717
:10DE0000A1FFB6F1FF3F08BFB7F1FF3F05D056EACB
:10DE1000070305D1204600F05BFA204607B0F0BDAD
:10DE200003493A46334604F1180000F0FDFBF4E7DD
:10DE3000E783030040F2011383810023C0E9193313
:10DE40000367014B98607047E4F30020094A936828
:10DE50006FF00A01D967084998674B6843F080530F
:10DE60004B60002383F31188BFF36F8F9368D86FE3
:10DE7000704700BFE4F3002000ED00E070B590F9BA
:10DE80000D20437B002A36DBD90634D11B4C63F0CE
:10DE90007F032246437352F81C3F216A934207D105
:10DEA000C0E900210860206211E09942F8D01B68A7
:10DEB000002BF5D090F90E5093F90E60B542F4D0D6
:10DEC000AE42F2DD5968C0E9003108605860E5698A
:10DED000954200D005B9E568A3685A7BD20604D103
:10DEE000DA897F2A01D9AA6932B1AB4202D0284629
:10DEF00000F0F8FAA56170BDA361FCE7E4F300202F
:10DF000038B590F90D20437B002A014604DA03F06E
:10DF10007F0343730AF0F0F90D4D2A46AB6852F8BF
:10DF20001C4F944200D004B9EC688B4207D05A7B56
:10DF3000D20604D1DA897F2A01D9A2692AB1A34283
:10DF400002D0204600F0CEFA2346AB6138BD00BFB8
:10DF5000E4F3002070B590F90D20437B002A0146C0
:10DF600004DA03F07F0343730AF0C6F94B7B1C4CC1
:10DF700063F07F0322464B7352F81C3F206A9342A2
:10DF800007D1C1E900200160216211E09842F8D078
:10DF90001B68002BF5D091F90E5093F90E60B54235
:10DFA000F4D0AE42F2DD5868C1E90030016059603A
:10DFB000E569A368954200D005B9E5688B4207D0B2
:10DFC0005A7BD20604D1DA897F2A01D9AA692AB1FB
:10DFD000AB4202D0284600F085FA2B46A36170BD03
:10DFE000E4F30020F8B5124B0C461146114A98682C
:10DFF0001060DDE90676EFF31182202282F31288A9
:10E00000BFF36F8F9D6828460AF088F9B6F1FF3F8D
:10E0100008BFB7F1FF3F06D007493A46334605F13E
:10E02000180000F001FB2046BDE8F840FFF70EBFE6
:10E03000E4F3002014F40020E7830300F8B504465D
:10E04000EFF31187202383F31288BFF36F8F437B95
:10E0500003F01F02002A0CBF0126002649B239D165
:10E0600003F07F0343730AF047F91B4D437B817331
:10E0700063F07F032A46437352F81C3F934227D133
:10E08000286AC4E9002004602C620FE08342F8D0C3
:10E090001B68002BF5D093F90EC06145F6D08C4576
:10E0A000F4DD5968C4E900310C605C60EC699442AD
:10E0B00000D004B9EC68AB689C4202D0204600F066
:10E0C00011FAAC6187F31188BFF36F8F3046F8BD4A
:10E0D000286ADEE78173F5E7E4F3002049B9EFF33E
:10E0E000058030B9054B9A699B689A4201D0FFF7C9
:10E0F000ADBE81F31188BFF36F8F7047E4F300204A
:10E10000034648B9EFF3058232B9064A916992682D
:10E11000914201D0FFF79ABE83F31188BFF36F8F4E
:10E12000704700BFE4F30020EFF31181202383F355
:10E130001288BFF36F8F054B9A68D37B013BD37373
:10E1400081F31188BFF36F8F704700BFE4F30020A5
:10E1500070B5EFF31186202383F31288BFF36F8F1E
:10E16000144DAB68DA7B0132DA732A4652F81C4F41
:10E17000944200D004B9EC685A7BD20604D1DA8903
:10E180007F2A01D9A2692AB1A34202D0204600F019
:10E19000A9F92346AB6186F31188BFF36F8FEFF3C4
:10E1A0001180202383F31288BFF36F8FBDE8704086
:10E1B000FFF7A6BFE4F30020024B03F11C02C3E902
:10E1C00007227047E4F3002070B5EFF31186202397
:10E1D00083F31288BFF36F8F1B4CA168206A0B6812
:10E1E000814214BF1A46002249680B605960A36837
:10E1F000216A2AB9154AC3E900210B6023620CE0A9
:10E2000093F90E0092F90E50A84218D0854216DDFF
:10E210005168C3E900210B605360E5690B4B9D42D7
:10E2200000D005B9E568A3689D4202D0284600F0F9
:10E2300059F9A5613046BDE87040FFF707BE8A4234
:10E24000D8D01268D5E700BFE4F3002000F4002026
:10E2500050EA01032DE9F04105460E4604D1FFF7CF
:10E26000B3FF0020BDE8F081831C71F1FF3324DB94
:10E270000AF064F94419EFF31188202383F312881C
:10E28000BFF36F8F0F4F104BB8681860FFF738FE61
:10E29000B8680E492A463346183000F0C5F9BA6806
:10E2A000537B43F0040353734046FFF7CFFD0AF05E
:10E2B00045F9201A20EAE070D4E76FF00104241A2F
:10E2C000D9E700BFE4F3002014F40020E783030043
:10E2D00038B50446EFF31185202383F31288BFF38A
:10E2E0006F8F437B5B070FD518300AF006F9637B0D
:10E2F00023F0040320466373FFF7C0FD2946054859
:10E30000BDE83840FFF7EABE85F31188BFF36F8F91
:10E3100038BD00BFE0050120014B9868704700BF81
:10E32000E4F300202DE9F8430446077BEFF3118561
:10E33000202383F31288BFF36F8F437B190705D522
:10E3400085F31188BFF36F8FBDE8F883D90943F0D7
:10E3500008025DD14273A36813B1204609F0D4FFCF
:10E3600004F118000AF0C9F8A66D04F15808B04588
:10E3700011D04FF0000976B1304609F0C5FF06F123
:10E3800018000AF0BAF8C6F87C903046FFF776FD20
:10E39000A66DB045EFD1DFF8C880D8F808309C42B0
:10E3A0003ED1EFF30589B9F1000918BF4FF001091B
:10E3B000D8F81C60284A964200D00EB9D8F80C60F4
:10E3C000B34202D0304600F08DF82046C8F81860FD
:10E3D000E3F7B8F9B9F1000F02D02048FFF72AFDA2
:10E3E000D8F808309C4231D1EFF3058373BB227B10
:10E3F000D20718D42846FFF729FDFB07A4D5002330
:10E4000083F31188BFF36F8F0423184602DF9BE765
:10E4100003F07F0343F00803437309F06DFF9AE7AD
:10E420004FF00009C4E785F31188BFF36F8F83F3C2
:10E430001188BFF36F8F0423184602DFEFF31180BA
:10E44000202383F31288BFF36F8FD4E785F31188FD
:10E45000BFF36F8FD1E700BF00F4002080170020CA
:10E46000E4F30020D3B5DDE90667089CCDE9006739
:10E47000FFF7B8FD1CB1034B9B685B69236002B0DA
:10E48000D0BD00BFE4F30020044BC01A044BC01001
:10E490005843044B01221A54704700BF481800200B
:10E4A000ABAAAAAAE0050120C3897F2B12D80A4B88
:10E4B0001B6863B1094B90F90E201B689A4209DB77
:10E4C000437BDB0606D1064BC31A18BF012303F0BA
:10E4D000010070470023FAE71CF4002018F4002024
:10E4E0000815002070B50E4B0E4C1E7C06EB460343
:10E4F00004EBC3040546204609F0FFFF0A4B002247
:10E5000028469A55FFF7D0FF48B1084B08491A68CA
:10E51000013A2046D317BDE8704000F085B870BDC1
:10E52000E4F3002048180020E00501201CF400203E
:10E5300089E4020038B5EFF31185202383F31288B4
:10E54000BFF36F8F104B114A9C681068A04206D130
:10E55000FFF7C8FF85F31188BFF36F8F38BD002127
:10E560001B7C11600A4AD35C002BF3D02046FFF7D6
:10E570009BFF0028EED0637BDB0602D12046FFF72D
:10E58000E9FC2046E4E700BFE4F3002014F4002097
:10E59000E00501200748084A084908B5121A09F0A1
:10E5A00095FB0748074A0849BDE80840121A09F0D8
:10E5B0008DBB00BF00000020980A0020B4C20300F9
:10E5C0000000002000000020B4C20300024B1868C5
:10E5D000984208BF002070474C070020034B1B687F
:10E5E0000BB9FBF7C3B90020704700BF20F400202F
:10E5F00030B570B10B4B5B6898420AD0036843B1E9
:10E60000D3E90421D0E90445121941EB0501C3E91E
:10E610000421D0E9003213605A600023C0E90033BE
:10E6200030BD00BF4C070020B3F1FF3F08BFB2F17F
:10E63000FF3FF8B504461D4616465AD08160EFF3F9
:10E640001187202383F31288BFF36F8F013275F196
:10E65000FF3321DA2C49D1E900206FF001039B1A26
:10E660004FF0FF3262EB00009E1B60EB0500012EB5
:10E6700070F1000301DA01260020C4E90460FFF70D
:10E68000A5FF224E84467068BCF1000F0DD1C4E98D
:10E690000060046074601CE0FFF7A0FF013645F1E4
:10E6A0000005361845EBE070E7E7DCE90425D4E91E
:10E6B0000431934271EB050E1CDAD21ADCF80430F7
:10E6C00065EB0105CCE90425C4E900C31C60CCF866
:10E6D0000440FFF77BFF844207D10D4B1C6824B92F
:10E6E00009F0F2FE2146FBF713F987F31188BFF317
:10E6F0006F8FF8BD9B1A61EB05018445C4E90431B5
:10E70000C5D0DCF800C0BFE7601800204C0700202F
:10E7100020F400202DE9F047EFF31185202383F347
:10E720001288BFF36F8F254F254E3860FFF74EFFDD
:10E730004FF000084FF000093B68D6E9001E4FEA91
:10E74000E37C50B1D0E90442A3427CEB020A18DA20
:10E75000E41A62EB0C02C0E904425B184EEB0C02B7
:10E760000024C6E900323C6009F0AEFE2146FBF70A
:10E77000CFF885F31188BFF36F8FBDE8F047FFF73F
:10E78000D9BE61184EEBE473C0E90489C6E90013F1
:10E79000FFF72EFF85F31188BFF36F8F83689847CB
:10E7A000EFF31185202383F31288BFF36F8F3B684B
:10E7B0001B1B3B60FFF70AFFBEE700BF20F40020F1
:10E7C0006018002010B5EFF31184202383F3128822
:10E7D000BFF36F8FFFF702FF054A0346D2E900013E
:10E7E000181841EBE37184F31188BFF36F8F10BDEC
:10E7F00060180020F8B50446EFF31187202383F357
:10E800001288BFF36F8F026822B187F31188BFF3BC
:10E810006F8FF8BDD0E90A36581C46F10001022876
:10E8200071F1000127D3012B76F10001BCBF012358
:10E8300016465D1E46F1FF3609F084FE013041F1B7
:10E840000001401946EB0101012871F1000139DB9B
:10E8500009F078FE013041F100016FF0010240192A
:10E8600046EB0103121A4FF0FF3161EB0303184925
:10E870002046FFF7D9FE236B01332363236A6BB174
:10E8800087F31188BFF36F8F236A20469847EFF311
:10E890001187202383F31288BFF36F8F54F8185F1A
:10E8A000A542B2D0002DB0D0284609F06EFD00235D
:10E8B000EB6787F31188BFF36F8F2846BDE8F840F8
:10E8C00009F054BD6FF001024FF0FF33CFE700BFF6
:10E8D000F5E702002DE9F04105461C4690461F462B
:10E8E000EFF31186202383F31288BFF36F8FB4F107
:10E8F000FF3F08BFB2F1FF3F05D186F31188BFF398
:10E900006F8FBDE8F081531C74F1FF3309DB012ADE
:10E9100074F10003BCBF0122002412F1FF3844F15E
:10E92000FF37284609F0E9FDDDE90623C5E90A239A
:10E9300000232B63034942463B462846FFF774FEFB
:10E94000DBE700BFF5E7020038B50346EFF31185BA
:10E95000202282F31288BFF36F8FC1600121816092
:10E960000068834206D185F31188BFF36F8F0024BE
:10E97000204638BDD0E9003213605A600023C0E958
:10E98000003309F042FE294604460248FFF7A6FB81
:10E99000EEE700BFE105012073B506460D4609F01C
:10E9A000A2FC78B90B4B9B681C6F7CB12A1D09D265
:10E9B00000200021CDE9000146F00401204609F0C5
:10E9C00091F908B9002401E00460041D204602B05A
:10E9D00070BD00BFE4F30020014801F073BE00BF2A
:10E9E0007DC203000CB430B589B005460C461C222C
:10E9F000002101A809F09AFE02238DF806300E4B83
:10EA00000293059523462CB1B4F1004F28BF4FF077
:10EA10000043013B1D440DAA0C99069501A80092E4
:10EA200000F00EF914B1059B00221A7009B0BDE880
:10EA3000304002B0704700BFED8A0300242AF0B5D1
:10EA4000044601D8012A40D10AF058F82D4B16226D
:10EA50001A5001B10C600020F0BD2F463D4615F85C
:10EA6000010B2028F9D0A0F10906042E0346F4D9A1
:10EA70002B282CD02D282CD101267B78BD1C302BA7
:10EA80002DD1287840F02000782824D132F01000D1
:10EA900021D16B782C46102202350020392B82BF01
:10EAA00003F1FF3343F02003263B303B9A421AD94F
:10EAB000A0FB02040CB9C01801D346F002062F4691
:10EAC0002C4617F8013B3D46E8E70746C6E7002617
:10EAD000D3E70026D3E7002A08BF0822DDE7002A93
:10EAE00008BF0A22D9E701B10C60F20748BF4042D3
:10EAF000B307B1D50AF002F8024B22221A504FF0A8
:10EB0000FF30A9E70C0000002DE9F041012607467F
:10EB1000B24201DCBDE8F0813B461F4613F8014BD1
:10EB2000002CF7D0252CF8D11C78252C07F10207F2
:10EB3000F2D00023DFF804819C461D461F2D18D813
:10EB4000A4F1200EBEF1100F09D9A4F1300EBEF1D0
:10EB5000090F1ED80A2404FB03E3202504E028FA49
:10EB60000EFE1EF0010F06D017F8014B002CE5D168
:10EB700028E07F2D1CD8A4F1300EBEF1090FE9D991
:10EB8000242C10D1BCF1000F46D0B34246D0002354
:10EB9000EAE724F0040EBEF12A0FF8D06C2C09D15C
:10EBA00045F08005E0E724F0040EBEF12A0FEED018
:10EBB0006C2C22D06C2C1BD8682C23D06A2C28D02B
:10EBC0004C2C26D0BCF1000FA4D0B445A0D144F009
:10EBD0002007A7F1650CBCF1020F0B6801D9612F6A
:10EBE0001ED1073323F0070308330B6001368EE78D
:10EBF000742CB9D07A2CB7D0E4E72C0648BF45F482
:10EC00000075CDE7EC0548BF45F4007545F4807507
:10EC1000AAE745F42075A7E79C46B8E76324D6E742
:10EC2000692C02D007D8632C03D02F0601D5AC0580
:10EC3000D7D40433D9E7732CF6E700BF8928010045
:10EC40002DE9F04F93B0436801938378804698078D
:10EC5000CDE9061217D50B920B4600251F78A7B1F8
:10EC6000252F16D001330593019B4146384698471E
:10EC7000002805F1010580F2358498F8023043F050
:10EC8000040388F802304FF0FF35284613B0BDE882
:10EC9000F08F5F789A1C252F0592E5D00024264638
:10ECA000A246A346BBF11F0F32D8A7F12003102BB9
:10ECB0000AD8DFE803F02409092A0909091B090910
:10ECC0000922092709091900A7F13003092B2DD9B9
:10ECD0002A2F39D154B90B9B1BF0400F53F8042B4A
:10ECE0000B9329D0164601E04BF0010B059B13F85E
:10ECF000017B0593002FD5D15BE04BF0020B4BF06D
:10ED0000040BF3E74BF0080BF0E74BF0100BEDE7CB
:10ED1000BBF17F0F3FD8A7F13003092BD8D81BF0E8
:10ED2000400F03D00A2202FB0636DFE70A2202FB6D
:10ED30000A3A4BF0200BD9E7B2F1000AF9DACAF12E
:10ED4000000A4BF0280BD1E72E2F05D11BF0400F06
:10ED50009BD14BF0400BC9E7242F1CD1002C00F0B5
:10ED60004181079B0B931BF0400F0AD15246069836
:10ED70000BA9FFF7C9FE0B9B1A1DD3F800A00B923D
:10ED8000B4E7324606980BA9FFF7BEFE0B9B1A1D8F
:10ED90001E680B92AAE76C2F00F0118100F2088127
:10EDA000682F00F014816A2F00F019814C2F00F0B9
:10EDB000168134B1079B06980B9322460BA9FFF7E7
:10EDC000A3FE002E47F02009B8BF2BF0400BA9F19D
:10EDD0006503BCBF1FFA8BFB0026022B40F20781A4
:10EDE000B9F1610F40F06482FF4307F02003049300
:10EDF0000B9B073323F007031BF0400F03F10802BE
:10EE000008BF4FF0FF3693ED000B0B923146049A8A
:10EE10000CA809F0D4FD0130C3B2B3424BF4C05486
:10EE2000029301DB029B5E1E01230C9F0393A3460A
:10EE30004FF0700907F10903122B0DD907F1630395
:10EE4000C62B40F20D8107F2E73340F2CE729342B7
:10EE500094BF0323042303939DF8342002F00C0392
:10EE600012F0010240F017811BF0020F40F01081F8
:10EE70001BF0040400F0F680002B40F00F812023EB
:10EE80001BF4405F1FD1029A4832002E6A4408BF2B
:10EE90000126133A029921B112F8011D302900F020
:10EEA00034811BF0100F029A18BF3246391DC0F290
:10EEB0003181B74280F22E81BA424BF4005B40F3BD
:10EEC0002B817E1C961B1BF40052089200F02681B9
:10EED00027EAE774013403B10134002E00F02681E3
:10EEE000721C1444A245CCBFAAEB040400241BF0FE
:10EEF000090F04D12C44A54240F01D81002443B1E8
:10EF000018464146019B9847002805F10105FFF688
:10EF1000B4AE1BF4006F13D0019B414630209847DC
:10EF20000028FFF6AAAE049BC3F178004146019B7E
:10EF300000F0F8009847002805F10205FFF69DAEA5
:10EF40001BF0080F05D12C44AC4240F0008125464F
:10EF50000024089B002B00F01A8127EAE77AA7EB30
:10EF60000A077642029BBB4284BF0CABFB180AF136
:10EF7000FF3A88BF5879019B98BF3020564505F16C
:10EF80000109414600F3ED809847002807F1010789
:10EF9000FFF673AEBAF1FF3F08D1019B41462E2028
:10EFA00098470028FFF669AE05F102094D46D9E7FA
:10EFB000742F3FF49BAE7A2F3FF498AEF9E61BF026
:10EFC000800F18BF4BF4007B4BF0800B8EE61BF4D8
:10EFD000807F18BF4BF4007B4BF4807B86E64BF4BC
:10EFE000207B83E62646B3465446B2467EE6FF4380
:10EFF00007F0200304930B9B073323F007031BF058
:10F00000400F03F1080208BF0626B9F1650F93ED22
:10F01000000B0B9211D1711C0022C9B24BF4805B22
:10F020001346112928BF11210CA800F0FBFAC3B226
:10F03000029302230C9F0393FCE6B9F1660F05D1FE
:10F040004BF4005B334601221121EAE7F1B20129BA
:10F050004FF0000238BF012113464FF06509E0E789
:10F060000223F8E6002B3FF40BAFBAF1030F3BDCB1
:10F070009DF83430A54E13F0080FA54B08BF1E466F
:10F080003746B94617F8010BB0BBAE1BB1447BE065
:10F0900033BB2B23F4E62BBB2D23F1E62022BAF160
:10F0A000040F13DD1BF0080FAAF104040FD12C4448
:10F0B000019B0292414620209847002805F1010556
:10F0C000FFF6DBADA542029AF2D19AB10024019B72
:10F0D000414610469847002805F10105C8DACCE5FD
:10F0E0002B22DCE72D22DAE71BF0080FAAF103043C
:10F0F000BED1DCE71446BBE7049BC01A4146019B26
:10F10000C0B298470028BCDAB7E502990139C9B204
:10F110000291BFE6561ED6E60026D4E61BF4006F29
:10F12000039A0CBF032405241444D4E61BF0100FEB
:10F1300018BF0134D6E609934146019B2020984729
:10F140000028099B05F10105BFF6D5AE95E5019BA9
:10F15000414630209847002805F10105BFF6F4AE7E
:10F160008BE598470028FFF688AD1BF0100F0BD0F9
:10F17000BAF1FF3F08D105F1020941462E20019B5B
:10F1800098470028FFF679AD4D464C4432E29DF891
:10F190003500019B414698470028FFF66EAD002ED2
:10F1A00069DD019B41462E2098470028FFF665AD9A
:10F1B0004FF0010A029B9A45BBBF0CAB5344302071
:10F1C0005879019B414698470028D346FFF655AD34
:10F1D0000AF1010A5645EDDA02355D44049BA9EBBC
:10F1E00003004146019BC0B298470028FFF645AD99
:10F1F000002FB4BF2D202B20019B4146B8BF7F427A
:10F2000098470028FFF639AD039B042B41D14FF4FA
:10F210007A79B7FBF9F606F13000019B4146C0B29E
:10F220009847002805F10305FFF627AD09FB16777F
:10F230004FF06409B7FBF9F606F13000019B414637
:10F24000C0B29847002805F10105FFF616AD09FB8D
:10F2500016774FF00A09B7FBF9F606F13000019B6B
:10F260004146C0B29847002805F10105FFF605ADFB
:10F2700009FB167715E01BF0100F01D10135ADE742
:10F28000019B41462E209847002805F10205A5DA8A
:10F29000F3E4039B032B05F10205C9D0039B012B6B
:10F2A000D7D107F1300005F101094146C0B266E748
:10F2B000A7F16303122B00F2FE80DFE813F01300C6
:10F2C0005600FC00FC00FC00FC005600FC00FC00AA
:10F2D000FC00FC00FC001601F700FC00FC002B0009
:10F2E000FC00B8000B9B1A1D1B680B928DF8303088
:10F2F00001240CAF1BF0080F2DD03E19B946B145C3
:10F300002BD1EF1BB944AAEB04043DE7A9C20300CB
:10F31000A5C203000B9B1A1D0B921F68AB4B002F5D
:10F3200008BF1F461BF0400F14BF31464FF0FF319E
:10F33000384608F062F90446DCE7019B414620208C
:10F3400098470028FFF699AC013EB442F5D35544E6
:10F35000AD1BB246D1E75646F7E719F8010B019B02
:10F36000414698470028CADA87E41BF0800F0B9BC0
:10F3700035D01BF4007F2DD0073323F00703D3E9EA
:10F38000000103F108020B922BF0100900291FFA6B
:10F3900089F936DA404261EB410149F480690DF1A7
:10F3A000300B0A235A4609F0EBF919F0400FA0EB95
:10F3B0000B0B65D029F001025E4592B240F3B2809A
:10F3C000002F00F0A98019F010033446914626D092
:10F3D00002345CE01A1D18680B92C117D4E71A1D9D
:10F3E0001BF4807F19680B9201D10846F5E71BF4E6
:10F3F000007F15BF48B208B241F3C01141F3C031DC
:10F40000C2E750EA0103CAD11BF0400FC7D0002E5B
:10F41000C5D12BF0110B1FFA8BF93446B34640F2DD
:10F42000064319EA03031CBF013400232FE02BF02D
:10F43000100B1FFA8BFB0A231BF080040B9A57D08A
:10F440001BF400711DBF073222F0070202F1080110
:10F45000101D19BF0B91D2E900010B90106850EA02
:10F46000010252D12BF016091BF0400F1FFA89F947
:10F470004FD0002E4DD12BF0170B1FFA8BF9B3464E
:10F4800019F0100352D0002F4ED10BF1010419F0E6
:10F49000080F5ED119F0010F06D0A2456EDDAAEB70
:10F4A000040404EB0B06544622464DE04BF0100BCF
:10F4B00010237827C0E7B9F1780F04D1C7F178039A
:10F4C00043F01003B8E7019B4146252098470028E8
:10F4D000FFF6D3AB019B4146384698470028FFF61C
:10F4E000CCAB0235059BFFF7B9BB08230027A3E788
:10F4F000111D0B911BF480711068B0D01BF40071CA
:10F500001ABFC0B2214680B2A9E72BF0060B1FFA42
:10F510008BF90DF1300B45E729F011091FFA89F934
:10F5200034467CE79146ABE75C4651E75C4676E7BC
:10F53000CDE902234146019B202098470028FFF691
:10F540009CAB029A039B01329245F1DC2C1BA5185F
:10F550001446F3B1019B4146302098470028FFF63E
:10F560008CAB6FB90135A9462E44A6EB09035B4568
:10F5700021DC5D460CAE5DBBD944C4E65E4693E734
:10F58000023541463846019B98470028EBDAFFF7E1
:10F5900074BB40F2064319EA030FE4D019F0020FDE
:10F5A00014BF2B20202019F4806F05F1010541467E
:10F5B00018BF2D20E7E7019B4146302098470028DF
:10F5C00009F10109D1DAFFF758BB00BFADC2030052
:10F5D000013D019B705D414698470028CBDAFFF75B
:10F5E0004CBB019B414620209847002805F10105AE
:10F5F000FFF643AB631B002BF3DC73E71FB502ABD5
:10F600000093074A4FF0CC3309F09FF9DDE902017E
:10F61000C00840EA4170C90805B05DF804FB00BFAE
:10F62000CDCCCCCC2DE9F04F55EC104B9DB0CDE9B5
:10F630000C322A460B91C5F31303290DD20FC5F3E3
:10F640000A5507908DED050A0A9275B922461A43AC
:10F650001BD1302343710A9B056043F00203037101
:10F66000012738461DB0BDE8F08F40F2FF72954289
:10F670004DD1059A13430A9B079A14BF43F0080320
:10F6800043F0040313710027EBE7059AB24D02F033
:10F6900001020992059A4FEA830848EA9278970096
:10F6A00001229A461646C5F1000B5846089200F012
:10F6B00017FAB5F1FF3FACBF8146A0F10109ABEBF2
:10F6C000090B09EB05035846069300F00FFA18A939
:10F6D000A0F17D05584600F029FA14AB089A019371
:10F6E000A9EB050512AB0292009305982B4618AAC8
:10F6F000514609F06DF8B9F1010F04460D4600F2CC
:10F70000D880099B002B40F0CB8001276FE0059A41
:10F7100002F001020992059A43F4801A4FEA8A081E
:10F720001343A5F2354548EA92784FEA82074BD158
:10F7300040F2FE7319420CBF01260026002D32460E
:10F74000B1DB284600F0C6F90346032DC8BF013BD4
:10F750001846069300F0CAF9069B7C305D1B0544F1
:10F7600018A9184600F056FA14AB019312AB009397
:10F77000059802962B4618AA514609F029F8069BCF
:10F78000152B04460D4600F2888016AB734A009391
:10F7900038464FF0CC33414609F0D7F8169B179AFC
:10F7A0009B0843EA827303EB8303BB42DDE9129AB1
:10F7B0000CD13846414600F0A1F9069B83428CBF2C
:10F7C00000270127002612E00126B7E7099B002B3E
:10F7D00053D1013F48F1FF31B81B61F1000100F046
:10F7E0008DF9069B099F83428CBF002601260D9B45
:10F7F000002B40F09380DDF82CB04FF00008CDF8DE
:10F800002080CDF814804FF00A0ADDE91201FFF7DD
:10F81000F5FE149B1093CDE90E0118461599FFF7DC
:10F82000EDFE0E9B0F9A119198420B469341814633
:10F8300080F08E8020462946FFF7E0FE109A0AFBF2
:10F8400009F3934214BF002606F001060E9B1293A3
:10F850000F9BCDE91339119B1593089BB8F1000F4D
:10F8600014BF002707F0010701330AFB10485FFAB5
:10F8700088F8089304460D46C7E7B81C48F1000114
:10F8800000F03CF9069B83428CBF00200120B9EBBD
:10F8900000006AF10002CDE9120200273E46A6E709
:10F8A000129B139A013B42F1FF32CDE9123201273C
:10F8B00088E7B9F13E0FF0D84FF0FF33A9F12000EF
:10F8C00003FA09F203FA00F0C9F1200123FA01F169
:10F8D00002430A4303FA09F327EA030728EA020866
:10F8E00057EA08070CBF012700276BE700FB02FC63
:10F8F000A1FB0012013362448C4275EB020CF5D27D
:10F90000069A13440C9A1344D20F9342B8BF13467D
:10F910000B9A9A42A8BF1A4693466EE70A21002224
:10F9200001230846E8E70AFB03F0A2FB0A230131A2
:10F930000344944275EB0300F5D2594510DDBBF149
:10F94000000F02D154EA05030AD00123059371E7A1
:10F950000A2200230121ECE7CCFBFFFFCDCCCCCC6D
:10F960007EB34FF00A0A149B15990F931846FFF7C0
:10F9700045FE0F9B0E910AFB00F29A42814620D170
:10F98000DDE91201FFF73AFE10900F91204629465B
:10F99000FFF734FE0F9B109A1292CDE913390E9B9C
:10F9A0001593089BB8F1000F14BF002707F001075B
:10F9B00001330AFB10485FFA88F8089304460D46A5
:10F9C000D1E7069B089A13449946002F5AD0B8F104
:10F9D000050F57D114F001034AD1059A32B9DDE978
:10F9E00014239D4208BF94425FD0059B18194FF025
:10F9F0000A0445F10001002201262546A04271EBD0
:10FA0000020755D2F3B1B3451CDA0D9B73B10C9AC2
:10FA100006EB09031A441346012A0B9AB8BF0123C7
:10FA20009A42A8BF1A46964293460BDD05304FF026
:10FA30000A024FF0000341F10001DCF761FC09F11B
:10FA40000109013E5E45A8BF5E4637B20FFA89F94B
:10FA5000079B09FA86F607F10508013E98444FF026
:10FA60000009B9452BDB079B0A9A1E601A71F8E55D
:10FA7000059B2BB9DDE914239D4208BF944209D0B0
:10FA80000123B3E7059B53B9DDE914239D4208BF69
:10FA9000944204D1099B002BF2D1002EF0D0B8F192
:10FAA000040F94BF00230123A0E74FF00408F1E7FF
:10FAB00005FB02F7A4FB054201363A449EE70A2201
:10FAC0000023DCF71DFC303208F8012D09F1010993
:10FAD000C7E700BF014B5843800C70474134010019
:10FAE000014B5843000D7047FB2E0B00024B58434F
:10FAF000C00C0130704700BF4F9312000A4A70B526
:10FB000003464FF0CC3600204FF0333506FB03F4AC
:10FB100002FB0144A3FB023121449D4275EB010429
:10FB200001D30130F2E770BDCDCCCCCC2DE9F04F44
:10FB30001A23354EB0FBF3FA03FB1A0389B00446CF
:10FB40000D4606EB0A1653B9D6E90023C1E9002396
:10FB5000D6E90201C5E9020109B0BDE8F08F2B4AE0
:10FB600002EBC303D3E9008904AB0093D6E9022377
:10FB70004046494608F0E9FE06AB0093D6E900236B
:10FB800083460F464046494608F0DFFEDDE906623F
:10FB900016EB0B0652EB07084FF0000328BF0123BA
:10FBA000814633B1049B059A013342F10002CDE94D
:10FBB000043220460391FFF799FF07461A2000FB05
:10FBC0000AF0FFF793FF3F1A324643460399009726
:10FBD000484608F0D5FE4FEA141C0D4A640004F0B4
:10FBE0001E0352F82C40DC4004F00304241841F1B9
:10FBF0000001C5E90041DDE9042300973046414694
:10FC000008F0BEFEA6E700BF88910300B89003008D
:10FC100074B803002DE9F04F1A27DFF8ECA000F1CB
:10FC20001905B5FBF7F56F433A1A4FEA051B89B082
:10FC300004460E460AEB05150AD1D5E90023C1E9B1
:10FC40000023D5E90201C6E9020109B0BDE8F08F41
:10FC50002B4B03EBC203D3E9008904AB0093D5E936
:10FC600002234046494608F070FE5AF80B206B68A4
:10FC7000013ACDE9020106A963F100030091404673
:10FC8000494608F062FEDDE906528A4602996D187F
:10FC9000039952EB01084FF0000328BF012381466E
:10FCA00033B1049B059A013342F10002CDE90432DD
:10FCB0003846FFF71BFF07462046FFF717FF3F1A9E
:10FCC0002A46434600974846514608F059FE4FEAF7
:10FCD000141C0C4A640004F01E0352F82C40DC4053
:10FCE00004F003040134241841F10001C6E9004185
:10FCF000DDE9042300972846414608F041FEA2E7CB
:10FD0000B8900300C8B803005892030010EE102A00
:10FD100022F00043B3F1FF4F02D930EE000A7047E2
:10FD20004FEAD27106D1DFED4E7A002918BFB0EE4E
:10FD3000670A70474B48824202DD002000F0C4B8D9
:10FD4000002A05DA484A934202D9002000F0ACB8F4
:10FD5000464A9342F7EE005A52D9454A93424FEA37
:10FD6000810234D8434B1344D3ED006A424B134411
:10FD700070EE666AC1F10102D3ED007A521A36EED6
:10FD8000E70A20EE007A9FED3D5A9FED3D6A17EE9F
:10FD9000056A9FED3C5A06EE075A9FED3B6A15EE49
:10FDA000076A9FED3A5A06EE075AB0EE406A05EE32
:10FDB000476AB0EE007A20EE065A92BB36EE476AEA
:10FDC000C5EE067A37EEC00A35EEC00A7047304BF2
:10FDD0009FED307A1344D3ED007A40EE077A9FED21
:10FDE0002E7AFDEEE77AF0EE406A17EE902AF8EEF2
:10FDF000E77A47EEC76A9FED297A67EE877ABEE712
:10FE0000B3F1505F0BD29FED267A30EE077AB4EE55
:10FE1000E57AF1EE10FA02DD30EE250A7047002295
:10FE2000AFE737EE467A12F17D0F85EE076AB8BF6D
:10FE3000643277EEC67A77EEE67A75EEE77A17EEF9
:10FE4000903AABBF03EBC25303EBC25300EE103A40
:10FE5000DFED147ABCBF00EE103A20EE270A70479F
:10FE6000000000001772B142B5F1CF421872B13EE6
:10FE70009115853F24B903001CB903004CBB3133F5
:10FE80000EEADD3555B38A38610B363BABAA2A3E04
:10FE90002CB903003BAAB83F8071313FD1F7173727
:10FEA000CAF249710000800D9FED050ADFED057A69
:10FEB000002808BFF0EE407A27EE800A704700BFA6
:10FEC00000008000000080809FED050ADFED057ACC
:10FED000002808BFF0EE407A27EE800A704700BF86
:10FEE000FFFF7F7FFFFF7FFF70470068704710B5FF
:10FEF0000446DFF701FC08B1142010BDDFF7EAF972
:10FF00000028F9D1DFF756FD30B9002C0CBF4FF4B3
:10FF1000FA604FF47A70F0E7FA20EEE7012303FA73
:10FF200001F103691B68194218BF82F0010212B186
:10FF30008368DB68184783681B69FBE7014640F26A
:10FF4000E73008B54FF47A72002300EBC130491452
:10FF5000DCF7D6F9BDE8084008F07BBA08B508F030
:10FF6000F1FA4FF47A72A0FB020302FB0133C00BDB
:10FF700040EA434008BD0023C0E9153180F8503005
:10FF800080F86130012380F88430704790F8613048
:10FF90003BB9836D006AC91A814234BF0020012039
:10FFA00070470020704703880B8043884B8083880C
:10FFB0008B80704707B501228DF807000DF107000F
:10FFC000DEF768FF03B05DF804FB4FF09860DEF7E2
:10FFD0007FBF07B500230DF107011B208DF8073007
:10FFE000FFF7E8FF18B99DF80700C0F3C00003B0A1
:10FFF0005DF804FBB0F9003010B54FF474744FF4A1
:020000040003F7
:100000007A7213FB04F393FBF2F30B80438813FB28
:1000100004F393FBF2F34B80838813FB04F393FB0D
:10002000F2F38B8010BD4AF63832002108F07EBB17
:1000300000F54053002210B5C3F8002600F55853D0
:1000400000F52B400433343041F64C511C78012C20
:1000500008BF1A700B448342F8D110BD2DE9F0435C
:1000600000F540560D46D6F800464FF49061B4FBBB
:10007000F1F201FB12420C2101FB02020346696806
:10008000286803C2A8681060611C03F55852C6F8BE
:1000900000160432002441F64C501578012D33D15E
:1000A000976807F1D005A9422ED341F64C5505FBC0
:1000B000043505F55855A7F5D077103500264FF0D3
:1000C0000C084FF49069BA19B2FBF9F109FB11223F
:1000D00008FB023203CA08FB06FE05EB0E0C45F8CE
:1000E0000E000136CCF804101068CCF80800B6F504
:1000F0001C7FE8D141F64C5202FB043343F2046208
:1001000002219954204605E00134042C0244C4D154
:100110004FF0FF30BDE8F08310B54B68B3F5D07FEA
:1001200022D300F5405203F53873D2F800269A42E4
:100130001AD800F52044D4F8342B531C03F00303E1
:10014000C4F8343B41F64C5303FB020343F2046012
:1001500001241C5443F208600C681C50486843F2A8
:100160000C615850104610BD4FF0FF30FBE710B542
:1001700000F558530433002041F64C521C78022CF1
:1001800002D15C688C4205D0013004281344F5D1BB
:100190004FF0FF3010BD08B54FF47A714FF4D072B4
:1001A0000023A0FB0101DCF7ABF808BD38B5002146
:1001B00004464FF4D07540F2E7304FF47A720023D2
:1001C000E4FB0501DCF79CF838BD10B5D1E900343B
:1001D000032B29D841F64C5202FB030043F204637F
:1001E000C35C022B20D143F20863C25894420CBF77
:1001F0004FF41C7200220B690E2B17D9CB68A3F8A1
:1002000005204FF4D072A3F80720A3F809204FF47B
:1002100074720121A3F80B2046221970C3F8014023
:10022000A3F80D200F2010BD0022E4E70020FAE71C
:10023000F8B50B68032B0C4639D841F64C5C0CFB27
:10024000030343F204629F5C022F30D14A6843F2F9
:1002500008615E5896422AD12189B1F51C7F26D2C9
:100260002569122D23D9C1F51C730C22073DB5FB5E
:10027000F2F59D4228BF1D46E368C3F80160A3F86C
:1002800005101F702768E36843F210610CFB07112B
:10029000278902FB05F602FB071101443246D81DEF
:1002A00008F01CFA23891D442581F01DF8BD0020AB
:1002B000FCE783684B6043688B607047012303FA57
:1002C00001F103691B68194218BF82F0010212B1E3
:1002D0008368DB68184783681B69FBE7F0B4034653
:1002E0000A461979DB8800681343DC0287680669CF
:1002F00006D513F4402F03D0DA0748BF83F4402318
:10030000346801258D4023F48012DB074CBF2C4359
:10031000AC4334603B68F0BC18474FF08043D3F8DF
:10032000380400F001007047704700EBC1004088BE
:1003300040087047F8B50346FFF7F7FFB0FA80F0C2
:10034000C0F11F0003EB800CCA00DCF81060171D21
:100350000C4606328DB256B9012101FA00F0D96877
:100360000143D960CCF81040DD539D52F8BDF10037
:100370000431585AD85303EBC0009E52C5805D52D9
:10038000F4E710B500EBC104E388994202F10401DF
:100390000AD1012303FA02F2C36823EA0203C3600D
:1003A000002340F8213010BDA28840F8213000EB36
:1003B000C20100EBC300CB808280F4E708B503469E
:1003C000FFF7B3FFB0FA80F2C2F11F021846BDE892
:1003D0000840FFF7D6BF2DE9F843B1FA81F5C5F122
:1003E0001F0900EB89080346D8F810200E46C2B159
:1003F0000327D8F8104018462146FFF796FFB04271
:1004000006D34A461846FFF7BCFF2046BDE8F883EE
:1004100003EBC404013FE088C8F8100001D0824219
:10042000E7D1C5F120024FF0FF349440DA68144060
:10043000EBD094FAA4F2B2FA82F2111D53F82140E3
:100440002146DFE738B50346FFF76FFF0D46044648
:1004500011461846FFF769FF03EBC5050444600029
:1004600068801846FFF761FF014423F8314038BD2A
:1004700038B50346FFF759FF0C46A51A511A03EB8E
:10048000C40405444800608003EBC2006C00448053
:1004900023F8321018461146FFF747FF014423F8AE
:1004A000315038BD38B50546FFF73FFF0C460144D3
:1004B00005EBC1035B88DA070AD42846FFF77EFF05
:1004C00021462846FFF731FF22182846FFF7BAFFDA
:1004D00035F83410611A05EBC1035B88DB070CD4D7
:1004E0002846FFF76BFF35F834102246611A28467C
:1004F000FFF7A8FF35F83430E41A21462846BDE856
:100500003840FFF717BF61B100680439091A21F0BC
:1005100007030344C9085A8822F001025A80FFF7F2
:10052000C1BF704770B5056809B9002070BDAB68E0
:10053000B3EBD10FF9D90B31CC0821462846FFF790
:100540004AFF06460028F0D001462846FFF7EDFE98
:10055000A04207D932192846FFF78AFF11462846DC
:10056000FFF7E8FE05EBC6021046538843F001038F
:1005700053800430DAE72DE9F84301F1FF3919EA35
:10058000010906680F4614460CD04B420B40042B61
:100590001A464F4628BF0422994664B900252846CA
:1005A000BDE8F883042904D8BDE8F8431146FFF7F5
:1005B000B9BF0422F1E7B368B3EBD40FEED904F16D
:1005C0000B013944891AC9083046FFF704FF8046F9
:1005D0000028E3D009F1040505EBC0057B1E354476
:1005E0001D44B5FBF7F57D43A5EB09052C442B1FF6
:1005F00007349B1B24F00704A41BB0EBD30F4FEA76
:10060000D3074FEAE40408D201463A463046FFF7E2
:100610002FFF41463046FFF78DFE39463046FFF743
:1006200084FE3844844207D230462246FFF720FF3A
:1006300021463046FFF77EFE06EBC706738843F07F
:1006400001037380ABE7043A2DE9F041CC1D11445E
:1006500024F0070421F007010E1BF708B7FA87F210
:10066000C2F12405AD004FF000080735C2F12002A9
:10067000ED0804604146A760C4F80C80920004F1C4
:10068000100008F053F86B0043F00103638004EBA3
:10069000C5027B1B5900A4F800805180A21924F8E0
:1006A0003550A2F80280A35304EBC70329465A88A9
:1006B00042F001025A802046BDE8F041FFF73ABE01
:1006C000002070470FB407B504A951F8040B01913D
:1006D000DFF7A8FE03B05DF804EB04B070470FB479
:1006E00007B504A951F8040B0191DFF79BFE03B095
:1006F0005DF804EB04B0704708B5EFF311832023D5
:1007000083F31288BFF36F8F01F08FF9F0B5642384
:100710000546042600200A2769B9F0BD9A42B2FBBB
:10072000F3F40CD2012B0AD048B903FB1422D2B245
:100730000A24B3FBF4F3013EF0D12E70EDE7303420
:1007400005F8014BB2FBF3F4013903FB142201302D
:10075000B3FBF7F3C9B2C0B2D2B2DBB2DCE7A0F1AF
:100760003003DBB2092B02D80B7000207047A0F1D8
:100770006103052B02D85738C3B2F5E7A0F1410356
:10078000052B01D83738F7E76FF0150070470928B7
:1007900004D83030C0B20870002070470F2801D84C
:1007A0005730F7E76FF0150070472DE9F0414E0024
:1007B0000C46711C994203D900263046BDE8F081F1
:1007C0000346551C0719BB4203D1002302F814301D
:1007D000F3E71878691E0009FFF7D9FF002898464B
:1007E000EADB98F80000294600F00F00FFF7CFFF82
:1007F000002803F1010305F10205E4DADCE7F7B5AF
:10080000054601F0010000EB51069E424FEA5107F8
:1008100003D90026304603B0F0BD58B128780DF159
:100820000701FFF79CFF0028F3DB9DF8073002F873
:10083000013B013501351744BA42EBD015F8010CE4
:100840000DF10701FFF78BFF0028E2DB9DF8074061
:100850002401E4B2147015F8020BFFF780FF0028A2
:10086000D7DB9DF807301C4402F8014BE4E703682E
:1008700000220BB9184670478B4210D10B6842B961
:1008800042680360914200D1436000230B60012065
:10089000704713604368994208BF4260F5E71A4603
:1008A0001B68E6E7038B13F0070305D10368002BF1
:1008B0000CBF002003207047022B05D1408BB0FAFB
:1008C00080F0400980007047012B05D10368002BA0
:1008D0000CBF0020052070470020704710B50C4663
:1008E00000B111B96FF0150010BD081D00F0D3F86C
:1008F0000028F9D1A368032BF6D9F3E72DE9F041DD
:100900000D4607461946281D90461E4600F0D7F8AA
:10091000044638B13346424629463846A446BDE827
:10092000F0416047BDE8F08110B4EFF3118220245C
:1009300084F31288BFF36F8F41615DF8044B01218E
:10094000DFF7B8BD38B50C46054658B151B10B6854
:1009500043B14B6833B11C22002107F0E7FE2C6144
:10096000002038BD6FF01500FBE770B505460E4658
:10097000FFF7B4FF041E14DBEFF31182202383F38F
:100980001288BFF36F8F6B8B2C8B4FF6FF718B42EE
:1009900004F0070407D182F31188BFF36F8F6FF063
:1009A0000A04204670BD022C0CD101336B8382F304
:1009B0001188BFF36F8F0023224631462846FFF788
:1009C0009DFFEEE7062C14D8DFE804F004131313A0
:1009D000041A0400002333606B683BB9C5E9006664
:1009E000ACB902212846DFF765FDDAE71E606E60CC
:1009F000F6E782F31188BFF36F8F6FF00404D0E73E
:100A000082F31188BFF36F8F6FF08504C9E782F31B
:100A10001188BFF36F8FC4E710B5EFF31182202365
:100A200083F31288BFF36F8F048B04F00704022C4A
:100A30000AD0012C0CBF6FF004006FF0850082F328
:100A40001188BFF36F8F08E0438B013B9BB2438358
:100A500023B92146DFF72EFD204610BD2046EEE7E4
:100A600038B5A8B1A1B1EFF31185202282F3128825
:100A7000BFF36F8F048BFFF7FAFE30B104F007006D
:100A800085F31188BFF36F8F38BD6FF07700F7E7FC
:100A90006FF01500F8E7034640B1426802F0030228
:100AA000022A06D0032A04D0012A05D06FF01500CF
:100AB00070471A68002AF9D000209860704710B576
:100AC0004268816002F00302022A03464FF00004EC
:100AD00007D0032A02D05C60002001E018685C6047
:100AE00010BD18685C600028F6D0FDF72DFFF3E715
:100AF000704770B406688489806A0D0C16FA81F11B
:100B000005FB041184682468A44670BC60472DE985
:100B1000F0431C46C36A1D686D4289B0064688468C
:100B2000174605F020051CB9204609B0BDE8F08342
:100B3000AC42A14628BFA9464B466A4641463046CC
:100B4000FFF7D7FF0028F0D16B46484502D1241AA1
:100B50008044E8E713F8012BBA4201D10130F4E7F1
:100B60000120E2E70B6803F580330B60C0891A0CA3
:100B7000B0EB134F04BFA3EB02430B60704738B5D3
:100B8000828903680D0C090C04462D04806A02FB5F
:100B9000013100F026FE50B9E26AA3895279294654
:100BA0002046FFF7B4FF002818BF6FF0050038BDDE
:100BB00010B5014604460722FF20DFF717FCE0715D
:100BC00010BD0368012B81BFC91801F1FF315B42E1
:100BD0001940084670472DE9F0410C4605460821AA
:100BE000C06AFFF7EEFF072207462146FF2066880E
:100BF000B4F80480DFF7FAFBE379834208D1A889CF
:100C00004644C01BB04294BF00200120BDE8F081E3
:100C10000020FBE738B505460C46FFF7DCFFA0B126
:100C2000A08898B922884FF6FF739A420DD1E86ADE
:100C30000821FFF7C6FF6288AB899B1AB3FBF0F26D
:100C400002FB1030B0FA80F0400938BD0020FCE70C
:100C5000F7B504460D46C06A0821FFF7B2FF2968C0
:100C6000074608232046FFF744FF0646002836D1F2
:100C70002B683B442B60A28999B2D21B91422ED1A2
:100C80001A0C03BFE28902F1FF3203EB0241A3F524
:100C90008031296008236A462046FFF72AFFE8B919
:100CA000E36A5A796B4613F8011B8A420CD1013072
:100CB0000828F8D1636805E02B68BDF802201B0CFA
:100CC0001B0413442B600AE069462046FFF7A2FF8D
:100CD0000028F1D129462046DFF7FAFC06463046C7
:100CE00003B0F0BD2DE9F043074689B090461E469B
:100CF0001BB9002009B0BDE8F0833C688389080C6B
:100D000014FA81F100FB0314FB6A1D686D42354043
:100D10000CD0B86A83682146D3F804902B46C847A4
:100D20000028E7D1761BE4D02C44A8443246414643
:100D3000684607F0D3FCFD6A2A686979921B0DEBBF
:100D4000060007F0F3FCB86A2B68826821465568F4
:100D50006A46A847CEE710B50A460823416804460C
:100D6000FFF7C0FF08210246E06AFFF72AFF636829
:100D70001B1A6360104610BD13B54FF6FF730022B7
:100D80000446ADF800308DF806308368ADF80420D5
:100D90006846ADF80230FFF70BFF69462046FFF7C3
:100DA000DAFF02B010BD2DE9F04F044695B0C06ADD
:100DB0000821FFF706FF63681B0C1B04054603A907
:100DC00020460393FFF7CEFEDDF80CB0A6895E4403
:100DD000761B06AA0823314620460496FFF789FEB3
:100DE000021EC0F2A980E36A06AA5979002312F80C
:100DF000010B814240F08F800133082BF7D1A368AB
:100E000062682B449A427ED259462046FFF7B7FECD
:100E1000024691E0BDF81A30360C36041E440496A2
:100E200008AA04A92046DDF810A0FFF711FF02462A
:100E3000002840F0818008A92046FFF7CCFE18B9B1
:100E4000019B5345ECD1DAE7636805930AAA05A92B
:100E50002046059EFFF7FCFE024600286CD1BDF837
:100E60002820BDF820309A4227D06268059B9A421C
:100E7000ECD1B245E4D1BDF82430002BE0D0BDF870
:100E800022704FEA1A431B041F4408A8A368ADF858
:100E90002230FFF78DFEE36ABDF824901E6876428B
:100EA00006F02006B9F1000F0ED108A92046FFF781
:100EB00052FF02460028C3D03EE00AA92046FFF7B1
:100EC0008AFE0028D1D0D4E74E45B04628BFC84698
:100ED0000CAA434639462046FFF70BFE024658BB94
:100EE0004346A1680CAA2046FFF7FCFE4146024695
:100EF000E06AFFF766FEA3680344A360E2B9A9EBCA
:100F000008094744CEE72046FFF736FF024600288F
:100F10003FF47AAF10E0731B06A920460193FFF758
:100F200079FE00287FF476AF04A92046DFF7D0FBD6
:100F3000024600283FF474AF104615B0BDE8F08FAC
:100F40002DE9F04F1D4691B0037C029104460092BA
:100F5000002B00F0BD80C26A08211046FFF731FE69
:100F6000294601901046FFF72CFEA389019AA3EBB6
:100F70008203AB420746C0F0AE801DB1009B002B40
:100F800000F0A9806368059306AA05A92046DDF84C
:100F900014A0FFF75DFE064600283DD1BDF81830CD
:100FA000029A934206D06268059B9A42ECD1002DCA
:100FB00038D131E006A92046FFF70DFE0028F2D017
:100FC000BDF81A80BDF81C3055B39D422AD1E36AA2
:100FD000DDF800B01B684FEA1A4A5B424FEA0A4A42
:100FE00003F02003D0440393AA46039B534528BF34
:100FF000534608AA414620469946FFF77AFD002845
:101000004DD14A4608A9584607F098FB50B9BAEBAB
:10101000090AC844CB44E8D1304611B0BDE8F08F8E
:10102000002BF9D0002F3DD1B84604F1140A4FF03F
:10103000FF324FF0FF335046FCF794FAE3899E42AB
:1010400043D0A168626808EB01039A422FD3029B48
:10105000ADF82030FF238DF82630009AADF822102D
:101060002B462046ADF82450FFF73CFE29460746A4
:10107000E06AFFF7A6FDA3680344A36057B908A878
:10108000FFF796FD08A92046FFF765FE002814BF6C
:1010900007462F465046FCF7DDFA3E46BCE7C1DC6A
:1010A0000646B9E7019B1F441FFA87F8BDE72046B3
:1010B000DFF740FB07460028ECD12046FFF773FE20
:1010C00007460028E6D10136B8E76FF01B07E1E7D5
:1010D0006FF00C06A0E76FF015069DE700231A4697
:1010E000FFF72EBF2DE9FF471E46037CBDF8309069
:1010F00004460F469046002B4ED0C06A0821FFF7E9
:1011000060FDA389A3EB4003B34248D3D4F804A005
:10111000CDF804A000254D455146DDF804A00BD9BB
:101120006368534520D1BDF80830BB421CD06FF036
:10113000010004B0BDE8F08702AA01A92046FFF72C
:1011400087FD0028F5D1BDF80830BB4206D102A9C1
:101150002046FFF740FD08B10135ADB26268019B42
:101160009A42D8D15146DEE7BDF80C30002BDED0D4
:10117000A945DCD8BDF80A00090CB3424FEA014189
:1011800028BF3346014442462046FFF7B2FC002800
:10119000CFD1BDF80C00CCE76FF00C00C9E76FF0C1
:1011A0001500C6E713B500240094FFF79BFF02B0BB
:1011B00010BD7047002930B4044618460BDBA56803
:1011C0000844A84207D8E068646821448468246819
:1011D000A44630BC60476FF0150030BC7047002952
:1011E00030B4044618460BDBA5680844A84207D86B
:1011F000E0686468214484686468A44630BC604741
:101200006FF0150030BC70470029034610B410463B
:101210000CDB9C680844A04208D8D8685B68194475
:1012200083689B683BB15DF8044B18476FF015006D
:101230005DF8044B70476FF05700F9E7002903464B
:1012400010B410460ADB9C680844A04206D8D8684F
:101250005B6819445DF8044B00F0C3BA6FF01500E9
:101260005DF8044B704708B5C0688368DB68984731
:10127000006808BDC068704708B5C0688368DB684F
:101280009847407908BD70B54C680368A34201D205
:10129000012070BD8A682244934201D30020F8E700
:1012A000D1E903254E69B54203D36FF00B038B617F
:1012B000F4E71B1B42F835304368086902EBC002B3
:1012C00053600B6901330B61E2E737B50C46C0B2DE
:1012D00001A91546DFF7C0FB00280CDB019850B1CF
:1012E00021462A46DFF7DEFB04460198FFF761FF3F
:1012F000204603B030BD6FF01504F9E743680A6873
:101300009A4297BF4A6800239B18012088BF18465D
:101310004B607047F0B5836885B00446002B3CD025
:10132000D0E90467016A33448B4215D9826993423C
:1013300035D8C06801AA394404F0DDFB002835D156
:10134000DDE90112E06883689B6863B3984768BB76
:10135000236A029A13442362626AA368B3FBF2F51C
:1013600002FB15353DB1206894F82810551B2A461C
:10137000184407F0DBF9A368E06822683E442B4478
:1013800081684D683146A84758B9E369ABB923690C
:10139000A268134423610023A360002001E06FF0E2
:1013A000210005B0F0BD6FF05700FAE70028F8DB28
:1013B000D2E7135CDB4313540130A36822688342F5
:1013C000F7D8E06881680D683146A8470028E8D161
:1013D000E369A1682068324698470028D7D0E0E743
:1013E0002DE9F047894616469846044698B3826828
:1013F0000369134482693344934230D80025D4E909
:101400000170A6EB050A3F1ABA4515D2B54209D2BA
:1014100023685246184409EB050107F05FF9A368F9
:101420005344A360B8F1000F1CD0A068A8B12046B7
:10143000BDE8F047FFF76EBF23683A46184409EB52
:10144000050107F04BF96368A3602046FFF762FFD0
:1014500018B93D44D3E76FF00D00BDE8F0876FF099
:101460000B00FAE74046F8E7006970472DE9FF41B5
:10147000D1F80C80054640461F460C461646DAF762
:101480006BFFBDF82830009380B2CDE901803B4668
:1014900032462146284603F016FA04B0BDE8F08132
:1014A0007047002070472DE9F04300F5017985B0C1
:1014B000054648460F4690461E46FFF7D5FF78B1D1
:1014C0003346424639464846FFF78AFF04463EB354
:1014D000D5F80002FFF76DFE0023C5F800321FE0CB
:1014E000D5F80032986804F02EFA0446D5F80002C8
:1014F000FFF7C0FE8368DB689847D5F80002FFF766
:10150000B9FE214601AA04F0F6FA044640B9DDE925
:101510000112D5F80002FFF791FE04460028CFD053
:10152000204605B0BDE8F08330B5054685B00846D5
:1015300005F50071DFF790FA044698B9D5F8000276
:10154000FFF798FED5F8003202949A6801925B6822
:10155000009301464FF400732A4605F50170DFF74A
:10156000BBFA0446204605B030BD00221146DFF725
:1015700083BB034610B508460AB10021116053B180
:10158000D0B1411E11F8010F80B113F8014BA042F8
:1015900001D13D28F6D100200EE0013313600AE0AE
:1015A0003D2808D0B0FA80F0400905E018782F28CF
:1015B000F6D1002AF1D1012010BD10B509B10023E8
:1015C0000B6058B103461A781C4601332AB13D2AF4
:1015D00003D02F2AF7D101B10B60201A10BD2DE9DD
:1015E000F341DDF82080019007460C4615461E4663
:1015F000B8F1000F07D0D8F8001081B9D8F804E08E
:10160000BEF1000F14D101A93846DFF7C5FB58B170
:10161000C768019833462A462146B84704E001AA24
:10162000FFF7A7FF0028E9D1002002B0BDE8F08154
:10163000D8F80830019808932A4633462146F446E4
:1016400002B0BDE8F041604738B50446154663680E
:10165000934228BF13461A460846216807F03EF811
:1016600063689D42284628BF184638BD0830704739
:1016700010B5134614460A4681880068FFF792FDAC
:10168000A042A8BF204610BD2DE9F04F97B00446F8
:1016900001929A46894600297CD0DAB1BAFA8AF6D4
:1016A0007609258F0135ADB2A84604F1080B6F1EEF
:1016B000BFB2B7F5004F26D04A2303AA3946584691
:1016C000FFF770FD002807DA10F1020F08BFB846D7
:1016D0003D46ECE70126E4E700F158030DEB03007B
:1016E000002300F84C3C03A94846DAF723FE002803
:1016F000EED126B339465846FFF7F0FC002805DA4C
:1017000017B0BDE8F08FBEB30020F9E705F57F51B3
:101710003F3189B25846FFF7E1FC0028F0DB238F08
:10172000BB42F1D12246013B22F8383F4FF4004141
:1017300002235846FFF704FC00EAE070E0E7B846F1
:10174000B8F5404F29D0238F434504F1080515D340
:1017500008F58041019A534689B22846FFF7F0FB0D
:101760000028CDDB002ECFD04846DAF7F5FD4A46FB
:10177000034641462846DDE70126E1E722460223EB
:1017800022F8388F4FF400412846FFF7D9FB002894
:10179000DEDAB5E76FF01500B2E76FF00B00AFE7E8
:1017A00073B5C36B03630446C3B100F1080630464A
:1017B000DEF7ECFF054670B902230DF106024FF487
:1017C00000413046FFF7EEFC0028ACBFBDF8063004
:1017D0004FF400432387284602B070BD6FF0120516
:1017E000F9E72DE9F0418768FB6804460D46164687
:1017F0009847BB682BB1324629462046BDE8F041E8
:1018000018476FF05700BDE8F081012801D1EFF3D0
:101810000583FBF75BBC01460068FFF7F6BF08B520
:10182000DFF73CFCBDE80840DFF75CBC002101208D
:10183000FFF7EBBF61B662B680F31188BFF36F8F1D
:10184000704772B6002383F31188BFF36F8FBFF325
:101850004F8F30BF62B6BFF36F8F704772B60023F1
:1018600083F31188BFF36F8FBFF34F8F20BF80F3D7
:101870001188BFF36F8F62B67047202809D9B0F185
:10188000004F08D80138B0FA80F0C0F11F004000C6
:101890007047082070473E20704708B5E0F722F9EE
:1018A0007047002303824369C3607047416A8968B7
:1018B000E0F7D0B9EFF31182202383F31288BFF34E
:1018C0006F8F00230B60436833B9C0E9001182F3C6
:1018D0001188BFF36F8F704719604160F7E710B54B
:1018E0000346EFF31181202282F31288BFF36F8F3A
:1018F000006828B15C6802681A60A04208BF5A609C
:1019000081F31188BFF36F8F10BD027A013202722A
:101910007047034618465B68002BFBD1704742684E
:1019200010B52AB10B461C465B68002BFBD16260E8
:10193000416010BD10B5044620B90B7A01330B721B
:10194000084610BD034618465B68002BFBD1FFF725
:10195000E6FF2046F5E710B508B14B6843604C68D8
:10196000002308464B60E0F7F3F9204610BD92B221
:1019700081600160C2808280704783680B4403608D
:10198000704703680B6043684B6083688B607047E7
:101990008388026819448180D018704730B48488E5
:1019A0000568A3188380281930BC06F097BE10B5CF
:1019B000838802685C1C8480D154D01810BD838851
:1019C000026830B5D4189D1C8580D154090A617015
:1019D00030BD034600689A88401A11441860998007
:1019E00070478288521A0346828000680844186053
:1019F0007047034600689A88521A01449A80196019
:101A0000704710B503681C880221FFF7EAFF2046E3
:101A100010BD02688068101A70478388C288816888
:101A2000D21A03685B1AD01A704708B500224FF427
:101A300080214FF00050F8F78FF94FF080430122DA
:101A4000C3F80025BFF34F8F20BFFDE703898B420A
:101A50000AD9436803EBC10053F831302BB943680E
:101A6000002B08BF0020704700207047F0B50378B6
:101A700085888779C679CE71002013F0070F08603A
:101A8000C3F3C10308788F7114BF03240124012B11
:101A900028BF012344EAC30320F01F006DBA0343AB
:101AA00052BA0B704A808D80F0BD37B505460C46A2
:101AB0000846FFF7F6FE45F8044B0823204623822C
:101AC00050F80C4F1C44FFF7A8FF00220346009279
:101AD00002212246284606F0BAF803B030BD2DE9AF
:101AE000F04F85B005460E4690461F4605F0BCFEF9
:101AF00020B96FF04C0005B0BDE8F08F00234FF027
:101B000014093B6009FB086934464FF0010A02A939
:101B1000284605F0A6FEDDE90232009368BB2846A0
:101B200005F0CBFE0028E4D00020E4E7A14598BFF3
:101B3000344661688A4214D121680098019206F007
:101B4000FDFD019A68B9237CD3B9D4E90231284656
:101B50009847C0B184F810A03B68013314343B604F
:101B6000D5E714340BF1010BD845DFD1002128460D
:101B700005F0FAFE0028CAD1D1E74FF0000BF3E7D9
:101B80006FF06F00B7E76FF02200B4E720B10128D3
:101B90000CBF0220FF2070470120704702780B78AD
:101BA0009A420FD30CD842784B789A420AD307D87E
:101BB00042884B889A4205D38CBF01200020704791
:101BC000012070474FF0FF3070472DE9F04192B08F
:101BD000FFF7DCFF00284ADB01A9C0B2DEF73CFFBB
:101BE000002846DB019EB46814F0030401D0FFF71F
:101BF00054FE3046FFF740FB4FF00133D6F8088023
:101C000003FB00F7A0450EDC0121019849BB826867
:101C1000FFF714FB48BB00240198FFF7CAFA2046DF
:101C200012B0BDE8F081A8EB0405402DA8BF402507
:101C30002B4602AA21463046FFF7BCFA00280CDBEF
:101C4000AD1002AA0023AB4201D14034DAE752F8CA
:101C5000041BB94203D10133F5E70B21D5E700217D
:101C6000D3E70129D7D00B24D6E70D24D4E70E24DF
:101C7000D5E70A24D3E773B5FFF788FF00280C46A1
:101C800015461E4614DB01A9C0B2DEF7E5FE88B991
:101C9000214633462A460198FFF78CFA04460198FC
:101CA000FFF787FA002C18BF0B24204602B070BD46
:101CB0000E24FAE70A24F8E737B5FFF767FF002894
:101CC0000D460FDB01A9C0B2DEF7C6FE044658B9C7
:101CD0000198FFF7D1FA28700198FFF76AFA2046B9
:101CE00003B030BD0E24FAE70A24F8E770B50646C3
:101CF0000C4600F03EF80546304603F0F1FD034681
:101D0000013B85F00100032B0CD8DFE803F0080647
:101D10000902022304B1237070BD0123FAE72846AB
:101D20000023F7E74FF0FF30F6E773B5461005469E
:101D3000304600F01EF8002304460DF1070130463E
:101D40008DF80730FFF7D2FF854204D19DF80730A8
:101D5000013B012B09D9844202D09DF8073023B101
:101D6000631B5842584102B070BD0120FBE7704729
:101D70007047002070470020704770B5054688B056
:101D80000E46002400236A4631462046E0F7DEFC7A
:101D900028B920222946684606F0D0FC10B124B1AB
:101DA0004FF0FF34204608B070BD0124EAE700235D
:101DB00001461A461846E0F7C9BC042804D8022890
:101DC00007D808D00120704706280CBF0520012045
:101DD0007047052070470320704708B50020DEF7E4
:101DE00053FB70B5BCB0044600F1100517AE0022DD
:101DF00000232846FBF77EFC014608B93CB070BDC5
:101E000003AB6846CDE900460293E0F733F8EEE70E
:101E1000DFF79EBF70B505460E46E0F7B3FE0446F9
:101E200018B1336B1BB129469847204670BDEA7A3A
:101E300005F11801183006F051FCF6E710B504461C
:101E400040B14B6B0BB1183098472046BDE81040AD
:101E5000DFF77EBF10BD0023C363A0F8403070479A
:101E6000C36B13B1B0F8400070476FF015007047B6
:101E7000F8B5C36B04460F46164603BB072A25D99F
:101E80004D886DBA0835B2F5C07FADB221D8B5F531
:101E9000C07F1ED8AA4216D8E0F774FEE063D8B11E
:101EA000A4F84050E06B324639460C30FFF776FD1F
:101EB000B4F840309B1B98B2A4F84000F8BDB0F8CD
:101EC00040309342EED26FF08A00F7E76FF03C00AB
:101ED000F4E76FF03E00F1E76FF00B00EEE738B586
:101EE0000B46C16B044661B1B0F8405005B15BB11F
:101EF0002046E0F765FE0023A4F84030E36328465F
:101F000038BD6FF01505FAE76FF03C05F7E710B53F
:101F10000446C06B30B1FFF77BFF0020A4F84000FF
:101F2000E06310BD6FF01500FBE7C06B00B1183027
:101F30007047036813B100230360037170478B6916
:101F400013B183610B7F03770020704710B50446FF
:101F5000084659B1E0F780FE40B1A3698B4206D133
:101F600090F86930227F9B1A5842584110BD0120D9
:101F7000FCE708B5806918B102F034FD033880B27F
:101F800008BD08B5E0F768FE20B1BDE808406C3038
:101F9000FBF7E2BB08BD30B585B014460A888B78E4
:101FA000ADF8002005460D2200210DF103008DF84B
:101FB000023006F0BBFB6A4669462846F2F7B2FFDC
:101FC00028B9BDF800209DF802302280A37005B02A
:101FD00030BD13B50C4601AA0331FFF7DCFF48B949
:101FE000032201A9204606F0A9FBB0FA80F04009BF
:101FF00002B010BD0020FBE770B5CE1C05460C46B4
:1020000030460321F2F78CFF60B9637903F03F0398
:1020100043F040036371224631462846BDE87040D4
:10202000FFF7B9BF70BD70B50D4600210446FFF73C
:10203000C4FA0D2818D1237B302B13D0312B13D1A8
:10204000012305F8063B04F10C062A46204601232D
:1020500002210234FEF7D3FBB44205F1FF35F4D17F
:10206000002070BD0023ECE76FF01500F9E7DEF704
:102070003FBF0020704710B50C46017822788A4295
:102080008AB00FD06946E1F701F905A92046E1F7CA
:10209000FDF810220DF115010DF1010006F04EFBC7
:1020A0000AB010BD012A06D0022A07D072B94088B2
:1020B0006388C01AF4E740686368FAE71022611C7D
:1020C00001300AB0BDE8104006F038BB6FF01500D3
:1020D000E6E7042A0AD0102A0DD0022A4FF00003A6
:1020E00015D103700B8843800120704701230370D2
:1020F0000B684360F8E7022300F8013B01F110038D
:1021000051F8042B40F8042B9942F9D1ECE718461A
:102110007047012310B50621044600F8013BF2F791
:10212000FFFE18B9A37963F03F03A37110BD0B68DC
:1021300003608B8883808B798371037823F002039B
:10214000037070470078C0F34000704738B504460C
:10215000807ADFF755FD6169054649B1637ADB078F
:1021600004D4436A1B6820469B6898470023636138
:1021700021462846BDE8384005F05DBF2DE9F04115
:1021800001F10C080C46054600F10C0140461746CB
:102190001E46FFF7F6FB4046FFF73BFC012310FA13
:1021A00087F068826B722F8239464046FFF719FC30
:1021B000E3687360628A0023E36072816382346043
:1021C0002846BDE8F08138B5D1E90032DA600B6805
:1021D0004A895A820C4605460868DFF7B9FD204651
:1021E0001022002106F0A2FA2846BDE83840FFF789
:1021F000ADBF438A23B9C068B0FA80F04009704788
:10220000002070477047D0F8A03083B15A7BD107C7
:102210000DD5D2060DD51B7B102B14BF0323042331
:102220004372807A98428CBF0020012070470223BD
:10223000F6E70323F4E70F2807D80D280BD8052865
:1022400008BF032018BF02207047132803D01A28A4
:1022500008BF0120F6E70120704710B50346BFF321
:102260005B8F53E8000F40EA010243E80024002C92
:10227000F7D1BFF35B8F10BD0B4601461878E1F72D
:1022800081B838B5C3681D78B3F8010065B90F216E
:10229000E3F79EF8044638B12946E3F70FF82046E5
:1022A000BDE83840E2F7E0BF38BD08B5C36801219A
:1022B000B3F80100E3F78CF818B1BDE80840E2F785
:1022C000D3BF08BD08B5C36801211888E3F780F8BB
:1022D00018B1BDE80840E2F7C7BF08BD01210C30C6
:1022E000FFF787BB38B5C5680121B5F80100E3F7F2
:1022F0006FF8044698B12B783BB9D5F80330C0F895
:102300009530D5F80730C0F89930201D4FF40031D2
:10231000FFF7A3FF2046BDE83840E2F7A5BF38BD70
:1023200030B402EBC303044608469A4201D130BCE4
:102330007047114611F8085BA54206D1018A53780F
:102340009942F4D330BC536818470A46EDE7BFF30F
:102350005B8F50E8003F0B4040E80032002AF8D184
:10236000BFF35B8F704710B5E2F786F96FF080011D
:102370001030FFF7ECFF0020E1F770F8044648B199
:102380003C2303730021E2F799FF2046BDE810408B
:10239000E2F76ABF10BDC0F307231070000E537040
:1023A000D0700023C1F30720090E93701371507190
:1023B0009371D17170472DE9F843C7683A780123CA
:1023C00003EB8203028A93423FD9BDE8F88307EB0F
:1023D00085030F21B3F80100B3F80360E2F7F8FFBB
:1023E000044660B100F1C00836B12046E2F73AFE7B
:1023F000FBF7B2F963693BB92046E2F735FF0135D7
:102400003B789D42E3DBE0E7A1691A6862618B4299
:1024100008BFA261C3F80090226A9AB9C4E90733E1
:10242000BFF35B8F58E8003F013B48E80032002AC9
:10243000F8D1BFF35B8F00212046013EE2F71EFE7C
:10244000B6B2D1E713602362EAE70025A946D7E7D1
:1024500073B5C5680121B5F80100E2F7B9FF04467C
:1024600000284ED02B781A2B00F1040619D1C3781E
:10247000012B2AD14FF480413046FFF7EEFE420493
:102480000FD4D4F8883000936946D4F89030019383
:102490002046E3F791FC204602B0BDE87040E2F729
:1024A000E3BE2B788BB9B5F80330A4F88630B5F8C5
:1024B0000530A4F88C30B5F80730A4F88E306FF4EE
:1024C00080513046FFF743FF17E0BFF35B8F63682F
:1024D000BFF35B8FDB04F2D52B78202BEFD194F880
:1024E0009430002BEBD0013B84F894304FF4203231
:1024F000002304F14000FBF7B1FB2046E3F7BAF8F4
:10250000C9E702B070BD01207047817670477047FF
:1025100010B503884288934219D8052B17D9B2F514
:10252000486F14D88388B3F5FA7F10D2C088A0F121
:102530000A0189B240F67644A14208D801339BB221
:102540005343B3EB800F34BF0120002010BD0020A7
:10255000FCE738B5C3680F21B3F801001D78E2F736
:1025600037FF044620B365B12846E1F715F929463F
:1025700002462046E3F70AFA2046BDE83840E2F773
:1025800073BE8378012BEFD103F064F82046FFF788
:102590003AFE0028E8D10520E1F7FEF805210246C1
:1025A0002046E3F7F3F90521204600F049FDE3E773
:1025B00038BD70B5C6680F21B6F801003578E2F76E
:1025C00007FF044688B34DB12846E1F7E5F82946F0
:1025D00002462046E3F7DAF9204603E0F378C27AB0
:1025E0009A4203D1BDE87040E2F73EBE8278C372E2
:1025F000012A05D00020E1F7CFF800210246E8E7E4
:102600000BB103F027F82046FFF7FDFD0028F1D1BC
:102610000520E1F7C1F8052102462046E3F7B6F9A7
:102620000521204600F00CFDD6E770BD0020704764
:1026300008B5E6F725FE18B1C089003818BF01209B
:1026400008BDF0B5C5682F8887B00121B8B2E2F7A0
:10265000BFFE064658B302ACD5F80220D5F80630C6
:1026600001946989009102F08CFE10B3122142F2AC
:102670001A00E1F733F80546B0B112210C30FFF72C
:1026800087F90346224623F8027B06AF144603CCA3
:10269000BC4218605960224603F10803F6D129466E
:1026A00042F21A00E1F734F93046E2F7DDFD07B0F7
:1026B000F0BD022142F21B00E1F710F804460028A9
:1026C000F2D002210C30FFF763F92146078042F275
:1026D0001B00E7E770B506460D4642F221000321D4
:1026E000E0F7FCFF044660B103210C30FFF750F91E
:1026F00006808570214642F22100BDE87040E1F776
:1027000007B970BD73B5C368D9789A781E8842EA54
:102710000122ADF8002059791A7942EA0122ADF878
:102720000220D9799A7942EA0122ADF804201A7A76
:102730005B7AB4B242EA032301212046ADF80630A9
:10274000E2F746FE054628B902212046FFF7C2FF00
:1027500002B070BD6946E2F7D7FF38B91E212046A6
:10276000FFF7B8FF2846E2F77FFDF1E70E2142F2BE
:102770002000E0F7B3FF04460028F3D00E210C3010
:10278000FFF706F900230680C0F80A30BDF80030D4
:102790004380BDF802308380BDF80430C380BDF8AB
:1027A00006300381214642F22000E1F7B1F8D9E773
:1027B00073B506460D4601AA002142F22F00E1F74B
:1027C00023F9044648B90198C368B3F80120328060
:1027D000B3F803302B80DFF7BBFA204602B070BDA0
:1027E00070B506460D4640F206400321E0F776FF3D
:1027F000044668B103210C30FFF7CAF806808570E3
:1028000021460022BDE8704040F20640E1F7FCB8E6
:102810006FF0680070BDC06803781BB13C2B03D11A
:10282000FFF7A1BDE1F73CBA704738B50221054674
:1028300042F21600E0F752FF044668B102210C3064
:10284000FFF7A6F82B88038021460022BDE8384018
:1028500042F21600E1F7D8B86FF0680038BDF8B55D
:1028600007460E4642F2220006211546E0F736FFE3
:10287000044678B106210C30FFF78AF83B880380C4
:102880004680858021460022BDE8F84042F22200C1
:10289000E1F7BAB86FF06800F8BD2DE9F04781465E
:1028A000884642F2320007219DF820A017461E46B6
:1028B000E0F714FF0546A0B107210C30FFF768F8D8
:1028C000B9F80030038080F80280C7700671A0F864
:1028D00005A029460022BDE8F04742F23200E1F7A8
:1028E00093B86FF06800BDE8F08708B500200021BC
:1028F000E1F732F818B1BDE80840E1F703B8BDE8E8
:102900000840E2F7D9BD033138B5C9B205460E20FB
:10291000E1F7FEFA032104460C30FFF739F80123F2
:102920000370A0F80150204638BD70B505460E462C
:102930000F200421E1F7ECFA042104460C30FFF7E4
:1029400027F80122067042704580204670BD08B508
:10295000072205F0F3FEB0FA80F0400908BD0B68CD
:1029600003608B8883808B7983717047BFF35B8FA3
:102970000068BFF35B8F7047F8B50F46144630BB55
:10298000272142F22700E0F7A9FE054610B32721D0
:102990000C30FEF7FDFF3946FFF7E1FF0646224601
:1029A000C31D04F1100152F8040B43F8040B8A42D2
:1029B000F9D11022002106F1170005F0B7FE2946D3
:1029C0000022BDE8F84042F22700E1F71DB86FF0A1
:1029D0001500F8BD6FF06800FBE7037A5B0702465D
:1029E00005D501462A3211F8010BFFF7C5BF704724
:1029F00038B50121054642F22D00E0F76FFE04468E
:102A000058B129460C30FEF7D2FF21460022BDE81E
:102A1000384042F22D00E0F7F7BF6FF0680038BD94
:102A200010B400F11003BFF35B8F53E8002F22F4C2
:102A3000004143E80014002CF7D1BFF35B8F13046F
:102A400004D55DF8044B012100F0D3B95DF8044BC7
:102A500070472DE9F041D1F8048086B004460D4658
:102A6000B8F1000F1DD1037A5B071AD50E68411C1F
:102A7000701CFFF76CFF2A3616224146074668464F
:102A800005F054FE10226946304605F057FE30B17D
:102A9000102204F12A01304605F050FE00B107B1C2
:102AA0006C6006B0BDE8F08100F1100208B5034685
:102AB0001046FFF75BFF010611D5BFF35B8F52E8AD
:102AC000000F40F4004042E800010029F7D1BFF3B5
:102AD0005B8F18460021BDE8084000F08AB908BDA8
:102AE00010B50C4630B919B1E6F776FB00B1441CBD
:102AF000204610BD0024FBE718B111B10846E1F7EC
:102B00007FBA6FF01500704713B5044680B10621F7
:102B10006846F2F705FA48B99DF80530694603F0B2
:102B20003F0320468DF80530FFF7E6FF02B010BDE9
:102B30006FF01500FAE7003818BF01207047037ADC
:102B4000D90704D523F001030372E1F7AFBA99075F
:102B500004D523F002030372E1F73EBB7047002067
:102B60007047034610F4004F0CBF07200620DA031D
:102B700048BF00F005009B0348BF00F0FB00704712
:102B8000BFF35B8F0068BFF35B8F704710B50346E0
:102B9000BFF35B8F53E8000F00EA010243E8002413
:102BA000002CF7D1BFF35B8F10BD2DE9F74F0C461A
:102BB000202100909246E0F791FD0546002850D074
:102BC00020210C30FEF7E4FE20220021814605F092
:102BD000ADFD09F1010B04EBCA0A0026D4F8008010
:102BE0000023626893420CD30834A245F6D10098C2
:102BF00089F800600022294603B0BDE8F04FE0F7F5
:102C000003BF98F8012098F800C0B01C11181F29C4
:102C100008D9BCF1090FC0F11F021AD1002A18DD32
:102C20004FF0080CD7B2791C0BF80610711CC9B212
:102C30005BFA80F00BF801C0D8F80410019302375A
:102C400005F04CFD019B3744FEB2013308F1080842
:102C5000C7E72846DFF77CF86FF0150003B0BDE842
:102C6000F08F6FF06800F9E7012310B403FA01F167
:102C700004466AB1BFF35B8F54E8003F0B4344E85E
:102C80000032002AF8D1BFF35B8F5DF8044B704728
:102C90005DF8044BC943FFF779BF2DE9F04F87B0CA
:102CA00005469DF84860DDF840909DF844A00C462C
:102CB00090460021102202A81F4605F037FDEEB90C
:102CC000CDE90248012202A942F20800FFF76DFF98
:102CD000044678B9BAF1000F3ED11035BFF35B8FCF
:102CE00055E8003F43F0040345E80032002AF7D1DD
:102CF000BFF35B8F204607B0BDE8F08FE0F7FEFD25
:102D00008346E4B937BB5846D9F726FB0923012E81
:102D1000CDE901B48DF800308DF80100CDF80C80BC
:102D2000D0D1CDF810D005960222CCE714F833208C
:102D3000083A012A25D901339845F7D1E2E7002363
:102D4000FAE717F83320083A012A1AD901339945CE
:102D5000F7D1D8E70023FAE7022E4FF0010208BFAF
:102D6000059202A908BF324642F2090008BFCDF819
:102D700010D0CDE90279FFF718FF0028ADD0044646
:102D8000B8E76FF01504B5E7436813F008000AD000
:102D90005A0307D403F4C063B3F5806F14BF022055
:102DA000012070470120704770B5064686B00D4679
:102DB00042F20A000121E0F791FC0446B0B10C3068
:102DC00095B10121FEF7F3FD06F1100203A920469B
:102DD00000950723E0F770FC0022214642F20A002A
:102DE000E0F712FE06B070BD2946EBE76FF0680011
:102DF000F8E7FFF7D9BF183005F025BAE1F7A4BD11
:102E00000368D90444BF43F48063036003689A04F1
:102E100044BF43F400630360704701F120030138AD
:102E200013F8012D00F8012F8B42F9D170470023D0
:102E30000B60436813B9C0E9001170471960416025
:102E40007047D0F8B000003818BF0120704708461E
:102E500089691160C2691A60C27A0021183005F0D0
:102E600065BCBFF35B8F0068BFF35B8F704710B525
:102E70000346BFF35B8F53E8000F40EA010243E8CB
:102E80000024002CF7D1BFF35B8F10BD73B504464F
:102E9000CDE900320D4622B9D0F8A8606B4601AAF0
:102EA000B0472846DEF754FF019B23B100996FF02D
:102EB0006D022046984702B070BD2438E2F7A2B8F0
:102EC000036800220BB9184670478B4210D10B687B
:102ED00042B942680360914200D1436000230B6015
:102EE0000120704713604368994208BF4260F5E7CC
:102EF0001A461B68E6E710B50446006918B1DEF70C
:102F000027FF0023236110BD70B50D460121164631
:102F10000446E2F7B3F800212846FFF7F6FA012E3F
:102F200016D0022E16D1236913B12046FFF7E3FF16
:102F30002846FEF7EAFC20612269138A012B28D873
:102F40002088FFF7E4FA01212846FFF7DEFA07E0C0
:102F5000206918B92046FFF7CEFF01E02E8A26B976
:102F60002846BDE87040DEF7F3BE0C30FEF755FD95
:102F7000864207D921690022204600F094FA0023F6
:102F80002361EDE720692A8AE9680C30FEF706FD27
:102F9000D2E7D26816880436B6B2B342D0D32846F8
:102FA000DEF7D6FE21690B8AB34204D92046BDE87C
:102FB0007040FFF7A0BF0023236120460122BDE837
:102FC000704000F070BA10B5034600F1C802104618
:102FD000FFF747FF80B1BFF35B8F411C52E8004F02
:102FE000844204D142E8001CBCF1000FF6D1BFF3CB
:102FF0005B8FECD1184610BD0346FBE72DE9F84383
:1030000007460E46904600244FF0D009B44203D143
:1030100000231846BDE8F88309FB0470FFF7D3FFCF
:10302000034658B1457B012D02D0073D012D03D841
:103030001A884245EDD01846E2F716F90134E5E763
:1030400010B5437B023B0446062B16D8DFE803F09D
:1030500009041515150B0900017300212046E2F73C
:103060002DF9002010BD0088FFF7BAFB0028F9D128
:10307000637B072BF5D10821F0E76FF07F00F1E7C4
:1030800010B50446D0F8A00028B9207A04F17001E8
:10309000E6F7F6F838B1E278C3892AB913F0210FC0
:1030A00014BF0120002010BD13F0240FF8E738B53D
:1030B000037A8B420446154615D100F170010722B0
:1030C000284605F03BFB80B1E378072243B904F1C1
:1030D0007E01284605F032FBB0FA80F0400938BD89
:1030E00004F17701F5E70020F9E70120F7E708B5DB
:1030F000E2F7B6FB10B1E2F7B7F8012008BD20B146
:103100008378194214BF01200020704708B50321BD
:103110000246FFF7F4FF28B1D07A18B1D2F8A00028
:1031200000B1007B08BD38B50A4603210446FFF70D
:10313000E6FF48B3637B072B29D1130602F07F0516
:103140000BD54FF40041201DFFF791FEA5722046DC
:10315000E5F77CFCA8B9002038BD637AAB42FAD20F
:10316000A37AAB42F7D2BFF35B8F231D53E8001F56
:1031700021F4004143E80012002AF7D1BFF35B8F2E
:10318000E4E7637AA372E7E76FF01500E4E76FF016
:103190007F00E1E708B503210246FFF7B0FF00B169
:1031A000507A08BD08B501210246FFF7A8FF08B113
:1031B00002F1700008BDF8B507460D4642F2130053
:1031C0000E21E0F78BFA0646D0B10E210C30FEF747
:1031D000DFFB0E220446002105F0A8FA3B8823807D
:1031E0002B8863806B88A380AB88E380EB88238186
:1031F00031460022BDE8F84042F21300E0F704BC7B
:103200006FF06800F8BD7047704710B400F14C03D0
:103210000122BFF35B8F53E8001F43E80024002C1A
:10322000F9D1BFF35B8F41B9034653F8482B816452
:10323000D2F8B41031B9C2E92C3300685DF8044B00
:10324000E1F770BF0B60C2F8B430F6E710B5036861
:10325000D3F8B02042B1D3F8B4401168C3F8B0102D
:10326000A24208BFC3F8B4104C300023BFF35B8FF9
:1032700050E8002F40E800310029F9D1BFF35B8FFF
:1032800010BD70B5D0E9003504464BB3D3F8B0207B
:10329000483000216AB1904234D1A26C51BBD3F8BE
:1032A000B410C3F8B020884201D1C3F8B420002381
:1032B000A36404F14C030022BFF35B8F53E8001FAB
:1032C00043E800200028F9D1BFF35B8F04F13006FA
:1032D000236BD3B96B680BB120469847002323605A
:1032E000E3680BB1204698472B6AB3B12046BDE88E
:1032F000704018470A60D3F8B420904208BFC3F862
:10330000B410D4E711461268C4E700220023304607
:10331000FAF7F0F9DEF71CFDDAE770BD38B5406B5F
:1033200030B150F8084904B1083CFFF7AAFF04B9CE
:1033300038BDA5682DB12046083DFFF7A2FF2C46F9
:10334000F7E72046BDE83840FFF79BBF38B5436B31
:103350000D46BBB1184650F8084904B1083C53F873
:10336000043C9B680BB1294698475CB12046A46891
:10337000436824B19B68083C002BF4D1F6E79B68B6
:10338000002BF0D138BDF8B50E4600210746154692
:1033900000234FF480320846E2F790FC044630B137
:1033A00004210C30FEF7F4FA077046704580204681
:1033B000F8BD38B50546006898B1407B072810D1A4
:1033C000087A012810D1C87A07280DD98A61CB6103
:1033D00005F1300004F024FE2846FFF716FF002018
:1033E00038BD6FF07F00FBE76FF01500F8E7406B2A
:1033F00030B1838B8B42A0F1080001D08068F7E7E1
:10340000704710B54AB989B2FFF7F1FF28B1436898
:103410009B6913B1BDE81040184710BD38B50D4683
:103420000521FFF7E4FF00231A462946FFF7C1FFF5
:10343000044610B12846DEF78BFC204638BD38B56F
:103440000B8A032B05460C4621D9042104F10C00FC
:10345000FEF7CFFA238A42889A4218D14178B1B157
:103460000378012B13D0132B11D0022201202D68D9
:10347000FFF789FF044650B102210C30FEF788FAAD
:1034800000230370437021462846FFF7C7FF002042
:1034900038BD406B30B183898B42A0F1080001D068
:1034A0008068F7E7704738B50B8A032B05460C4652
:1034B00004D82046BDE83840DEF74ABC042104F1B8
:1034C0000C00FEF796FA41882846FFF7E2FF002835
:1034D000EFD0436821465B699847EAE770470346A7
:1034E000006828B1596802681A60884208BF5A60AB
:1034F00070470346002003B970471A8A5B6810447E
:10350000F9E710B5D4682378023113B9217001208E
:1035100010BD8B42FBD0038A023B03820020106166
:10352000F6E70620704708B503680A8A1868C96874
:1035300001F043FC002008BD38B5054601F10C0040
:103540000C46FEF75EFA2D68238AE2680146286879
:1035500001F022FC002038BD70B405686A6A52B3DD
:10356000136803B1A83BA2F1A8040022114600E0B1
:10357000A83B844207D0668D648BB14238BF314688
:10358000A24238BF22461C462BB1D3F8A830002BEC
:10359000EED18442EFD1438D408B8B4201D89042D3
:1035A0000BD9824238BF02469942286838BF194673
:1035B00070BCE4F7CBBC1146EDE770BC704773B547
:1035C0001446014605464FF49572206801F00CFA46
:1035D000207500BB237A2068ABB1A3F118025342D7
:1035E00053419B000193638A0093AE68238AE2688B
:1035F0002946B047002808DB238A83420ED10023E6
:103600002375012008E00223ECE710F1FF0F05D33A
:103610004042C0B22075002002B070BD0E20F9E714
:103620001FB5CDE90123002300931A46E3F766FF97
:1036300005B05DF804FB2DE9F04F91B016688046A7
:103640000F46002542F601030068D6F804908DF875
:103650002C500BA91446ADF82E30FEF70CFD0028B7
:1036600000F089804FF42053D8F800008DF82C50DA
:103670000BA9ADF82E30FEF7FEFC38B1A3681BB1E4
:103680005A88BA4200D25F8001200EE06168084685
:10369000FFF72FFF728B738D9A4294BFC0EB02002D
:1036A000C0EB0300032803D8002011B0BDE8F08F61
:1036B0000846FEF72EF905466068FFF71AFF728D7F
:1036C000738B05F10C0B9A4294BFC0EB020AC0EB5E
:1036D000030A5846FEF7A1F9824544D26068FFF715
:1036E00008FF728D738B9A4294BFC0EB0200C0EB4F
:1036F000030070B96368987ADEF782FA002200232B
:10370000FEF7D4F805460028CED001466068FEF7E3
:1037100011F900230093D8F80460102302AA41464F
:103720004846B047061E26DB227CE068B2421ED027
:1037300001460BA8FEF7CDFCE8B1F2B202A906A83B
:10374000FEF7C7FCB8B106A90BA8FEF794FC90B928
:1037500000236374042105F10C00FEF719F9A06041
:103760000780A3688FE75846FEF757F9C1E702A91B
:1037700004F0E4FFEBE70023A36085E7F8B5936866
:10378000166805460F46144663B9506801210C308F
:10379000FEF7FEF8A0602B681B78002B14BF0223F5
:1037A00001230370A3681B78012B03D0022B1FD0C9
:1037B00000201CE02B681B78002BF9D160680421E5
:1037C0000C30FEF7E5F8E06007802A68E36852886D
:1037D0005A806168728D738B088A9A4294BFC0EBDD
:1037E0000200C0EB0300042894BF00200120F8BDB4
:1037F0002B681B78022BDBD1606812210C30FEF79E
:10380000C7F8E06007802B68E268591C0232113368
:1038100051F8040B42F8040B9942F9D16168728D9A
:10382000738B088A9A4294BFC0EB0200C0EB03007E
:103830001228D9E7D0680378043113B90170012048
:1038400070478B42FBD091680B8A0020043B0B82AF
:10385000106170472DE9F04F044685B01046904640
:103860009946FFF746FE638B628D934228BF13464D
:1038700083428B4640F29380636803934046FEF791
:1038800048F84FF0000A06464046FFF732FE628BCA
:10389000638D06F10C079A4294BFC0EB0205C0EBA2
:1038A00003053846FEF7B9F8854217D24046FFF7C0
:1038B00020FE628B638D9A4294BFC0EB0205C0EB81
:1038C00003058DBB98F80A00DEF79AF90022002361
:1038D000FDF7ECFF064630B9574636E03846FEF7AE
:1038E0009CF80546EDE701464046FEF723F84046C2
:1038F000FFF7FFFD628D638B06F10C079A4294BFC0
:10390000C0EB0205C0EB03053846FEF786F885429A
:103910001FD24046FFF7EDFD628D638B9A4294BF44
:10392000C0EB0205C0EB0305F168328ACDF80090C8
:10393000DBF8047003980A44ABB25946B847071E37
:103940000CDABAF1000F18BF5746384605B0BDE88B
:10395000F08F3846FEF761F80546E5E70E9BB3B9F0
:10396000394606F10C00FEF713F84046FFF7C1FD9B
:10397000638D628B934228BF1346B9448342BA4495
:103980001FFA89F9A8D9AF423FF47EAFA4E70F9A96
:103990000E9B3946304698470028E1D19CE7002726
:1039A000D3E70368002203B970478B420FD10B683D
:1039B0003AB942680360914200D1436000230B6032
:1039C000704713604368994208BF4260F6E71A46A1
:1039D0001B68E8E706207047BFF35B8F50E8003FA5
:1039E00043F0080240E800210029F7D1BFF35B8FC4
:1039F000C3F3C000704773B51668054600237068AE
:103A0000137314462946952200F0EEFF207380B907
:103A1000CDE900002946A388A2683046FFF71AFFC7
:103A2000002809DA10F1FF0F26BF4042C0B20E2075
:103A30002073002002B070BD0120FBE72DE9F341A7
:103A4000166807460023706813731446394695229A
:103A500000F0CAFF0546207308BBA068718B728D09
:103A6000038A914294BFC3EB0103C3EB0203012B12
:103A700015DD02210C30FDF78BFFCDE900558046A6
:103A8000A388A26839463046FFF7E4FE031E0ADA2F
:103A900013F1FF0F26BF5B42DBB20E23237300201E
:103AA00002B0BDE8F081A8F800300120F8E72DE968
:103AB000F04104468868FFF71CFD638B628D9342DA
:103AC00028BF134683420D461DD3E165D1F8088017
:103AD00000278F60FAF728FB41462046E2F790FB6B
:103AE000064638B1C5F80880E765FAF731FB30467D
:103AF000BDE8F081618D638B994228BF1946284645
:103B0000E4F7A6FBF1E76FF07906F0E738B5BFF30D
:103B10005B8F0B68BFF35B8FDB07054617D550F84B
:103B2000040CA0B1AB6D93B90430FFF7D8FC044688
:103B300068B10146281FFFF7BAFF002807DA55F8D9
:103B4000043C5A6822609A685C6002B99C6038BD87
:103B50002DE9F041446A07463CB354F8A86906B120
:103B6000A83E00231D4607F1040801E0344616462E
:103B7000E26D9AB905B98BB94046FFF7B0FC05462E
:103B800058B101462046FFF792FF00280DDA7B6806
:103B90002B60BB687D6003B9BD6023462EB1D6F8AB
:103BA000A820002AE2D0A83AE0E7BDE8F08170B58D
:103BB00004460E46002200230846F9F79BFD054601
:103BC00058B101462046E2F71BFB044618B12946CE
:103BD000304604F030FA204670BD6FF00104FAE779
:103BE000F8B50546071F00F1540350F8044CBFF325
:103BF0005B8F53E8001F21F0040143E80012002A04
:103C0000F7D1BFF35B8F04B3AB6D8BB963687BB146
:103C1000201DFFF764FC014606463846FFF747FFC4
:103C2000002812DA63683360A368666003B9A6608F
:103C300005F15C013846FFF7BAFF30B104F10C0121
:103C40003846BDE8F840FFF7B2BFF8BD38B50446C6
:103C50000D46E2F7D5FA30B1294604F16000BDE81F
:103C6000384004F0DDB938BD70B5044601F10C00F0
:103C70000D46FDF7C6FE26682B8AEA6801463068C5
:103C800001F08AF81E2100222046E2F7F7F80146EB
:103C900010B12046FFF7DAFF002070BD2DE9F0419A
:103CA000884617460121042205461E46E2F7E6F83B
:103CB000044670B104210C30FDF76AFE80F80080E4
:103CC000A0F80170C67021462846BDE8F041FFF714
:103CD000BDBFBDE8F08137B50C46054601F10C00CB
:103CE000FDF78FFE228A0192E268009203461322BA
:103CF00012212846E2F78EFB03B030BD37B50C46E3
:103D0000054601F10C00FDF77CFE228A0192E26873
:103D100000920022034611462846E2F77BFB03B0DF
:103D200030BD08B5437B072B01D0002008BD04211E
:103D3000FFF7AFFB0028F8D0BFF35B8F436DBFF3F5
:103D40005B8FDB07F1D550F8040CEFE770B50E463A
:103D50001546FFF7E6FF78B1436A6BB1184650F895
:103D6000A83903B1A83B691C428D448BA24228BFED
:103D70002246914202D93BB9002070BD2A46314605
:103D8000BDE87040E2F77AB8D3F8A84004B1A83C87
:103D900018462346E8E707B5CA6813885288009298
:103DA0000C210D22E2F7CEFC03B05DF804FB07B551
:103DB000CB6800221B8800920A210B22E2F7C2FC8A
:103DC00003B05DF804FBF8B5CB681F88BBB2162BB7
:103DD000044628D90321E2F77DFB064628B30221D9
:103DE0000C30FDF7D5FD00256FF00803037045701A
:103DF00031462046FFF72AFFF72363832368678550
:103E00001B68BFF35B8F043353E8001F41F480311C
:103E100043E80012002AF7D1BFF35B8F2046FFF77B
:103E20009BFB2846F8BD0420FCE70E20FAE7E3F7E9
:103E3000E1BA08B5FFF775FF08B3426A02B3136829
:103E400003B1A83B32F88E0C32F87E2C904228BF8A
:103E5000104643B913E0934228BF1346984238BF37
:103E60001846A1F1A803D3F8A8105A8B5B8D00293E
:103E7000F1D19A4228BF1A46904238BF104608BD79
:103E80001046FCE70A8AC9680023E2F7FBBDFFF78A
:103E9000F9BFFFF7F7BFFFF7F5BFFFF7F3BFFFF776
:103EA000F1BFFFF7EFBFFFF7EDBFFFF7EBBFFFF786
:103EB000E9BFFFF7E7BFFFF7E5BF70B5CE6833880E
:103EC0009AB2162A04460D4606D80022042311464B
:103ED000BDE87040E2F7D6BDF72242834385FFF785
:103EE0003BFB2A8A002331462046F1E770B50546A0
:103EF00050F8043C55F804690446002B32D031B127
:103F0000836D7BB31B7CDA072CD505231DE030467F
:103F1000E4F730F8737A012B24D0A46D14B3237C1A
:103F2000DB071FD5E368002BEFD06269617C284670
:103F3000E1F7A4FF064638B1D4E90512E3689847D3
:103F400050B13046DDF704FF0E230022284611460B
:103F5000BDE87040E2F796BD31462846E2F750F9D9
:103F60000028EED170BD30B5054689B055F8043B48
:103F700004461868FFF716F96946E1F7CDFF2846B1
:103F8000E2F7F4FD60681321FFF75AF809B030BD7D
:103F900010B5044688B054F8783D1868FFF702F968
:103FA0006946E1F7B9FF2046FFF7DDFF08B010BD15
:103FB00070B50E46FFF7B5FE044628B93046DDF76A
:103FC000C7FE6FF07F0070BD00F10C05284631463A
:103FD00004F026F8606A38B150F8A84904B1A83C4A
:103FE0002946FFF7E4FD20B90020ECE71C466FF0FE
:103FF0000100002CF8D0D4F8A83023B90230F5D055
:1040000020461C46ECE7A83BF8E738B505460C46C9
:10401000FAF78AF82846FFF784FE20B9FAF798F8ED
:104020006FF07F0038BD0023236083683BB9C0E98F
:104030000144FFF78DFDFAF78BF80020F2E71C60D2
:104040008460F6E710B50C46FFF76BFE98B1436A43
:104050004BB153F84C2C9169A142A3F1A80309D0AC
:10406000D3F8A830F4E7406828B18369A34202D0AE
:104070000068F9E7104610BD0120704708B5FFF74A
:1040800050FE98B1436A8BB1BFF35B8FA83B03F13D
:10409000580252E8000F20F0080042E80001002911
:1040A000F7D1BFF35B8FD3F8A830ECE708BD08B5B4
:1040B0000421FFF7EEF930B1BFF35B8F406DBFF322
:1040C0005B8FC0F3C00008BD10600020704710B5C2
:1040D000029CA36833B1B1F5807F28BF0E21CAB21C
:1040E00021469847A37DE268013BDBB2A37522B16C
:1040F0001BB92046BDE81040104710BD10609180EC
:1041000000207047B1F5807F009A28BF0E21136808
:10411000C9B21847002070470B6803608B88838002
:104120008B7983717047F0B589B00026BDF838509F
:10413000009617463146192201A81C4604F0F6FAEB
:104140001B2D12D825441C2D12DC22463946684608
:1041500004F0C4FA04F120036B44684603F8206CB1
:10416000DFF7A8FB204609B0F0BD6FF00604F9E7C1
:104170006FF00C04F6E708B5072204F0DFFAB0FA96
:1041800080F0400908BD10B503789342044607D17A
:104190000130FFF7F0FF002814BF2046002010BDBB
:1041A0000020FCE710B50346BFF35B8F53E8000F18
:1041B00040EA010243E80024002CF7D1BFF35B8FF3
:1041C00010BD10B50346BFF35B8F53E8000F00EA44
:1041D000010243E80024002CF7D1BFF35B8F10BD30
:1041E0002DE9F041069D0C4606466FF0040105F1ED
:1041F0001000FFF7E6FFF4B13046E2F779FE014622
:1042000048B3836853B11F68002205F1140C2BB129
:10421000634508D12B463046E2F756FDB4F5807F62
:1042200028BF0E240FE027B138681A463B460746E0
:10423000EDE73846F9E7AB892BB92F6823462246CC
:1042400029463046B8476B682BB12A46E1B2304662
:10425000BDE8F0411847BDE8F08111F1680F01D0C9
:10426000FFF7BEBF7047BFF35B8F0068BFF35B8F84
:10427000704770B50D46064611F8010BE1F7F0FAEC
:10428000044610B12C89E0F7EFFF6B89A34207D0F9
:10429000EB686C8123B121463046BDE87040184779
:1042A00070BD08B502210C30FDF772FB03466FF0BC
:1042B000080200201A70587008BD10B502210C3099
:1042C0001446FDF765FB23890380002010BD10B55F
:1042D00004210C301446FDF75BFB238903806389BE
:1042E0004380002010BD70B51446002500F10C0677
:1042F0006268EBB29A4205F1010501D8002070BD59
:10430000A268304632F81310FDF759FBF0E7FFF7CB
:10431000EABFF7B5089D06462F680C4651B973B938
:10432000002308932A46E1B23046BC4603B0BDE8FC
:10433000F0406047B1F5807F28BF0E24F0E700937E
:1043400013462A46B84708942F6823462A46214632
:10435000EAE7F0B587B00D460C9C114606461A46B2
:104360005DB983B9276800232246E9B23046BC46CE
:104370000C9307B0BDE8F0406047B5F5807F276833
:1043800028BF0E25EFE703A8FDF7F1FABDF81030BE
:10439000012B08D800230093256822461946304691
:1043A000A84707B0F0BD022103A8FDF722FB034692
:1043B000BDF8102033F8027B974228BF17460097BC
:1043C0002568224600213046A847394603A8FDF754
:1043D00010FBDBE738B5BDF81040A24215460CD8FB
:1043E0004CB16BB1A21A8A42A8BF0A4694B22246C7
:1043F000591904F073F9204638BD6FF00600FBE749
:104400006FF00D00F8E730B585B0C96814461D4659
:10441000E2F75AFD00B10089ADF80E0002230093C7
:10442000BDF820200DF10E0329462046FFF7D2FFEC
:1044300005B030BD1FB50C461946E3681C78104620
:10444000BDF818203CB110240133069404B0BDE837
:104450001040FFF7BFBF5B88ADF80E30022300931A
:104460000DF10E03FFF7B6FF04B010BD30B585B0F7
:104470001D46002314468DF80C30E2F703FD10B101
:10448000037A8DF80C3001230093BDF8202003AB94
:1044900029462046FFF79EFF05B030BD2DE9F041CB
:1044A00014461D46BDF81870DFF728FA0646D7F700
:1044B00053FF80B2069033463A4629462046BDE86F
:1044C000F041FFF787BF30B585B014461D46FEF7B3
:1044D000ADF80223ADF80E000093BDF820200DF1D9
:1044E0000E0329462046FFF775FF05B030BD38B5ED
:1044F00000F10C04042120461546FDF749FA2B89EA
:1045000003806B894380E9680B782BB94988204682
:10451000FDF755FA002038BD102201312046FDF785
:104520003DFAF7E710B5E2F72BFC044640B101462F
:1045300011F8010BDEF7D4FD002323606360A36054
:10454000002010BD70B500F1700605463146007AB6
:10455000FEF76EF804463146287A1CB1BDE870407B
:10456000FFF7E0BFE2F70CFC10B104604460846028
:1045700070BD022A10B508D1002300F170011A465F
:10458000007AE2F713FD022010BDFFF7DBFFFAE728
:104590002DE9F04706460D464FF4702000219DF8A6
:1045A00020A0DDF8249090461F46E2F733FA044637
:1045B00088B1456080F811A0C0F81490C760C0F8B9
:1045C00018804A4651463046FFF7C0FB054638B9C9
:1045D0002046E2F747FA6FF00B052846BDE8F08762
:1045E000002211460123E2F751FBA560284642460E
:1045F0004946B847054618B12046E2F733FAECE7DA
:1046000021463046FFF701FD05460028E5D0F3E7D7
:10461000F0B507683D7889B0064614462DBB7B8807
:10462000B3F5245F04D01AD8A3F52053032B1CD86C
:10463000ADF80A1002220DF10A01204602F0A4F999
:1046400048B97B88ADF80A3002220DF10A012046F4
:1046500002F09AF968B16FF01502A26506E003F561
:104660005643FF339BB2042B12D90125284609B0CB
:10467000F0BD009003AA776813233146B847021EA5
:10468000EBDB03A9204602F07FF90028EDD0E2E73A
:10469000ADF80A1002220DF10A01204602F074F969
:1046A0000028D8D17B88ADF80A3002220DF10A012A
:1046B000E8E738B500F10C05022128461446FDF75D
:1046C00067F963890380A1892846FDF778F90421F9
:1046D00004F11000FFF766FD002038BD08B50C306E
:1046E00029B10121FFF75EFDC043084008BD6FF00E
:1046F0000101FFF766FD00F00100F7E710B5044681
:10470000FFF7ECFF38B121460122BDE8104011F857
:10471000010BE2F70FBC10BD2DE9F0411F46BDF8BB
:104720001830012B064690462DD83B44012B3D46C0
:104730002CDCE2F7A7FB044618B9E2F7A3FB04461A
:1047400038B397B1217A98F80020002321FA03F0BA
:10475000C70703D522FA03F0C0071DD50133032B89
:10476000F4D102F007021143217206F17001601CBE
:10477000FFF7D2FC337A237001212046FFF7BEFFFA
:104780002846BDE8F0816FF00605F9E76FF00C05EB
:10479000F6E76FF01005F3E76FF01205F0E770B57C
:1047A00004461546FFF768FC48B12046E2F76AFB6D
:1047B00028B1037ADB0702D50121FFF79FFF85B9F6
:1047C000207A04F17001E2F7DBFA024648B10146B3
:1047D0008560BDE8704011F8010B04230832DEF754
:1047E00071BC70BD2DE9FF41884616461F46044640
:1047F00028B96FF01505284604B0BDE8F08102A97C
:10480000FDF711FC05460028F3D101A92046FCF76D
:10481000D4FE0198D0B902A90020E2F779FA044643
:1048200048B9E2F72FFB044678B3002300F8013BB8
:1048300002A9FFF771FCB8F1000F22D002226946ED
:104840003846B047002808DA0546D4E70A22294648
:10485000FAF7F4F80028DED0CBE79DF80030237299
:10486000022804D000212046FFF748FFC3E79DF847
:1048700001100129F6D801F001012046FFF72EFFB3
:10488000B9E72046E2F76CFCB5E76FF00B05B2E73D
:1048900037B504460D46E2F73BFA024688B1037A83
:1048A0008DF804300C30FFF7DEFC00F001008DF8CD
:1048B0000500022301AA29462046DEF719FC03B0B1
:1048C00030BD0346F7E738B5BDF81010BDF8184005
:1048D000059DA14210461A460CD84CB16DB1631A21
:1048E0009A42A8BF1A4694B22246294403F0F6FE23
:1048F000204638BD6FF00600FBE76FF00D00F8E7CB
:1049000013B5044610B9002002B010BD00238DF885
:104910000430006842F6030301A9ADF80630FDF744
:10492000AAFB0028EFD1E36898880028ECD1204644
:10493000E2F7B4FD013080B2E6E770B5CC6888B02C
:1049400008461E46A3798DF80C301546FFF7D8FFB0
:10495000ADF80D00246823786BB96388ADF80F308B
:1049600005230093BDF8302003AB31462846FFF7FE
:1049700031FD08B070BD631C0DF10F02113453F806
:10498000041B42F8041BA342F9D11323E9E71FB526
:10499000CDE90123002300931A46E2F7AFFD05B0ED
:1049A0005DF804FBE2F798BE1FB50C461946E368B4
:1049B00010461A788DF8082093F901208DF8092007
:1049C0005A88ADF80A201A79DB88ADF80D30072334
:1049D0008DF80C200093BDF8182002ABFFF7FAFC0D
:1049E00004B010BDFFF725BA38B54C8AD307054689
:1049F000C4F30E0404D514F0950F2AD04B6843B3CA
:104A0000900704D514F4957F25D08B681BB3144010
:104A100014F4DE7F0DD0EB7A2BB92846FEF730FB7D
:104A2000D8B9052038BD14F0300F04D114F4C07F7C
:104A300007D10020F6E72846FEF7ACFB0228F5D8A0
:104A4000EFE7D5F8A030002BEBD05B7BDB06E8D599
:104A5000EFE70220E6E70320E4E70F20E2E72DE995
:104A6000F041437B072B86B005460C46174640F0C5
:104A7000848000238DF81430206842F6030305A9D2
:104A8000ADF81630FDF7F7FA90B96668002E74D0CD
:104A90000090012304AA2146B04701286DD19DF85A
:104AA000103013F0300F68D02046E2F7ABFE04461A
:104AB000002320688DF8143005A942F60213ADF8E2
:104AC0001630FDF7D8FA18B12046E2F79BFE0446EF
:104AD000002642F6021820688DF8086002A9ADF899
:104AE0000A80FDF7C8FAF0B9002320688DF8143069
:104AF00005A942F60213ADF81630FDF7BCFA0028FE
:104B00003BD16668002E38D00090022305AA2146CA
:104B10002846B047022830D1BDF814301F4214BFD8
:104B2000012000202AE020688DF80C6042F6030383
:104B300003A9ADF80E30FDF79EFA0028D4D0206806
:104B40008DF810604FF4205304A9ADF81230FDF732
:104B500092FA0028C8D020688DF8146042F601034C
:104B600005A9ADF81630FDF786FA0028BCD020461E
:104B7000E2F748FE04460028ADD1002006B0BDE8AB
:104B8000F081F8B514460F46942261680646FFF797
:104B90002BFF20BB616801223046FFF760FF08B39E
:104BA000A2891B2102323046FFF7D0F80546E0B15A
:104BB000A1890C300231FCF7EBFE20F8027BA289C0
:104BC000A16803F08BFDD4E9041228460123E2F723
:104BD0005DF829463046BDE8F840FFF7E9B94FF0E7
:104BE000FF30F8BD6FF01500FBE76FF00B00F8E742
:104BF0002DE9F74F0C9C804691461D460E4641B963
:104C00006BB9256800230C932246F1B24046AC46AE
:104C100026E0B1F5807F256828BF0E26F2E763689D
:104C2000002B4CD1013D2789B4F80AA0ADB2561C27
:104C30003DB331888AB2002A5CD099F80030D4F8AC
:104C400000B0AB428CBFAB1E023B97429BB201D877
:104C5000924509D200230C9322460E214046DC46A1
:104C600003B0BDE8F04F6047218122460093002148
:104C7000B31C4046D84700283CD099F80030AB42DE
:104C80000BD921464046E3F771F8002832DA0023B9
:104C90000C93256822460E21B8E7238962899A423F
:104CA00005D100230C93256822461946AEE701334F
:104CB000238199F80030ED1AADB21E44B8E7009593
:104CC000134627682246B847A0B1238A013B9D427C
:104CD00003DA0C9625683346E6E763891D4465814F
:104CE00021464046E3F742F8002803DA0C9625688F
:104CF0003346CFE703B0BDE8F08F73B504460D46E9
:104D0000F9F712FA29462046FFF79CF9014620B927
:104D100002B0BDE87040F9F71BBA46682046E1F7DB
:104D200089FFF9F715FA2EB1002300951A460E21D6
:104D30002046B04702B070BD2DE9F8438C680646A6
:104D4000904699461CB3256805B1143D34F80C3CD7
:104D5000434519D1143C07E02C466D692389C5B140
:104D60004345A5F11405F7D1727AA37B9A420BD380
:104D70002768BDF820304A4621463046B84718B962
:104D800021463046E3F738F82C46002DE5D1BDE842
:104D9000F8834345E8D0FAE7F7B50D4604461646D2
:104DA0001F46E2F7A5F8014628B1009733462A4688
:104DB0002046FFF7C1FF03B0F0BDF0B587B0054650
:104DC0000E461746E2F794F8044640B13A4631469B
:104DD00003A8FCF7CCFDBDF81030042B01D807B0B8
:104DE000F0BD042103A8FCF704FEBDF810104688AE
:104DF0000288B142F3D3031D214628460096FFF7EF
:104E00009BFF314603A8FCF7F4FDE4E72DE9F041F0
:104E100005468846E2F736F80446E0B1037ADB0738
:104E200019D500F10C073846FFF71DFA10F00106FE
:104E300011D1B8F1000F0FD06FF002013846FFF723
:104E4000C0F910F0020F284609D0FFF717F9012129
:104E50002046FFF753FC01263046BDE8F081FFF7FE
:104E60000BF90028F8D02846FFF721F90028F3D0E5
:104E70006FF002013846FFF7A4F92846E5E7F8B5D8
:104E800006460F46E1F760FF394604463046FDF717
:104E9000CFFB68B364B304F108056FF00101284645
:104EA000FFF78FF9C20703D539463046E3F79EF87E
:104EB0006FF002012846FFF784F9830703D53946CE
:104EC0003046FFF7E5FC2846FFF7CDF980B92346C9
:104ED00003F8010BC4F80100C3F80300BFF35B8FB4
:104EE00055E8003F45E80002002AF9D1BFF35B8F87
:104EF000F8BD38B5A0F13F05C41E15F8010C2946D0
:104F00000C35FFF7BCFFA542F7D138BD38B50446D4
:104F100059B100F170052946007AE3F767F8207A65
:104F20002946BDE83840FFF7B3BC38BD07207047BD
:104F300008B50621FEF7ADFA00B1EC3808BDBFF3A5
:104F40005B8F0068BFF35B8F084100F00100704782
:104F500010B50346D9B1C88910F0240F17D01A7DB7
:104F60005C7B097BA24228BF2246914201D90020E6
:104F700010BD820604D4187A003818BF0120F7E764
:104F80000521181DFFF7DBFF0028F4D1EFE7012012
:104F9000EEE701238B40DB43BFF35B8F50E8002F2C
:104FA0001A4040E800210029F8D1BFF35B8F704719
:104FB00007207047002370B51A460446EC300D46B2
:104FC000FEF7F7F920B12846BDE87040DCF7C0BE17
:104FD00004F5A0704FF47022BDE870400023F8F78C
:104FE00071BE01238B40BFF35B8F50E8002F1A4343
:104FF00040E800210029F8D1BFF35B8F704708B566
:105000000E21FFF7EEFF002008BD38B505460B4620
:1050100004300D21FFF793FFA0B1DC68D5F8EC3028
:105020000220197A03F1700200F09EFB80B1224643
:1050300000F12A0304F1100152F8040B43F8040BA9
:105040008A42F9D128460921FFF7CBFF002038BD5D
:105050000820FCE770B5051D0E4628460421FFF721
:105060006EFF68B10022002100230846E0F726FE0B
:10507000044640B904212846FFF7B3FF204670BD1F
:105080004FF47022EFE701210C30FCF781FC067031
:10509000F4E738B504210446FFF7DCFF054698B174
:1050A00010210C30FCF774FC04F1270304F13702E3
:1050B00053F8041B40F8041B9342F9D120462946BB
:1050C000FFF778FF002038BD0820FCE72DE9F04706
:1050D00090B004460CAD10220021284603F026FBB8
:1050E000237A052B1ED8DFE803F0060303061D21F3
:1050F000D4F8D8300C93D4F8EC3004F1470204F122
:10510000C707CDE9017204F1370803F17E0204F10B
:105110002709009277334A46414604F19700E4F7A5
:1051200061F998B1082010B0BDE8F087D4F8E430F8
:10513000002BE0D02E4603F110071868596832465C
:1051400003C20833BB421646F7D1D4E7D4F8EC309B
:1051500003F177027E3308AE019304F1110302924A
:10516000009303962B4642464946384600F068FBBA
:105170000028D7D1237A052B0FD1D4F8E0100029CD
:1051800048D00B46AC4601F1100E186859686246CB
:1051900003C2083373459446F7D1D4F8EC3003F1D9
:1051A0007E0277330DF1100A019304F10A03029293
:1051B0000093CDF80CA02B464A464146384600F0F5
:1051C0003FFB0028AED11022514604F1B70003F096
:1051D000B5FA20BB0D212046FFF73CFF074600280B
:1051E000A0D010210C30FCF7D3FB32460346164604
:1051F00003CEAE4218605960324603F10803F6D17F
:1052000039462046FFF7D6FE201D0121FFF7E9FEB3
:10521000002088E71022284603F088FABDE70B201B
:1052200081E770B5D0F8EC30DB78012B044619D15A
:10523000CD68061D10213046FFF7ABFE2B4604F16A
:10524000B70205F1100153F8040B42F8040B8B422E
:10525000F9D107213046FFF772FE28B10921304607
:10526000FFF7BFFE002070BD0A213046FFF767FE42
:105270000028F3D12046BDE87040FFF727BF70B586
:10528000061DCD6804460B213046FFF782FE2B46F3
:1052900004F1170205F1100153F8040B42F8040B56
:1052A0008B42F9D1237A012B09D0022B13D120464E
:1052B0000421FFF796FEBDE87040E3F715B90A2117
:1052C0003046FFF73CFE0028F1D030460021FFF7C2
:1052D00088FE002070BD0820FCE7072070470720EB
:1052E00070470720704730B5012303FA01F1CA4324
:1052F000BFF35B8F50E8003F03EA020440E800453B
:10530000002DF7D1BFF35B8F194214BF012000209D
:1053100030BD70B500F1700604460D4607220968DD
:10532000304603F00BFA40B96B681A6822679A8816
:10533000A4F874209B7984F8763070BD38B50446A3
:10534000031D0025BFF35B8F53E8002F43E8005196
:105350000029F9D1BFF35B8F04F5A07002F073FF51
:105360002572BFF35B8F54E8003F44E80052002AE7
:10537000F9D1BFF35B8F20460121BDE83840FFF72C
:1053800030BE2DE9F84FDDF82C80BDF8289004469A
:1053900092461F46FFF7CCFD054600285AD0061D51
:1053A000B9F1000F27D15AEA070324D1032130466F
:1053B000FFF7C5FDD0B301213046FFF7C0FDA8B30C
:1053C0002C7D6B7B9C4228BF1C46224605F1470181
:1053D000404603F083F90F2C06D8C4F110020021D7
:1053E00008EB040003F0A2F930460121FFF7F9FDB4
:1053F0000120BDE8F88FD4F8A030F3B904F1700BA8
:10540000217A5A462020E3F7C3FEC4F8A00030B941
:10541000217A5A460120E3F7BBFEC4F8A000B9F197
:10542000000F0AD15AEA070704D006E0D4F8A030EA
:10543000002BE3D0D4F8A01071B90F213046FFF74C
:105440007EFD20B1022206212046E0F79FFA284681
:10545000FFF774FF0020CCE7CB899B06EDD50C7BD2
:105460001A312246B4E76FF085007047F8B5031D86
:1054700006460F4618460221FFF761FD044620B19B
:10548000B6F8E840B4FA84F4640903211846FFF73B
:1054900056FD58B139463046E3F79CFB052194B1DF
:1054A000D6F8EC00FDF7CCFD0020F8BD0121184630
:1054B000FFF745FD0028EDD10F211846FFF73FFD0E
:1054C0000028E7D1EAE73046FFF7C4FD054688B17A
:1054D00001210C30FCF75CFA23460770224629466E
:1054E00006F1EC00FDF765FF0028DDD02846DCF76B
:1054F0002FFCD9E76FF06800D7E770B504460820A5
:10550000E2F7C2FE0546E0B1061D08213046FFF76E
:1055100040FDBCB30721FFF73CFD234605F1970290
:1055200004F1200153F8040B42F8040B8B42F9D12B
:105530000A213046FFF703FD70B109213046FFF71D
:1055400050FD0720E2F7A0FE0446E8B1E2F7EEFEC8
:105550000146C8B1204612E010213046FFF7EFFCAB
:1055600009210028EAD13046FFF7E9FC0028E8D0FD
:105570002846FFF7ABFD01460028E2D02846FFF79A
:1055800075FFDEE70B21F9E770BD2DE9F0410E460E
:105590000446D0F8EC80E2F785FEF768261D054644
:1055A0000A213046FFF79FFE38B16DB920463978A1
:1055B000E3F710FB0020BDE8F0810B213046FFF738
:1055C00092FE0028F1D1F1E76B69002BEED0404646
:1055D0009847EBE770B50446A0F1EC0650F8543B51
:1055E000E83CD3F8A05002F02EFE03212046FFF73E
:1055F000A6FCA0B108213046E3F7ECFA3DB1EB89F7
:1056000013B16B7B9B0702D5284600F0C1F83046EA
:105610004FF4BC72BDE87040002103F087B801214F
:105620002046FFF78CFC0028E4D10F212046FFF72D
:1056300086FC0028DED1E1E710B508210446A0F57C
:10564000A070E3F7C7FAA4F59E700421BDE81040EE
:10565000FFF7C7BC70B50446FFF76AFC0546002893
:1056600063D0061D03213046FFF769FC00285CD09B
:10567000D4F8A00008B100F08BF8207A04F1700192
:10568000E3F7B6FCC4F8A00028B928460821BDE815
:105690007040FFF7EBBE0E213046FFF750FC28B1FB
:1056A000D4F8A020537B43F0020353732A7AD4F832
:1056B000A010032A4B7B39D8002A3ED0D4F8A02072
:1056C000537B43F0010353732B7D697BD4F8A020F7
:1056D0008B4228BF0B46137305213046FFF72FFC82
:1056E000D4F8A0305A7B88B342F010025A730D21CF
:1056F0003046FFF724FCC0B1D4F8A000202100F010
:1057000043F8D4F8A03005F147021A33573552F860
:10571000041B43F8041BAA42F9D1D4F8A0200023AB
:1057200013615361D4F8A020138370BD053A012A98
:1057300003D843F020034B73C0E723F020034B73DF
:10574000D4F8A020537B23F00103BCE722F0100221
:105750005A73EAE708B5072202F0F0FFB0FA80F0CA
:10576000400908BDDEF7A2BC70B504460D461646DA
:10577000E3F70EFD38B931462846E3F739FC10B19E
:10578000C3891C43C48170BDC3891943C18170475B
:1057900010B5037A5B07044601D5DEF71DFD2146EF
:1057A00011F8010BDDF742FD20464422BDE8104010
:1057B000002102F0BBBF01460246382311F8010B5D
:1057C0000C32DDF725BD531E1944024411F801398E
:1057D00000F8013B9042F9D1704710B5431E00F12B
:1057E0001002073013F8011F12F8014D1C7083429C
:1057F0001170F7D110BDF0B597B014460E462022B7
:10580000014605A81D461C9FFFF7DDFF20223146FB
:105810000DA8FFF7D8FF2146102201A88DF854509B
:10582000FFF7D1FF3B46412205A901A8E3F770FE2F
:10583000044610B93846FFF7D0FF204617B0F0BD38
:105840002DE9F04397B00446164605A810221D46E0
:10585000DDE91F98219FFFF7B6FF1022314609A806
:10586000FFF7B1FF102229460DA8FFF7ACFF1E99E4
:10587000032211A8FFF7A7FF4946D9F8010011F844
:10588000013B8DF8473012908B88ADF84C300622E2
:1058900012A8FFF798FF4146062211F8013B8DF848
:1058A0004E30D8F80130CDF84F300DF14F008B88D5
:1058B000ADF85330FFF787FF2146102201A8FFF70C
:1058C00082FF3B46412205A901A8E3F721FE0446D9
:1058D00010B93846FFF781FF204617B0BDE8F083C6
:1058E000F7F772BB1FB5012001A9DBF7B5F818B1B6
:1058F000002005B05DF804FB019802A9F7F70EFB44
:105900000028F5D19DF80830032B05D09DF80B0039
:10591000431E58425841ECE70120EAE713B5012045
:1059200001A9DBF799F858B901220198114601F055
:1059300064FD04460198FBF73CFC204602B010BD14
:105940006FF00404F9E72038704710B403460838B4
:10595000BFF35B8F50E8002F511C40E80014002C6F
:10596000F8D1BFF35B8F1AB95DF8044BF2F7F2BAC6
:105970006FF00F025DF8044B9A6670470369C9B275
:105980000C2201FB0233186C00F00700704770B561
:10599000C9B20369EFF31185202484F31288BFF3A1
:1059A0006F8F0C2606FB0134246C14F0C00408D061
:1059B000A24206D085F31188BFF36F8F4FF0FF30FE
:1059C00070BD06FB013301221A6485F31188BFF311
:1059D0006F8F436803EBC1035B6898470020EFE7D4
:1059E0008022FFF7D4BFF8B5069F0469C9B2EFF370
:1059F0001186202585F31288BFF36F8F0C2505FBD8
:105A00000144256C05F0070CBCF1010F0CD1276493
:105A100086F31188BFF36F8FC4E90E23436853F8F0
:105A2000313098470020F8BD05F0C005AF4286F33D
:105A30001188BFF36F8F0CBF6FF077004FF0FF300E
:105A4000F1E713B580240094FFF7CDFF02B010BD3D
:105A500010B40069CBB21C2403FB040000215DF8E4
:105A6000044B10470020F4F703BA1046F7F774BE52
:105A700008B5F2F7EDFEBDE80840002000F09FB940
:105A8000F2F736BE0020704708461146DEF774B8BC
:105A90002DE9F3411C469046002382682360A360F1
:105AA00053690D4601AA69469847019B5A1E019207
:105AB00023B96FF0150002B0BDE8F0810098A2682C
:105AC00047682168676085B9A8EB02030668B3429E
:105AD00028BF33461A4403FB07112160A260026805
:105AE0009A4206D808300090DFE76B1AB3FBF7F351
:105AF000ECE70020DFE713460022FFF7C9BF2DE9DE
:105B0000F047836886B05B698846914601A902AA7E
:105B100098470024A2462546029BAB4202D806B015
:105B2000BDE8F087019F07EBC50700267B6804935B
:105B30003A68B2420AEB060302D801359A46EBE70F
:105B400003940593494603A8C0470028E7D0049B67
:105B500001361C44ECE710B50C4600F0B2F9002306
:105B6000C4E90003184610BD38B505460C4600F0E0
:105B7000A8F9002D07DBA84205D9401B84428CBF41
:105B80000020012038BD0020FCE770B50D462846F6
:105B9000194616461C46FFF7E7FF38B124B12246E6
:105BA0002946304602F09AFD002070BD6FF01500C6
:105BB000FBE743685B68D3F810350B600020704743
:105BC00043685B6802EA010021EA0201C3F80805A4
:105BD000C3F80C150020704743685B680020C3F8C9
:105BE0000815704743685B680020C3F80C157047C0
:105BF00043685A68D2F8043521EA03000B40C2F822
:105C00000805C2F80C350020704710B503695868C4
:105C1000F8B1884219D19C6808685860A14200D147
:105C20009860002008602AB15A680A609A68596032
:105C300002B99960002010E0814206D10868206016
:105C400098688142EDD19C60EBE70446006800282B
:105C5000F2D1002AE8D16FF0150010BD13B54FF056
:105C600080520829136E526E28BF082112BA009282
:105C70001BBA0C460A466946019302F02FFD2046E6
:105C800002B010BD002201210320DBF7B5BC38B5FE
:105C90000446056901221146284602F0DAF901227C
:105CA00005F11800002102F0D4F92046BDE8384083
:105CB000F3F738BB13B501AA044600F03AF8002800
:105CC00005DB019B226819791868F3F74BFB02B0DA
:105CD00010BDCA07436805D4C1F34201012904D0AD
:105CE000022909D06FF0150070471B684FF0CC7285
:105CF000C3F82425002070471B684FF0C862F7E7FF
:105D000010B5446851B1012910D1606A0021FFF734
:105D1000D1FF2046F4F738FE002010BD2046F4F7EE
:105D200043FE606A0121FFF7C5FFF5E76FF08500CC
:105D3000F3E730B543681360057A446804EBC504A3
:105D4000A34202D36FF0010030BD5C798C4201D0D8
:105D50000833F0E70020F7E700F150039B009BB207
:105D600003F1804303F5883300221A601B687047F3
:105D70004FF0FF30704708B5034640681B6993F841
:105D800024208A4207D993F825303BB1C9B2F5F7F0
:105D90003BF9002008BD6FF01500FBE76FF00A002B
:105DA000F8E7004701F05DBF0001090400F1804001
:105DB00012B1C0F804197047C0F808197047F3F71A
:105DC000D1BFF7B5019001A8DDE9084716461D4689
:105DD000F4F732F9019BB6F1000C18BF4FF0010C3B
:105DE00000EB83000B1E18BF0123002D43EA4C0378
:105DF00014BF4FF00C0C4FF0000C002C43EA0C03C6
:105E000014BF4FF4E06C4FF0000C002F43EA0C037A
:105E1000D0F8002714BF4FF4403C4FF0000C43EA89
:105E20000C0322EA030301B109780EB1367876003B
:105E300019430DB12D78AD0031430CB12478240203
:105E400029430FB13F783F040C433C43C0F800475F
:105E500003B0F0BD1FB50DF10F03019300238DF8C2
:105E60000F1000931A461946FFF7ABFF05B05DF817
:105E700004FB38B5054608460C46F4F72FF9B0B1D7
:105E80000846F4F71FF990B90846F4F70FF92A68A5
:105E900001238340C2F808332A6803B202EB83036C
:105EA000D3F8102522F00302C3F8102538BD204690
:105EB0000021BDE83840FFF7CDBFF4F795B9FFF7F3
:105EC000D8BF4FF080531A695869504370474FF05C
:105ED0008053186970474FF080535869704791F8A4
:105EE00020200346032A29D8DFE802F021251902E1
:105EF0008A68500304D5D3F84C250869904207D12D
:105F00008A6852031AD4D3F84C258969914215D076
:105F100000200622C3F80005C3F800257047D3F817
:105F20004C2508699042F3D1D3F83C25EDE7D3F82E
:105F30004C250969EAE7D3F83C25FAE701207047C8
:105F400038B5857B04465DB90068062303222946DF
:105F5000F4F79CFC6068062303222946F4F796FCBC
:105F6000012038BD30B5A2F58075AD080124AC40E4
:105F70000C4207D0815829B10021815082581A68FB
:105F800022431A6030BD13B500230C4601934FF431
:105F9000A47201ABFFF7E6FF21464FF48272FFF7D0
:105FA000E1FF21464FF49272FFF7DCFF21464FF4E8
:105FB000A872FFF7D7FF21464FF4A672FFF7D2FF72
:105FC00021464FF4B072FFF7CDFF4FF4AE72214679
:105FD000FFF7C8FF019802B010BD07B5019001A8F6
:105FE000F5F738F8019A01239340C0F8083503B05B
:105FF0005DF804FB4FF48C72002102F097BB18B1DE
:106000004FF48C71F6F7DEB8704710B40C46012CD3
:1060100011461A4608D81CB95DF8044BF5F7A6BB23
:106020005DF8044BF5F7E4B96FF020005DF8044B20
:1060300070472DE9FF4701291E468046DDE90C34F3
:10604000154658D882B32A0758D1002949D10DF1F5
:1060500010091D44EC461A4603F1100A6746106801
:106060005168E646AEE8030008325245F446F6D1E0
:10607000224619464046F5F779FBB0B93358225805
:106080005340235004301028F8D132463B4603CB0E
:106090004B45106051601F4602F10802F6D1AA4537
:1060A000534604F11004D5D1002004B0BDE8F087B8
:1060B000C25851F803C082EA0C02E2500433102B9C
:1060C000F6D1224621464046F5F792F90028ECD158
:1060D000103D04F11003214606D01C460023781B16
:1060E000E6E731465F19F9E754F8042B46F8042B2C
:1060F0009C42F9D1D8E76FF02000D6E76FF021007D
:10610000D3E710B50446FFF77AFF2046BDE81040FC
:10611000F6F76AB810B54FF48C710120F6F75EF807
:10612000044608B1FFF766FF204610BDF5F7DCB85E
:10613000F5F70EB8FFF77DBFFFF767BF48220021D4
:1061400002F0F4BA10B5044608B1F6F73BF8204661
:10615000BDE81040F6F748B808B5F6F789FB002807
:1061600018BF6FF0040008BD38B5084614461D4638
:106170001146DCF7B3FE08B92C6038BD6FF0830020
:10618000FBE730B587B01D460DF1170303920024DD
:10619000009303AA0DF116038DF81740F6F72AF8BD
:1061A00050B99DF8170005B128709DF81620039985
:1061B000F5F79AFC07B030BD2046FBE700230B60E3
:1061C0006FF0860070472DE9F34747683F0ADDE925
:1061D0000A9A04460D461646984611D1CDE9009A12
:1061E00000F018FE10F1860F0CD1434632462946C6
:1061F0002046CDE90A9A02B0BDE8F04700F094BA13
:106200006FF0860002B0BDE8F087009BF6F754B847
:10621000009BF6F751B838B51C460368154623B104
:10622000F6F70EF800B9256038BD6FF08800FBE77F
:106230002DE9F04194B004460D461E464C22002143
:1062400001A8DDF86C801D9F02F070FA21463346EC
:106250002A4601A8F6F730F8044648B9B8F1000F0D
:106260000DD11C993A4601A8F5F7EAFF044678B12A
:1062700001A8F6F707F8204614B0BDE8F0811A9996
:10628000424601A8F6F758F804460028E9D0EFE79F
:106290001E9B1F60ECE700F4E040B0F5805F04D087
:1062A000A0F50053584258417047012070473AB159
:1062B000002918BF0023D21A2121184402F036BA4F
:1062C000704738B513464FF480420D46F6F7BEF9D5
:1062D000044640B9286843681B0A04D000F049FD11
:1062E0002C606FF08504204638BD2DE9F04F89B051
:1062F0009B4600238DF81B30159BDDF85080002B4A
:1063000091460B460E460CBF4FF400624FF480627C
:1063100007A9DDE912A7F6F799F9044608BB079D1E
:106320000DF11B0229883046F6F7FEF90446C0B984
:106330009DF81B30BB4226D868686A6E000A05F1DA
:10634000200123D1CDE90338CDE901BACDF8009081
:1063500033462846FFF76CFF10F1860F044600D045
:1063600008B1C8F80070D8F800303A4621465046C7
:10637000FFF79DFF079800F0FCFC002C18BF20469B
:1063800009B0BDE8F08F6FF08904EAE76FF086048A
:10639000E7E72DE9F341002313604668D0F8148045
:1063A00004460F463046114600F0E5FC054688B924
:1063B000304600F0E2FC054660B9F6B276B9B8F1B5
:1063C000000F05D1A06820F47F4020F0030060B1E9
:1063D0006FF08605284602B0BDE8F081014660698D
:1063E00000F0A1FC0028EDD1F2E762884FF6F873C7
:1063F0009A4219D894F80480B8F1000F00D101A88E
:106400003946F6F7CBFA05460028E3D10FCC3F68B2
:106410003E460FC694E8030086E80300B8F1000F7B
:10642000D8D1019B7B61D5E76FF08505D2E7434268
:1064300013F07F0306D0722B24D0712B58DD6FF040
:106440008300704710F1720F1CD010F1710F1CDA2D
:1064500010F5C44F3DD00BDC10F5C64F3CD010F505
:10646000C54F42D010F5C74FE9D16FF09600704785
:1064700010F5C34F33D0E2DB10F5C24F35D010F525
:10648000C14FDCD16FF08500704710F13B0F11DA7E
:1064900010F13D0F26DA10F16E0FE6D010F1400F2B
:1064A00020D010F1700F08BF6FF0920018BF6FF08E
:1064B00083007047002820D0C1DC10F1210F14D0D8
:1064C00010F1200FDED010F1220F08BF6FF0850011
:1064D000ECE76FF0950070476FF0940070476FF035
:1064E0008C0070476FF0930070476FF08600704724
:1064F0003B2BC3F10000CBDCDFE7704741F2052303
:1065000098421AD8B0F5905F09D241F2010398423F
:106510000CD0B0F5885F09D06FF085007047A0F50A
:10652000905080B22923C340DB07F5D511F0070F47
:106530000CBF00206FF086007047B0F5105FEBD104
:1065400021F04003802B06D0B1F5807F0CBF0020E6
:106550006FF08600704700207047F8B504460F467C
:1065600000881E46154692B1FFF795FE78B1089B4C
:10657000D10019602088FFF7C1FF044628B93946C9
:10658000304602F0ABF8079B1D602046F8BD6FF067
:106590008504FAE72DE9F04F476885B03F0ADDE949
:1065A0000E9ADDF840B004460D461646984615D1C1
:1065B000CDE901ABCDF8009000F0E6FB10F1860FBD
:1065C0000ED14346324629462046CDE90FABCDF8E1
:1065D000389005B0BDE8F04FFFF7BFBF6FF0860001
:1065E00005B0BDE8F08F10B5436E04461BB14121E4
:1065F0002030F5F7E7FD0020606610BD38B5054690
:10660000FFF7F1FF2B7E012B04460ED0023B012B3E
:106610000ED8EB69012B18BF6FF096046822002199
:10662000284602F083F8204638BDEB69002BF2E7DC
:106630006FF09604F2E713B50446A0B101A9F6F78E
:10664000F5F9044678B90198037E022B0ED1032395
:1066500003760379FF2B08BF6FF0840400F074FB0E
:10666000002818BF0446204602B010BD6FF0960403
:10667000F4E770B514460288049E10461D46FFF7E5
:106680000AFE68B922F4405044F20103984207D050
:1066900002F44F42B2F5824F02D0B2F5844F0ED1D0
:1066A000B4420FD82246284602F018F8321B0021C7
:1066B000281902F03BF8059B00201C6070BD6FF0AC
:1066C0008500FBE76FF08900F8E72DE9FF41884678
:1066D0001F4616462AB300233B60012203A9F5F7A3
:1066E000B5FF044658B9039D6B686A6E1B0A05F135
:1066F000200108D0284600F03CFB6FF086042046BD
:1067000004B0BDE8F0814346CDE900672846FFF7B5
:10671000B0FF0446284600F02CFB002C08BF0446BE
:10672000EDE76FF08904EAE770B514460288049D2E
:1067300002F4E040B0F5804F1CD122F4405644F200
:106740000100864207D002F44F42B2F5824F02D0D8
:10675000B2F5844F0ED1AC420FD81846224601F054
:10676000BDFF2A1B0021204401F0E0FF059B002013
:106770001C6070BD6FF08500FBE76FF08900F8E7E3
:10678000F0B50F4685B01E46154612B300233360A0
:106790001A4603A9F5F75AFF044638B90398038847
:1067A0005B0406D400F0E5FA6FF08604204605B0DD
:1067B000F0BDCDE900563B46426E00F12001FFF7E7
:1067C00002FD0446039800F0D4FA002C08BF0446EA
:1067D000ECE76FF08904E9E72DE9F0411F4688B046
:1067E0000023CDE90533064688463B601546002A5E
:1067F00057D0B2F1005F57D206AA05A9FFF7C9FD2D
:10680000044638B9059A536E83B973681B0A07D0DA
:106810006FF08604059800283FD0FFF7EFFE3CE0BC
:10682000412D02D96FF08504F4E75566538807932C
:1068300007AB029302F164030193536E0093414648
:1068400002F1200330462A46FFF7A4FE0446002842
:10685000E0D10599079B4A88D2B94B800799059AE0
:106860004FF6F8739942DDD8338813B111889942F5
:10687000CED1738813B151889942C9D153693B6015
:10688000137E012B07D000233B606FF09604C1E715
:106890009A42BDD1E2E702231376204608B0BDE854
:1068A000F0816FF08604F8E76FF08504F5E710B526
:1068B0000446006868B101280CD104F10800F5F71E
:1068C000E1FC00232360A38823F4FF7323F001037A
:1068D000A38010BD6FF08600F3E72DE9FF41054668
:1068E0009846002303932B6808461746002B3CD19B
:1068F000B8F1000F134603A914BF4FF480624FF4A0
:106900000062F5F7A3FE044688BB039E2A1D31886A
:106910003846F5F709FF044648BB6B7968F3000376
:106920006B71736E716806F12002B8F1000F13D01D
:10693000090A23D10097314605F10800FFF765FCED
:106940000446A0B9012303982B6000F012FA044614
:10695000204604B0BDE8F081090A0FD10097314606
:1069600005F10800FFF754FCEAE76FF088042846B9
:10697000FFF79DFF039800F0FCF9E9E76FF086044C
:10698000F5E70123FFF7A9BF38B50546006898B1C0
:1069900012B90024204638BD01280AD105F10800AB
:1069A000F5F7CAFC04460028F3D02846FFF77FFF1E
:1069B000F0E76FF08604F8E76FF08804EAE72DE966
:1069C000F041054600680E4617469846C8B16A79F8
:1069D000D20716D52A79A2B1BA4215D8012816D104
:1069E00005F10800FFF717FC044698B10023C8F82A
:1069F00000702B71A6B92846FFF759FF2046BDE865
:106A0000F0816FF08804F1E76FF08904EEE76FF032
:106A10008604EBE726B92846BDE8F041FFF747BFFB
:106A20002146D8F800303A463046FFF740FC284669
:106A3000FFF73DFF002C08BF0446DFE71FB5012428
:106A40000394089C0294079C0194069C0094FFF711
:106A50004CFC04B010BD036819430CBF012000209A
:106A600070472DE9F04786B007469A460023059304
:106A700007F0FE43B3F1106FDDE90E58109E084693
:106A800091460BD0002D46D13560284600F071F9B3
:106A90006FF08604204606B0BDE8F0873A4605A9A7
:106AA000FFF70FFC044628B175BB3560059800F070
:106AB00060F9EFE705990B8823F0FF03B3F5E24F88
:106AC00002D0B3F5E44F0CD14B880733B8EBD30FAA
:106AD00007D21DBB3560084600F04BF96FF0890402
:106AE000D8E7CDE90186009553464A463846F5F782
:106AF00071FD04463DB90598356000F03AF9002C67
:106B000008BF0446C6E760B141462846F5F744FD94
:106B1000C6F80080CAE76FF08604F5E76FF08904D5
:106B2000F2E7059800F025F90446B3E7F5F734BD20
:106B300008B50088DDE90221FFF7ADFB20B1BDE813
:106B400008401046F5F728BD6FF0850008BD2DE917
:106B5000F04F8BB01F46DDF850800023C8F800309E
:106B6000CDE90733438805460E469146002B00F0D9
:106B7000D380038803F4E043B3F5804F00F0CC806A
:106B800039463046FFF767FF002800F0C58008AAA5
:106B900007A92846FFF7FDFB044628BB079A6B6848
:106BA000526E002A3DD11A0A40F08980B5F800A043
:106BB00069885046FFF76FFB78B15046FFF79EFC9F
:106BC000044688B90AF4E043B3F5805F02D0B3F518
:106BD000005F10D10731CA081DE02AF0FF03B3F5AA
:106BE000E24F5FD06FF085040798002800F0908096
:106BF000FFF704FD8CE00AF44F43B3F5844FE9D06E
:106C000047F201039A4531D149080131C90801EB26
:106C1000C10101F13B020992099B079A412BE1D87E
:106C20005366079B9A4603F1200B6B685AF8642F52
:106C30001B0A65D12B88590449D4CDE9012ACDF826
:106C400000B03B464A4631462846FFF771FF0446EE
:106C5000079B002C56D15A69C8F800201A7E012AD9
:106C600054D0C8F800406FF09604BDE744F2010329
:106C70009A4503D1C90801F11002CCE747F202039B
:106C80009A4505D1C90801EB410101F15A02C2E759
:106C900044F202039A4505D1C90801EB410101F113
:106CA0004A02B8E72AF0FF00B0F5E24F92D0B0F503
:106CB000824F01BFCC1DE4086400621CABE709A948
:106CC0002846FFF77BFA04460028A5D08CE703F49A
:106CD0004F41B1F5824FB0D147F212118B42ACD186
:106CE0006B88B3F5807FA8D1534659462846059254
:106CF00000F0B7F810F1860F059A0446A8D19CE77A
:106D00006FF086040798FFF76EFC6DE702221A7693
:106D100020460BB0BDE8F08F6FF08604F8E718222C
:106D2000002101F003BD03466FF040420846591EA2
:106D3000914207D338B103F1404393428CBF002006
:106D40000120704701207047034668B1017E8A1E0A
:106D5000012A0BD80329C26903D1012A01D1FFF707
:106D60004DBC1AB1013ADA61002070476FF096000D
:106D70007047FFF7E9BF00207047C0B2002814BF7A
:106D80006FF0850000207047F8B5089F1E463B68ED
:106D90000D46144663B1B3F5807F38D1038844F2C1
:106DA0001212934223D1412C09D06FF08600F8BD16
:106DB000038844F2121293420FD1412C27D1681C50
:106DC00000F04AFA0028F0D14FF480733B60069B34
:106DD0009C4213D96FF08900E9E747F212129342FF
:106DE00015D1202C13D1284600F044FAEAE747F2E7
:106DF000121293420BD1202CD7D1F4E72246294618
:106E0000304601F06BFC079B00201C60CFE76FF061
:106E10008500CCE770B50446184626886488B4F52A
:106E2000807FDDE9043513D147F21214A6420FD159
:106E3000202A10D1402B11D9042300F8013BF6F78A
:106E40001FF808B941232B60BDE87040F5F704BE78
:106E50006FF0850070BD6FF08600FBE76FF0890072
:106E6000F8E730B5202A91B0084614461D4609D1EE
:106E70006946F5F7B7FF00B92C6011B0BDE83040A6
:106E8000F5F7EABD6FF0890011B030BD70B514465A
:106E9000202CDDE90426DDE90603089D0CD1412EF6
:106EA0000AD11F2B0BD90132F5F7BEFF00B92C60B8
:106EB000BDE87040F5F7D0BD6FF0860070BD6FF093
:106EC0008900FBE740F8041B1C22002101F02EBCC6
:106ED000F0B5002405462646204652F8247051F8A5
:106EE0002430DB1946EB06071B1845F8243004F163
:106EF000010447F10000082CEFD1F0BD002370B56C
:106F00000646184652F8235051F82340641B65EB9F
:106F10000505241A46F8234003F1010365F1000535
:106F2000082BC5F10000EDD170BD70B50439564293
:106F3000041F013A1C3054F8043F51F8045F134019
:106F400035402B4384422360F5D170BD002330B51A
:106F50000446184654F8232051F8235001336A4060
:106F6000082B40EA0200F5D130BD70B50446056833
:106F7000166800200346E1FB665325605668656885
:106F8000E1FB665365609668A568E1FB6653A56002
:106F9000D668E568E1FB6653E56016692569E1FBA3
:106FA0006653256156696569E1FB665365619669BB
:106FB000A569E1FB6653A561D569E269E1FB65233B
:106FC000E261226A9B182362404170BD10B504380B
:106FD000A1F120024B7F0C7F1B0443EA0463CC7FAA
:106FE00023438C7F043943EA04238A4240F8043F58
:106FF000F0D110BD0B1F1C3153F8042F120E027775
:107000005A8842771A68120A82771A68C2778B42C6
:10701000A0F10400F0D1704770B588B01E46044658
:10702000FFF756FF3246054621466846FFF766FFE2
:10703000C0F101022A4369462046FFF776FF08B0F7
:1070400070BD2DE9F04F8BB00E46074691460021EA
:10705000242201A8D3F840A0984601F067FBA6F1CE
:10706000040B1C36D9F800305BF8041F019D4A461A
:1070700001A803FB0155FFF778FF0AFB05F504465D
:107080004246294601A8FFF770FF01AA04440823DD
:10709000516842F8041B013BFAD15E450994E1D1E5
:1070A000424601A93846FFF729FFC0F101022243F9
:1070B000C2F101023846FFF738FF0BB0BDE8F08F90
:1070C0000B4601F120020146FFF7BBBF30B589B086
:1070D00004460D4668460121FFF7F4FE2B466A463A
:1070E00021462046FFF7ADFF09B030BD38B5044654
:1070F0001546FFF7E7FE29462046BDE83840FFF772
:10710000DFBF2DE9F04389B01446064601226846E8
:10711000FFF70BFF224601213046FFF7E7FF256806
:107120002746023D04F11C094FF02008EB0705D566
:1071300023466A4631463046FFF783FF23466A46B8
:1071400069466846FFF77DFFB8F101084FEA55052B
:10715000ECD14F4502D057F8045FE5E709B0BDE830
:10716000F08330B589B00446154668460122FFF722
:10717000DCFE29466846FFF7A9FF69462046FFF76F
:1071800039FF09B030BDF0B599B004460D4616463A
:10719000114668461F46F5F76BFC3246694608A85B
:1071A000F5F766FC3A4669466846F5F761FC08A9BA
:1071B0001E9A0846F5F75CFC224669466846F5F7D4
:1071C0009FFC08A92A460846F5F79AFC6A4631460C
:1071D0003046F5F74DFC6A46694610A8F5F748FCBD
:1071E0006A4610A96846F5F743FC10A922460846EE
:1071F000F5F73EFC08AA11462046F5F739FC10AA1F
:1072000021462046F5F77CFC10AA21462046F5F7DA
:1072100077FC6A4621462046F5F772FC10A9224603
:107220000846F5F76DFC10A908AA0846F5F720FCFA
:107230002A4669466846F5F71BFC6A4610A92846A7
:10724000F5F75EFC19B0F0BD08B5FFF76FFC00382C
:1072500018BF0120404208BD00B591B0024608A900
:107260006846F5F761FC002818BF6FF0010011B007
:107270005DF804FB10B588B001466846F5F720FCC0
:10728000202104466846F4F79DFF002C0CBF2046E1
:107290006FF0020008B010BD8068183820F00700B9
:1072A00010387047042809D0052803D1481E18BF9C
:1072B00001207047431A58425841704701207047D7
:1072C00038B515460C4661B15AB1F9F7D5FF2544DA
:1072D000214611F8013B834203D1A942F9D1012093
:1072E00038BD0020FCE738B50C4601231146224684
:1072F0000546F9F75FFF00280FDB012221462846EB
:10730000FFF7DEFF38B92378012B14BF02230123D6
:107310002370002038BD0323FAE70120FAE72DE9A6
:10732000F7431D4606460F469046F9F79CFF6C1E34
:10733000044440420440082C1AD83046F9F79CFF18
:107340002A4681464146684601F0C8F9621B494613
:107350000DEB050001F0EAF923466A46394630464E
:10736000F9F73DFF003818BF012003B0BDE8F083F6
:107370004FF0FF30F9E707B501238DF8042001AA8B
:10738000FFF7CDFF03B05DF804FB816818390122D7
:1073900021F00701FFF7EFBF8268183A22F00702D9
:1073A000FFF7A1BF13B50C46C0B201A9D9F754FB32
:1073B00050B921460198F5F7B1FD04460198F9F757
:1073C000F8FE204602B010BD0124FAE70E2A13B5DC
:1073D000044601D9FAF761FA0E29FBD841EA0211F5
:1073E0008DF80710FFF758FF012301460DF1070242
:1073F0002046FFF794FF02B010BDF7B50D1E694699
:107400000CBF17462F460446F5F788FD78B99DF85E
:107410000060022E22D0032E0BD0012E26D135B1D2
:107420009DF80330032B02D12046FFF7AEFF03B0D7
:10743000F0BD002DFBD12046F5F74EFD0028F6D11A
:1074400057B12046FFF7A1FF0028F0D100223146B6
:107450002046FFF7BBFFEAE70226F7E745B90146FA
:10746000A2682046F9F7D0FE0320E0E7FAF715FA04
:107470000420DCE730B5026A0346D2E901408442C9
:107480004FF0000002D30123D36030BD1874506860
:1074900001305060186A4268541E0268242505FBBA
:1074A000042218465C1950F8045B42F8045BA042C1
:1074B000F9D199600120E8E7F0B5064604460F4689
:1074C00094460FCE8BB001AD0FC50FCE0FC5216A0C
:1074D00033684A682B602068A56822B90223CB6014
:1074E00000200BB0F0BDFB0713D50B682426013A32
:1074F00006FB02337E0703D41A7C0AB10F23EEE7A2
:10750000224603F1240153F8046B42F8046B8B42CA
:10751000F9D1B90741BF226A536803F1FF335360C1
:10752000AC4505D2236A002BDAD00422DA60D7E713
:107530007A0748BF20603B0701D40120D1E706ABA2
:1075400093E80700143484E80700F6E710B50260FA
:107550001A44029B836001294FF00003C260037448
:107560000375836101D8036210BD24224A43243A83
:10757000841804628350026A8C1E9460026A53600D
:10758000026AD360026A1374026A022953741EBF2E
:10759000036A24301860E7E7182871F100030ED35E
:1075A000B0F5807F71F100030BD3B0F5803F71F12E
:1075B000000308D3002914BF0920052070470120CB
:1075C0007047022070470320704737B508294FF0F5
:1075D00000044FF00005CDE900450A460AD80146EF
:1075E000684601F07BF8DDE9000103B0BDE83040FA
:1075F000FFF7D2BF002003B030BD03460020884211
:1076000000D170471A5C002AFBD00130F7E700B1C7
:10761000C160704743680360836801338360006A18
:10762000FFF7F5BF08B50268C3689A4205D3006A40
:107630000821FFF7ECFF002008BD0120FCE738B56A
:1076400004460D46FFF7EEFF40B123681B78B5EB0B
:10765000531F04D0206A0A21FFF7D9FF002038BD4C
:1076600010B50446FFF7DEFF38B123681A78FF2A09
:1076700005D0206A0A21FFF7CAFF002010BD0133A0
:107680002360FBE710B5027D044632B1FFF7E8FF47
:1076900048B1002323754FF0FF3220460721BDE893
:1076A0001040FFF709BF10BD2DE9F84F04460E4604
:1076B00091461D46FFF7B6FF804628B1A36843B93F
:1076C0000321206AFFF7A3FF4FF000084046BDE802
:1076D000F88F2268177807F01F0BBBF11F0F12D12C
:1076E0002DB3206A18B1037C0BB11521EAE7012301
:1076F0002B7000252368636001352B442360A36849
:10770000013BA360E2E7BBF1170F14D9ABF11803FB
:10771000D9B203290BD801259D40A94509D3E368B7
:1077200005F1010A5244934207D20821C9E7072113
:10773000C7E70521C5E70025F1E74A4600213046A5
:1077400000F0F4FF15B986F800B0D2E72268711E88
:10775000531913F8010901F8010F9A42F9D1236A6C
:10776000002BC7D01B7C002BC4D00737FFB2022FE1
:10777000C0D949463046FFF728FF8245BAD01521C7
:107780009FE738B50C4611460546FFF758FF08B984
:10779000002038BD04220023A1182846FFF784FFEB
:1077A0000028F5D02B682360F3E737B500230446A3
:1077B0008DF80330FFF743FFA8B104220DF1030356
:1077C0000DEB02012046FFF76FFF60B19DF80350FB
:1077D00065B901992046FFF74DFE50B963682360F3
:1077E000A3680133A360002003B030BD6FF00F0128
:1077F000F0E72575F8E738B504460D46FFF7C1FFF9
:1078000048B12268E3689B1A6A689A4204D9082141
:107810002046FFF7FFFE002038BD38B504460D4670
:10782000FFF7E9FF18B123686A681344236038BD85
:1078300070B50D46002104461646FFF700FF38B12B
:107840003246294620460023BDE87040FFF72CBF92
:1078500070BD0422FFF7ECBFFFF7FBBF0222FFF76A
:10786000DCBF0322FFF7D9BF10B505210446FFF79F
:107870009CFF50B1237D4BB9A3686FF00042934247
:1078800005D305212046FFF7C5FE002010BD5B0093
:10789000A360FBE7037D23B98068B0FA80F040095C
:1078A00070470368C268934205D21878A0F1FF03BD
:1078B00058425841704700207047FFF7E3BE70B54B
:1078C0000D4607210446FFF7BAFE48B123681E782B
:1078D00006F01F06182E05D9206A0A21FFF797FE29
:1078E000002070BD0023012229462046FFF7DCFE60
:1078F0000028F5D0182EF4D12B781F2BF1D81521A4
:107900002046FFF787FEEBE737B50C460DF1070180
:107910000546FFF7D4FF58B19DF80730143BDBB2A2
:10792000012B8DF8073006D90A212846FFF772FE91
:10793000002003B030BD03F001032370F9E738B530
:107940000D4606210446FFF77AFE08B9002038BD2F
:107950000023042229462046FFF7A6FE0028F5D082
:10796000A3680133A360F2E7F0B58FB00446FFF7D8
:1079700059FE00285DD023681D7800220023CDE940
:1079800002236D09234605AA04F1200718685968E7
:10799000164603C60833BB423246F7D1186830603A
:1079A000062D1CD02A1F0023012A4FF008028DF853
:1079B00004300DEB020198BF01AB05A8FFF774FE80
:1079C0000646002835D0042D3BD019D8023D012DA4
:1079D00021D9059B2360A368013BA3602AE001A98C
:1079E00005A8FFF7ACFF20B3059B089A934204D388
:1079F0000821206AFFF70BFE1BE01D786D09CFE719
:107A0000052DE6D1DDE90232B3F1004F72F100013C
:107A100013D32946EDE7E3682168029A5B1A9A427C
:107A200003D8059B13440593D3E708212046FFF7AD
:107A3000F1FD002630460FB0F0BDDB185241CDE914
:107A400002329DF8045025B16FF00F020023CDE9FA
:107A50000223029B07938DF8285005A8FFF71AFF11
:107A6000014638B1002DB4D005A8FFF7F9FD002874
:107A7000AFD1DEE705A8FFF777FF0028EDD1D8E703
:107A8000FFF764BD00B1C160704710B50368C468FA
:107A9000A34205D3006A0821FFF7F4FF002010BDC0
:107AA00002F01F0242EA41111970036801330360BA
:107AB0000120F4E770B505460E46104619461446F7
:107AC000FFF783FD2246431E31462846BDE870403D
:107AD000F5F7CCBAF8B51746C36802689A4204466F
:107AE0000D4606D3206A0821FFF7CCFF002630465A
:107AF000F8BD9B1A4A689A42F4D80E4656F8043BE1
:107B000053B104213046FFF760FD6A6823681344CF
:107B1000E26803449A42E5D33246042339462046BC
:107B2000FFF7C8FF06460028E0D020682968884291
:107B300002D06A6800F0E0FD23686A68134423609D
:107B4000D5E7082A73B513460C4606D9006A052105
:107B5000FFF798FF002002B070BD8E1816F9012CB7
:107B6000002A0FDA0A4669460C46B24204D10121C6
:107B70002246FFF79FFFEEE712F8015BED4301F8A5
:107B8000015BF2E70021F3E713460A460021FFF705
:107B900091BF07B5042201910DEB0201FFF7D1FF60
:107BA00003B05DF804FB07B5042201910DEB02015F
:107BB000FFF7EAFF03B05DF804FBFFF7F4BF022212
:107BC000FFF788BF0322FFF785BF07B5CDE9001295
:107BD0006946FFF7F7FF03B05DF804FB38B50C46C4
:107BE000054611462046FFF708FD21460246284675
:107BF000BDE83840FFF7E9BF1F220421FFF745BF6A
:107C00001F220521FFF741BF1F220721FFF73DBFBC
:107C1000FFF7FABF10B50A4609781839072905D9C0
:107C2000BDE8104001230721FFF744BF006A15217A
:107C3000FFF728FF002010BD07B514318DF807109D
:107C40000DF10701FFF7E6FF03B05DF804FB1FB578
:107C50000024CDE90144069C0094FFF777FC04B0B2
:107C600010BD08B1DAF7B0B87047704740B1C368CB
:107C7000587810F001001EBF1878B0FA80F0400963
:107C80007047EFF31183202383F31288BFF36F8FC4
:107C9000FEE708B5FFF7F5FF10B5D0E9003433B9BA
:107CA0000020E268537843F00103537010BD204672
:107CB00098470028F4D00028B8BF4042E368FF2866
:107CC000A8BFFF201870ECE700F030BD00F006BD43
:107CD000704710B400F10C04C0E903445DF8044B94
:107CE000F8F7B1BC2DE9F04F89B0DDE91267054620
:107CF0003B46914606A83246059100F025FCDDE999
:107D0000063405F1140ACDE90234EFF311844FF083
:107D1000200888F31288BFF36F8F05F10C0B0599CB
:107D20004A462846F8F727FC30B184F31188BFF3A0
:107D30006F8F09B0BDE8F08F3E43F6D0DDE9022336
:107D400006A800F025FCDDE906675A46CDE9006784
:107D500021465046F6F746F9EFF3118488F312886E
:107D6000BFF36F8FDBE738B50446EFF311852023AF
:107D700083F31288BFF36F8FF8F7C5FB04F10C0093
:107D800000F053FB30B1294604F11400BDE838403F
:107D9000F6F7A4B985F31188BFF36F8F38BD416939
:107DA000836843EA010212F003020FD1C260026944
:107DB000013A01FB023382689A4201D900207047E0
:107DC000C2681A604269C3609B1AF4E76FF015003D
:107DD00070472DE9F04105460F46EFF31188202347
:107DE00083F31288BFF36F8FC668F6B90468A042A8
:107DF0001BD0D4B1D4E9003213605A60637BA66013
:107E000023F002036373C4E9006604F1180000F074
:107E100074FB2046E667676100F0A8FA414605F169
:107E20000800BDE8F041F6F759B93E60AB69EF6074
:107E3000013BAB6188F31188BFF36F8FBDE8F08120
:107E400008B52024EFF3118384F31288BFF36F8FFA
:107E5000F9F7F7FCF6E7D0E9003213605A60427B8D
:107E6000002322F00202C0E90033427383607047AE
:107E700090F90E308B4201D0F6F7E0B80020704741
:107E800003460020C3E90200C3E900337047D0E98C
:107E9000003213605A60427B002322F00202C0E9E4
:107EA00000334273836070472DE9F84391460446DE
:107EB0009DF820200D4600F10807EFF311862021E0
:107EC00081F31288BFF36F8F02B14568D4F8088040
:107ED000474518D0B8F1000F15D04046FFF7D7FF3F
:107EE00008F1180000F009FB0023C8F87C30C8F83E
:107EF0001490404600F03AFA38463146F6F7EEF86C
:107F00000020BDE8F883ABB108210020F6F744FD5E
:107F1000002838D00122C0F804900260016801F006
:107F200003015DB922680A430260626820606AB991
:107F300060600BE0C9F800304846EFE72A68032A82
:107F400016D80160616869B9C4E90000042104F130
:107F5000100000F09DFB0028CED186F31188BFF3FE
:107F60006F8FCEE70A6802F0030202430A60DFE780
:107F700022F003020A4302602A6802F0030240EA88
:107F800002032B60E2E76FF00B00E6E710B5044652
:107F900030B10268930703D0446809B100F097FB41
:107FA000204610BD0023C0E9003300F10803C0E9FA
:107FB000023300F11003C0E904337047F8B500F153
:107FC0000806EFF31187202383F31288BFF36F8F26
:107FD0008568AE4200F1100417D0B5B12846FFF70E
:107FE00056FF05F1180000F088FA00232846EB67D9
:107FF0006B6100F0BBF90821204600F049FB3946CF
:108000003046BDE8F840F6F769B80821204600F090
:108010003FFB0028F3D187F31188BFF36F8FF8BDC2
:1080200007B50123009300230A461946FFF73CFFDA
:1080300003B05DF804FB07B500230A460093194618
:10804000FFF732FF03B05DF804FB00680021FFF783
:108050009DBF5AB18A4209D300F11003C0E9021250
:10806000C0E90000C0E90433002070476FF015003C
:108070007047026801238B4022EA0303036022FA5F
:1080800001F000F001007047704710B5032104466D
:108090000C30FFF7EEFF30B104F1100000F02DFAC4
:1080A000B0FA80F0400910BD20B100221146D03056
:1080B00000F0E8B9704770B5C368C3F340069B078A
:1080C000044616D4856802210C30FFF7D2FF80B138
:1080D000D5F8C8206AB194421DD122689EB9D5F85E
:1080E000CC30C5F8C8209C4201D1C5F8CC20002373
:1080F0002360E36813F01F001EBF43F00203E36038
:1081000040F0020070BD3260D5F8CC20944208BF28
:10811000C5F8CC60EBE716461268DBE773B504469A
:10812000EFF31185202383F31288BFF36F8F0023B1
:10813000A0F11006032104380193FFF79AFF28B13C
:10814000A369019301A93046F5F784FC85F31188F2
:10815000BFF36F8F02B070BD38B504460D461022D4
:10816000002100F0E3FA656038BDEFF311832022AF
:1081700082F31288BFF36F8FC06800F01F0083F393
:108180001188BFF36F8F704713B501900846EFF366
:108190001184202383F31288BFF36F8F01A9F5F7B1
:1081A00059FC84F31188BFF36F8F02B010BD10B576
:1081B000FFF7EAFF041E08DDEFF31180202383F3AD
:1081C0001288BFF36F8FF5F79BFF204610BD70B587
:1081D0000D46EFF31186202383F31288BFF36F8FD0
:1081E000F5F792FC044686F31188BFF36F8F38B120
:1081F0004FF0FF324FF0FF3305F11000F5F7E6FACC
:10820000204670BD10B5EFF31184202383F312884C
:10821000BFF36F8FFFF74FFF84F31188BFF36F8FAA
:1082200010BD08B5E822002100F080FA08BD38B57D
:10823000302204460D46002100F078FA4FF4807396
:108240006560E36038BD38B50446EFF3118520233F
:1082500083F31288BFF36F8FFFF717FF2046FFF7F6
:108260002AFF85F31188BFF36F8F38BDF8B5044638
:108270000D46EFF31186202383F31288BFF36F8F2F
:10828000C36803F01F03002B14BF0127002705D18B
:1082900086F31188BFF36F8F3846F8BDFFF7F5FE00
:1082A0002046FFF708FF29462046F5F7B5FB86F381
:1082B0001188BFF36F8F0028EED04FF0FF324FF0E0
:1082C000FF3305F10800F5F781FAE5E7D0E9003260
:1082D00013605A60427B002322F00202C0E900339F
:1082E000427383607047EFF30580003818BF0120A8
:1082F00070476FF057007047D0E9003213605A6042
:108300000023C0E90033704708B5FFF7F5FF437B52
:1083100023F0020343730023836008BD38B504468D
:108320000D46F5F7EDFD637B43F002036373E5B1A2
:10833000A5602B689D4209D16B68C4E900531C609D
:108340006C6012E06A689A42F6D01B68002BF3D08A
:1083500094F90E2093F90E108A42F3D09142F1DD88
:108360005A68C4E9003214605C6038BD10B5EFF3A0
:108370001184202383F31288BFF36F8FF5F77EFDFE
:1083800084F31188BFF36F8F10BD08B5EFF311812F
:10839000202282F31288BFF36F8F83680BB1FFF73F
:1083A000B3FF81F31188BFF36F8F08BD10B501468D
:1083B000EFF31184202383F31288BFF36F8F437B85
:1083C00013F0280F0AD183680BB1FFF79DFF4B7B99
:1083D00023F004034B730846F5F750FD84F311882E
:1083E000BFF36F8F10BD01211838FFF7DFBF08B54D
:1083F0000346EFF31181202282F31288BFF36F8FBF
:108400000068834207D008B1FFF77EFF81F311882F
:10841000BFF36F8F08BD0020F8E710B5FFF7B5FF79
:10842000BDE81040183000F068B838B5046805465B
:10843000AC424FF0000000D138BD002CFCD02046EB
:10844000FFF7EBFF2046FFF791FF2C680120A542C4
:10845000F1E738B50C460546F5F7FAFEB4F1FF3FF3
:1084600008BFB5F1FF3F1FBF47F6FF7300224FF46F
:108470007A71C0FB01321ABFD80B40EA42404FF07C
:10848000FF3038BD38B5EFF31185202383F3128810
:10849000BFF36F8F0468A04212D09CB1E1676261A4
:1084A0002046FFF731FF04F1180000F026F82046BF
:1084B000F5F7E4FC012085F31188BFF36F8F38BD19
:1084C0000020F8E72046F6E710B5F6F77FF80446F7
:1084D000F6F784F874B1D4E904321B1A62EBE07247
:1084E000B3F1004F72F1000104DA002AACBF184664
:1084F000002010BD6FF00040FBE738B50246EFF3F7
:108500001185202383F31288BFF36F8F036893B123
:10851000F6F75CF804461046F6F76AF8844204D190
:10852000FFF7D2FF0021F1F7F3F9002085F311885E
:10853000BFF36F8F38BD6FF01500F7E708B5F6F79A
:1085400041F908BDF6F73EB9B3F1FF3F08BFB2F1FC
:10855000FF3F70B504461D46164613D01A4315D08A
:108560006FF00102921B4FF0FF3363EB050100290E
:1085700004DAF6F727F9821941EB0501C4E9002175
:10858000204670BD4FF0FF321146F7E70022FBE7AF
:10859000B3F1FF3F08BFB2F1FF3FF8B507461646FB
:1085A0001C4610D054EA020311D0F6F70BF9B04282
:1085B0000A46A14103460AD2F31A64EB0204C7E952
:1085C00000343846F8BD4FF0FF331C46F7E7002370
:1085D000FBE710B50446FFF790FFA8B9636A0BB13B
:1085E0002046984704F11800FFF701FF60B1FFF73C
:1085F000BDFEEFF31180202383F31288BFF36F8F4A
:10860000BDE81040F5F77CBD10BD2DE9F041846850
:1086100005460E46D4B16378012B22D114F8533CA1
:108620009A0711D5A4F160073846FFF7F6FE082E29
:108630000CBF6FF003030023E36114F8533CDB0627
:1086400002D13846FFF792FE00232370EB68C3F394
:1086500086321643002066F39433A860EB60BDE8D1
:10866000F081022BF0D12378002BEDD054F8048C4C
:10867000B8F1000FE8D004F11400FFF73EFFA4F1B9
:1086800014070023E36239464046FFF77DFDDBE730
:1086900038B5EFF31185202383F31288BFF36F8F72
:1086A0000468A04211D0D4E9003213605A6000235C
:1086B000C4E900332046FFF7A8FF85F31188BFF314
:1086C0006F8F201E18BF012038BD0024F5E720B1B0
:1086D000011F50F8040CFFF746BB70470A44914253
:1086E00000F1FF3300D1704710B511F8014B03F8CA
:1086F000014F9142F9D110BD884210B501EB02043F
:1087000002D98442234607D8431EA14208D011F85B
:10871000012B03F8012FF8E7024401468A4200D1F9
:1087200010BD13F8014D02F8014DF7E7024403466E
:10873000934200D1704703F8011BF9E710B50139E6
:108740000244904201D1002005E0037811F8014F66
:10875000A34201D0181B10BD0130F2E710B56AB179
:108760000139841810F8012B11F8013F9A4203D106
:10877000A04201D0002AF5D1D01A10BD1046FCE766
:108780002DE9F047C3F13709074688465FFA89F9B2
:1087900003F01F0516464FF0000A384641462A46A8
:1087A0005346D3F7ADFDD4B2092C88BF4C443A46AA
:1087B000434688BFE4B2AA4204F1300473EB0A03D3
:1087C00006F8014B07468846E7D23046BDE8F087F9
:1087D0002DE9F04F89B00618994604AB41EB01042E
:1087E000009315463046D2E900232146DDF84CB00F
:1087F00000F0ABF806AB0093D5E9022307468846A4
:108800003046214600F0A1F8DDE90463841951EBFC
:108810000306069BD5E900014FF0000228BF0122A4
:10882000D218079B43F10003381848EB0101B84206
:1088300071EB0801E9680391A96834BF01200020A9
:1088400014EB010C039946EB010110EB0C0041F114
:108850000001A04271EB060C34BF4FF0010C4FF049
:10886000000CCDE90623A9F1410A1CEB020243F1F9
:108870000003CDF800A000F083F8129BC3E90001CB
:10888000149B012BDDE9062329D1D5E90201D5E9A5
:1088900000C5201A66EB0101674578EB050534BF7A
:1088A00001250025401B61F10001844276EB0105A2
:1088B00034BF01250025521BCDF800A063F1000351
:1088C00000F05EF8DDE90623CBE90001CDF800A059
:1088D0002046314600F054F809B0BDE8F08F17EBA0
:1088E000070E48EB080C201946EB0601BE457CEB51
:1088F000080834BF01270027C71941F10008D5E94E
:10890000000186457CEB010CD5E9021534BF01203E
:108910000020381A68F1000C401A6CEB050192181F
:108920005B41A74278EB060534BF012500255219AB
:1089300043F10003874278EB010834BF012500258D
:10894000521BA9F140050095B8E7F0B50F46044663
:10895000A0FB0201A7FB02524919A3FB044542F107
:108960000002A7FB0373611845F10004D219059EAC
:1089700043F10003121943F10003C6E90023F0BDDF
:10898000F0B5059CC4F14007C4F1200602FA06F6D2
:10899000A4F12005BB4022FA05F53343C4F12006BB
:1089A0002B4301FA06F6A4F12005E04021FA05F573
:1089B0003043BA402843E14010431943F0BD2DE94C
:1089C000F04357EC106B3B463446C3F30A55C3F3F0
:1089D0001303FE0F54EA030C067140F2FF7707D031
:1089E000BD420CD146F0080606710020BDE8F083B8
:1089F000002D63D0BD425ED146F00406F4E7002DA1
:108A000059D10125A5F2FF350029056059DB0C2954
:108A100059DCC1F10D05AD00012605F1FF3EA5F1C0
:108A2000210CC5F1210726FA07F706FA0CFC06FA15
:108A30000EF64CEA070CB7194CEB0C09D7F10008FD
:108A400069EB490E013F49F1FF39274009EA030963
:108A5000BE427CEB09090FDBC5F12009B5F1200707
:108A600003FA09F924FA05F545EA09055CBF43FA5A
:108A700007F73D43ED0703D5A619344643EB0C0336
:108A800004EA080403EA0E0300F112050D26084665
:108A9000C2F127024FF0300E04F00F01240944EA1E
:108AA000037406F1FF3C1B116F1EB1B9B0420CDA22
:108AB00066463D46F0E743F48013A3E72C462B4679
:108AC000A2E70021E0E70D21DEE785F800E01CF1D8
:108AD000010166463D46DFD188E70929C8BF8918EC
:108AE0003031B0422970B8BF3046F0E7D1E90432E6
:108AF00093421EBF5A1C0A611870704701480068F3
:108B0000704700009CC500202C38FD7F010000004C
:108B1000891D01000000000001840200C88B0300D1
:108B200041D302000000000065D3020000000000F5
:108B3000D98E0200F08B0300D98E0200DC8B03007B
:108B4000855A0300188C0300318A0200048C03004C
:108B5000819A02002C8C0300AD97020000000000F7
:108B6000C52E010000000000011B010000000000F4
:108B7000596103000000000099D8020000000000C5
:108B800039820200548C03008F5C03007C8C03004C
:108B90002D8B0200688C030000000000408C030055
:108BA0003D320100000000000D950200908C030092
:108BB000A314030000000000DD1D01000000000000
:108BC000552B01000000000001BF030020AE030090
:108BD000CC8E03000E08002078EB002049BF030074
:108BE00038AE0300588E03001608002060EC002009
:108BF00057BF030050AE0300588E03001808002032
:108C00006CEC002010BF030000000000388E030051
:108C100010080020ECEB002020BF03000000000043
:108C2000308E0300120800200000000088BF0300FF
:108C3000B4AE0300B08E03001E080020ECEC002050
:108C4000F89D030000000000C08E03000A08002009
:108C50008CDC0020F4BE030000000000248E030022
:108C60000C080020000000002FBF030000000000DF
:108C7000408E0300140800200000000065BF0300C0
:108C800068AE03007C8E03001A08002078EC0020F8
:108C90007ABF030000000000948E03001C0800202F
:108CA000ACEC0020899F0200A35D030000000000DF
:108CB0002D180300000000002D18030061AD020014
:108CC000A35D0300000000002D1803000000000059
:108CD0002D1803005DA60200A35D0300548C030061
:108CE00085820200000000002D1803000000000033
:108CF0002D180300000000002D18030000000000E4
:108D0000A9500200908C03007D940200ECEB00203F
:108D1000A18A020000000000A17E02000000000005
:108D20002D1803001DB00200A35D03000000000029
:108D30003D980200000000002D1803000000000014
:108D40002D180300000000002D1803000000000093
:108D50002D180300000000002D1803000000000083
:108D60002D18030000000000D95002000000000090
:108D70002D180300000000002D1803000000000063
:108D80002D180300000000002D1803000000000053
:108D90002D180300000000002D1803000000000043
:108DA0002D180300000000002D1803000000000033
:108DB0002D180300000000002D1803000000000023
:108DC0002D180300000000002D1803000000000013
:108DD0002D180300000000002D1803000000000003
:108DE0002D180300000000002D18030000000000F3
:108DF0002D180300000000002D18030000000000E3
:108E00002D180300000000002D18030000000000D2
:108E10002D180300000000002D18030000000000C2
:108E20002D180300717F0200A58002005802000087
:108E3000895A030000000000D9890200318902002C
:108E40008B5B03005D8D0200418C0200258B0200CC
:108E5000575B0300158B02006D8F0200B35B0300AC
:108E6000C15B0300D95B0300E55B0300F15B03001A
:108E7000D98D02000B5C030000000000D35C0300EE
:108E8000000000003191020000000000000000001E
:108E900079920200000000000000000000000000C5
:108EA00095940200519402000000000000000000B0
:108EB0002D9A0200715D0300B1990200775D0300F5
:108EC00015C5010095C30100ADC601006184020013
:108ED000E1590300435A0300000000007D590300DC
:108EE000000000000000000005000000F95B010028
:108EF0000000000006000000658201000000000084
:108F0000040000008960010000000000E100010091
:108F1000310001000000000000000000000000001F
:108F2000000000000000000000000000952E01007D
:108F30006D2C010000000000000000000000000097
:108F40000000000000000000000000003499030051
:108F500008000000D499030007000000B09503004A
:108F6000050000002495030007000000C4960300DC
:108F7000040000007C9303001100000097BA030076
:108F80000000000000000000FD2E010091310100F2
:108F90000000000088BE0300010000000000000087
:108FA00015410300000000000000000097BE030010
:108FB0000100000000000000E54703000000000081
:108FC00000000000DCBA0300000000000000000008
:108FD000790B010000000000000000008FBE0300BC
:108FE0000100000000000000B16C01005577010095
:108FF00000000000DCBE03000100000000000000D3
:10900000F19201007D910100000000009DBE03006F
:10901000010000000000000019700100357101001E
:10902000000000008DBA03000000000000000000F6
:10903000E1FD000000000000000000001127010019
:10904000CD2A01003D2D0100FFFFFFFFFFFFFFFFC5
:1090500000010602010000000001020104040404F2
:1090600074C20300000100005000A0000400900141
:1090700001030062746C6500000000000000000045
:1090800000000000000000000000000000000000E0
:1090900000000000000000000000000000000000D0
:1090A00000000000000100000000000000000000BF
:1090B0000338FDD8704700000100000000000000E8
:1090C0000500000000000000190000000000000082
:1090D0007D000000000000007102000000000000A0
:1090E000350C000000000000093D000000000000F9
:1090F0002D31010000000000E1F505000000000036
:1091000065CD1D0000000000F90295000000000080
:10911000DD0EE90200000000514A8D0E0000000043
:109120009573C24800000000E941CC6B01000000CB
:109130008D49FD1A07000000C16FF2862300000070
:10914000C52EBCA2B1000000D9E9AC2D7803000007
:109150003D9160E45811000031D6E275BC56000024
:10916000F52E6E4DAEB10100C9EA2683677808007E
:10917000ED95C28F055A2A00A1EDCCCE1BC2D300BB
:1091800025A4000A8BCA2204000000000000000091
:1091900000000000000000100000000000000000BF
:1091A000B9340332B7F4AD1410DB1AB30892540E7D
:1091B0000D307D951447BA1A66088F4D26ADC66DE1
:1091C000F598BF85E2B74511CA96853D92BD1DEB66
:1091D000FCA11860DCEF52163C92AE220BB8C1B471
:1091E000839D2D5B0562DA1C304C7E8F4E8BB25B0B
:1091F00016F4529F8B56A512FBD4827643ED8AF06B
:109200008FE7F9311565191850F19BD94A13EEB45F
:10921000284CF0A686C1251F035FC270CB9E49165D
:10922000E642889C44EB2014B0650836AD6EA585F7
:1092300085F0CA14E2FD031A0B899979D5B13D096D
:10924000D8DA973A35EBCF10AC363F5E73BB38CFE8
:109250003E6752FA44AFBA1501000000000000005A
:109260000000000000000020345065C05FC9A65215
:10927000BB13CBAEC440C21806C8DF7100D5A87CB2
:10928000F56F0FDA58FC27136E4756357D2420659D
:1092900002C7E768E48CA41DE9E60268D7CD39610E
:1092A0007977FCC2405BEF16798CDE43FFA751F95A
:1092B00091F3B278F5BDBE11E857E9D6E8BEE87B78
:1092C000B054AC8F848D751BEA23A499E9F9D38B34
:1092D000B7A3714061DA3E15CEE33ECB73F948087F
:1092E0008C97B427D51B7010A2BFEFB9EB85321550
:1092F0004DB44DB49BBB6F1996B6076CF8E7EEAD55
:1093000036D9B4F59135AE13222218AF4E6A684DA6
:1093100091DAAA3D4F40741E9FBD9EE006A1C09801
:1093200057C2A7FDA40E90170E7D497173E3208FDD
:10933000B220D87605143B12853D7434811343B0B6
:10934000AD297A5F27F4351CF08B03000B00000079
:10935000F08B03000F00010000000000030000007C
:10936000200300004803000000000000010100008D
:109370006407002007100000540700207CB9030098
:109380003544030000000000CB070020000001006E
:1093900078B903003B490300000000004C030020A3
:1093A00000000100BA070020FDFF000000000000DF
:1093B000F20401200000040074B903000744030014
:1093C0002D720100340300200000090070B9030071
:1093D0003B490300000000002C03002000000100B6
:1093E000A9070020000000000000000000000000AD
:1093F000000000006CB90300074403002D72010057
:10940000140300200000090068B903003B49030071
:10941000000000000C03002000000100980700205D
:10942000000000000DFF0000000000000000080028
:1094300064B903003B49030000000000040300205E
:109440000000010087070020FDFF000039FF000039
:10945000D804012000000C0060B903003B49030060
:1094600000000000FC020020000001007607002040
:10947000FDFF000000000000EB04012000000400DC
:109480005CB90300074403002D720100E4020020D0
:109490000000090058B903003B4903000000000028
:1094A000DC02002000000100650700200000000031
:1094B00000000000000000000000000054B903009C
:1094C000074403002D720100C402002000000900BF
:1094D00005000000000000000000000000C00000C7
:1094E000688C03000100000000C00000003007008D
:1094F000688C03000200000000F007000030070045
:10950000688C03000300000000200F0000800000B2
:10951000688C03000400000000A00F000060000041
:10952000688C0300A8B90300354403000000000064
:10953000A4B9030000000100A0B903003B490300E7
:10954000000000006C0300200000010098B9030037
:109550006D14030000000000F2070020000001006D
:1095600094B903003B49030000000000640300209D
:10957000000001008CB903006D140300000000001E
:10958000FA0401200000010088B903003B490300F0
:10959000000000005C0300200000010080B903000F
:1095A0006D14030000000000DC0700200000010033
:1095B000C4B903003544030000000000C0B9030033
:1095C00000000100BCB903003B490300000000009B
:1095D0008C03002000000100B4B90300010C01005D
:1095E000000000000000000000000100B0B903000E
:1095F000074403002D7201007403002000000300E3
:10960000ACB90300A949030000000000C8B9030079
:1096100000000100000000200000000000000B0618
:10962000020000002896030000000000E3BA0300D7
:109630002600020200000020EBBA030022000B11FA
:10964000311C010000000000A118030005240100E6
:10965000B9250100000000001129010000000000F0
:1096600000000000000000000000000000000000FA
:10967000000000000000000095280100F12A010010
:10968000F12A0100000000000000000000000000BE
:1096900000000000000000000000000000000000CA
:1096A0000000000000000000D92A010040960300DD
:1096B000B896030080010000F4400120B8BB03000D
:1096C00000000000D8B9030035440300000000008A
:1096D000E5BB030000000100D4B903003B490300CF
:1096E00000000000F403002000000100C3BB0300E1
:1096F00000000000992C010000000000000008009C
:10970000D0B90300074403002D720100DC030020E0
:1097100000000C00409603002097030000010000A9
:109720007447012040960300309703002E0000008C
:10973000F45401204096030040970300020100000A
:10974000D45501200E030000A53E01000F040000C7
:10975000E13E01001A01000005220300050400009B
:109760001134010013010000B7230300FF010000C2
:10977000893401003E010000A93401000504000005
:109780008322030008040000B32503003003000017
:109790005325030010010000DD2203000112000028
:1097A000253E01000A1E00001728030003090000DF
:1097B00051240300040B0000E5220300060A000008
:1097C00005270300070A0000C52203000C0500005E
:1097D000AB220300050C0000432603004096030063
:1097E000E897030047000000F4560120409603006C
:1097F000F897030000000000205801204096030065
:1098000008980300000100004858012007320300B7
:10981000093203000000000000000000000000000A
:109820003F340300000000000000000000000000C2
:109830000000000002020100C73D03000404010013
:10984000A969010006060100E96801000804010099
:10985000D56701000A020100AF3D03000C040100BE
:10986000973D03000E040100A966010020040100D9
:109870000D660100100401001D65010012020100C7
:10988000D73C030016040100233503001801010032
:10989000D53903001E000400B73E03005202000049
:1098A000FD3C030001040200F96A0100030202000A
:1098B000BB3E030005010200853E030007040200D1
:1098C0008F3E030009010200933E03000B000200DB
:1098D000973E03000D0002009B3E03000F000200B4
:1098E0009F3E030021020200A33E0300110102007B
:1098F000A73E030013000200AB3E03001704020062
:10990000AF3E030019000200B33E03001B02030038
:10991000393503001D020500693C030023040300E0
:109920002735030040960300309903000201000030
:10993000C05B012008BA03003544030000000000AA
:1099400004BA03000000010000BA03003B49030011
:1099500000000000E404002000000100F8B903004A
:1099600000000000000000000000000000000000F7
:10997000F4B90300074403002D720100EC04002039
:1099800000000300F0B903003B49030000000000A1
:10999000DC04002000000100E8B903006D4403006E
:1099A000194703000000000000000300E4B90300B1
:1099B0003B49030000000000D40400200000010027
:1099C000DCB9030061760100000000000000000027
:1099D0000000010034BA0300354403000000000019
:1099E00030BA0300000001002CBA03003B49030019
:1099F00000000000140500200000010024BA03004C
:109A00009D44030027410300A0010020000009003D
:109A100020BA03003B490300000000000C050020B1
:109A20000000010018BA0300C74403000000000052
:109A3000000000000000010014BA03003B490300CD
:109A40000000000004050020000001000CBA030023
:109A5000A5700100000000000000000000000100EF
:109A600059870100D5550300E98E01000000000070
:109A700000000000518D0100000000000000000007
:109A800000000000000000000000000000000000D6
:109A90001588010006000000DF52030006000000E8
:109AA0007F520300100000009183010010000000AD
:109AB0008B550300010000002D4F03001000000033
:109AC000DB5203000A0000000B50030010000000EE
:109AD000D58D010007000000E352030010000000D4
:109AE000B14F030001000000B186010040000000FA
:109AF0002352030010000000FF4F0300010000008C
:109B0000574553545F544F504449522F7A657068FB
:109B100079722F7375627379732F626C7565746FC8
:109B20006F74682F636F6E74726F6C6C65722F74D4
:109B300069636B65722F7469636B65722E630000D5
:109B40007469636B65725F726573636865642D3EEB
:109B50007469636B735F746F5F6578706972652099
:109B60003D3D203055000000415353455254494F6C
:109B70004E204641494C205B25735D2040202573D3
:109B80003A25640A0000000028287469636B657236
:109B90005F72657363686564292D3E6578745F64E0
:109BA0006174612026262028287469636B65725FC2
:109BB00072657363686564292D3E6578745F6461BE
:109BC00074612D3E7469636B735F736C6F745F7740
:109BD000696E646F7720213D2030552929000000EF
:109BE000574553545F544F504449522F7A6570681B
:109BF00079722F7375627379732F626C7565746FE8
:109C00006F74682F636F6E74726F6C6C65722F6CFB
:109C10006C5F73772F756C6C2E6300002165727218
:109C20000000000072780000756C6C5F7265665F02
:109C300067657428756C6C5F6864722900000000A9
:109C40003000000072656C65617365203D3D2064E5
:109C50006F6E65002172657476616C0064656C746A
:109C600061203C3D2030207C7C206D656D5F6C69FF
:109C70006E6B5F72782E71756F74615F70647520A2
:109C80003C20282833202B2030202B203129202B4A
:109C9000202832202A20283129292900636F6E6E5E
:109CA0005F6C6C6C0000000021636F6E6E5F6C6C0B
:109CB0006C2D3E6C696E6B5F74785F6672656500D3
:109CC0006D656D715F6C696E6B00000072782D3E82
:109CD0006864722E7479706520213D204E4F444592
:109CE0005F52585F545950455F4E4F4E450000003B
:109CF0002163632D3E7374617475730072785F66BF
:109D00007265652D3E6864722E7479706520213D00
:109D1000204E4F44455F52585F545950455F4E4F57
:109D20004E45000021636F6E6E2D3E6C6C6C2E6C88
:109D3000696E6B5F74785F66726565002172657429
:109D4000000000006C6F6F70000000005745535416
:109D50005F544F504449522F7A65706879722F735F
:109D600075627379732F626C7565746F6F74682F89
:109D7000636F6E74726F6C6C65722F6C6C5F73774F
:109D80002F6C6C6C5F636F6D6D6F6E2E63000000E7
:109D900021657272207C7C20657272203D3D202DF1
:109DA00031313900574553545F544F504449522F75
:109DB0007A65706879722F7375627379732F626C2C
:109DC0007565746F6F74682F636F6E74726F6C6CEF
:109DD00065722F6863692F6863695F64726976656D
:109DE000722E6300425420525820707269000000A5
:109DF000425420525800000062745F6863695F63D8
:109E00006F6E74726F6C6C65720000005A657068DA
:109E10007972204F532076342E312E30000000000E
:109E2000574553545F544F504449522F7A657068D8
:109E300079722F7375627379732F626C7565746FA5
:109E40006F74682F636F6E74726F6C6C65722F68BD
:109E500063692F6863692E630000000028282828A2
:109E600075696E747074725F74296E6F64652920F1
:109E700025205F5F616C69676E6F66287374727509
:109E80006374206E6F64655F72785F636329292055
:109E90003D3D2030290000002828282875696E746F
:109EA0007074725F74296E6F6465292025205F5F6E
:109EB000616C69676E6F6628737472756374206E67
:109EC0006F64655F72785F63752929203D3D20309E
:109ED00029000000574553545F544F504449522FB6
:109EE0007A65706879722F7375627379732F626CFB
:109EF0007565746F6F74682F636F6E74726F6C6CBE
:109F000065722F6C6C5F73772F756C6C5F61647614
:109F10002E63000068616E646C65203C2031000097
:109F200028726574203D3D203029207C7C202872D9
:109F30006574203D3D203229000000006164762DCB
:109F40003E6C696E6B5F63635F66726565000000FF
:109F50006164762D3E6E6F64655F72785F63635FE8
:109F60006672656500000000216864722D3E6469B8
:109F70007361626C65645F63620000007374617496
:109F80007573203D3D2030207C7C20706172616DB6
:109F9000203D3D20756C6C5F64697361626C655F28
:109FA0006D61726B5F6765742829207C7C20286353
:109FB0006F6E6E65637461626C6520262620216178
:109FC00064762D3E6C6C6C2E636F6E6E29207C7CEB
:109FD00020300000216C6C6C2D3E6C696E6B5F74E0
:109FE000785F6672656500006D61726B203D3D2093
:109FF0006164760021657272207C7C202865727213
:10A00000203D3D202D313230290000007265660070
:10A0100028726574203D3D203029207C7C202872E8
:10A020006574203D3D203229207C7C202866705FAD
:10A030006F705F66756E63203D3D202828766F69DE
:10A0400064202A29302929007064752D3E6C656EC4
:10A05000203E3D205F5F6275696C74696E5F6F665C
:10A06000667365746F6620287374727563742070EC
:10A0700064755F6164765F6164765F696E642C20ED
:10A080006461746129000000574553545F544F5078
:10A090004449522F7A65706879722F7375627379AB
:10A0A000732F626C7565746F6F74682F636F6E7455
:10A0B000726F6C6C65722F6C6C5F73772F756C6C44
:10A0C0005F636F6E6E2E630074785F62756600006A
:10A0D00072782D3E6864722E6C696E6B0000000011
:10A0E000737461747573203D3D2030007374617426
:10A0F0007573203D3D2030207C7C20706172616D45
:10A10000203D3D20756C6C5F7570646174655F6D9A
:10A1100061726B5F6765742829207C7C2070617296
:10A12000616D203D3D20756C6C5F64697361626C8C
:10A13000655F6D61726B5F676574282900000000C0
:10A1400070203D3D20706172616D0000287469636C
:10A150006B65725F737461747573203D3D203029A7
:10A16000207C7C20287469636B65725F73746174F2
:10A170007573203D3D203229000000006572722079
:10A180003D3D2030207C7C20657272203D3D202D9D
:10A190003132300009706172616D313A20257520CD
:10A1A000706172616D323A2025750A00636F6E6EC0
:10A1B0002D3E6C6C6C2E68616E646C6520213D20B8
:10A1C0003078464646460000287469636B65725FC6
:10A1D000737461747573203D3D203029207C7C2090
:10A1E000287469636B65725F737461747573203D65
:10A1F0003D203229207C7C202828766F6964202A23
:10A2000029636F6E6E5F6C6C203D3D20756C6C5FDA
:10A2100064697361626C655F6D61726B5F676574C1
:10A22000282929006C6C6C5F747800007064755F7D
:10A2300074782D3E6C656E00216C696E6B2D3E6EE0
:10A2400065787400574553545F544F504449522F1A
:10A250007A65706879722F7375627379732F626C87
:10A260007565746F6F74682F636F6E74726F6C6C4A
:10A2700065722F6C6C5F73772F756C6C5F6C6C63A1
:10A28000705F656E632E63006E74660057455354AD
:10A290005F544F504449522F7A65706879722F731A
:10A2A00075627379732F626C7565746F6F74682F44
:10A2B000636F6E74726F6C6C65722F6C6C5F73770A
:10A2C0002F756C6C5F6C6C63705F7068792E6300C7
:10A2D0006E74662D3E6864722E74797065203D3D03
:10A2E000204E4F44455F52585F545950455F524588
:10A2F0005441494E000000006374782D3E6E6F6437
:10A30000655F7265662E7478000000006374782DB6
:10A310003E646174612E70752E6E74665F646C6548
:10A320005F6E6F6465000000636F6E6E2D3E6C6C37
:10A330006C2E726F6C65203D3D203078303100000E
:10A34000574553545F544F504449522F7A657068B3
:10A3500079722F7375627379732F626C7565746F80
:10A360006F74682F636F6E74726F6C6C65722F6C94
:10A370006C5F73772F756C6C5F6C6C63702E630011
:10A380006374782D3E6F776E657200006374782D6C
:10A390003E6E6F64655F7265662E72780000000025
:10A3A00063747800FD0702000D0802001D0802001A
:10A3B0002D08020000000000000000003D0802001F
:10A3C000E50802004D08020000000000F508020048
:10A3D000000000005D080200050902000000000006
:10A3E0006D080200150902007D080200250902001F
:10A3F00035090200450902005509020065090200FD
:10A40000750902008D080200000000000000000035
:10A41000000000000000000000000000D50802005D
:10A42000574553545F544F504449522F7A657068D2
:10A4300079722F7375627379732F626C7565746F9F
:10A440006F74682F636F6E74726F6C6C65722F6CB3
:10A450006C5F73772F756C6C5F6C6C63705F636F90
:10A460006D6D6F6E2E6300006374782D3E70726F99
:10A4700063203D3D2050524F435F5445524D494E5D
:10A48000415445006374782D3E70726F63203D3DEA
:10A490002050524F435F444154415F4C454E475416
:10A4A000485F5550444154450000000057455354FF
:10A4B0005F544F504449522F7A65706879722F73F8
:10A4C00075627379732F626C7565746F6F74682F22
:10A4D000636F6E74726F6C6C65722F6C6C5F7377E8
:10A4E0002F756C6C5F6C6C63705F6C6F63616C2E4E
:10A4F0006300000063747820213D202828766F696E
:10A5000064202A29302900006374785F68656164DB
:10A510006572203D3D206374780000006374782DDF
:10A520003E6E6F64655F7265662E7278203D3D20D9
:10A530002828766F6964202A293029207C7C2063B2
:10A5400074782D3E6E6F64655F7265662E72782D2D
:10A550003E6864722E7479706520213D204E4F4410
:10A56000455F52585F545950455F52455441494EDA
:10A5700000000000574553545F544F504449522F38
:10A580007A65706879722F7375627379732F626C54
:10A590007565746F6F74682F636F6E74726F6C6C17
:10A5A00065722F6C6C5F73772F756C6C5F6C6C636E
:10A5B000705F636F6E6E5F7570642E6300000000E5
:10A5C0006374782D3E6E6F64655F7265662E727877
:10A5D000203D3D202828766F6964202A29302900F3
:10A5E000574553545F544F504449522F7A65706811
:10A5F00079722F7375627379732F626C7565746FDE
:10A600006F74682F636F6E74726F6C6C65722F6CF1
:10A610006C5F73772F756C6C5F6C6C63705F6368D5
:10A620006D752E6300000000574553545F544F5022
:10A630004449522F7A65706879722F737562737905
:10A64000732F626C7565746F6F74682F636F6E74AF
:10A65000726F6C6C65722F6C6C5F73772F756C6C9E
:10A660005F6C6C63705F72656D6F74652E63000064
:10A6700008020B020A0305020000000000000000AF
:10A6800002020000060200000403000000000903AB
:10A6900000000000010300000C030000070300009D
:10A6A0000000000000000000574553545F544F5015
:10A6B0004449522F7A65706879722F737562737985
:10A6C000732F626C7565746F6F74682F636F6E742F
:10A6D000726F6C6C65722F6C6C5F73772F756C6C1E
:10A6E0005F7065726970686572616C2E630000004E
:10A6F0007469636B65725F737461747573203D3D3B
:10A700002030000073746174757320213D20312066
:10A710007C7C20706172616D203D3D20756C6C5FAA
:10A7200064697361626C655F6D61726B5F676574AC
:10A7300028290000574553545F544F504449522F25
:10A740007A65706879722F7375627379732F626C92
:10A750007565746F6F74682F636F6E74726F6C6C55
:10A7600065722F6C6C5F73772F756C6C5F66696CAC
:10A770007465722E63000000726C5F696478203C1F
:10A7800020380000726C5B726C5F6964785D2E74B7
:10A79000616B656E00000000726C5B726C5F6964D7
:10A7A000785D2E727061735F72656164790000007C
:10A7B0006465766D617463685F6964203C20282855
:10A7C00073697A655F742920282828696E742920A6
:10A7D00073697A656F6628636861725B31202D202A
:10A7E00032202A202128215F5F6275696C74696EAE
:10A7F0005F74797065735F636F6D70617469626CAB
:10A80000655F70285F5F747970656F665F5F28664B
:10A81000616C292C205F5F747970656F665F5F28BB
:10A82000262866616C295B305D2929295D29202D48
:10A83000203129202B202873697A656F662866618C
:10A840006C29202F2073697A656F66282866616CF1
:10A85000295B305D292929290000000066616C5BB5
:10A860006465766D617463685F69645D2E74616BA5
:10A87000656E00006465766D617463685F6964206D
:10A880003C20282873697A655F7429202828286964
:10A890006E74292073697A656F6628636861725BDC
:10A8A00031202D2032202A202128215F5F62756906
:10A8B0006C74696E5F74797065735F636F6D7061DE
:10A8C0007469626C655F70285F5F747970656F662C
:10A8D0005F5F28726C292C205F5F747970656F66EA
:10A8E0005F5F282628726C295B305D2929295D2944
:10A8F000202D203129202B202873697A656F662846
:10A90000726C29202F2073697A656F662828726C13
:10A91000295B305D2929292900000000726C5B69E0
:10A920005D2E74616B656E0069726B6D6174636836
:10A930005F6964203C20706565725F69726B5F635C
:10A940006F756E740000000069203C203800000024
:10A95000574553545F544F504449522F7A6570689D
:10A9600079722F7375627379732F626C7565746F6A
:10A970006F74682F636F6E74726F6C6C65722F6C7E
:10A980006C5F73772F6E6F726469632F6C6C6C2FC2
:10A990006C6C6C2E63000000707265656D70745F86
:10A9A000726571203D3D20707265656D70745F61E8
:10A9B000636B0000707265656D70745F73746172B3
:10A9C000745F72657120213D20707265656D7074D1
:10A9D0005F73746172745F61636B000070726565B0
:10A9E0006D70745F73746F705F72657120213D20AC
:10A9F000707265656D70745F73746F705F61636BA7
:10AA000000000000707265656D70745F7265712082
:10AA1000213D20707265656D70745F61636B00002D
:10AA2000707265656D70745F61636B20213D20708D
:10AA30007265656D70745F72657100007265616446
:10AA4000792D3E707265706172655F706172616DC3
:10AA50002E706172616D203D3D20706172616D00EC
:10AA60006974657200000000657272203D3D202D02
:10AA70003134300021706172616D000021706172AB
:10AA8000616D207C7C206E65787400006576656E53
:10AA9000742E637572722E61626F72745F636200EE
:10AAA0006576646F6E650000657272203E3D2030F1
:10AAB000000000006E65787400000000217265617E
:10AAC0006479207C7C202672656164792D3E7072E9
:10AAD00065706172655F706172616D203D3D2070CF
:10AAE0007265706172655F706172616D0000000077
:10AAF000F401FA00960064004B0032001E001400BE
:10AB0000574553545F544F504449522F7A657068EB
:10AB100079722F7375627379732F626C7565746FB8
:10AB20006F74682F636F6E74726F6C6C65722F6CCC
:10AB30006C5F73772F6E6F726469632F6C6C6C2F10
:10AB40006C6C6C5F6164762E630000006E6F6465F0
:10AB50005F72780021726164696F5F69735F72650B
:10AB60006164792829000000700000006368616E4C
:10AB700000000000706475007363616E5F7064753F
:10AB8000000000000925733A2041637475616C2050
:10AB90004556454E545F4F564552484541445F53D4
:10ABA000544152545F5553203D2025750A00000042
:10ABB000707265706172655F63620000574553543F
:10ABC0005F544F504449522F7A65706879722F73E1
:10ABD00075627379732F626C7565746F6F74682F0B
:10ABE000636F6E74726F6C6C65722F6C6C5F7377D1
:10ABF0002F6E6F726469632F6C6C6C2F6C6C6C5F62
:10AC0000636F6E6E2E63000021726164696F5F690D
:10AC1000735F61646472657373282900646F6E6585
:10AC2000000000006C6C6C2D3E68616E646C6520E9
:10AC3000213D203078464646460000005745535493
:10AC40005F544F504449522F7A65706879722F7360
:10AC500075627379732F626C7565746F6F74682F8A
:10AC6000636F6E74726F6C6C65722F6C6C5F737750
:10AC70002F6E6F726469632F6C6C6C2F6C6C6C5FE1
:10AC80007065726970686572616C2E630000000007
:10AC9000707265706172655F63620000574553545E
:10ACA0005F544F504449522F7A65706879722F7300
:10ACB00075627379732F626C7565746F6F74682F2A
:10ACC000636F6E74726F6C6C65722F6C6C5F7377F0
:10ACD0002F6E6F726469632F68616C2F6E726635B8
:10ACE0002F636E74722E63005F726566636F756E9C
:10ACF00074000000574553545F544F504449522F3D
:10AD00007A65706879722F7375627379732F626CCC
:10AD10007565746F6F74682F636F6E74726F6C6C8F
:10AD200065722F6C6C5F73772F6E6F726469632F1F
:10AD300068616C2F6E7266352F6D6179666C792E45
:10AD400063000000574553545F544F504449522FFD
:10AD50007A65706879722F7375627379732F626C7C
:10AD60007565746F6F74682F636F6E74726F6C6C3F
:10AD700065722F6C6C5F73772F6E6F726469632FCF
:10AD800068616C2F6E7266352F7469636B65722E05
:10AD900063000000757365725F6964203C2073690D
:10ADA0007A656F662863616C6C65725F69645F6C5D
:10ADB0007574290063616C6C65725F696420213D64
:10ADC0002030000001030405574553545F544F5091
:10ADD0004449522F7A65706879722F73756273795E
:10ADE000732F626C7565746F6F74682F636F6E7408
:10ADF000726F6C6C65722F6C6C5F73772F6E6F72F5
:10AE00006469632F68616C2F6E7266352F656362AB
:10AE10002E630000BD8302008D830200000000004D
:10AE2000518502009D840200655A0300715A030097
:10AE30000400000000FF0000FFFF000000030050BE
:10AE40000000000001000000006000400000000061
:10AE5000FFFFFFFF000000500000000000000000A6
:10AE600000600040000000000030004000000000D2
:10AE7000000000000000000000004006000001018A
:10AE8000F990020010000000855C030098AE0300FA
:10AE9000CF050120FFFF000000300040A4AE0300FA
:10AEA00001000000ACAE0300020000000706000B2A
:10AEB0000506000C00000140000000000100000039
:10AEC0000200000004000000080000001000000064
:10AED0002000000040000000800000001B00000077
:10AEE0003600000051F4A7507E4165531A17A4C3E1
:10AEF0003A275E963BAB6BCB1F9D45F1ACFA58AB46
:10AF00004BE303932030FA55AD766DF688CC7691FD
:10AF1000F5024C254FE5D7FCC52ACBD72635448012
:10AF2000B562A38FDEB15A4925BA1B6745EA0E9870
:10AF30005DFEC0E1C32F7502814CF0128D4697A3D0
:10AF40006BD3F9C6038F5FE715929C95BF6D7AEBC3
:10AF5000955259DAD4BE832D587421D349E069291A
:10AF60008EC9C84475C2896AF48E797899583E6B47
:10AF700027B971DDBEE14FB6F088AD17C920AC66C8
:10AF80007DCE3AB463DF4A18E51A318297513360B7
:10AF900062537F45B16477E0BB6BAE84FE81A01C39
:10AFA000F9082B94704868588F45FD1994DE6C871A
:10AFB000527BF8B7AB73D323724B02E2E31F8F5778
:10AFC0006655AB2AB2EB28072FB5C20386C57B9A1C
:10AFD000D33708A5302887F223BFA5B202036ABA87
:10AFE000ED16825C8ACF1C2BA779B492F307F2F09E
:10AFF0004E69E2A165DAF4CD0605BED5D134621FF3
:10B00000C4A6FE8A342E539DA2F355A0058AE132D0
:10B01000A4F6EB750B83EC394060EFAA5E719F06D6
:10B02000BD6E10513E218AF996DD063DDD3E05AE2E
:10B030004DE6BD4691548DB571C45D050406D46FCF
:10B04000605015FF1998FB24D6BDE997894043CC81
:10B0500067D99E77B0E842BD07898B88E7195B38CE
:10B0600079C8EEDBA17C0A477C420FE9F8841EC94F
:10B070000000000009808683322BED481E1170AC61
:10B080006C5A724EFD0EFFFB0F8538563DAED51E35
:10B09000362D39270A0FD964685CA6219B5B54D1F1
:10B0A00024362E3A0C0A67B19357E70FB4EE96D2C6
:10B0B0001B9B919E80C0C54F61DC20A25A774B69D3
:10B0C0001C121A16E293BA0AC0A02AE53C22E043F9
:10B0D000121B171D0E090D0BF28BC7AD2DB6A8B9AB
:10B0E000141EA9C857F11985AF75074CEE99DDBB41
:10B0F000A37F60FDF701269F5C72F5BC44663BC5EB
:10B100005BFB7E348B432976CB23C6DCB6EDFC6833
:10B11000B8E4F163D731DCCA42638510139722404B
:10B1200084C61120854A247DD2BB3DF8AEF9321188
:10B13000C729A16D1D9E2F4BDCB230F30D8652EC5A
:10B1400077C1E3D02BB3166CA970B999119448FA62
:10B1500047E96422A8FC8CC4A0F03F1A567D2CD885
:10B16000223390EF87494EC7D938D1C18CCAA2FE8D
:10B1700098D40B36A6F581CFA57ADE28DAB78E26CD
:10B180003FADBFA42C3A9DE45078920D6A5FCC9BF2
:10B19000547E4662F68D13C290D8B8E82E39F75E19
:10B1A00082C3AFF59F5D80BE69D0937C6FD52DA91A
:10B1B000CF2512B3C8AC993B10187DA7E89C636EED
:10B1C000DB3BBB7BCD2678096E5918F4EC9AB701AE
:10B1D000834F9AA8E6956E65AAFFE67E21BCCF084C
:10B1E000EF15E8E6BAE79BD94A6F36CEEA9F09D455
:10B1F00029B07CD631A4B2AF2A3F2331C6A5943002
:10B2000035A266C0744EBC37FC82CAA6E090D0B0AE
:10B2100033A7D815F104984A41ECDAF77FCD500EE8
:10B220001791F62F764DD68D43EFB04DCCAA4D54E5
:10B23000E49604DF9ED1B5E34C6A881BC12C1FB88D
:10B240004665517F9D5EEA04018C355DFA87747313
:10B25000FB0B412EB3671D5A92DBD252E9105633D5
:10B260006DD647139AD7618C37A10C7A59F8148E92
:10B27000EB133C89CEA927EEB761C935E11CE5ED9A
:10B280007A47B13C9CD2DF5955F2733F1814CE79FE
:10B2900073C737BF53F7CDEA5FFDAA5BDF3D6F147D
:10B2A0007844DB86CAAFF381B968C43E3824342CB5
:10B2B000C2A3405F161DC372BCE2250C283C498B1B
:10B2C000FF0D954139A80171080CB3DED8B4E49C98
:10B2D0006456C1907BCB8461D532B670486C5C7487
:10B2E000D0B85742C66363A5F87C7C84EE77779923
:10B2F000F67B7B8DFFF2F20DD66B6BBDDE6F6FB10F
:10B3000091C5C5546030305002010103CE6767A972
:10B31000562B2B7DE7FEFE19B5D7D7624DABABE6BA
:10B32000EC76769A8FCACA451F82829D89C9C94028
:10B33000FA7D7D87EFFAFA15B25959EB8E4747C966
:10B34000FBF0F00B41ADADECB3D4D4675FA2A2FD2E
:10B3500045AFAFEA239C9CBF53A4A4F7E472729656
:10B360009BC0C05B75B7B7C2E1FDFD1C3D9393AEBA
:10B370004C26266A6C36365A7E3F3F41F5F7F70277
:10B3800083CCCC4F6834345C51A5A5F4D1E5E534C9
:10B39000F9F1F108E2717193ABD8D873623131538E
:10B3A0002A15153F0804040C95C7C7524623236588
:10B3B0009DC3C35E30181828379696A10A05050F5D
:10B3C0002F9A9AB50E070709241212361B80809B0C
:10B3D000DFE2E23DCDEBEB264E2727697FB2B2CD0F
:10B3E000EA75759F1209091B1D83839E582C2C74C6
:10B3F000341A1A2E361B1B2DDC6E6EB2B45A5AEE5E
:10B400005BA0A0FBA45252F6763B3B4DB7D6D6616B
:10B410007DB3B3CE5229297BDDE3E33E5E2F2F714E
:10B4200013848497A65353F5B9D1D1680000000066
:10B43000C1EDED2C40202060E3FCFC1F79B1B1C8C8
:10B44000B65B5BEDD46A6ABE8DCBCB4667BEBED918
:10B450007239394B944A4ADE984C4CD4B05858E86B
:10B4600085CFCF4ABBD0D06BC5EFEF2A4FAAAAE554
:10B47000EDFBFB16864343C59A4D4DD766333355D6
:10B48000118585948A4545CFE9F9F9100402020631
:10B49000FE7F7F81A05050F0783C3C44259F9FBAAE
:10B4A0004BA8A8E3A25151F35DA3A3FE804040C086
:10B4B000058F8F8A3F9292AD219D9DBC7038384890
:10B4C000F1F5F50463BCBCDF77B6B6C1AFDADA7567
:10B4D0004221216320101030E5FFFF1AFDF3F30E27
:10B4E000BFD2D26D81CDCD4C180C0C142613133560
:10B4F000C3ECEC2FBE5F5FE1359797A2884444CC44
:10B500002E17173993C4C45755A7A7F2FC7E7E8225
:10B510007A3D3D47C86464ACBA5D5DE73219192BCA
:10B52000E6737395C06060A0198181989E4F4FD1DA
:10B53000A3DCDC7F44222266542A2A7E3B9090AB17
:10B540000B8888838C4646CAC7EEEE296BB8B8D301
:10B550002814143CA7DEDE79BC5E5EE2160B0B1DE0
:10B56000ADDBDB76DBE0E03B64323256743A3A4ED8
:10B57000140A0A1E924949DB0C06060A4824246C68
:10B58000B85C5CE49FC2C25DBDD3D36E43ACACEF8C
:10B59000C46262A6399191A8319595A4D3E4E437A9
:10B5A000F279798BD5E7E7328BC8C8436E373759C4
:10B5B000DA6D6DB7018D8D8CB1D5D5649C4E4ED2B0
:10B5C00049A9A9E0D86C6CB4AC5656FAF3F4F40768
:10B5D000CFEAEA25CA6565AFF47A7A8E47AEAEE95E
:10B5E000100808186FBABAD5F07878884A25256F00
:10B5F0005C2E2E72381C1C2457A6A6F173B4B4C757
:10B6000097C6C651CBE8E823A1DDDD7CE874749CC5
:10B610003E1F1F21964B4BDD61BDBDDC0D8B8B8624
:10B620000F8A8A85E07070907C3E3E4271B5B5C449
:10B63000CC6666AA904848D806030305F7F6F601DB
:10B640001C0E0E12C26161A36A35355FAE5757F901
:10B6500069B9B9D01786869199C1C1583A1D1D277D
:10B66000279E9EB9D9E1E138EBF8F8132B9898B3EF
:10B6700022111133D26969BBA9D9D970078E8E897D
:10B68000339494A72D9B9BB63C1E1E221587879250
:10B69000C9E9E92087CECE49AA5555FF5028287818
:10B6A000A5DFDF7A038C8C8F59A1A1F809898980E5
:10B6B0001A0D0D1765BFBFDAD7E6E631844242C6E0
:10B6C000D06868B8824141C3299999B05A2D2D7725
:10B6D0001E0F0F117BB0B0CBA85454FC6DBBBBD672
:10B6E0002C16163A0200000044B7030003000000C5
:10B6F0003CB703000400000034B70300050000005D
:10B700002CB703000600000024B703000700000068
:10B710001CB703000000000000000000FEC1030091
:10B72000902407000AC203009023060016C20300FB
:10B730009022050022C20300101404002EC2030050
:10B74000101303003AC203001012020002000000AE
:10B750003961030035610300316103002D6103008D
:10B760001561030003610300000000000A5695CE36
:10B770005753F2DD5CE419BAE4B84A8B25F321DDB6
:10B780008886E8D2855D882518FF71853C14A91844
:10B79000D430E77901B6ED5FFC95BA751025627774
:10B7A0002B73FB79C65537A5765F9018DFBDC4298A
:10B7B00062DF9CD890308478CD05F0ACD62E21F78E
:10B7C000AB20A2E5344887041D0630DC512563FC1C
:10B7D000C2CAB9F3849E17A7ADFAE6BCFFFFFFFF0C
:10B7E000FFFFFFFF00000000FFFFFFFFA2EE79BE9A
:10B7F000954C2483A66FBD499C79994659EC6B2BD7
:10B8000039B245282056D9F3942DE1664FBC00EE9D
:10B81000FFFFFFFFFFFFFFFFFFFFFFFF0000000034
:10B82000000000000000000001000000FFFFFFFF1B
:10B830000300000000000000FFFFFFFFFBFFFFFF11
:10B84000FEFFFFFFFFFFFFFFFDFFFFFF0400000003
:10B85000010000000100000002000000108B030046
:10B86000108B0300588B0300688B0300B08B030020
:10B87000C88B030000000000000000000000000072
:10B880000000000000000040955969595555545575
:10B89000155555560405154110545540455155440C
:10B8A00040455044505555450040004040044496A2
:10B8B000655556554540455451411540559155558E
:10B8C0005555405105010000544554544555050453
:10B8D00000100410140440000000014055551541AB
:10B8E00054040000440001000000004041000044F6
:10B8F0005044455054005555545565510040004042
:10B900000100000100050100115451515455550525
:10B91000000000000000000000000000D1F7173711
:10B92000D1F717B78071313F807131BF0000003F00
:10B93000000000BFE40C7A0D600E9C0EBA0ECE0E15
:10B94000EC0E1E0F500F8C0FD20F361006040A405B
:10B95000000D000000000229000003280000022959
:10B96000000003280000032800000328000002292B
:10B97000000003280000022900000328000000281E
:10B980000000262A0000262A000003280000252A9D
:10B990000000252A000003280000242A0000242A91
:10B9A0000000032800000A180000002800000429F5
:10B9B000000002290000192A0000192A00000328AB
:10B9C00000000F18000000280400AD270100060148
:10B9D00000000229000003280000002800002A2B94
:10B9E00000002A2B000003280000292B0000292B2F
:10B9F00000000328000002290000052A0000052A93
:10BA00000000032800000118000000280000042A9C
:10BA10000000042A000003280000012A0000012A77
:10BA2000000003280000002A0000002A000003286C
:10BA300000000018000000286BFF79FF79FF7CFFF1
:10BA4000000077C295F360D2EF7F3552500F2CB6CD
:10BA5000798053686F745075636B0025732D252EA4
:10BA60002A730062742F6469732F73657269616C45
:10BA70000000050A141E28323C46505A6473702F89
:10BA8000746F74616C0073702F7365710073700054
:10BA900073702F6366670062740000070E091C1B39
:10BAA0001215383F363124232A2D4661696C6564AE
:10BAB00020746F207265626F6F743A207370696EC4
:10BAC0006E696E6720656E646C6573736C792E2E7B
:10BAD0002E0A006D6F64656C0066770062742F64D7
:10BAE000697300464C4153485F30005352414D5FEB
:10BAF000300061626F727428290A000000010000A2
:10BB0000007263006572720067726F757000736C0B
:10BB10006F740076657273696F6E003C3F3F3F3E05
:10BB200000626F6F7461626C650070656E64696E4F
:10BB30006700636F6E6669726D6564006163746946
:10BB40007665007065726D616E656E7400696D6119
:10BB50006765730073706C697453746174757300F6
:10BB6000636F6E6669726D000A02040C01171D2571
:10BB700068752E2568752E256875002E2575006F51
:10BB8000666600696D6167650064617461006C657B
:10BB90006E00736861007570677261646500050509
:10BBA0000101010106010101010302010101030379
:10BBB00003030103030106066D63756D677220734D
:10BBC0006D700002487C997411269EAE014ECEFB2A
:10BBD00028782EDA02487C997411269EAE014ECE4A
:10BBE000FB28782EDA0284AA6074528A8B86D34CA2
:10BBF000B71D1DDC538D00FFFFFFFFFFFF0000009E
:10BC000000000000FFFFFFFFFFFF0000000000003A
:10BC10006E616D650062742F25732F253032782593
:10BC20003032782530327825303278253032782518
:10BC300030327825752F25730062742F25732F25D8
:10BC400030327825303278253032782530327825F8
:10BC50003032782530327825750062742F257300D4
:10BC60004254204C572057510002FB349B5F800008
:10BC700000800010000000000000574553545F543E
:10BC80004F504449522F7A65706879722F737562EC
:10BC90007379732F626C7565746F6F74682F686F3A
:10BCA00073742F6863695F636F72652E63006274DB
:10BCB0005F6863695F6576745F6765745F666C6112
:10BCC0006773286864722D3E6576742920262028C3
:10BCD00031554C203C3C2028312929004153534503
:10BCE0005254494F4E204641494C205B25735D20FC
:10BCF000402025733A25640A006576745F666C619E
:10BD000067732026202831554C203C3C20283029C0
:10BD10002900627566007375636365737300096358
:10BD20006F6D6D616E64206F70636F646520307835
:10BD3000253034782074696D656F75740A006572FA
:10BD400072203D3D20300009436F6E74726F6C6C41
:10BD5000657220756E726573706F6E736976652C8F
:10BD600020636F6D6D616E64206F70636F6465201A
:10BD70003078253034782074696D656F757420775C
:10BD8000697468206572722025640A00425420524A
:10BD90005820575100000909090901020909090938
:10BDA0000909090909090907090909090906090908
:10BDB00009090909090909090909090909090557A9
:10BDC0004553545F544F504449522F7A65706879F7
:10BDD000722F7375627379732F626C7565746F6FF0
:10BDE00074682F686F73742F6863695F636F6D6D1C
:10BDF0006F6E2E6300E69D350E480103CCDBFDF42B
:10BE0000AC1191F4EFB9A5F9E9A7832C5E2CBE978C
:10BE1000F2D203B0208BD28915D08E1C742430ED61
:10BE20008FC24563765C15525ABF9A32636DEB2A16
:10BE300065499C80DC010101010102037075626C9F
:10BE400069630072616E646F6D007075626C696326
:10BE50002D69640072616E646F6D2D6964003078C5
:10BE60002530327800253032583A253032583A257C
:10BE70003032583A253032583A253032583A253047
:10BE8000325820282573290062742F63636300628F
:10BE9000742F686173680062742F63660062742F88
:10BEA0007363000005061F1F29181203080203050B
:10BEB000080A000801030401050405090607010139
:10BEC0000606080000010001000301000302020150
:10BED00000020000000000020301000362742F6BE7
:10BEE000657973006C888391AAF5A53860370BDB00
:10BEF0005A6083BE61646340343030303730303054
:10BF000000636C6F636B4034303030303030300061
:10BF100072616E646F6D40343030306430303000A8
:10BF2000656E74726F70795F62745F6863690066D2
:10BF30006C6173682D636F6E74726F6C6C657240A8
:10BF40003430303165303030006770696F403530E3
:10BF5000303030333030006770696F40353030300A
:10BF6000303030300069326340343030303330307C
:10BF70003000000102030405060774656D7040344B
:10BF800030303063303030007761746368646F67DD
:10BF900040343030313030303000000000000001DB
:10BFA000010000000000001001110212031304142C
:10BFB00005150616071708080808080808081818BD
:10BFC0001818181818182828282828282828383831
:10BFD0003838383838384848484848484848585821
:10BFE00058585858585800203030303030303030A1
:10BFF00030303030303000010100000000005209C4
:10C000006AD53036A538BF40A39E81F3D7FB7CE3C9
:10C0100039829B2FFF87348E4344C4DEE9CB547BA7
:10C020009432A6C2233DEE4C950B42FAC34E082E25
:10C03000A16628D924B2765BA2496D8BD12572F80E
:10C04000F66486689816D4A45CCC5D65B6926C7074
:10C050004850FDEDB9DA5E154657A78D9D8490D8FE
:10C06000AB008CBCD30AF7E45805B8B34506D02C16
:10C070001E8FCA3F0F02C1AFBD0301138A6B3A91F5
:10C0800011414F67DCEA97F2CFCEF0B4E67396AC7D
:10C090007422E7AD3585E2F937E81C75DF6E47F1AC
:10C0A0001A711D29C5896FB7620EAA18BE1BFC56EE
:10C0B0003E4BC6D279209ADBC0FE78CD5AF41FDD04
:10C0C000A8338807C731B11210592780EC5F60513F
:10C0D0007FA919B54A0D2DE57A9F93C99CEFA0E081
:10C0E0003B4DAE2AF5B0C8EBBB3C83539961172B8F
:10C0F000047EBA77D626E169146355210C7D637CF2
:10C10000777BF26B6FC53001672BFED7AB76CA82A7
:10C11000C97DFA5947F0ADD4A2AF9CA472C0B7FD57
:10C120009326363FF7CC34A5E5F171D8311504C715
:10C1300023C31896059A071280E2EB27B27509838C
:10C140002C1A1B6E5AA0523BD6B329E32F8453D12D
:10C1500000ED20FCB15B6ACBBE394A4C58CFD0EF22
:10C16000AAFB434D338545F9027F503C9FA851A35C
:10C17000408F929D38F5BCB6DA2110FFF3D2CD0C7A
:10C1800013EC5F974417C4A77E3D645D197360810B
:10C190004FDC222A908846EEB814DE5E0BDBE032DC
:10C1A0003A0A4906245CC2D3AC629195E479E7C8A7
:10C1B000376D8DD54EA96C56F4EA657AAE08BA781B
:10C1C000252E1CA6B4C6E8DD741F4BBD8B8A703EBD
:10C1D000B5664803F60E613557B986C11D9EE1F874
:10C1E000981169D98E949B1E87E9CE5528DF8CA1C2
:10C1F000890DBFE6426841992D0FB054BB164145E9
:10C20000532D3235362D434243004145532D3139AC
:10C21000322D434243004145532D3132382D4342A4
:10C2200043004145532D3235362D454342004145AB
:10C23000532D3139322D454342004145532D313282
:10C24000382D45434200141400001C2030401C20AF
:10C2500000001C2030400401040304020401040116
:10C260000403010403040104010202030303036D38
:10C2700061696E00737973776F726B71002A2A2A75
:10C2800020426F6F74696E67205A657068797220FA
:10C290004F53206275696C642076342E312E302025
:10C2A0002A2A2A0A00696E66006E616E00286E7581
:10C2B0006C6C290000000000DB1D03000000000082
:10C2C000000100000000000000000000000000006D
:10C2D000000000000000000000000000000000005E
:10C2E000000000000000000000000000000000004E
:10C2F000000000000000000000000000000000003E
:10C30000000000000000000000000000000000002D
:10C31000000000000000000000000000000000001D
:10C32000000000000000000000000000000000000D
:10C3300000000000000000000000000000000000FD
:10C3400000000000000000000000000000000000ED
:10C3500000000000000000000000000000000000DD
:10C3600000000000000000000000000000000000CD
:10C3700000000000000000000000000000000000BD
:10C3800000000000000000000000000000000000AD
:10C39000000000000000000000000000000000009D
:10C3A000000000000000000000000000D13B010080
:10C3B000000000000000000000000000000000007D
:10C3C000000000000000000000000000000000006D
:10C3D000000000000000000000000000000000005D
:10C3E000000000000000000000000000000000004D
:10C3F000000000000000000000000000000000003D
:10C40000000000000000000000000000000000002C
:10C41000000000000000000000000000000000001C
:10C42000000000000000000000000000000000000C
:10C4300000000000000000000000000000000000FC
:10C4400000000000000000000000000000000000EC
:10C45000408C03000000000000000000000000000D
:10C4600000000000000000000000000000000000CC
:10C47000000000001F00000000000000FFFFFFFFA1
:10C48000FF1F00000000000000000000000000008E
:10C4900000000000F5E702000000000000000000BE
:10C4A00000000000F0010020F00100204B590300C3
:10C4B000000000000000000000000000000000007C
:10C4C0000000000010020020100200200000000008
:10C4D000010000002002002020020020280200208D
:10C4E00028020020000000000100000038020020A7
:10C4F00038020020000000000000000000000000E2
:10C50000000000000000000000000000000000002B
:10C51000000000000000000000000000000000001B
:10C52000000000000000000000000000000000000B
:10C5300000000000D9F50000C5F50000B1F50000CD
:10C540000000000000100000D9F80000000000000A
:10C550000000000000000000F9F8000000000000EA
:10C5600000000000000000000000000000000000CB
:10C5700000000000FFFFFFFF0000000000000000BF
:10C5800000000000EDFF00000000000000000000BF
:10C5900065070020000010000000000000000000FF
:10C5A00000000000DDFF00000000000000000000AF
:10C5B00076070020000012008707002000000A0014
:10C5C00098070020000008000000000000000000A4
:10C5D00000000000CDFF000000000000000000008F
:10C5E000A90700200000100000000000000000006B
:10C5F00000000000BDFF000000000000000000007F
:10C60000BA07002000001200C1060300D494030002
:10C6100084B903000000020090B90300000002008A
:10C620009CB90300000002000000000000000000B0
:10C6300000000000A1140300000000000000000042
:10C64000B8B90300000012005D0F010000000000F7
:10C6500089160300000000006D160300A8030020E7
:10C66000A803002000000000000000000E000000F1
:10C67000000000004C96030006000100E1260100C6
:10C68000000000007C96030006000000BB1D0300B4
:10C69000000000000000000000000000112D01005B
:10C6A0000000000000000000D4BB030000001400E4
:10C6B00000000000553001000000000000000000F4
:10C6C00000000000EB280300000000000000000054
:10C6D00000000000C934010000000000000000005C
:10C6E00000000000AD4B0100000000000000000051
:10C6F00000000000954A010000000000000000005A
:10C7000000000000295401000000000000000000AB
:10C7100000000000B14F0100000000000000000018
:10C720006C0400206C0400200000000000000000E9
:10C73000496001006D6B0100ED3E03000000000048
:10C740000000000089630100E13B03000D3B030092
:10C750000D5F01000000000000000000000000006C
:10C76000000000000000000000000000298001001F
:10C7700000000000000000000D4F0300000000005A
:10C780000000000000000000E0B90300000002000B
:10C79000ECB9030000000A00FCB90300000020000F
:10C7A0000000000000000000000000000000000089
:10C7B000734503000000000010BA030000000200EF
:10C7C0001CBA03000000020028BA030000000A009F
:10C7D0001C0500201C0500200000000000000000D7
:10C7E0000E0000003005002030050020F58C01000F
:10C7F000000000000000000004CD00200000000048
:10C8000045C30100000000000CCD00200000000026
:10C810007DB301000000000014CD002000000000E6
:10C8200005570200000000001CCD002000000000A1
:10C83000055702000000000024CD00200000000089
:10C84000E9AF010000000000C4DC0020000000008F
:10C850007D63020000000000DCDC0020000000001E
:10C860000557020000000000E4DC0020000000008A
:10C8700021DB0100000000006CDD00200000000052
:10C880006DE501000000000074DD002000000000E4
:10C8900005570200000000007CDD002000000000C1
:10C8A00005E701000000000084DD0020000000001A
:10C8B000C5F101000000000048E100200000000078
:10C8C00098E100200000000078E300200000000054
:10C8D00028E4002000000000757002000000000045
:10C8E00014E70020000000000554020000000000D2
:10C8F00040E7002000000000055702000000000093
:10C900005CEB002000000000E1A00100000000003E
:10C9100054EB002000000000E1A001000000000036
:10C920004CEB002000000000559D010000000000BD
:10C9300044EB002000000000E1A001000000000026
:10C940003CEB002000000000559D010000000000AD
:10C9500034EB002000000000E1A001000000000016
:10C9600071870200000000000000000000000000CD
:10C9700000000000000000000000000000000000B7
:10C9800000000000000000000000000000000000A7
:10C990000000000000000000000000000000000097
:10C9A0000000000000000000000000000000000087
:10C9B0000000000000000000000000000000000077
:10C9C0000000000000000000000000000000000067
:10C9D000000000000000000000000000080000004F
:10C9E000FF00000000000000030000000000000045
:10C9F0004CB703002D870300791B0100951B010034
:10CA00004C0700204C070020010A9E2B5D3A6E9CCB
:10CA10003A4F0C5B01001E7A0602010A9E2B5D3A1A
:10CA20006E9C3A4F0C5B07001E7A02010A9E2B5D3A
:10CA30003A6E9C3A4F0C5B06001E7A02010A9E2B4E
:10CA40005D3A6E9C3A4F0C5B05001E7A02010A9E0D
:10CA50002B5D3A6E9C3A4F0C5B04001E7A02010A71
:10CA60009E2B5D3A6E9C3A4F0C5B03001E7A0201CE
:10CA70000A9E2B5D3A6E9C3A4F0C5B02001E7A02B6
:10CA8000010A9E2B5D3A6E9C3A4F0C5B01001E7AA8
:10CA9000302E322E302B300000000000000000004D
:10CAA00000000000000053686F745075636B000055
:10CAB0000000000000000000000000006401000011
:10CAC0000000000000000000000000000000000066
:10CAD000000000000000000000000000F5E7020078
:10CAE00000000000000000000000000038080020E6
:10CAF00038080020815A03000000000000000000F8
:10CB000000000000000000000000000058080020A5
:10CB100058080020405F01200000000001000000D4
:10CB20002C000000000000007408002074080020A1
:10CB3000004001200000000001000000B0000000E3
:10CB40000000000090080020900800206C5F012089
:10CB500000000000030000001C00000000000000B6
:10CB6000AC080020AC08002000000000000000001D
:10CB70000E000000C0080020C008002011000000C6
:10CB800004000000B0400120F4400120B04001202A
:10CB9000B040012000000000E4080020E40800206C
:10CBA00000000000F0080020F00800200000000055
:10CBB000FFFFFFFF000900200009002008090020F6
:10CBC00008090020000000000100000018090020F2
:10CBD00018090020000000000000000028090020C3
:10CBE0002809002030090020300900200000000042
:10CBF00000000000400900204009002048090020F2
:10CC0000480900200300030010000000000000009D
:10CC1000FC970300485B01200000000000000000BA
:10CC20006C0900206C0900207409002074090020A0
:10CC30000300030010000000AD620100249903000E
:10CC4000C85E0120000000000000000098090020DC
:10CC500098090020A0090020A0090020030003007B
:10CC6000010000000000000024970300805501200F
:10CC70000000000000000000C4090020C4090020DA
:10CC8000CC090020CC0900200100010010000000A8
:10CC9000A94E0100EC97030020580120000000007D
:10CCA00000000000F0090020F0090020F809002031
:10CCB000F80900200300030001000000000000004C
:10CCC000DC970300CC5701200000000000000000AA
:10CCD0001C0A00201C0A0020240A0020240A00202C
:10CCE0000C000C000600000005330100149703003F
:10CCF000745301200000000000000000480A0020DA
:10CD0000480A0020500A0020500A002004000400B5
:10CD10000800000000000000AC960300F44601206B
:10CD20000000000000000000740A0020740A0020C7
:10CD30007C0A00207C0A00200100010001000000A4
:10CD40000000000034970300D856012015E015E0DC
:10CD5000076998001000200031BFCABD9DD4C93FAB
:10CD600033D40440C09475709CF2E5FBCB020A37C3
:10CD7000823074A79F8F75B40100200030CDC14769
:10CD8000A564D206E875DAC66B151B868CB0998847
:10CD90006F7E4F363A2F32E124145197220048001B
:10CDA0003046022100EE0ACF1EDC1BA861182A4C77
:10CDB00062E5D076C1E6AA3C04989812D0CD17CB94
:10CDC000EFB6EAC502022100ECE10B59FB5A5732DB
:10CDD0007A23C62848D21AC49EF7AC2FF44E6A268E
:08CDE00046A02886DEA288733C
:00000001FF
