:10000000802D0120F14F0000E1370200DD4F00009C
:10001000DD4F0000DD4F0000DD4F0000000000005C
:10002000000000000000000000000000E950000097
:10003000DD4F0000000000004D500000DD4F0000CB
:100040007D530000197A01007D5300007D530000AC
:100050007D5300007D5300007D5300007D53000060
:100060007D5300007D5300007D5300007D53000050
:100070007D5300007D5300007D5300007D53000040
:100080007D5300007D5300007D5300007D53000030
:100090007D5300007D5300007D5300007D53000020
:1000A0007D5300007D5300007D5300007D53000010
:1000B0007D5300007D5300007D5300007D53000000
:1000C0007D5300007D5300007D5300007D530000F0
:1000D0007D5300007D5300007D5300007D530000E0
:1000E0007D5300007D5300007D5300007D530000D0
:1000F0007D5300007D5300007D5300007D530000C0
:1001000053B94AB9002908BF00281CBF4FF0FF317E
:100110004FF0FF3000F00CB8ADF1080C6DE904CEE3
:1001200000F022F8DDF804E0DDE9022304B07047B6
:10013000704700BF10F8012B11F8013B012A28BFBE
:100140009A42F7D0D01A7047034611F8012B03F8F2
:10015000012B002AF9D17047034613F8012B002A1E
:10016000FBD1181A013870472DE9F04786468C46B6
:100170000846089E154674461946002B40F0C2807A
:100180008542B2FA82F245D94AB1C2F1200300FA9F
:1001900002FC2EFA03F3954043EA0C0C94404FEA1C
:1001A000154EA8B2BCFBFEF8230C0EFB18CC08FBC6
:1001B00000F943EA0C43994528D9EB1808F1FF37B9
:1001C00004D2994502D9A8F102072B44A3EB0903F5
:1001D000A4B2B3FBFEFC0EFB1C330CFB00F044EAA4
:1001E0000344A04214D92C190CF1FF3304D2A042CD
:1001F00002D9ACF102032C44241A43EA07401EB191
:10020000D440002334607360BDE8F0874746DDE7E3
:100210006346F1E792BB431B01214FEA154EAFB293
:10022000B3FBFEFC200C0EFB1C330CFB07F840EA72
:100230000343984562D9EB180CF1FF3004D298457E
:1002400002D9ACF102002B44A3EB0803A4B2B3FB28
:10025000FEFC0EFB1C330CFB07F744EA0344A742E9
:100260004ED92C190CF1FF3304D2A74202D9ACF1BC
:1002700002032C44E41B43EA0040C0E7C2F1200320
:1002800020FA03F1954090402EFA03F303434FEA1E
:10029000154EAFB2B1FBFEFC0EFB1C10190C0CFB93
:1002A00007F841EA0041884504FA02F422D96918A6
:1002B0000CF1FF3004D2884502D9ACF10200294488
:1002C000A1EB08019BB2B1FBFEFC0EFB1C110CFB69
:1002D00007F743EA01439F420ED9EB180CF1FF31B7
:1002E00004D29F4202D9ACF102012B44DB1B41EA4C
:1002F000004192E76046E3E76146F7E76046A3E71F
:100300006346B7E7834206D916B9002108467BE762
:10031000C6E900E0F9E7B3FA83F78FB9834201D366
:10032000724508D8BEEB020460EB030301209C4633
:100330001EB9002168E73846FAE7C6E9004CF8E73D
:10034000C7F1200CBB4022FA0CF41C432EFA0CF12E
:1003500020FA0CF3B84001434FEA14490EFA07F5AE
:10036000B3FBF9F81FFA84FE09FB18300B0C08FBED
:100370000EFA43EA00439A4502FA07F240D9E3181D
:1003800008F1FF3004D29A4502D9A8F102002344B3
:10039000A3EB0A0389B2B3FBF9F809FB183308FB96
:1003A0000EFE41EA03418E452CD9611808F1FF3356
:1003B00004D28E4502D9A8F10203214443EA004049
:1003C000A0FB0298A1EB0E014145CE46434602D365
:1003D00006D14D4504D2B9EB020E68EB0403013897
:1003E000002EA6D0B5EB0E0261EB030101FA0CFC66
:1003F00022FA07F34CEA0303F940C6E9003198E713
:100400004046C5E74346D9E7F7B5002101AA40F6C3
:10041000034006F019F80446002869D10198C36822
:100420001B788BB9BFF35B8FB94B1A68BFF35B8F37
:1004300002F00902BFF35B8F53E8001F43E800247A
:10044000002CF9D1BFF35B8F05F02EFA01AA002131
:1004500041F2030005F0F8FF0446002848D1019A54
:10046000AC4DD168D1F80100D1F8051005F1780341
:1004700003C3104605F018FA214601AA41F2010013
:1004800005F0E2FF044698BB0198C3685A7885F8E6
:1004900070205A88A5F872201A7985F87120B3F86F
:1004A0000720A5F87420B3F80530A5F8763005F0DC
:1004B000FBF9214601AA41F2020005F0C5FF0446FE
:1004C000B0B9019FFA6805F18006531C41321868E3
:1004D0005968344603C4083393422646F7D1384658
:1004E00005F0E2F995F87C305B0604D46FF0120455
:1004F000204603B0F0BD01AA002142F2030005F03E
:10050000A3FF04460028F3D1019B834EDA68D2F89A
:100510000100D2F8051003C6184605F0C5F92146BA
:1005200001AA42F2020005F08FFF04460028DFD145
:10053000019CE368B3F8012091B249B1D97839B18F
:10054000A5F80421DA78114606F1280028F0F6FD16
:10055000204605F0A9F995F87C601F2316F02006C7
:10056000A5F8203118D1022140F66D4005F0D6FDE6
:100570000446002800F0C48002210C3023F0E6F984
:100580000123037046702146324640F66D4005F067
:100590005BFF04460028ABD195F89C301F0712D5AD
:1005A00001AA002142F21C0005F04EFF044600287B
:1005B0009ED10198C368D3F80120D3F80530C5E96E
:1005C000382305F071F995F8D8309E0624D50DF141
:1005D0000201684623F025FE0446002888D1042144
:1005E00042F2240005F09AFD0646002800F08880BB
:1005F00004210C3023F0AAF9BDF800300380BDF8C7
:10060000023043802246314642F2240005F01CFFAE
:10061000044600287FF46CAF95F8D8305C0610D5FE
:1006200001AA002142F22A0005F00EFF044600282C
:100630007FF45EAF0198C3685B7885F8223105F0DE
:1006400033F9082142F2010005F068FD0446002854
:1006500056D008210C3023F079F995F8D81011F014
:10066000400F024640F2022308BF032388074CBF15
:1006700043F02C0043F00C0095F8D9308F0648BFAA
:1006800040F0400013F0090F18BF40F40060CE079F
:1006900048BF40F01000002123F0B6FB21460022A5
:1006A00042F2010005F0D0FE044600287FF420AF9E
:1006B00095F87C30B5F80411980624D4C9B901AA7C
:1006C00041F2050005F0C0FE044600287FF410AF9B
:1006D000B5F80431019C4BB9E368B3F80120A5F8E3
:1006E00004219A880D48114628F028FD204605F07F
:1006F000DBF8082140F6014005F010FD044678B90A
:100700006FF06804F4E60029F3D16FF00404EFE61B
:10071000D400002000000020D800002008010020A4
:1007200008210C3023F012F995F8D830D907024689
:1007300053BF4FF000512CA1D1E90001284823F00C
:1007400063FB2146002240F6014005F07DFE044691
:1007500000287FF4CDAE014601AA4FF6014005F016
:1007600073FE044620BB019805F09EF8214601AABD
:100770004FF6024005F068FE0446C8B90198C36808
:10078000B3F80130A5F8C13005F08EF895F8C13006
:100790005B070DD501AA21464FF6034005F054FE34
:1007A00030B90198C3685B7885F8C03005F07CF8F3
:1007B00023F00EFF044600287FF49AAE07F0C0FE37
:1007C000044600287FF494AEEB79002B3FF490AE02
:1007D0000821044823F07AFA05F086FD88E600BF78
:1007E00010880002D40000209088000200800020C1
:1007F0002DE9F843D0E90738856903EB08042F3465
:10080000A5420F46164619D8DFF87080A3FB0801F1
:1008100017A3D3E90023FFF773FC0346601BA0FB7B
:10082000080123F07F4412A3D3E90023FFF768FCFB
:1008300020F07F403C603060BDE8F883DFF83C90FA
:100840000BA3D3E90023A5FB0901FFF759FC20F016
:100850007F4409480A2106A3D3E90023E8FB0901E4
:10086000FFF74EFC20F07F403C603060BDE8F8832D
:100870008D49FD1A0700000000166BF100CA9A3B73
:100880009FED097B0E4B0F4A0F4983ED007B9FEDD7
:10089000087B82ED007B9FED087B0C4B002281EDF5
:1008A000007B1A600EF006BCFFFFFFFFFF1F000079
:1008B00000000000000000001F0000000000000019
:1008C00098010020E010002090010020F8D70020BF
:1008D000002800F046812DE9F04FC94C94F86A20B9
:1008E00012F001058DB040F0788194F82500FF23C7
:1008F00000F0030084F8263016F068FC94F86A00D3
:10090000420727D494F8292094F8353004EB82026A
:1009100004EB8303D66AD3F8388086B1B8483146F1
:1009200010F0A4F933785B0605D506210BF058FBCF
:10093000002800F05481B248414610F097F933780E
:1009400013F00E0F40F09E80236A93B10C200DB07F
:10095000BDE8F08F2A4604F16B01C0F3C00016F029
:10096000ADFDFF2884F82600CCD0284616F048FCC0
:10097000C8E70DF077FE8146002800F054810DF0A5
:100980007DFE8246002800F04B8110F06DFC05468C
:10099000002800F04A81D0F894004FF6FF732B86B0
:1009A00005F11C0B002800F0208105F1880205F1FB
:1009B00084010BF021FBB5F8823023F4EF6323F0C0
:1009C000070343F48C7343F00103A5F8823095F8D4
:1009D000433003F03F0363F07F0385F8433095F81D
:1009E0009A3023F0070385F89A3095F8483023F0C1
:1009F0000F03002785F848304FF4C023C5F898311D
:100A00002846C5E91577C5F89470A5F8987085F85B
:100A10004570EF86C5F83A70EF65A5F89E71A5F8A8
:100A2000947112F08BFD85F86071C5F8649110F037
:100A3000CFFE95F8A43160F3020385F8A43110F0DD
:100A4000CDFE95F8A43160F3C50385F8A43195F87F
:100A5000903167F3410385F890310121284611F068
:100A6000D9FA05F1E00012F041FBC4E9189AC4F884
:100A700020B0C5E905772F70ED6117F001FE002861
:100A800040F0AF8094F824300121C3F342030DF10C
:100A90002B008DF82B300BF04DFC0246002862D065
:100AA00098F8011030460FF09BFE31235549A360A2
:100AB000554BB4F86870A0FB01010025C01841F146
:100AC00007014DA3D3E90023C4E9055525706560EE
:100AD000E560FFF715FB20610CF0ECFE00F1090862
:100AE0003FB9357805F00F05A5F10105B5FA85F593
:100AF0006D0994F82400236965F3000010F00105E6
:100B000084F8240036D0414A099200201060022562
:100B10003F4A404F04930BAE019305920321CDE968
:100B20000200069443460090089607972A460B95C4
:100B30000CF0C2FD31460DF051FEA0B936490591C9
:100B40004AF2D8330093CDE90300CDE901000797BD
:100B5000089606944346012203210B950CF090FD64
:100B60002EE00FF08DBD236A002B3FF4EFAE0FF0A7
:100B700043FDEBE6254A2948049303F24713069404
:100B8000029591211360A7FB000301FB0731214B64
:100B900007931F4B05934FF6FF73099202270393A8
:100BA0000BAE15A3D3E900230B970896FFF7A8FA1D
:100BB0004346CDE900503A46284603210CF07CFD1F
:100BC00031460DF00BFE0028CDD194F86A3001209B
:100BD000034384F86A3016F0DBFA0020B7E61220EF
:100BE000B5E60FF009FD0320B1E605F18C00C5F86C
:100BF0009400DAE6AFF300808D49FD1A070000008B
:100C000030D8002000CA9A3B8C49FD1A24D8002015
:100C10005D08010015DA000041030100002AE784A5
:100C200048460DF025FD072091E650460DF02CFDBD
:100C300048460DF01DFDF6E770B590F824308AB0F7
:100C4000C3F342030D46044601210DF1230016466D
:100C50008DF823300BF06EFB7178024628460FF0BA
:100C6000BFFD1F491F4AA0FB0131981841F1070140
:100C700019A3D3E90023FFF743FA236998420546F5
:100C800021D21B1A00220192174A0293174BA21A73
:100C9000A3FB02320221920900230A4409AE099102
:100CA00013490591CDE903330321D2B2069600938F
:100CB00018460CF061FD31460DF090FD38B9256104
:100CC00000200AB070BDFBD9C21A0023DBE70C205C
:100CD0000AB070BDAFF300808D49FD1A0700000017
:100CE00000CA9A3B8C49FD1A30D8002009CB3D8DB3
:100CF00015DA0000000000002DE9F04F06468DB027
:100D00008A46012002219946154619F05BFC002213
:100D10000B90022101200BF0BFF93B494FF4D87230
:100D200030460BF049F9C71C384B0093FFB20196CF
:100D30004B463A46012100200CF078FD10F0FD0FE3
:100D40000ED0334A3349344840F68F0321F0E7FD93
:100D5000002383F31188BFF36F8F0323184602DF4C
:100D60002E4CA5FB044526A3D3E9002320462946A3
:100D7000FFF7C6F90896069633690493284B20F0CE
:100D80007F48A8FB0331E01A264B07934FF0070278
:100D9000254B059302FB08114FF6FE7365EB01012D
:100DA00003934FF47A720023FFF7AAF94FF0000B78
:100DB000CDE90180CDF800A04B463A4601215846C6
:100DC0000CF05EFC10F0FD0F0DD0114A11491248D5
:100DD00040F6A40321F0A3FD8BF31188BFF36F8FBE
:100DE0000323184602DF0B9B13B90DB0BDE8F08F4B
:100DF0000122022110460DB0BDE8F04F0BF04CB9B6
:100E00008D49FD1A07000000E810002009120100BA
:100E100010B00200D4B00200F0AA020000CA9A3B4F
:100E20008D49FD1AA9110100C166010000000000F2
:100E30002DE9F0418468228E4FF6FF739A428CB000
:100E400045D00546204612F017FE2B7D012B00F001
:100E50002281022B00F01581002B00F0F48094F821
:100E60006061002E40F010812B8A678F94F9432037
:100E7000CDE90A6673B3002AC0F25A810023A4F8B0
:100E80009A31AA7C238FFD1802F003030135012B50
:100E9000ADB23BD0B4F89E31002B00F005819D42ED
:100EA00080F059815B1B9BB20022062BA4F89E3177
:100EB000628740F2F68094F943309342C0F2508149
:100EC000002326E09DF82710204610F065FD0CB0A9
:100ED000BDE8F081002AB8BF84F88561238FAA7C21
:100EE000FD1802F003030135012BADB20ED0B4F8AA
:100EF0009A31002BCED0AB4240F23C815B1BA4F870
:100F00009A31B4F89E31002BC9D102E00023A4F835
:100F10009E3194F8482063F3820284F848202946E1
:100F20000DF12702204612F045FB7430CAD0B4F808
:100F300098312BB1AB4240F2EC805B1BA4F89831A6
:100F4000B4F894312BB1AB4240F2DA805B1BA4F8C9
:100F50009431658F16B9AF4200F0C9800135ADB24A
:100F600094F8DD3013F0010731D1DDE90A130A46A8
:100F7000002B40F0CC80002900F0BB801F461846B3
:100F8000228EE4690694CDE9035603329A4D02900D
:100F9000CDE90017D2B20121002005950CF0ECFB41
:100FA00010F0FD0F93D00DF043FC84428FD0934A94
:100FB000934994484FF4AE6321F0B1FC002383F3CE
:100FC0001188BFF36F8F0323184602DF7FE794F980
:100FD00043206FF30003002A84F8DD307FDB94F8B0
:100FE0008200C0F3C00100F0070017F061F9B4F807
:100FF0007A20B4F878301344628D03F23F1313441F
:101000000344814A81480721E3FB0021104678A36D
:10101000D3E90023FFF774F8DDE90A1320F07F42DB
:1010200020692261904235BF171A801A00200027DC
:101030000A46002BA4D157EA010CA1D1002858D0B0
:1010400019461F469CE794F89A3003F01803182BB2
:101050007FF405AFA18EB4F896218B1D9A42C4BFD0
:10106000931F5B1AB4F89211CCBF9BB213469942FE
:1010700000F09C80A4F89231A4F89431A4F898214F
:10108000EDE63D2684F86061314620460CB0BDE8AF
:10109000F04110F081BC0023A4F89831A4F89431F9
:1010A000DDE60126334634E7628E052A97BF01321A
:1010B00040F2E2434FF4FA7392B203FB02F2B4F847
:1010C0009C3142F2107101FB0323013BB3FBF2F3AD
:1010D0009BB2A4F89E31002B7FF4E1AE19E794F89F
:1010E0008300012100F0070017F0E4F87FE73546A0
:1010F00036E7002D43D00027114638463B463FE7F0
:101100000023A4F89431204612F0F6FA21E738467D
:1011100036E70DF0F9FA0146A0B30023A4F89831A0
:10112000238EC3801B23037100680DF0BFFA07E70D
:1011300094F885316BB3013B84F8853104F1E00804
:10114000404612F015F8B8B3404612F011F8B8B3A3
:101150000023638792E60821204610F01DFCB6E6C6
:10116000A7B9D4F888315A0813F0010336D1C4F86E
:101170008821A5E63E21204610F00EFCA7E6002EB1
:10118000B9D1A4E60123A4F89831D9E61346012683
:10119000BFE60AAA0BA92846FFF72AFBDDE90A23C6
:1011A0001343CBD0237884F88531C7E7B4F898117E
:1011B00000297FF454AE5FE7FF2010F0AFFBC3E7D8
:1011C0000246D4E921010AF02FFF0028C0D194F88B
:1011D00048301B0744BFA38E63874FE642F00042AE
:1011E0001E46C4F888213B4693E600BFAFF300805B
:1011F0008D49FD1A070000006511010010B00200C2
:1012000050B10200F0AA02008C49FD1A00CA9A3BB4
:101210002DE9F04F87B0CDE90423BDF844200378D1
:101220000292BDF84820BDF840A0BDF84C90878FD1
:10123000019104460392002B00F0D980013FBFB218
:10124000A368D4F81CB1A7EB090292B2002B00925C
:101250000ADAE168626823F0004391422CBF8B44B4
:101260009344A360ABEB030B94F88200C0F3C0017E
:1012700000F0070017F01CF8B4F83280B8F1050F41
:1012800040F2AB80009B18FB03F81FFA88F840F28D
:10129000E246BAF1050F40F29480B4F87A20B4F82F
:1012A0007830134403F2D51318447D4A7D4B07214F
:1012B000E0FB023118464FF09613A3629623A385F4
:1012C00075A3D3E90023FEF71BFF554620F07F40AE
:1012D00040F2E24303FB05F516FB08F6B3B22061CA
:1012E000B3FBF5F815FB08F080B283421FFA88F6CD
:1012F00059D26B49C01A80FB010167A3D3E90023CF
:10130000FEF7FEFE20F07F408344E38EB4F82421F4
:101310001344994494F84330A9EB07094E44DB0980
:10132000E6866BD1604A6149614840F6671321F057
:10133000F6FA002787F31188BFF36F8F032318464F
:1013400002DF2E46029BA386039BA4F89C3129460C
:101350002046A4F832A012F069F9564BA18E2B4416
:10136000881DB3FBF5F39AB29042A4F8962104D2FB
:10137000C1F57F41FA310A4492B2019BA4F892214F
:1013800013B10023A4F89E315B463246394620460D
:10139000FFF7B2FC94F8903143F0010384F89031E8
:1013A00007B0BDE8F08F1B1A3D4883FB00013AA34C
:1013B000D3E90023FEF7A4FE20F07F40ABEB000B47
:1013C000A3E74FF096130AF10105A3629623A385C4
:1013D000ADB20A204FF4FA737CE7009B08F10108D4
:1013E00018FB03F81FFA88F84FF4FA7651E7C38E1A
:1013F0001F44B0F824311F44BFB221E7E26C0099CA
:10140000636D274F02FB1133636517F089F90646B8
:1014100094F88401C0F3420017F086F9064405FBF6
:1014200006F6254B06F5742606F23F26A3FB063684
:10143000B60C636DE66406FB08F06A080344963A4E
:10144000934228BF1346C4E91423049B40F2E249A7
:1014500009FB03F3E3650023A0FB0701C4F88C310B
:101460000DA3D3E90023FEF74BFE144B059AABEB1B
:10147000000BA3FB0230800A09FB00F0A0FB070170
:1014800005A3D3E90023FEF73BFEAE1B20F07F4708
:1014900058E700BFAFF300808D49FD1A0700000038
:1014A00000CA9A3B8C49FD1A10B00200C8AB02007A
:1014B000F0AA02007FC3C90183DE1B435917B7D1CD
:1014C0002DE9F04F0B6891F81180D3F80090037F5D
:1014D000176895B00446C3F38013D0F81E008DF84A
:1014E0003F30B8F1FF0F638C12900E461546ADF8F1
:1014F0004C300DF1480A4DD19AE803001090ADF838
:1015000044102346E28D53F82EBB9B78AB722A81A0
:10151000D4F82A306B60D4F83A30C5F8223005F19F
:10152000220094F83E30037105210AF003FF95F87C
:10153000273000F03F0060F3050385F8273094F86A
:101540003F30C3F3040285F82820A28EEA820128E6
:1015500003F01F0392B205D91B3303F01F030B2BBB
:1015600000D81ABB0022C9F8142095F82C3062F379
:10157000000385F82C30E56801265846214626717F
:101580000DF088F828682E7129460DF08FF815B0F7
:10159000BDE8F08F10AA0DF13F01404615F09EFB0B
:1015A0009DF83F3002338DF83F30AAE733680021C1
:1015B0005960E38EEA8A2B8340F2E24303FB02F296
:1015C0000B92628E0D92384612F044F894F83F2048
:1015D00097F88411520962F3430187F8841117F0D8
:1015E0009FF80C9097F88401C0F3420017F09CF824
:1015F0000C9A0B99104401FB00F0BF4A00F57420CF
:1016000000F23F20A2FB00204A08800C963A286393
:101610006A6394F8312040F2E24302FB03F36B6407
:10162000238FA7F89C31384612F000F80B99B34B82
:10163000B34AC7F8A0210B44B3FBF1F39AB2A7F861
:101640009621298B881D824204DDC1F57F41FA3144
:101650000A4492B2A7F892216B68C7F888312346F2
:1016600013F81C2FC2F340120C92DA0700F101812B
:101670004FF48073A38399F8260016F033F804F131
:101680002B03002800F0F180626AC4F82B20228D21
:101690009A80B8F1FF0F00F00F81BAF80430129869
:1016A000A4F82930C4F825009DF83F30A37710989E
:1016B000BDF84430C4F81F00A4F82330EB8A6386D9
:1016C0002B8BA386B7F89C31E38697F88431C3F35C
:1016D000420384F8383038460FF0D2FDA882E0800B
:1016E0002146584674680CF0D5FFAB8AE3801C2372
:1016F00023710C9BD4F80080002B40F0D1800C9B10
:101700002377214640460CF0D1FF95F86700B5F8E5
:101710005C80B5F85E40012100F0070016F0CAFDBC
:10172000444404F2D514DFF8E48104448246754849
:101730004FF096130721C5E90333E4FB0801312379
:101740000024BB607C606AA3D3E90023FC60FEF741
:10175000D7FC20F07F4038610B9B2D6B0D995D1BF2
:10176000F36840F2E24202FB013303F2B341A1EB22
:101770000A0A2246022101200AF08EFC48460FF098
:1017800031FA0246AAFB0801924659A3D3E9002385
:10179000FEF7B6FCCDF80490B3685B49009120F0E9
:1017A0007F480AF102023A3BD2B24344012120466B
:1017B0000CF03CF8012800F0858099F82430DB0714
:1017C00066D438460FF05CFD504BA5FB03A90446D8
:1017D00047A3D3E9002350464946FEF791FC4C4B02
:1017E000B6684C4A079220F07F45A5FB0331BAEB5F
:1017F0000300494B05934FF4F573069708933B6933
:101800004FF0000BCDE903B34FF0070303FB0511C5
:1018100069EB01014FF47A720023FEF771FC033487
:101820003A3EE4B2CDE90150CDF80080334622467D
:10183000012158460BF024FF10F0FD0F0DD0374A60
:101840003749384840F2EB1321F069F88BF31188DF
:10185000BFF36F8F0323184602DF012202211046D7
:101860000AF01AFC15B0BDE8F08FC4F82B00988080
:101870000FE72A4A2C492B48FD2321F050F800237A
:1018800083F31188BFF36F8F0323184602DFEFE65F
:10189000002301220093184611460BF085FF90E7C4
:1018A00095F8273043F0400385F82730281D15F0C0
:1018B0001FF80123288523E70022C4F82520A4F877
:1018C0002920F1E60CF0B4FF81453FF476AF134ACE
:1018D0001649144840F2922321F021F884F311882C
:1018E000BFF36F8F0323184602DF66E7AFF3008074
:1018F0008D49FD1A0700000083DE1B437FC3C90129
:10190000404B4C008C49FD1A8166010000CA9A3B8D
:101910008D49FD1A4D660100C166010030B6020016
:10192000D4B00200F0AA0200E4AD02008CB60200BE
:1019300010B5334C3349002304F1FF3C14F8332035
:10194000072A02EB820E05D811F83E206FF34512EC
:1019500001F83E201CF833206FF300020CF833200E
:101960000133082BEAD1284A284C002313700A7847
:1019700063F300020A7091F8282063F3000281F8F3
:10198000282091F8502063F3000281F8502091F84C
:10199000782063F3000281F8782091F8A02063F3A7
:1019A000000281F8A02091F8C82063F3000281F8BA
:1019B000C82091F8F02063F3000281F8F02091F83C
:1019C000182163F3000281F81821114A9FED0A7B68
:1019D0001370104B83ED007B0F4B236028B1BDE8E3
:1019E00010400E490E4827F079BCBDE810400C4865
:1019F00027F080BCAFF30080FFFFFFFFFFFFFFFF7A
:101A0000B1E1002070E00020C100012080DF002053
:101A1000C0000120C8120020A0BB0D00F57301001A
:101A200098120020000000002DE9F04F8FB00DF15A
:101A300037010446DFF8E0A0DFF8E0800DF1360062
:101A40000CF0A4FE9DF836309DF837B00B930BF0E8
:101A500031FFDAF80060A6FB085629A3D3E900237A
:101A60000027814631462846FEF74AFBCDE9077735
:101A7000069420F07F44DAF80400234B0593A0FB82
:101A800008011FA3D3E90023FEF73AFB1F4B20F008
:101A90007F40A4FB0331072202FB0411CDE9037050
:101AA000E81A66EB01014FF47A720023FEF728FB77
:101AB0000097CDE901404B460B985A4603210BF0A5
:101AC000DFFD10F0FD0404D06FF08B000FB0BDE817
:101AD000F08F0F480F4A00231DF098FF20B9DAF865
:101AE0000C000FB0BDE8F08F9DF837209DF8360050
:101AF0000094234603210BF057FE6FF07300E5E7D7
:101B00008D49FD1A07000000A17901008D49FD1AD9
:101B100024E20020447B0B003CE2002000CA9A3BF8
:101B200038B50F4D04460BF0C5FEA9680BF0C4FE96
:101B3000696803460B48B3FBF4F4A1FB00011C44A5
:101B400005A3D3E90023FEF7DBFA20F07F408442AF
:101B500094BF0020012038BD8D49FD1A0700000008
:101B60003CE2002000CA9A3BF0B5C468636883B0C9
:101B70000546002B64D118F0A3F8002018F0C6F831
:101B80000021084618F0B4F800222521082018F09A
:101B9000F1F8474B019301A818F0D8F8454940F2F5
:101BA0005B6018F095F9237AC3F3420262F30613DF
:101BB0002046237216F0D4FF15F070FE58BB637AEE
:101BC0009B071FD127682E68384616F00DFB064488
:101BD0006A6806F10901012018F0C2FA18F080FBCA
:101BE00020460FF00BF8811C3246C9B2384616F079
:101BF00009FB054678BB204616F09EFA88B90020FE
:101C000003B0F0BD012015F0B7FA4178821C0078CE
:101C100018F046FAD6E7607A10F0030018BF0120EA
:101C2000F1E7254A2549264840F2294320F077FE6E
:101C300085F31188BFF36F8F0323184602DFDEE7B9
:101C400093F82C309A0796D01E48214617F0F6FFDD
:101C500018F0DCF8D3E7184A1B49194840F2114341
:101C600020F05DFE194B0721A5FB030301FB0531A5
:101C70000DA3D3E90023FEF743FA154902461548A0
:101C800020F04DFE002585F31188BFF36F8F0323ED
:101C9000184602DF1048214617F0D0FF18F0B6F8BA
:101CA0006FF08B00ACE700BF00CA9A3B0000000059
:101CB000D6BE898E5555550088BA0200C4AC0200C4
:101CC000F0AA020095830100C8AB02008D49FD1AFD
:101CD00038BB02000CBB0200358701000000000089
:101CE0002DE9F041C468A28A4FF6FF739A4282B090
:101CF00000F0DF80054617F077FA2B89628B208C85
:101D0000A3831A4492B2104494F82730E28380B23D
:101D1000411C21845E064FF00001618304F1220121
:101D200000F1A18003F03F000B4694F828100090CA
:101D300004F1290014F094FD0646D4E90C31A28B7D
:101D400002FB0333A26B1344E26B8B4294BFD218A5
:101D500052188A4228BF0A46E263616C226C94F8EA
:101D600067301144616494F87E2094F82C10C3F31A
:101D7000020363F3061112F004024FF0000384F82B
:101D80002C10A363236478D017F09AFF002017F07B
:101D9000BDFF201D17F0DAFF2389A17A40F25B60B6
:101DA00043EA014118F094F8304616F03DFA214616
:101DB000594817F043FFA08918F0C6F994F8662037
:101DC00094F86700C2F3C003002102F0070200F09C
:101DD000070018F0E3F8204617F0B0FA27682E68DD
:101DE000384616F001FA06446A6806F10901002037
:101DF00018F0B6F9804618F047FA002018F05EFA9D
:101E0000E36B94F8670003F12F02636C00F00700A6
:101E1000012103EB420517F0EBFF4544054494F81C
:101E2000670000F00700022825D004280CBF4FF4FB
:101E3000BC73282301211D4417F0DCFF284418F04F
:101E400015FAA18A03313246C9B2384616F0DAF9DA
:101E50000546002834D1204616F06EF9D0B900208E
:101E600002B0BDE8F0810A4603F03F03218D14F073
:101E700043FD064661E71823DCE7D4E91A010AF0BE
:101E8000D3F8002880D194F87E3043F0040384F81E
:101E90007E3079E7214A224922484FF4B07320F07E
:101EA0003EFD85F31188BFF36F8F0323184602DFD1
:101EB000D5E71D48214617F0C1FE17F0A7FFCEE772
:101EC000164A1A4917484FF4AB7320F028FD184BF7
:101ED0000721A5FB030301FB05310DA3D3E9002373
:101EE000FEF70EF913490246134820F018FD0025AD
:101EF00085F31188BFF36F8F0323184602DF0F4865
:101F0000214617F09BFE17F081FF6FF08B00A7E7CB
:101F100000CA9A3B00000000B5950100C4BB020056
:101F2000C4AC0200F0AA020095830100C8AB020015
:101F30008D49FD1A18BC02000CBB02007183010020
:101F400007B5054B68461A685B680092019301F07B
:101F5000FDFF03B05DF804FB34C2002007B501F0BB
:101F60009FFD83788DF800300388ADF8013090F93B
:101F700003308DF80330104B93F88420531E5A42DF
:101F80005A410E4B1B781B0143EAC20302791343EB
:101F9000427943EA4203827943EA82038DF80430AE
:101FA00000238DF80530684602238DF8063001F0D5
:101FB000F3FF03B05DF804FB6416002008F1002075
:101FC00030B587B00C460546102200210DF1050002
:101FD00027F003FC102C2246294628BF10220DF1C1
:101FE00005008DF8042027F0D0FB064800220023CE
:101FF00001A91DF017FB10B903481DF0CDFC07B077
:1020000030BD00BF400800208808002010B500F057
:1020100051FF20F0C3F8084C084B2060002208480C
:102020001A6020F025F92168064820F0C4F8BDE8C0
:10203000104001F045BF00BF5C160020581600207C
:10204000FC1600206416002038B5084D0446012215
:102050000D21284620F082F8204620F08FF82846EF
:102060000022BDE838400D2120F078B8A09C020085
:10207000074BBFF35B8F012253E8001F43E80020AA
:102080000028F9D1BFF35B8F02481DF085BC00BF6B
:1020900064C2002088080020074BBFF35B8F012239
:1020A00053E8001F43E800200028F9D1BFF35B8FFD
:1020B00002481DF071BC00BF60C2002088080020EB
:1020C00008B5B0F80130A3F57A739BB247F2481215
:1020D000934251D8B0F80330323B9BB240F29E722B
:1020E000934249D8B0F8052042F210739A4243D87F
:1020F000B0F80930B0F807209A423DD240F2DC52E5
:10210000934239D8B0F80B2041F288339A4233D841
:10211000B0F80D30C83B9BB242F2486293422BD8D4
:10212000B0F80F30103BB3F5F86F25D8B0F8113088
:10213000053B9BB240F60B6293421DD8104B00F159
:10214000100250F8041B43F8041B9042F9D1028896
:102150001A8082789A700B4BBFF35B8F012253E891
:10216000001F43E800200028F9D1BFF35B8F064829
:102170001DF012FC002008BD6FF01500FBE700BF4A
:1021800009F10020601600208808002001481DF099
:1021900003BC00BF880800202DE9F04F9DB001F07E
:1021A00069FB414802698168136823F40053136096
:1021B0000B684FF4C0220D21984701F09BFB30B90A
:1021C00001F0C6FB01F070FC08B101F07FFC374C58
:1021D000374800F06FFB204601F0EEFC01F0FCF800
:1021E0002146344B41F8083F334800F085FB334823
:1021F00020F039F8314800F037FF314801F010FF86
:10220000D4ED037AFCEEE77A02238DF8443017EE22
:10221000903AD4ED047AADF84530FCEEE77A11A897
:1022200017EE903AD4ED077AADF84730A38AADF8AF
:102230004930FCEEE77AE38AADF84B30238BADF8FA
:102240004D3017EE903AD4ED097AADF84F30FCEEF0
:10225000E77A238CADF8513017EE903A4FF47A724A
:10226000ADF85330A36AB3FBF2F3ADF8553001F08B
:10227000C7FE144A1449154801F006FE08B901F0DA
:102280003FFAFFF75DFEFFF769FE114800F05EFDC3
:1022900000B301F015FE3220FFF7D6FE4FF47A703E
:1022A0001FF06CFFF7E700BFA09C020034C20020C3
:1022B0003CC200200000D04364160020FC16002021
:1022C0008D21000099200000C1200000C11F0000E6
:1022D00071200000C820FFF7B7FEFFF797FE1FF040
:1022E0005DFF8B4E0090DFF84CA29AF88430012BF2
:1022F0000CBF012500254EF6602242F210732846DD
:1023000018BF134601931FF012FF002800F0FA8057
:1023100028461FF00CFF014640F2E7304FF47A7276
:10232000002300EBC130490CFDF7EAFE02460B46E4
:1023300078481DF06BFBBFF35B8F774A002352E8B0
:10234000001F012903D142E800300028F7D1BFF374
:102350005B8F10D10B93714B099320230A9300F0EC
:1023600013FE012840F0EC801FF053FF002840F3DB
:10237000CC80FFF74BFE6A4D6A4FA5F1080800229A
:1023800000230CA938461DF0ABF9002800F08D8120
:1023900020F0E3F801F0C4F91FF000FF054601F05A
:1023A0000BFA58B13C20FFF74FFE3C201FF0E6FE31
:1023B0003C20FFF749FE3C201FF0E0FE01F0F0F961
:1023C00048B1594A1368EB1AB3F57A7F03D31E203C
:1023D0001560FFF739FE01F085F808B101F08EF8BD
:1023E00000F06EFE08B100F07BFEBFF35B8F4F4B39
:1023F000002253E8001F012903D143E800200028F0
:10240000F7D1BFF35B8F46D1494B454FB3F801205D
:10241000484D07EE902AF8EE677AC4ED037AB3F8D8
:10242000032007EE902AF8EE677AC4ED047A9979D2
:102430005A7942EA0122A282197ADA7942EA012221
:10244000E282997A5A7A42EA01222283B3F80B2077
:1024500007EE902AF8EE677AC4ED077A997B5A7BEB
:1024600042EA01222284B3F80F2007EE902AF8EE08
:10247000677A4FF47A72C4ED097AB3F81130534396
:10248000A3620FCF0FC50FCF0FC5384650F82839BC
:102490002B6001F0ABFB1FF081FE9AF88430264DD3
:1024A000012B074640F0B481BFF35B8F002355E852
:1024B000002F012A03D145E800310029F7D1BFF3ED
:1024C0005B8F02D001F03CFD20B901F031FD08B96D
:1024D00001F0F6FC009B019AFB1A9A423FF603AF0B
:1024E00001F036FA01F0E0FA40B1144801F050FB77
:1024F00000F02AFD01F010FD01F0E8FAFFF72EFDD3
:102500000097F0E60022134612E71FF07EFE32E746
:102510005C1600208808002064C2002088EF00209C
:102520003CC2002040080020501600206016002009
:1025300009F100206416002060C2002034C200208F
:1025400000F022FD02287FF416AFBB4F4FF0040BC2
:1025500009A800F01FFD051E40F385800B9B63B1A9
:102560001FF01CFE002380463060B4483B601FF023
:102570007FFEB34841461FF01EFE1FF00FFE029083
:102580003868013828441FF026FF3368C3180393C6
:102590004FF000080999A9484FF00C0909FB08F908
:1025A00049441FF07BFE431C09D0A44A41F64C531A
:1025B00003FB002043F20863C05800F063FD099854
:1025C00005A948441FF036FE3868431C3B601FF0E5
:1025D00002FF32680CAB024405A9994800F0BEF92D
:1025E000002836D0029B0C9A1A44039BD21A6368C7
:1025F000013363601693934B1B78002B53D09249A1
:10260000D1E90031D31841F10001CDE917310D9B1B
:102610001A9316A80E9B1B93199200F0F9FE9DF8D1
:102620003A30B3B1236889480133236001F0B0FA2E
:10263000FFF786FC169B0C9807933368C01A1FF0AF
:10264000D5FE07A908907D481FF086FE1420FFF7ED
:10265000FBFC08F1010845459CD1192D03DDBBF1B8
:10266000010B7FF475AF744B18681FF0B4FE31682E
:10267000014473481FF0AAFD00283FF446AFD4ED93
:10268000097AFCEEE77A17EE903A98B200F0B6FBC2
:1026900000238AF884301FF081FD6D4B18606B4871
:1026A00001F076FA67E61946AFE79DF83130013B55
:1026B000062B3FF664AEDFE803F0042C34409F9015
:1026C0009C009DF83030082B7FF659AE0DF1360096
:1026D0001FF02BFD83460DF132001FF026FD8146D1
:1026E00026F087FF4FF47A720346A3FB023C02FBFD
:1026F00001CCDB0B43EA4C43B9EB030352486BEBD1
:10270000DC32C0E900324F4B01221A70FFF726FC81
:1027100035E600234046236001F03AFAFFF710FC4B
:102720002DE69DF83030042B7FF629AE0DF13200F6
:102730001FF0FBFC00F0B6FE21E6284600F0BAF8D8
:10274000DFF814E1DFF8F8C0BEE80F00ACE80F00D6
:10275000BEE80F00ACE80F00704650F82839CCF8FE
:10276000003001F043FAD4ED037AFCEEE77A02235D
:102770008DF8583017EE903AD4ED047AADF8593010
:10278000FCEEE77A16A817EE903AD4ED077AADF88A
:102790005B30A38AADF85D30FCEEE77AE38AADF8F2
:1027A0005F30238BADF8613017EE903AD4ED097AA3
:1027B000ADF86330FCEEE77A238CADF8653017EEA8
:1027C000903A4FF47A72ADF86730A36AB3FBF2F334
:1027D000ADF8693001F014FCD1E59DF83030042BE0
:1027E0007FF6CDAD0DF132001FF09FFC00F04AFCEA
:1027F000C5E500F0F5FFC2E54FF005095020FFF7F1
:1028000023FC78201FF0BAFCB9F10109F6D1B6E536
:102810000F4B104A1B68C31A93422DD8BFF35B8F2E
:10282000002355E8002F012A7FF449AE45E8003126
:1028300000293FF444AEF4E758160020FC160020AF
:102840006416002008F10020F009002034C20020A6
:1028500054160020BFD401003CC200200023BFF367
:102860005B8F55E8002F012A7FF429AE45E800313F
:1028700000293FF424AEF4E700F092FF0028EDD1E8
:10288000BFF35B8F55E8003F012B03D145E8000201
:10289000002AF7D1BFF35B8F02D001F051FB08B9DA
:1028A00001F046FB01F04CFB00283FF413AE01F0B1
:1028B00033FB0FE60A4B03600A4B43600A4B83600D
:1028C0000A4BC3604FF416730382094B436140F215
:1028D000DC530383074BC36147F2305303627047F5
:1028E0000000D0430080BB4500009643F401640023
:1028F00000007A4300001643F8B50F462DED028B19
:10290000982200213D46064626F067FF0FCD34464B
:102910000FC40FCD0FC42B68236097ED007AB7EE7C
:10292000008AC8EE077AB1EE000A27EEC00AF1EE7F
:10293000678A1FF00BFB38EE400A86ED090A9FED0F
:10294000060A88EE800A1FF001FB38EE408A86ED09
:102950000A8ABDEC028BF8BD8FC2F53CF0B5044687
:10296000B1F9000006EE100AB1F90200B1F9041045
:1029700007EE100A06EE901AB8EEC66AB8EEC77AED
:10298000F8EEE66A94F8501085B08DED016A8DED91
:10299000027ACDED036A04F1380604F14405B1B9B9
:1029A00001AB03CBE06221631868606301AA03CA2C
:1029B000A06371601868B06001AA03CA60646960AE
:1029C0001868A860012384F850300020EFE0D4EDAF
:1029D000127A94ED115AD4ED135A77EE677A36EEE7
:1029E000455A67EEA77A45EE057A76EEE55A45EE4A
:1029F000A57AF1EEE77A01AF03CFD4ED0A4A60641D
:102A000069603868A86001A930460F46D0ED005AC9
:102A1000B7EC015A35EE655A45EE245AE0EC015AFE
:102A20008542F3D194ED0C5AD4ED0B4AD4ED0D5AF6
:102A300037EE457A36EE646A27EE077A06EE067AB6
:102A400076EEE56A06EEA67AB1EEC77A606D050607
:102A50000BD594ED006A9FED874AC4EE066AFCEE42
:102A6000E66A16EE905A551BA565D4ED026AF4EE9F
:102A7000C76AF1EE10FA4FEA400048BF40F001008B
:102A8000606594F86100002800F09E80616E521A23
:102A9000142A1DD8F5EEC07AF1EE10FA18D49FED85
:102AA000767AB4F86800F4EEC77AF1EE10FADBBF7C
:102AB000B6EE007A77EE877A4FF6FF71FCEEE77A92
:102AC000DCBF17EE901A89B2884238BFA4F86810AC
:102AD000E089218A904227D88A4228D8D4ED1C7AEE
:102AE000D4ED0E6A94ED1D7A94ED1E6AD4F8803010
:102AF00076EEE76AD4ED0F7A77EEC77A94ED107A26
:102B000067EEA77A46EEA67A37EE467A47EE077A60
:102B1000F1EEE77A013394ED1F7A77EE277AC4ED70
:102B20001F7AC4F8803050E78A427FF64EAFD4F85F
:102B30008020002A3DD007EE902AD4ED1F6AF8EEDF
:102B4000677A86EEA77AB5EEC07AF1EE10FA33D442
:102B5000DFED497AB4EEE77AF1EE10FA2EDCF6EE0C
:102B6000007A77EE277AFCEEE77A17EE902A92B297
:102B7000B4F86A10A4F86C20A289914221D3D4ED54
:102B8000057AF4EEC77AF1EE10FACBBF00210121ED
:102B90000222002284F86F2084F86E1004F164028F
:102BA00007CA83E80700002384F86130012005B0DC
:102BB000F0BD9FED327AD2E70022D9E74FF6FF72DF
:102BC000D6E700210122E5E794ED017AB4EEE77A39
:102BD000F1EE10FA3DD894F8603023B1E36D208B0C
:102BE000D31A834235D3A36DE265D11AF5EEC07ACC
:102BF00040F20113A4F86030F1EE10FA4FF0000338
:102C0000E366626612D49FED1C7AF4EEC77AF1EEA9
:102C100010FADBBFB6EE007A77EE877A4FF6FF73D5
:102C2000FCEEE77ADCBF17EE903A9BB2A4F868306E
:102C30004FF6FF738B4228BF0B46A4F86A3000237F
:102C4000E367C4ED1C4A84ED1D5AC4ED1E5A0023EF
:102C500067E7D4ED096A2C34D4ED007AB1EC017A3F
:102C600037EE677A47EE267AE4EC017AA642F3D192
:102C7000ABE600BF0000FA4500FF7F470000000000
:102C800010B586B00123019300238DF80830072387
:102C9000CDE9031200908DF8143007489DF81430E8
:102CA000826843F002038DF8143094686A2302228C
:102CB0006946A04706B010BD189D020010B40C4B29
:102CC0001A699B689C6984B1010204D51368DB050D
:102CD00048BF80F0C060074B00F0B0720340A446CC
:102CE00003485DF8044B082160475DF8044B7047CA
:102CF000A09C02004000000610B54FF40010FFF742
:102D0000DDFF034B1B6813B1BDE81040184710BD31
:102D100068C200201FB502238DF800008DF8011055
:102D2000CDF804D002938DF80C3007489DF80C3094
:102D3000826843F002038DF80C3094686A23012204
:102D400001A9A04704B010BD189D020073B500236F
:102D500006468DF80730244825F0FDFF20B96FF0B6
:102D60001204204602B070BD204D284625F0F3FF26
:102D70000028F4D00DF107010F201FF03BFA0446A4
:102D80000028ECD19DF807306C2BE8D101211220EE
:102D9000FFF7C0FF0021A42026F0B2FB442112203F
:102DA000FFF7B8FFE2211820FFF7B4FF104B1E60B9
:102DB0002A69AE68136823F48073136033680821AE
:102DC0004FF48032284698470A490B4B4B604FF42A
:102DD00080738B60F36913B10122284698474FF046
:102DE0009860FFF76BFFBCE7189D0200A09C0200F3
:102DF00068C200206CC20020F92C000013B5044604
:102E00004FF40010FFF75AFF00215E20FFF782FF0A
:102E100000210D20FFF77EFF00210A20FFF77AFF37
:102E200000211120FFF776FF10211520FFF772FF18
:102E300018211020FFF76EFF41215620FFF76AFF8F
:102E400080215820FFF766FF10215C20FFF762FF0A
:102E5000642303FB04F101F6344141F6690399420E
:102E600020D9124B99421FD840F63543B1FBF3F1FC
:102E7000C9B25B20FFF74EFF002141F69A1026F001
:102E80003FFB0DF107011B201FF0B4F920215E204C
:102E9000FFF740FF064B01221A701FF0B6F9002021
:102EA00002B010BD0121E4E73F21E2E70A0103007F
:102EB0001CF1002013B54FF40010FFF7FFFE0021B6
:102EC0005E20FFF727FF0DF107011B201FF092F98D
:102ED00000215820FFF71EFF00211520FFF71AFFE1
:102EE00000211620FFF716FF00210A20FFF712FF2E
:102EF00034210720FFF70EFF00210820FFF70AFF0B
:102F000066210920FFF706FF64211020FFF702FF6A
:102F10006C211120FFF7FEFE06210A20FFF7FAFEC2
:102F200008210D20FFF7F6FE054B00241C609C8055
:102F3000044B02221A701FF068F9204602B010BD3F
:102F400028EF00201CF1002008B54FF40010FFF717
:102F5000B5FE00215E20FFF7DDFE00210D20FFF70A
:102F6000D9FE00210A20FFF7D5FE00211020FFF72F
:102F7000D1FE00211120FFF7CDFE024B002018707A
:102F800008BD00BF1CF10020014B1878704700BF3E
:102F90001CF100202DE9F04F85B006463A230222AD
:102FA00002A968468DF80030FFF76AFEA8B99DF8BF
:102FB0000940C4F38013B36024029DF8083004F480
:102FC00040741C430027DFF89C803D464FF0780991
:102FD000A74235DB002C3FDB40E06FF00404F1E753
:102FE0009DF80830DB08012B06D141460DF10900A0
:102FF0001FF0F9F80137EBE7022BFBD10C23D6F8D1
:1030000000B005F1010A69465D430DF109001FF0AA
:10301000EAF8BDF800302BF805300BEB0502B8F8E4
:103020000030D380BDF802305380B8F802301381ED
:10303000BDF804309380B8F8043053815546D9E781
:103040007368AB420ADD072202A968468DF800903A
:10305000FFF716FE0028C3D06FF00405284605B020
:10306000BDE8F08F28EF0020034B044A18600023CE
:103070001360034A13707047B4C200208CC2002052
:1030800012F2002010B50B4A0B4C1368082B06D126
:103090002368013303F007032360072313601168DB
:1030A0002368064C0B4403F00703013144F8230066
:1030B000116010BD8CC2002090C2002094C200207C
:1030C000054B1B782BB9054B1868003818BF012039
:1030D00070470120704700BF12F200208CC2002010
:1030E0002DE9F0412C4D2D4E86B02F78D7B932689E
:1030F00002B32B482B4903682B4C51F82310616015
:10310000013303F007030360284B013A186832606B
:103110001FF04DF9264BE360264B20601F70012302
:1031200027812B7000F082FF044630B91B4A002330
:103130002B70136006B0BDE8F081DFF86CC0DFF8DB
:103140007480BCE80F0001AF0FC7184BF42C18684F
:1031500098F8003028BFF424A4B2059401A923B143
:103160001FF086F920B92870BFE71FF04EF9F9E784
:1031700081B20F4800F0A0FF00F10C03012BD9D958
:103180000028D3D101AC0FCC074F0FC723683B6099
:10319000012388F80030A8E712F200208CC200203A
:1031A00090C2002094C2002078C20020B4C2002047
:1031B0001DF1002011F2002030B50A4D421E00F131
:1031C0001B034FF0FF3012F8011F4840082140F365
:1031D00000042C40013984EA5000F8D19342F2D126
:1031E000C04330BD2083B8ED2DE9F0430160CB68CA
:1031F0005A0942601F2B4FF0000289B004468260DA
:1032000059D90B69DA0656D1CD68B5FBF3F203FB49
:103210001255002D4FD1DFF8A8902F46A8462E4614
:103220006268954224D326B17B1CB3FBF2F602FB05
:103230001636A660002563689D423FD22168A668C5
:103240000A695209B6FBF2F302FB136068B10B681E
:1032500070016946984740B96A46034612F8011B57
:10326000FF291ED10133202BF8D109B0BDE8F0832E
:10327000236869461B68680198470028F5D1069BBA
:103280004B450CD16846FFF797FF079B834206D159
:10329000009B0EB1984502D298462F460126013573
:1032A000BEE7A36862680133B3FBF2F102FB11339E
:1032B000A3600135BFE74FF0FF30D6E70020D4E729
:1032C00056455053F0B589B000236A46079304462B
:1032D0000B4601F11807164618685968154603C5CC
:1032E0000833BB422A46F7D1A568114B06933046F6
:1032F000FFF762FF626807906B1CB3FBF2F102FB01
:1033000011332268A36013695B096F01B5FBF3F108
:1033100003FB115535B1236831465B683846984741
:1033200009B0F0BD9368384698470028F3D0F7E716
:103330005645505370B5184D88B006460C46A068E7
:1033400038B36068336869461B6840019847636812
:1033500072680133B3FBF2F102FB11336360A368BF
:10336000013BA360A8B9069BAB42E8D16846FFF7D2
:1033700023FF079B8342E2D12368009A9A42DED35F
:103380006D460FCD0C340FC495E8030084E80300AC
:10339000012008B070BD00BF56455053034B014695
:1033A0004FF48052186820F04FB800BFFCC20020D4
:1033B0000A46014602482023006820F030B800BFCA
:1033C000FCC200200A46014602482023006820F083
:1033D00011B800BFFCC2002010B5094C03202146E3
:1033E00001F0ACF958B9236806499B680648CB60E0
:1033F000FFF7FAFE054AB0FA80F35B09137010BDBF
:10340000FCC2002050020020F0C20020C3FF0020B8
:10341000F8B5837D044600F118056BBB1B481C4AB8
:103420000368182703F07F06214607FB062251F8A0
:10343000046B42F8046BA942F9D101330360154BC8
:103440005A68082A06D11A68013202F007021A6087
:1034500007225A60D3E900210F480A4402F007020C
:10346000182606FB020254F8040B42F8040BAC4287
:10347000F9D101315960F8BD084B1B78002BDED023
:1034800001460748FFF71EFFD9E700BFECC2002046
:10349000C3F30020B8C2002003F30020C3FF0020C4
:1034A000F0C2002010B50B4C012323720A4B2146B9
:1034B0001B7841F80C0F83F00103084863721FF07A
:1034C00018F8074B1B68802B38BF8023803B236391
:1034D00010BD00BFB8C20020C3FF0020F0C2002012
:1034E000ECC20020044B5A681AB9187A00F00100A7
:1034F00070470120FAE700BFB8C200202DE9F04F65
:103500006A4F95B0FFF7EEFF40B100F0A1FD17281C
:10351000674E844605D800237360337215B0BDE84A
:10352000F08F35460FCD07AC0FC40FCD0FC40FCDB4
:103530000FC4BCF1EF0F2B68DFF8849123608CBFC0
:103540000A25182307AC98BFBCFBF3F54FF0000821
:1035500098BFADB2DDF820C0BCF1000F39D0079A9A
:10356000544B182101FB02330DF1040A03EB010B4C
:1035700018685968D646AEE8030008335B45F24642
:10358000F6D1013202F007020CF1FF3307920893E3
:10359000494B18220DF1040C02FB0833624603CAA2
:1035A000A24218605960944603F10803F6D108F16D
:1035B0000108A845CED11821434659435ED10FCC0E
:1035C0003B4D0FC50FCC0FC50FCC0FC523682B602B
:1035D000A4E79DF824A0BAF1000FECD09DF82530A7
:1035E000ABB936480AA9FFF7A5FE01280CD10DF1A9
:1035F000340EBEE80F000DF1040CACE80F009EE89D
:1036000003008CE80300C3E701238DF82530D9F8C7
:10361000002013990A98802A134638BF8023803BE4
:103620008B4238BF0B4613934FF0000E4FF0180C2F
:103630009A4207D8BEF1000F00D0139300238DF8F3
:103640002430B8E7591C03F07F030CFB03F307EBAE
:10365000030EFB5883420ED3734613910DF1040CF5
:103660000EF1180E18685968624603C20833734594
:103670009446F7D18CE7D6460B46D9E70E4889B277
:1036800000F0F8FC00F10C03012B84467FF646AFF6
:103690000FCC074D0FC50FCC0FC50FCC0FC523683E
:1036A0002B60BCF1000F3FF42DAF34E7C3F30020D3
:1036B000B8C2002003F3002013F20020F0C2002063
:1036C000ECC2002059B1BFF35B8F054B012253E8D8
:1036D000001F43E800200028F9D1BFF35B8F70473B
:1036E00004C30020054BBFF35B8F1B68BFF35B8FE8
:1036F000002B0CBF06200020704700BF08C300202D
:1037000008B5054804F0EAFE20B9BDE808400348C2
:1037100004F0FEBE08BD00BF740200206402002059
:1037200070B5044625F065FF4FF47A75A0FB0532AD
:1037300005FB0122DB0B43EA4241164A164B74B1EA
:10374000107860B9154801600120BFF35B8F53E822
:10375000005F43E80006002EF9D1BFF35B8F1470C1
:10376000BFF35B8F1A68BFF35B8F8AB10B4A126895
:10377000891A4EF65F2291420AD9BFF35B8F00226D
:1037800053E8001F43E800200028F9D1BFF35B8F06
:1037900070BD00BFC4FF002008C3002000C300208C
:1037A000044BBFF35B8F1868BFF35B8F003818BF03
:1037B0000120704708C30020084BBFF35B8F002235
:1037C00053E8001F012903D143E800200028F7D166
:1037D000BFF35B8F0CBF01201046704704C300206D
:1037E0000149002002F0D6BC2CCA020010B500230B
:1037F0008AB0CDE9023308210DEB010023F049FF27
:10380000002822DB0821164A11230DEB01001FF0CE
:10381000ECF8134A12F8013BCBB90423114C009386
:10382000114A124B0194182104A81DF0FBF904A8B9
:1038300002F060FD48B9A4F10C00FCF78DFCA4F186
:103840000C0102460A4801F093F90AB010BDA3F139
:10385000610105299CBF203B02F8013CDAE700BF6B
:10386000C5FF0020D1FF0020B7C90200AEC9020089
:10387000BFC902004FF08043D3F84036DB0732D592
:103880004FF01023D3F8043303F00703042B2AD09E
:10389000154B0122C3F80425D3F80024002AFBD0DD
:1038A0004FF01022D2F8043323F0070343F004034F
:1038B000C2F804330C4BD3F80024002AFBD00022BA
:1038C000C3F80425D3F80024002AFBD0BFF34F8FA0
:1038D0000649074BCA6802F4E0621343CB60BFF3AA
:1038E0004F8F00BFFDE7704700E0014000ED00E0B2
:1038F0000400FA0510B5104C204625F02CFAC0B192
:103900000E4825F028FAA0B10D4825F024FA80B120
:103910000C484FF480311EF001FE0B484FF4B011FB
:103920001EF0FCFDA36809491B682046BDE8104055
:1039300018476FF0120010BDF09C02008C9C020032
:10394000A09C0200A0A3020098A30200C4C8020029
:10395000F0B587B01422002101A825F03EFF022314
:10396000454E0493012440F20C4302940396ADF8B3
:1039700014304248424D836801A95B68984738BBC0
:10398000B6F9003041F2707223EAE37313FB02F3DD
:1039900040F6E442C3F30F36B2EB233F4FEA233144
:1039A0002E8014DA37482346074630F8022F964215
:1039B00051D85C1E344E305DF35C37F814401B1A4E
:1039C000091B4B43121B93FBF2F31844C0B2A870BF
:1039D0002E4C204625F0BFF970B1A6684021F3684F
:1039E0002046984740B90C21336901AA20469847E0
:1039F00010B99DF90430EB704FF08043D3F8384490
:103A000004F001042C715CB3214922481EF086FDAC
:103A1000322025F09BF920480469836801A95B687E
:103A2000984720B92368019C5C40C4F34020431EA2
:103A30005C425C41AA79EB786C71BAB9013B2B2BE3
:103A400001D90123AB71AA7914481B211EF056FD40
:103A50000B4807B0F0BD01330C2BA6D16420B6E7AC
:103A60000C484FF480311EF059FDE3E7043B252B51
:103A7000E9D80023E6E700BF2EEF0020F09C02000B
:103A800030EF0020ACC80200CDC902002C9D02001E
:103A900010000100A0A302008C9C0200A09C020068
:103AA0000048704730EF0020074B1A794AB9188850
:103AB000013880B240F6E24398428CBF00200120DA
:103AC00070470020704700BF30EF002008B506485F
:103AD0004FF480311EF022FD044800221B211EF00D
:103AE0000DFD1EF029FF00BFA0A30200A09C020054
:103AF000F0B50C468BB02149064615461F46FCF72B
:103B000019FB78B9042C19D11D4B19682246384687
:103B1000A847002802DA6FF0040600E000263046CD
:103B20000BB0F0BD17493046FCF704FB30B9042C4C
:103B300004D1134B196822460431E8E73046124994
:103B4000FCF7F8FA0646B0B9282C14D1224669468B
:103B50003846A8470028DEDB0C4B009A9A42DED19B
:103B6000074B01AD1C680FCD08340FC40FCD0FC437
:103B70002B682360D3E76FF00106D0E7DCC90200B1
:103B80000CC30020E5C90200EFC9020031435053C5
:103B900010B5014604460422054800F08FFE30B9F6
:103BA0000422A1180348BDE8104000F087BE10BDF4
:103BB000D9C90200E2C9020038B50A4B05461860AF
:103BC00000F0B8FF044650B9074800F0B1FE6B683A
:103BD00003F5806304466B602846FFF7D9FF204653
:103BE00038BD00BF0CC30020E9C9020030B58BB05E
:103BF000084B009300F108040FCC01AD0FC50FCCAA
:103C00000FC5236804482B602822694600F056FE41
:103C10000BB030BD31435053ECC9020010B51C4607
:103C2000BDF8083010464BB9631E0F2B06D8054B64
:103C30001B680BB121469847204610BD6FF00C0061
:103C4000FBE700BF28C3002070B586B0BDF8281080
:103C5000002933D1132B31D101AB02F110061C46E0
:103C6000106851681D4603C50832B2422B46F7D191
:103C700011889278AA7029809DF80430022B03D015
:103C80006FF0120006B070BD0E4B1B68002BF7D012
:103C9000204698470028F3D10B4A234605AD1C4621
:103CA00003CCAC4210605160234602F10802F6D109
:103CB0002188A378937011801320E3E76FF00C0044
:103CC000E0E700BF24C30020DBFF00204B1E594269
:103CD0005941014B19707047D9FF00204B1E5942C2
:103CE0005941014B19707047D8FF00204B1E5942B3
:103CF0005941014B19707047D7FF00204B1E5942A4
:103D00005941014B19707047D6FF002030B5CD687E
:103D1000094CA54285B00DD0084CA5420CBF072424
:103D20001324CDE90154BDF82040009422F0F7FAA5
:103D300005B030BD0824F4E7F5FF0020EEFF0020B9
:103D400010B50C4C2368834203D103F0ADFF002370
:103D50002360094B00201870084B1870084B18702E
:103D6000084B1870084B1B6813B1BDE8104018478A
:103D700010BD00BF14C30020D6FF0020D7FF0020D5
:103D8000D8FF0020D9FF002020C3002010B5154C1B
:103D9000BFF35B8F2368BFF35B8F012B01461DDCF4
:103DA000114B0361BFF35B8F54E8003F013344E8DC
:103DB0000032002AF8D1BFF35B8F0C4B186806F075
:103DC0006DFB50B1BFF35B8F54E8003F013B44E80B
:103DD0000032002AF8D1BFF35B8F10BD6FF00A00EC
:103DE000FBE700BF18C30020513E000014C30020B1
:103DF00070B505460C46E9B90F4B197020F01CFE52
:103E00000E4B18600E4BBFF35B8F53E8002F43E857
:103E100000410029F9D1BFF35B8F0A490A4B0B60BF
:103E2000284606F03DFC094B1B681BB1BDE87040FD
:103E30000120184770BD00BFDAFF002014C3002026
:103E400018C3002010C300206925020020C30020F1
:103E50000B4BBFF35B8F1A68BFF35B8F002A0ADD41
:103E6000BFF35B8F53E8001F013943E80012002ABB
:103E7000F8D1BFF35B8F034B1B6803B11847704742
:103E800018C300201CC3002008B5094B1860094B5B
:103E90001960094B00201A6002F0C6FB30B90748D0
:103EA00000F046FDBDE80840FFF7A0BC08BD00BF1C
:103EB00028C3002024C3002020C30020F3C902002F
:103EC00030B5114D2B7885B0D3B9104B1B68BBB9F9
:103ED00002F034FA092304468DF80830FCF73CF967
:103EE000039401248DF8090009490A48009402ABA3
:103EF000022203F017FA10B110F1780F01D12C70E3
:103F0000002005B030BD00BFDAFF002014C3002040
:103F1000BCA30200A8A3020010B5044C23781BB177
:103F200003F032FA0023237010BD00BFDAFF002037
:103F3000024B1868003818BF0120704714C30020D6
:103F4000014B1878704700BFDAFF002030B50E4CE7
:103F500003682360436863600C4B1D6887B08DB1B4
:103F60000B4B1B7873B100211822684625F035FCF5
:103F7000084B6946CDE9013428460823ADF80C30DA
:103F800006F08CFA07B030BDF5FF002014C3002006
:103F9000D9FF0020E0A3020070B5154D044686B09D
:103FA00001460722284625F020FC23682B60A388C1
:103FB000AB80A379AB710646207800F057FCA6B120
:103FC0000C4B1C688CB10C4B1B7873B10021182270
:103FD000684625F002FC094B6946CDE901352046CB
:103FE0000723ADF80C3006F059FA06B070BD00BFDB
:103FF000EEFF002014C30020D7FF0020A8A4020079
:10400000064B00F1100250F8041B43F8041B9042C9
:10401000F9D102881A8082789A707047DBFF0020FD
:10402000014B1860704700BF1CC3002008B5064B49
:10403000186830B1054B1B7823B122F0FFF9033823
:1040400080B208BD1846FCE714C30020D6FF00204C
:1040500008B5064B186830B1054B1B7823B122F028
:10406000EDF9033880B208BD1846FCE714C3002000
:10407000D8FF002030B587B005460C461822002135
:10408000684625F0AAFB094BADF80C40CDE9013597
:10409000074B1B683BB1074B1B7823B16846FFF702
:1040A00075FE07B030BD6FF07F00FAE71CA4020078
:1040B00014C30020D8FF002030B587B005460C4659
:1040C00018220021684625F088FB094BADF80C400A
:1040D000CDE90135074B1B683BB1074B1B7823B17A
:1040E0006846FFF753FE07B030BD6FF07F00FAE778
:1040F000E4A4020014C30020D6FF002010B5094C30
:104100000A44914200D110BD11F8013B5840030907
:104110000001E35CC0B2434018091B01205CDBB224
:104120005840EEE7F6C90200014B1B68184700BF74
:104130002003002030B585B004460D461022002132
:10414000684625F04AFB02238DF802302A46044BCC
:104150000193214668461CF093FE05B030BD00BFB8
:104160002941000080B505460E46174698461CF0CA
:10417000F3F9034625F026FDDFF81890044649F8C8
:104180000030424630463946A84754F8090000F04E
:1041900047FF00BF080000002DE9F047058B0446EB
:1041A0002807904611D4022905F0070540F0CC807D
:1041B00020461EF097FC78B10138218B042811D8D5
:1041C000DFE800F0C2106D85950001290CBF45F0B5
:1041D000100545F02005258388F31188BFF36F8F04
:1041E000BDE8F08701F0070AAA4500F0A580002786
:1041F000B9463E46A368002B00F0BC8041F00801A0
:10420000218388F31188BFF36F8FA168002900F024
:10421000BA800D68002900F0B680D1F804803346DA
:1042200052462046C047002D76D02B6829461D46B1
:10423000F0E701F007035A1F012A1BD8002221F0E2
:104240000701062B276889B2C4E9002209D13B4641
:1042500003E0628B013262831B68002BF9D141F0CD
:104260000201218320461EF03DFC00287AD041F057
:10427000200176E0042B0AD121F0070189B22183C5
:1042800020461EF02FFC10B141F020012183218B2C
:1042900001F0070AAA454FD00027B946AAE72369CB
:1042A00021F0070141F00601062DD3F8009021838B
:1042B0002DD1B9F1000F3FD041F00801218388F3DF
:1042C0001188BFF36F8F3A492046C84729E021F093
:1042D0000701236941F0040189B2042DD3F8049049
:1042E0002183E6D000273E464FF0040A82E721F002
:1042F0000701236941F0050189B2052DD3F8089023
:104300002183D6D000273E464FF0050A72E70027EA
:104310003E464FF0060A6DE72B4687E7B9F1000FDE
:10432000D1D1EFF31188202383F31288BFF36F8F6D
:10433000238B23F008032383258BEA062ED525F053
:104340001003238305F007056669218B002EBFF655
:1043500070AF00232768C4E9003321F0070141F062
:1043600001012183218B01F0070AAA454FF00009C2
:104370007FF440AF002F9CD041F00801218388F3E7
:104380001188BFF36F8F002FC8D03D683946334680
:10439000524620461EF0D2FB2F46F4E7AB067FF5CF
:1043A0001BAF25F02003238305F0070500E700BFBE
:1043B000692B02002DE9F7430F4606460821C06A23
:1043C000DFF850901EF01DFD3C68241A80463C60CA
:1043D00004EA0905AC4203D8002003B0BDE8F0832D
:1043E00008236A46214630461EF0A3FC0028F4D17B
:1043F000694630461EF00FFD40B1BDF80230BDF8F1
:1044000004203C6005EA090513441D44A4EB08049C
:10441000E0E700BF0000FFFF73B504460821C06A53
:10442000124E1EF0EEFC4FF6FF726368ADF80020EE
:104430008DF80620A289191833401344181A002554
:1044400060606846ADF80210ADF804501EF0D0FC74
:10445000694620461EF09FFD2046211D1EF0A2FC4D
:10446000636828463340A36002B070BD0000FFFFC0
:104470002DE9F047044688B000F11407384624F0CF
:1044800074FDA06A8368DB689847E06228B96FF022
:104490001505284608B0BDE8F087A06A8368DB6888
:1044A00098470368013B1F2BF1D8A06A216805AA31
:1044B00023F018F80028EAD1A589002DE7D0069B43
:1044C000B5FBF3F203FB1255002DE0D1E389012B7C
:1044D000DDD9E36A009593F805904FF0FF334FF074
:1044E000FF3238461BF05EF9E06A08211EF089FCB5
:1044F000A8460646E3891FFA85FA534508D8E3899A
:10450000434523D138461BF0C5F96FF02C05C0E7B1
:10451000A1892B04891B13FA81F14A4608232046FE
:1045200000911EF014FC78B1694620461EF03AFC5A
:1045300008F10108009908234A4620461FFA88F826
:104540001EF005FC0028DAD00135D3E753450BD126
:10455000009908234A46891B20461EF0F8FB18B92B
:10456000694620461EF01EFC69462046FFF722FFE2
:10457000054618B138461BF08DF98AE7009B636049
:104580004FEA13484FEA0848C4F80880D4E90113F9
:1045900099420FD3082301AA20461EF0CAFB054604
:1045A0000028E7D101AB13F8012B914533D1013538
:1045B000082DF8D163681B0C1B0469462046009344
:1045C0001EF0F0FBA38900994A4620461EF0BFFB6F
:1045D000051ECFDB636876D006EB03084FF6FF7944
:1045E000A389CDF800801FFA88F29B1B9A422ED334
:1045F00000236168002B43D0090C09040091204678
:1046000069461EF0CFFB009920461EF0D8FB0546F8
:10461000002D74D0AEE701A920461EF0FCFB6268B5
:1046200010B9921B6260B1E7BDF80850BDF80610E2
:10463000E06AC4F8088029441EF0E3FB404490423D
:10464000A060EED1002DECD06FF01C0568E00823CF
:1046500003AA414620461EF06CFB0546002889D17E
:1046600003A920461EF0D7FB30B1BDF80C304B45F6
:1046700002D1BDF810300BB1B044B1E70123B8E767
:1046800020461EF09CFB054600287FF473AF63684C
:10469000264AA18913400B44A3EB460363601340F1
:1046A000A36020461EF09FFCB1E75B1A4A462046F5
:1046B0001EF04DFB051EFFF65DAF08D0E26AA36851
:1046C00012681344A360D4E901318B42EDD86168CC
:1046D000A38901EB46029A429AD1DFF85080A26882
:1046E00001EA08039A4293D020461EF068FB054673
:1046F00000287FF43FAF636803EA0803A360A3893F
:10470000A288A3EB46039A4206D038461BF0C2F8B3
:10471000012323740025BCE620461EF04DFC05460F
:1047200038461BF0B7F8002DF2D0B2E60000FFFFCC
:10473000014B03600020704720A5020070B5104BAC
:104740001C680D46B4B10F4B196800238B4202DB85
:104750006FF0010070BD224612F8106B864202D045
:1047600001331446F2E7E06824F0F5FA28B12C6032
:104770000020EFE76FF00C00ECE76FF01200E9E7C4
:104780002403002020A5020010B588B043680293DE
:104790008368C068CDE903320A680023CDE90623A7
:1047A0000C4601AA0449059322F0A0FE079808B917
:1047B000059B236008B010BD7D3402002DE9F34154
:1047C00001A9064614461D461EF0D8FE17490246AA
:1047D0000746304625F019F8804660B9144E152278
:1047E00031462846A047031E01DB06F8038000205F
:1047F00002B0BDE8F0810F493A46304625F005F891
:10480000804608B90C4EEAE730460C493A4624F097
:10481000FCFF06460028EAD1094F152239462846F2
:10482000A047031EA8BFFE54E1E700BF06CA02006E
:1048300072070020C6C90200FDFF00200CCA02005A
:104840005C07002010B5084C86B024788DF817401E
:10485000012402940DF117040194BDF82040009446
:1048600021F05DFD06B010BD8807002000B589B0BD
:1048700064288DF8070019D80E4B182218700021F3
:1048800002A824F0AAFF0C4B03930DF10703049335
:1048900002A901230020ADF8143005F0FFFD10F14E
:1048A000800F08BF002009B05DF804FB6FF0150011
:1048B000F9E700BF8807002014A602002DE9F041A7
:1048C0000F4B1C6805460E461746ACB14FF0FF3241
:1048D0004FF0FF330B481AF065FF63683246D3F898
:1048E000088029463B462046C047044605481AF042
:1048F000D1FF2046BDE8F0816FF00104F9E700BF69
:104900002CC300202C08002000230360044B5A68AD
:1049100012B9C3E90000704710605860704700BFCB
:1049200030C30020014B1860704700BF2CC300202B
:1049300030B585B000230546CDE9023301904FF034
:10494000FF330C484FF0FF321AF02CFF0A4B1C6863
:104950004CB9284600F08EF8044606481AF09AFF33
:10496000204605B030BD636820461B6801A9984702
:104970002468EDE72C08002030C300201FB5CDE9E6
:10498000010103924FF0FF330A484FF0FF321AF053
:1049900009FF094B1C682CB906481AF07BFF20461A
:1049A00004B010BD636820461B6801A998472468BD
:1049B000F1E700BF2C08002030C30020024B00228A
:1049C000C3E90022704700BF30C30020024B002221
:1049D000C3E90022FFF7F2BF38C300202DE9F743F7
:1049E00007460C4609B100230B601F4DDFF880908D
:1049F00000264D450FD31D4B1D6885B355F8188C07
:104A000001AA41463846183D1EF094FD10B3D6B9B0
:104A100014BB2E461EE0D5F8008001AA4146384658
:104A20001EF088FD50B116B954B92E4606E0316823
:104A3000002240461EF07EFD0028F5D11835D8E74B
:104A4000019B2360F1E73168002240461EF072FDB1
:104A50000028DDD1AD69D0E7019B2360D9E730465E
:104A600003B0BDE8F08300BFE09F020038C3002020
:104A7000A0A002002DE9F047DFF8B090DFF8B0A069
:104A800080464FF000470026274C3D464C450DD34D
:104A9000DAF80040002C42D0183CB8F1000F25D1C4
:104AA00022695ABBA469F5E72F46EDE7B8F1000F7C
:104AB00003D122694AB91834E8E720680022414648
:104AC0001EF038FD0028F4D1F5E76368BB4205DD30
:104AD000AF4209D09D42A8BF1D46ECE7EBD19047FD
:104AE000002E08BF0646E6E71D46E4E720680022E0
:104AF00041461EF01FFD0028D2D1D3E76368BB42B8
:104B000005DDBD4209D09D42A8BF1D46CAE7C9D1F7
:104B10009047002E08BF0646C4E71D46C2E7AF42D5
:104B2000C2D13046BDE8F087E09F0200A0A002009D
:104B300038C3002038B50C4D0C484FF0FF334FF010
:104B4000FF321AF02FFE2B783BB9FFF73FFF00F042
:104B500085F8044610B901232B70002403481AF08D
:104B600099FE204638BD00BF130001202C0800200C
:104B700030B585B00D4601A91446FFF72FFF48B1A7
:104B8000CDE90254054AC568019802AB2146A84701
:104B900005B030BD6FF01500FAE700BF0B3602001C
:104BA0002DE9F047048FDFF8B0A0013498B0064635
:104BB0008946A4B200F10807651EADB2B5F5004FF5
:104BC00047D04A2305AA294638461EF00BFC04F5B7
:104BD0007F543F34A4B28046214601230DF10B02DD
:104BE00038461EF0FFFBB8F1000F014610DC00282C
:104BF00010DC338FAB4209D132466B1E22F8383FAE
:104C00004FF40041022338461EF0BAFA2C46D3E78F
:104C1000002808DC294638461EF080FB214638462D
:104C20001EF07CFBE5E708F160030DEB03080023B1
:104C300008F84C3C5246CDF8009003AB05A803970A
:104C4000ADF810401EF0ACFC0028DFD018B0BDE875
:104C5000F0870020FAE700BF333602007FB501235A
:104C6000694604200193FFF769FD044660BB02AA70
:104C700001A904201EF024FC044610B110F10C0F11
:104C800022D10399B1F5803F23D2009A0023946882
:104C90001846084484421AD30133082BF9D10E4D2B
:104CA000A982EB825368AB602846D368EB631EF0A1
:104CB00058FD044640B9094E6E602846FFF724FEB1
:104CC00028466E60FFF72EFE204604B070BD9BB2F2
:104CD000E5E76FF02004F7E740C300206003002001
:104CE00030BFFFF7FDBF00BF2DE9F0410B4EDFF8ED
:104CF000348006EB0807CC1B05463246084920469F
:104D000024F043FDA01942460021083C24F065FD33
:104D10006C6707F10800BDE8F08100BF00000000EB
:104D2000A0A0020008000000054B9A699B689A4207
:104D30001FBF044A536843F080535360704700BF5D
:104D4000E8EE002000ED00E070B5264B15469A6AAB
:104D500012F0100F9A6A14BF1124102412F0080FD9
:104D60009A6A18BF1224920706460AD5586B9A6AA7
:104D7000140634D519B19A6A22F080029A6213247B
:104D800001E06FF01500174B9A6A12F0010F9A6A52
:104D900018BF142412F0200F9A6A18BF1524D206E7
:104DA00002D49B6A9B070AD50E4B5B68190506D592
:104DB000314600F06BFA10B180F309880224094BE8
:104DC0009A6A920642BF5A6A22F400525A629A6A5A
:104DD00042F0FF029A6200232B70204670BD6FF0F4
:104DE0001500CCE700ED00E0134B9A6A12F0007F4B
:104DF0009A6A14BF1E201D2012F0807F9A6A18BF85
:104E00001F2012F4002F9A6A18BF212012F4802F5D
:104E10009A6A18BF222012F4003F9A6A18BF232012
:104E200012F4803F9A6A6FEA02426FEA12429A6273
:104E300018BF2420704700BF00ED00E010B5194BEB
:104E40000246986A9C6A10F4805F14BF17201620EF
:104E500014F4006F9C6A18BF1820A40509D5986B3C
:104E6000986A000404D51AB19A6A22F400429A6240
:104E700019200C4B9A6A12F4806F9A6A18BF1A2094
:104E8000D2050CD49B6A13F4005F18BF1C20054A9E
:104E9000936A43F47F43936200230B7010BD1B2081
:104EA000F5E700BF00ED00E070B5454B5B689CB0D6
:104EB0000546C3F30803002686F31188BFF36F8FFE
:104EC00002F07F40B0F17F4F11D102F00C000828B2
:104ED0000DD010074CBF0D4601260022033B8DF874
:104EE0000720032B05D8DFE803F01E5D615A354625
:104EF000F3E700249DF807309BB96822294602A8F1
:104F000024F043FC099B002E54D0C3F3080222B9BD
:104F10006FEA53236FEA4323099302A920461EF048
:104F200055FC1CB070BD264BDA6A9107E1D4DA6AF1
:104F3000002ADEDBDA6A5200DBD55A69A96942F43D
:104F400080725A61BFF34F8FBFF36F8F5A6931F888
:104F5000021C22F480725A61BFF34F8FBFF36F8F30
:104F60004DF6027291420AD09A6AD2B24AB10DF15C
:104F7000070201212846FFF7E7FE0446BAE72C683E
:104F8000B8E79A6A12F47F4F05D00DF107010120AE
:104F9000FFF754FFF1E79B6AB3F5803FA9D3FFF712
:104FA00023FFEAE70DF107020021E3E70DF1070116
:104FB0000020EDE723F4FF7323F00103ACE700BF0B
:104FC00000ED00E0044B5A6942F010025A615A6940
:104FD00022F008025A61704700ED00E0EFF308800C
:104FE000EFF3098101B57246FFF75EFF01BD00BF17
:104FF00017F01EF9202080F3118808484FF408614B
:10500000401880F30988EFF314800221084380F3ED
:105010001488BFF36F8F00F0C1F800000017012063
:10502000084B9B6883420BD1EFF3058343B1064BDA
:105030005A6842F080525A605A6A22F400425A6218
:105040001BF090BAE8EE002000ED00E023498A68EA
:1050500082F8C1E04FF030001044EFF3098C80E893
:10506000F01F1EF0100F03D102F1800080EC108AB7
:10507000202080F31288BFF36F8F194F4FF0006626
:105080008A698A603E60506F164C206092F9C1E0D8
:10509000906F0023936780F311881EF0100F03D0E8
:1050A0000023E1EE103A03E002F1800090EC108A58
:1050B000EFF3148323F0040383F31488BFF36F8F9B
:1050C00004B5104600F078F9BDE8044002F1300064
:1050D00090E8F01F8CF3098870470000E8EE00208C
:1050E00004ED00E080C300201EF0040F0CBFEFF3BE
:1050F0000880EFF30980816911F8021C0229FFD0B2
:1051000001B572461EF068FB01BD00BF40B2002829
:1051100007DB044A4109012300F01F00834042F8E5
:105120002130704700E100E040B200280CDB430969
:10513000064900F01F0020330122824041F823205D
:10514000BFF34F8FBFF36F8F704700BF00E100E0E8
:10515000054B420900F01F0053F82220012303FAF7
:1051600000F01040704700BF00E100E040B20028AE
:10517000A8BF00F1604001F10101B8BF064B4FEA42
:105180004111ACBF00F5614000F00F00C9B2B4BFDF
:10519000195480F80013704714ED00E0144A08B564
:1051A000144B22F07F029A60BFF34F8FBFF36F8FD3
:1051B000D3F8882022F47002C3F88820D3F888201E
:1051C00042F4A002C3F888204FF04042C3F83422D2
:1051D000BFF34F8FBFF36F8F0023E1EE103A1AF049
:1051E00025F91BF0F7FA00F0BDF81AF061F900BFDD
:1051F0000000000000ED00E042F8203C009B42F877
:105200001C3C019B42F8183C0A49029B42F8143CA2
:105210004FF0807342F8043C21F00101002342F872
:10522000081C203A83674FF47D430265C0F8C03004
:10523000704700BF65410000037B13F0020F124B63
:1052400003D190F8C120D20611D45A6B42F08042AB
:105250005A63D0F8C03019075CBF43F00803C0F8A8
:10526000C030037B43F002030373802070475A6B06
:1052700022F080425A63D0F8C0301A0744BF23F0AE
:105280000803C0F8C030F0E700EF00E0094A034629
:10529000906870B113F1160F406E05D0A0F1800236
:1052A0009A4205D8834203D2814228BF002070472A
:1052B00000207047E8EE0020104B9B6883421AD113
:1052C000EFF30580B8B9EFF31181202282F3128841
:1052D000BFF36F8F1A7B22F002021A73EFF314836D
:1052E00023F0040383F31488BFF36F8F81F31188D5
:1052F000BFF36F8F70476FF015007047E8EE002026
:1053000008B515460E460022E1EE102AEFF314828E
:1053100022F0040282F31488BFF36F8FBFF36F8F04
:10532000094A0A4B9060426F1A6000F045F82C461B
:1053300086F309880020064B98472046002100226A
:105340000023044C204700BFE8EE002080C300206B
:10535000F737020065410000014B10221A617047C7
:1053600000ED00E0044800232021C2180133302B57
:1053700082F80013F9D1704700E100E008B5EFF3BF
:105380000583064A103B02EBC30152F8330049681B
:105390008847BDE80840FFF7C7BC00BF409D02003A
:1053A000024B034A0348012100F07CB800000220B0
:1053B0000000002064A6020010B50446FFF73CFF81
:1053C000626E03460548D21AC0E90023044B83608D
:1053D000BDE81040012100F06FB800BF84C3002079
:1053E00000000B15084AC2F898000B6823F01F0351
:1053F000034343F01003C2F89C308B6843F0010371
:10540000C2F8A030704700BF00ED00E02DE9F04386
:10541000DFF8608085B00E461F4604464FF0000955
:10542000B14523DA6068D8B13FB1411E08421BD1B3
:105430007F2819D92368194216D1236801931EF0D9
:10544000FDF9A36803430393D8F89050C5F30725EB
:10545000D0B2013DA84207D801A9FFF7C3FF421C03
:1054600009F101090C34DBE76FF01502104605B0B5
:10547000BDE8F08300ED00E0044B0522C3F8942062
:10548000BFF34F8FBFF36F8F704700BF00ED00E099
:10549000BFF35F8F024B0022C3F89420704700BF18
:1054A00000ED00E010B5034C01232278FFF7AEFFBA
:1054B000207010BD1400012008B50B4A002312789B
:1054C000FFF7A4FF10F1160F07D0084A0021D2F809
:1054D0009030C3F30723984200DB08BDC2F8980060
:1054E000C2F8A0100130F2E71400012000ED00E046
:1054F0002DE9F043534B544CD3F890302568C3F357
:1055000007239D4285B000F29A80FFF7C1FF00207B
:105510000C2685421AD14D4C4D4F25706846FFF739
:1055200007F9DFF82081DFF82C9106460025AE420E
:1055300013D1237843490020D1F89020C2F30722E9
:10554000934276DBFFF798FF002042E0616806FB9C
:105550000011FFF747FF0130DBE7009800EB051172
:105560004FEA051CCB683B40B3F5000F48D00AD882
:10557000B3F5001F30D0B3F5800F36D0B3F5801FE0
:1055800010D00135D3E7B3F1807F42D0B3F1007F73
:10559000F7D150F80C3088684A681EF04FF940F493
:1055A000802009E050F80C3088684A681EF046F9FF
:1055B00040F0885040F43020CDE901230390D8F822
:1055C00090302078C3F30723013B98422AD96FF02B
:1055D000150005B0BDE8F08350F80C3088684A68C3
:1055E0001EF02CF940EA0900E6E750F80C30886814
:1055F0004A681EF023F940F0007040F40030DBE709
:1056000050F80C3088684A681EF018F940F0827033
:10561000D2E750F80C3088684A681EF00FF940F065
:105620008870C9E701A9FFF7DDFE237801332370F5
:10563000A7E7C1F89830C1F8A00001337CE74FF02C
:10564000FF30C6E700ED00E070A602001400012064
:105650000000F0FF0000081108B50649064821F0D7
:105660000701C1F1005202F500321DF00CF90020D3
:1056700008BD00BFC74B012090C3002003484FF076
:10568000FF324FF0FF331AF08DB800BF74030020D3
:1056900001481AF0FFB800BF7403002038B5054672
:1056A000FFF7ECFF08482A4608211DF084F804465D
:1056B00028B925B124F086FA044B0C221A50FFF7C2
:1056C000E7FF204638BD00BF90C300200C0000005B
:1056D00010B50446FFF7D2FF214603481DF033F80A
:1056E000BDE81040FFF7D4BF90C3002070B5A0FB09
:1056F00001543CB92846FFF7D1FF064640B90026C1
:10570000304670BD24F05EFA044B0C221A50F6E7C6
:105710002A46214624F061F8F2E700BF0C000000A1
:1057200070B54169867A0B4D044659B1437ADB075F
:1057300006D42C2303FB06535B6A1B689B689847BF
:10574000002363612C20214606FB0050BDE8704019
:1057500023F0E6BCB8080020024B2C2202FB0030EC
:10576000704700BFB8080020827A064B2C2101FB4D
:1057700002339A6A1B7F1B33801A23F00303B0FBAA
:10578000F3F07047B808002038B5074B827A2C2414
:1057900004FB02335B6AD3E901240C601568FFF750
:1057A000E3FF04FB005038BDB80800202DE9F043AA
:1057B00085B005466846039190461C4623F01BFFC2
:1057C000DDE90067EFF31189202383F31288BFF32B
:1057D0006F8F6B8B002B41D02A8B9A4225D90022E8
:1057E000002328461AF0A6F80446F0B189F3118880
:1057F000BFF36F8F039B002B41D032463B46684678
:1058000023F01DFFA27A264B2C2101FB02332046F8
:105810005B6A1B6803A91D68DDE90023A847606176
:1058200070BB2046FFF77CFF24E0698B4B1E6B8327
:1058300089F31188BFF36F8F2B7F2A8BAC6A1B33E0
:1058400023F00303521A02FB0344154B154AEB1ACB
:105850009B105343A3722B7FE372CBE789F311882C
:10586000BFF36F8F2346424628461AF063F804467A
:105870000028BFD10024204605B0BDE8F083636155
:10588000012300252381039B6382E27A6560294618
:1058900004F1180023F0A1FF63692582E360EAE7C1
:1058A000B8080020A38B2EBA70B50C4C2C2500B97B
:1058B00070BD037A4668013BDBB20372002BF7D15F
:1058C000C3604360837A05FB03431B6A13B19847A7
:1058D0003046ECE7FFF724FFFAE700BFB8080020E6
:1058E000024B0122C3F840250020704700E0014030
:1058F00020B1034B800143F001031847704700BFFC
:1059000000A1020008B5044823F025FA00280CBFC6
:105910006FF01200002008BDB49C020010B50346D1
:105920000548826814688AB21946A0470028B4BFA7
:105930006FF00400002010BDB49C02002DE9F3417B
:10594000254CBFF35B8F1F462368BFF35B8F164662
:10595000DA0705462BD520B96FF0010002B0BDE88B
:10596000F08101A91DF00AFE1C4980460246284626
:1059700023F04BFFE8B9BFF35B8F2368BFF35B8F66
:10598000C3F3C0081B0712D4A4F1D405072229468B
:105990003846B047062895BF44F8D48C0723C5F88D
:1059A0000380B0FBF3F094BF85F80780E871002016
:1059B000D4E728460A49424623F027FF0546002837
:1059C000CAD11C2204F19C013846B0470028EEDB06
:1059D000044484F89C50EAE7D400002079CC02000B
:1059E0003FCA02002DE9F04188B09C79DDF838808B
:1059F0005D791E79DF7893F802C093F801E01B7897
:105A0000B8F1000F0ED0CDE90638CDE904CE13462B
:105A1000CDE90267CDE90045084A1BF003F908B05B
:105A2000BDE8F081CDE905E3CDE9037C1346CDE97E
:105A30000156034A00941BF0F5F8F0E744CA02004F
:105A400068CA020070B504468CB01E461546A2B165
:105A500029B10A4602A804211CF078FF02A900918E
:105A60002B462246242103A8FFF7BCFF109A31469B
:105A700003A8FEF723FF0CB070BD0346044A24219F
:105A800003A81BF0CFF80028F0DA6FF01500F2E75A
:105A900089CA020007B5064B0648DA79C2EBC20292
:105AA000009200221146FFF7CDFF03B05DF804FB22
:105AB0000000002079CC020030B504468DB01546B8
:105AC00092B129B10A4602A804211CF03FFF02A9A5
:105AD00000912B462246242103A8FFF783FF03A849
:105AE0001DF024FD0DB030BD0346054A242103A856
:105AF0001BF098F80028F2DA6FF01500F2E700BF0B
:105B000089CA020007B5009313460A4601460348B6
:105B1000FFF798FF03B05DF804FB00BFC8CC02009C
:105B20000A4601460148FFF7C7BF00BFC8CC0200C4
:105B300007B5009313460A4601460348FFF782FF64
:105B400003B05DF804FB00BFC2CC02000A46014668
:105B50000148FFF7B1BF00BFC2CC020007B50093F8
:105B600013460A4601460348FFF76CFF03B05DF891
:105B700004FB00BFB3CC02000A4601460148FFF710
:105B80009BBF00BFB3CC020007B5002203460091C3
:105B900003481146FFF756FF03B05DF804FB00BF52
:105BA000BACC020007B50022034600910348114613
:105BB000FFF748FF03B05DF804FB00BF3FCA0200D7
:105BC00008B502481AF0FCF8002008BD8803002040
:105BD00070B51D4CBFF35B8F2368BFF35B8F13F071
:105BE000010F254622D094F89C30A4F1D40613B9B5
:105BF000164800F07FFBF379D3B1BFF35B8F2368C6
:105C0000BFF35B8F5A0701D400F06EFBBFF35B8FCD
:105C100055E8003F23F4006245E800210029F7D150
:105C2000BFF35B8F1B0501D5FFF7CAFF002009E01A
:105C300001F0F0F830B9F379002BDED101F0FAF879
:105C40000028DAD070BD00BFD4000020AEC9020029
:105C500007B5009313460A4601460348FFF7F2FED4
:105C600003B05DF804FB00BF07CD02000A46014601
:105C70000148FFF721BF00BF07CD020030B50A4D34
:105C80000A4B85B0002428460293039423F020FB9E
:105C900002AB0093284606490A234FF4B0621AF07B
:105CA00095F8204605B030BDF80900208FCA0200E3
:105CB00000010120014601481AF0C6B8F809002089
:105CC0000146014823F0D9BAF80900200378012BD6
:105CD00030B513D0022B27D07BB9194B0A4603F1FC
:105CE000100453F8045B42F8045BA342F9D11B781B
:105CF000137043884B731B0A8B7330BD104B0A46DD
:105D000003F1100453F8045B42F8045BA342F9D199
:105D10001B78137043684B73C3F307221B0CCB73C0
:105D20001B0A8A730B74E8E700F1100350F8042B88
:105D300041F8042B9842F9D103780B70DDE700BFDE
:105D400098CA020008B51DF03AFF1AF00DFB044B8B
:105D50001B680BB10A209847BDE808401AF018BB31
:105D60009CC3002038B5054605481DF07DFD04465E
:105D700020B101210C301DF0DEFD2576204638BD16
:105D8000940900200F2810B50ED80D280ED90B4805
:105D90001DF06AFD044628B101210C301DF0CBFD39
:105DA00002232376204610BD1328F0D009B1044801
:105DB000EEE7BDE810400220FFF7D4BFC009002085
:105DC00010090020F8B506460F4602F069FA0446AD
:105DD00040B18378012B24D013211EF06AFE2046A7
:105DE00001F062FF3946304605F010FF054628BB3A
:105DF0003946304604F00CFE144B1B6823B31C6874
:105E000004B10C3C53F8043C13B139463046984772
:105E1000D4B12346E4689B68A4B10C3C002BF4D1B8
:105E2000F7E70023D0F8A050C0F8A03013211EF0EF
:105E300040FE204601F038FF002DD3D0284621F047
:105E4000D3F9D5E7002BE0D1F8BD00BF14C4002082
:105E500070B5C6683378B6F8014083B90F21204683
:105E600001F0D6FFF378054650B90A4A118831B9D6
:105E70006FEA04506FEA10501080074A137070BD2B
:105E80000373012101F03AFF2846BDE8704001F09C
:105E90000BBF00BF38EF00201500012010B5084CE3
:105EA0000146062294F86F0002F014FA38B994F80B
:105EB0006F000449BDE81040052202F00BBA10BD86
:105EC0000000002025CA020010B5012104460C3054
:105ED0001DF06DFD2146034A0078BDE81040002307
:105EE0001DF057BF64A7020010B5012104460C3015
:105EF0001DF05DFD2146034A0078BDE810400823EF
:105F00001DF047BF24A7020070B52F481DF0C5FC47
:105F10000446002857D0017E022932D0082902D138
:105F2000038A032B02D8FFF7BFFC20E004210C30CA
:105F30001DF03DFDFF22438806886276228AC6F363
:105F40000B009A42A08301D02046ECE70F2101F01C
:105F50005FFF05460028F7D001F08EFF320B607618
:105F6000214628461EF009FD284601F09DFE174BEC
:105F7000D3F84C313BB3BDE870401549154823F0C8
:105F80007CB9038A012BCED90C301DF010FD0546DB
:105F900000781DF089FE10F002060DD10E4A0F495F
:105FA0000F4840F6D3331CF0BAFC86F31188BFF3D8
:105FB0006F8F0323184602DF0A4A287806232146FA
:105FC0001DF0E7FEC0E770BD4C010020000000207E
:105FD000A8030020E00A0020A9CA0200DDCA0200CE
:105FE0000BCB0200F4A602002DE9F04788461646C6
:105FF0008246002879D0BFF35B8FDFF8F89000234A
:1060000059E8004F49E80032002AF9D1BFF35B8F0D
:10601000002C6AD02046FFF7A7FB354D0C2303FB6D
:10602000005027464388534511D0BFF35B8F59E892
:10603000003F49E80072002AF9D1BFF35B8F002BC3
:1060400053D01F463846BDE8F047FFF72DBCA642A7
:106050000FD020461DF003FC04F10C09022301219E
:10606000484623761DF067FC328AF16848461DF0E9
:1060700073FC2046FFF778FB0C2606FB00504368B4
:10608000ABB1B8F1000F12D12046FFF76DFB06FB54
:10609000005001214268D2E90003127A03F01F0682
:1060A000B1405B09DAB100EB83001DF00FFE204622
:1060B000FFF75AFB0C2606FB00508368002BC1D06B
:1060C0002046FFF751FB704305F800802046FFF79C
:1060D0004BFB06FB0055A86819F05EFCB2E7C9430C
:1060E00000EB83001DF06CFEE1E7BDE8F08700BF28
:1060F000A0C300204801002010B5C1E900239DF88D
:1061000008300B720C46FFF72FFB034B0C2202FBEF
:1061100000335C6010BD00BFA0C300202DE9F04734
:106120004FF0FF3206464FF0FF33184888461DF007
:106130009BFB044638B300F10C07012138461DF0E3
:10614000FAFB012323762046FFF70EFB104D4FF09C
:106150000C0909FB00504FF0000A46802046FFF76B
:1061600003FB09FB0050C0F808A02046FFF7FCFA2B
:1061700009FB005503213846C5F804A01DF0E6FBD5
:10618000068080F802802046BDE8F087680900207C
:10619000A0C3002037B504460D468DF80700A0B90E
:1061A00029B10B490722284623F01FFB40B90949B2
:1061B0000DF10702002005F06FFC002003B030BD98
:1061C00029462046FFF7FEFDF7E76FF01500F5E7DB
:1061D0002CCA0200EB3C020029289ABF014B185C34
:1061E00009207047C4CB0200034B0146D3F86C0171
:1061F00082689268104700BF000000202DE9F84334
:10620000044600F10C0630461DF0E1FBB4F81080A6
:10621000B8F1010F054604D82046BDE8F843FFF762
:1062200043BB304602211DF0C2FB074600781DF03B
:106230003BFD10F0010906460DD10F4A0F491048E9
:1062400040F6F2731CF06BFB89F31188BFF36F8F7C
:106250000323184602DF05230A4A387821461DF039
:1062600098FDB307D8D56369A4F8108013FA85F5B3
:10627000E560BDE8F88300BFA9CA020028CB020090
:106280000BCB0200CCA6020038B50C461AF06CF815
:10629000237E022B0AD0082B19D121460F481DF06E
:1062A000E7FA0F490F4822F0E8FF0BE0E36818789F
:1062B0001DF0FAFCC207054602D52046FFF79EFFF7
:1062C000AB07EAD400241AF063F8204638BD204614
:1062D000FFF7EAFA6FF01504F5E700BF4C01002064
:1062E000A8030020E00A0020014804211DF0EEBCB4
:1062F000D400002038B50546F9F72EFF1C280446C7
:1063000015D80C482946F9F715FF70B122462946E1
:10631000084823F03AFA084803190022214600F5FC
:10632000B87083F87021FFF73DFC002038BD6FF096
:106330000B00FBE7700100200000002000487047C0
:1063400070010020014819F03BBD00BF98030020F8
:1063500038B505460C4619B9FFF7E0FE0446A8B16A
:1063600040F635439D4209D12046FFF73DFF0546E3
:1063700050B12046FFF798FA284638BD0548214617
:1063800022F0C3FEFFF7DEFF0025F5E76FF068059A
:10639000F2E700BF5401002038B502460B46244DF9
:1063A000D5F8541109B9002038BD05F5987019F0D9
:1063B0002DFB0028F7D10022002305F5AA7019F063
:1063C000B9FA044668B91B4A1B491C4840F6E23337
:1063D0001CF0A5FA84F31188BFF36F8F03231846CE
:1063E00002DFD5F8480120B1FFF75EFA0023C5F8B7
:1063F000483120461DF067FAC5F848012046FFF7EE
:10640000F3FE98B10E4819F0C7FA2046FFF7ACF931
:106410000C4B0C2202FB00301F2140882246FFF764
:10642000E3FD2046FFF740FAFFF78CFF0120BBE7B2
:1064300000000020A9CA020041CB02000BCB0200E1
:1064400030010020A0C300202DE9F04F064687B0A0
:1064500015460C4631B9FFF761FE044648B96FF0A6
:1064600068007BE0887AFFF777F9484B834240F079
:10647000868001220021684622F060FE2046FFF758
:1064800073F9DFF82C910C2303FB0090C0F808D0BF
:1064900020461DF018FA01463D4822F036FEFFF76F
:1064A00051FF23F08FFB3B4B1A583B4B9A4222D1B2
:1064B000DFF8F0A0DFF8FCB0354822F03BFE002109
:1064C00080464FF4A020FFF767FF074688B94FF4D6
:1064D000D7735246594631481CF021FA30483146AC
:1064E0001CF01DFA87F31188BFF36F8F0323184642
:1064F00002DF4445E0D14FF4A0220023684619F0A2
:1065000085FA074698B14FF4DA73264A264923489C
:106510001CF005FA25483A4631461CF000FA0023E3
:1065200083F31188BFF36F8F0323184602DF2046E1
:10653000FFF71AF90C23584319F80060BEB1204642
:10654000093EFFF7B1F9092E0ED8DFE806F01B0D62
:106550000D0A050D0D0D0D186FF00B0007B0BDE80D
:10656000F08F6FF00C00F9E76FF00400F6E715B15B
:106570002C600020F2E72046FFF796F9F9E76FF06C
:106580001500EBE76FF06E00E8E700BF6809002038
:106590005401002008000000801400200BCB0200F2
:1065A0004DCB0200A9CA02006DCB020076CB0200DF
:1065B000A0C3002045CB0200F7B5144B93F99B30E4
:1065C000002B05460C461DDA14B9204603B0F0BD79
:1065D000082C01AA4FF0000142F21800264628BFFD
:1065E0000826FFF731FF0028F0D1019FF9683246F5
:1065F0000131284623F0C9F83846FFF755F93544EC
:10660000A41BE1E76FF08500E0E700BF0000002079
:1066100010B5F9F7F9FE034B1B6813B1BDE8104044
:10662000184710BDC4C3002073B5274D0646D5F8E2
:106630006C0122F090FB00283FD06FF0020105F1C1
:10664000D4001DF0BDFB01211DF040FBC30737D472
:106650001DF046FA044668BB1C4B1E600122114621
:1066600005F5987022F06AFD05F5AA7022F00FFD7D
:10667000174822F02DFE1749154800946FF00703C4
:1066800040F6980219F0A2FB1349114822F088FE47
:10669000D5F86C01114983681B689847044648B9CE
:1066A00026B902B0BDE87040F9F7AEBE05F1C400EE
:1066B00019F086FB204602B070BD6FF01204F9E7B6
:1066C0006FF07704F6E700BF00000020C4C300208D
:1066D000E00A002000070120BBCB02008962000015
:1066E0002DE9F0435C4BB0F80180198848F4704202
:1066F00091424FF0000608BF1E80054608BF574B69
:1067000085B008BF1E7800F0C7F9EB78012B08BFF1
:10671000534B05F1040420460CBF93F86F7000271B
:106720001DF049FA2146B0B102A81DF039FAD5F89A
:106730001130CDF80130B5F81530ADF805304FF017
:106740000109EB78012B1DD0132140461DF081FD7E
:1067500005B0BDE8F08338461DF0FBFE0346006837
:1067600002909A889B796868ADF80C208DF80E30FD
:10677000A288A37995F804900090ADF804208DF8D4
:106780000630DEE702A8FFF789FBEB78012B044611
:106790000AD100F091FC6FF08001074610301DF027
:1067A0000FFB38461EF060F8002CCDD02346B5F81C
:1067B000012023F8702B02989DF80E20BDF80C10D4
:1067C00020679A719980B5F81730A4F88630B5F82B
:1067D0001930A4F88C30B5F81B30A4F88E30EB7863
:1067E000E3700022012B227324D18DF80090BDF8B4
:1067F00004209DF806300098A4F87B2084F87D30B2
:10680000C4F8770000F058FC237A154AC3EBC303A1
:106810009918D358C4F87E308B88A4F882308B79CD
:1068200084F88430D2E9381303F03F03194301D0D0
:1068300000F0E6FD0721204601F060FA26B126733C
:106840000121204601F05AFA204601F045FB20467E
:1068500001F02AFA7CE700BF38EF00201500012084
:106860000000002000B5C3681A7889B032B13C2A14
:1068700032D109B05DF804EB1DF0AEBA8DF80020FE
:10688000B3F80120ADF80120DA788DF80320B3F8D1
:106890000B20ADF81720B3F80D20ADF81920B3F890
:1068A0000F20ADF81B205A7C8DF81D2058680190F0
:1068B0001A899B7A8DF80A30094BADF80820684692
:1068C0001A689B88CDF80B20ADF80F30CDF8112059
:1068D000ADF81530FFF704FF09B05DF804FB00BF09
:1068E00039CA020038B5032104460C301DF05FF8A8
:1068F000E3680578B0F80100197840F6354398420E
:106900000AD02246FFF770FB35B1044819F044F86D
:10691000BDE83840FFF716BD38BD00BF300100208C
:1069200038B5042104460C301DF041F84578017853
:1069300040882246FFF758FB35B1044819F02CF87F
:10694000BDE83840FFF7FEBC38BD00BF3001002075
:1069500070B54FF0FF320D464FF0FF330021064671
:10696000FFF710FA044660B90A4A0B490B48132393
:106970001BF0D5FF84F31188BFF36F8F03231846F4
:1069800002DF022104F10C001CF0E0FF06704570EC
:10699000204670BDEECB020041CB02000BCB0200C3
:1069A000F8B50A4DEF7906460024E3B29F4202D8BB
:1069B0006FF0010007E0294630461DF001FD073564
:1069C000631C08B12046F8BD1C46EEE7000000201D
:1069D00037B504460D46B9B1164928461DF0F0FCFE
:1069E00090B91548C4EBC404294620441DF0F0FCBE
:1069F00012481DF0F4FC430703D5FFF7E1F81DF042
:106A000071F8002003B030BD68461DF0BBF80028C7
:106A1000F8D16846FFF7C4FF0028F5DA064BC4EB4F
:106A2000C400184469461DF0D3FC002DE0D0014697
:106A30002846DBE72CCA020000000020D40000201A
:106A400070B5144E06223146044622F0CEFED8B16F
:106A5000062142F20500FFF761FB0546B0B10622B0
:106A600021460C301CF078FF0022294642F2050036
:106A7000FFF7EAFC48B93346226843F86929A2883F
:106A8000B280012283F86820002070BD6FF068009A
:106A9000FBE700BF690000200A4BBFF35B8F53E8A0
:106AA000002F22F4806143E800100028F7D1BFF3E3
:106AB0005B8F530504D504490022022005F00EB86F
:106AC000704700BFD4000020B145020007B5002385
:106AD000CDE9000304496A46022004F0FFFF019853
:106AE00003B05DF804FB00BFC5440200F7B50546DE
:106AF00070B1464C94F8222194F823310AB19A429D
:106B000008D2013384F823312B7A43F004032B722B
:106B100003B0F0BD00210222084601F0DBFB06466F
:106B2000A8B1BFF35B8FD43454E8003F43F48063D3
:106B300044E80032002AF7D1BFF35B8F2B7A43F091
:106B400001032B7203B0BDE8F04001F0ADB801467F
:106B50002F4800F0ABFA94F82331B3B994F823210D
:106B600094F822319A421FD10022114642F22900A4
:106B7000FFF76AFC70B994F82331013384F82331AC
:106B80002B7A43F004032B7204E030461DF069FCBD
:106B90000028E3D001201DF064FC1E48002103B052
:106BA000BDE8F04000F082BA2A466F1C12F82A0BAA
:106BB00039461DF01AFC06460028EBD194F8233123
:106BC000013384F823312B7A43F004032B7294F8B9
:106BD000A7305B07DED5394668461DF0F9FB012377
:106BE000082142F24E008DF80730FFF797FA04466D
:106BF0000028CFD0694608220C301CF0ADFE32468A
:106C0000214642F24E00FFF71FFCC3E700000020C0
:106C10001B450200934402002DE9F041054660B394
:106C20003C4C94F8222194F82331F2B10132934282
:106C30001CDC00210222084601F04CFB0646F0B1A4
:106C4000BFF35B8FD43454E8003F43F4806344E8DF
:106C50000032002AF7D1BFF35B8F2B7A43F0020397
:106C60002B72BDE8F04101F01FB813B1013B84F86D
:106C700023312B7A23F004032B72BDE8F081014607
:106C8000254800F013FA30461DF0EBFB074688B9A3
:106C900094F8233194F822219A4217D2013B84F8C8
:106CA00023312B7A1D4923F0040302462B72022064
:106CB00004F014FF94F8233113B101201DF0D1FB2F
:106CC000BDE8F0411648002100F0F0B9072142F27A
:106CD0002800FFF723FA05F1010806460028E9D04D
:106CE00007210C301CF032FE41461DF071FB3A4684
:106CF000314642F22800FFF7A7FB0028DAD194F8CA
:106D00002331013B84F823312B7A23F004032B72C7
:106D1000D0E700BF000000201B4502004D440200E8
:106D20009344020070B5044611B16FF0150070BDB8
:106D300080B11B491DF044FB60B92046FFF730FECF
:106D4000002827DA2378012BEFD1A37903F0C003C1
:106D5000C02BEAD1134DEB79012B1ED005F1D400E5
:106D60001DF03DFBC30707D4002CDED00C492046A4
:106D70001DF026FB0028D8D1EE792146731C304641
:106D8000EB71FFF725FE08B93046D0E7EB79013B00
:106D9000EB71CCE76FF07700C9E76FF00B00C6E747
:106DA0002CCA0200000000202DE9F3410446D8B1AE
:106DB00001AA002141F20900FFF746FB054698B9F8
:106DC000019E1249D6F80C8008F1010706223846C8
:106DD00022F00BFD28B10E490622384622F005FDAF
:106DE00030B93046FEF760FD002002B0BDE8F0810A
:106DF000D8F80130C4F80130BB88A4F8053030461B
:106E00002570FEF751FD0120EFE700BF39CA0200EF
:106E100033CA020007B56846FFF7C6FF044BD871B6
:106E200018B169460020FFF7D3FD03B05DF804FBFD
:106E300000000020F0B5294DEE7989B0002E46D132
:106E400095F8C230DB0722D56A4631464FF6094035
:106E5000FFF7FAFAD8B9DDF800C0DCF80C40637827
:106E6000012B1E4628BF012673B1A31C02AA1234AF
:106E700018685968174603C70833A3423A46F7D142
:106E8000186838609B88BB806046FEF70DFDEE7188
:106E9000002416260127EB79E0B2834202D8B3B171
:106EA000002012E008AB06FB0033694653F8182CAB
:106EB00033F8143CCDF80120ADF805308DF80070A2
:106EC000FFF786FD01340028E5D009B0F0BD0021B0
:106ED000084609B0BDE8F040FFF724BF00000020DD
:106EE0002DE9F0410D4617461C460646002856D0AF
:106EF000002B54D00A03037808D56D074FD41DF03A
:106F00003CFB002849D1012323700CE0E9072CD574
:106F100026480FB1AA0608D4C3EBC302825C012A3B
:106F200012D002B92270002037E090F8D820510624
:106F300038D5C3EBC302825C012A05D002B92270A6
:106F4000237843F00203DFE74FF00108072111FB2C
:106F50000381014430461DF008FBF0B984F800803D
:106F6000002FE0D0AB06DED5EAE76A0711D50F495E
:106F7000C3EBC3028E5C012E08D1072212FB036310
:106F800019441DF0F2FA40B92670EBE7002EE9D162
:106F9000FAE71DF0F2FA01232370BDE8F0816FF0EB
:106FA0001500FAE76FF08500F7E700BF000000204A
:106FB000F8B545686905064635D4046914B115F07D
:106FC000010330D0194F3078FB7983422BD9C0EBC5
:106FD000C00017490722384422F007FCA8B115F079
:106FE000010306D197F87020082A02D8B2689F2AB8
:106FF00019D915F0300F09D0ACB1EA060AD405F45E
:107000006035B5F5603018BF0120F8BDEB0601D43E
:10701000002CF4D1D6E902239A4204D81F2A02D9BF
:10702000B3F5804FEBD90020EFE700BF0000002050
:107030002CCA020008B504490722093022F0D5FB0A
:10704000003818BF012008BD2CCA0200F8B5154B46
:10705000067883F86F6004460D46FFF7EBFF70B9C2
:107060001149304601F0F0F8044610B96FF00B00FA
:10707000F8BD052100F042FE2C600020F8E704F185
:107080000907394630461DF06BFD40B92078394676
:1070900001F0DAF804460028E8D00621EAE76FF0AC
:1070A0001500E5E70000002025CA0200034601485C
:1070B000184700BF18000020004870471800002043
:1070C0002DE9F04FD1F810908DB09A460023B9EB1E
:1070D000030605469048059218BF012607931DF048
:1070E00088FA0C46410740F10C812046FFF760FF0B
:1070F00028B96FF0150B58460DB0BDE8F08F20464B
:107100001DF052FA80460028F3D005F110073846EA
:107110001DF06FFA0206C0F3C01300F1F580CDE94F
:107120000933CDF82B30A3686068ADF82030E368F0
:10713000ADF822301DF04EFA6FF480718DF82D00FD
:1071400075481DF05CFA754A23782B7082F86F3011
:1071500061680DF1250332462846FFF7C1FE8346DC
:107160000028C8D105F10903B9F1000F18D0216931
:107170000868C5F80900888898808979997120463F
:107180001DF03BFB63680646D8071BD49A0503D461
:10719000169B0BB9022E56D102238DF8243023E022
:1071A0005F4A1168C5F809109188927999809A719F
:1071B00020461DF022FB6368D9070646E6D58DF808
:1071C000249011E013F0100F0CBF012304238DF85D
:1071D000243023691968CDF826109988ADF82A1053
:1071E0009B798DF82C30D8460F2142F20600FEF72D
:1071F00095FF8346002800F08A800F2208A90C30F2
:107200001CF0AAFB0022594642F20600FFF71CF9C7
:1072100000287FD1B9F1000F1BD06368DB0726D4AB
:10722000284601211DF0F9FA079D8346002860D009
:10723000002D3FF460AF2846002100F05FFD284696
:1072400000F032FD57E70323DDF858808DF8243035
:10725000CAE7179B0093CDE90186169B0599524614
:1072600028461DF053FA83460028D6D043E707A9E5
:107270002846FFF7EBFE83460028D1D010F10C0F13
:107280007FF439AFB9F1000F7FF435AF6368980729
:107290003FF531AF626882F00202C2F3400B0BF09F
:1072A00001020E2138461DF018FA731E5A425A4147
:1072B000082138461DF011FAB11E4A424A413846AB
:1072C00009211DF00AFA62680A2102F0010238461B
:1072D0001DF003FA42460B2138461DF0FEF96268A4
:1072E0000D21C2F3800238461DF0F7F94FF0000B74
:1072F00001E715B1284600F0D7FCB9F1000FCED157
:10730000C8E76FF00A0BF6E66FF0770BF3E66FF065
:10731000680BF0E68346EEE6D40000200000002073
:107320002CCA020073B51546069A0C46CDE9003208
:107330002B460A4601461148FFF7C2FE2146064683
:10734000002340F201109D4202D1304602B070BDD0
:107350000A88824204D14A6812B11278D20702D454
:1073600001330831EFE70649064821F0B7FF4FF433
:1073700070220023034818F0C5FDE6E7180000203E
:107380006F4802003000002010B519481DF06CFA5B
:1073900018486FF480411DF032F916481DF029F9A4
:1073A00003461A06C0F3C01021D512481DF021F97A
:1073B000430513D50E48FFF73DFE0F490346087EEF
:1073C00093B90E49052200F085FF044630B1002133
:1073D000017300F093FC204600F066FCBDE810400D
:1073E000034800211DF019BA06222131EBE710BD38
:1073F00018000020280000200000002025CA0200FC
:1074000073B53248314C1DF0F4F810F4804F5AD067
:1074100020461DF0EEF8030655D420461DF0E9F88D
:10742000460550D501A9A4F11000FFF70FFE002872
:1074300049D1A4F11000FFF7FDFD024620461DF0E2
:10744000D8F8C0F3803120461DF0D3F881F0010157
:1074500045054FEA41011D4848BF41F001011DF0BB
:10746000C8F8800448BF41F0040119480DF1030336
:10747000FFF736FD054630BB154801211DF0CDF95B
:10748000019E28B9304602B0BDE8704000F00CBC47
:107490002946304600F032FC6FF480410B481DF065
:1074A000AEF80546304600F0FFFB6B040BD5BFF38A
:1074B0005B8F54E8003F43F4804344E80032002AE5
:1074C000F7D1BFF35B8F02B070BD00BF2800002072
:1074D0001800002070B59AB03B4B03930021142292
:1074E00004A822F07AF944F2010309A809931DF0D7
:1074F000C0F9099B059301A9344B069303A817F023
:107500009DFB10B31F25324BBFF35B8F53E8001F69
:1075100021F0010143E80012002AF7D1BFF35B8F8D
:107520002C4E18F021FF3468002C45D0002DA4F11A
:107530000404294D18BF002523680BB1284698473D
:107540006468002C38D0043CF6E7019802AB412275
:1075500009A920F06FFE0028D4D1204A0DF125039F
:107560000DF1650153F8040B42F8040B8B42F9D17D
:107570001B49019802AB202220F001FE0028C1D156
:10758000019820F0B2FD05460028BBD113491248EE
:107590001DF07CF9134820311DF078F9BFF35B8FA3
:1075A000114B53E8001F41F0100143E80012002A7C
:1075B000F7D1BFF35B8FA6E70023C6E9003318F0CD
:1075C000E7FE1AB070BD00BF127100010000020991
:1075D000C8C30020D0C3002076000120360001205F
:1075E0001600012096000120D400002030B5A7B07D
:1075F00004233D22002116A8159322F0EEF82D4B0E
:1076000007931422002108A822F0E7F844F20103AE
:107610000DA80D931DF02DF90D9B0993264B0A9390
:10762000264905AB202207A820F030FED8B16FF024
:10763000040418F099FE224B1D6885B100201860E3
:10764000204BBFF35B8F53E8001F21F0020143E89A
:107650000012002AF7D1BFF35B8F24B3A84718F0BC
:1076600097FE27B030BD184B0DF1550203F14000D5
:10767000194653F8044B42F8044B8342F9D106AB48
:1076800002932023CDE900130B480599412315AA45
:1076900020F041FF0028CAD1059820F026FD0446BD
:1076A0000028C6D0C3E70DA807491DF0EFF80DA8C4
:1076B000D4E700BF1271000100000209160001208A
:1076C000CCC30020C8C300203600012008B50449FF
:1076D000402222F08AF8B0FA80F0400908BD00BFCD
:1076E00024CC020010B598B014220446184B019324
:1076F000002102A822F071F84FF4804307A80793F5
:107700001DF0B7F8079B0393124B04932146042303
:107710000DF11D008DF81C301DF0B8F804F12001AA
:107720000DF13D001DF0B2F86B46412207A901A8FA
:1077300020F0ACFD044601A821F04BF82CB90098CC
:1077400020F0D3FC012018B010BD0020FBE700BFE3
:10775000124100010000020910B5002837D0204A6C
:10776000136823B1043B834234D05B68F9E71D4BB7
:10777000BFF35B8F1968BFF35B8F89072DD4146843
:107780004460011D5068116000B95160BFF35B8F08
:1077900053E8002F42F0010143E800100028F7D120
:1077A000BFF35B8FD30701D5002010BD0E4BBFF395
:1077B0005B8F53E8001F21F0100143E80012002AFC
:1077C000F7D1BFF35B8F0948FEF77AFAECE76FF069
:1077D0001500EAE76FF07700E7E76FF00F00E4E7E6
:1077E000D0C30020C8C30020D4000020C80300205C
:1077F000054BBFF35B8F1B680448BFF35B8F13F02F
:10780000100F08BF00207047D40000207600012030
:1078100070B505461E4803688B4232D0BFF35B8FBC
:107820001C4B1B68BFF35B8FDA062DD5036813B1C1
:107830006FF00F0070BD184ABFF35B8F1368BFF382
:107840005B8FDB07F4D4BFF35B8F52E8003F43F05C
:10785000020442E80046002EF7D1BFF35B8F13F01D
:107860000204E5D101600D4829461DF00FF80C48CF
:1078700005F120011DF00AF80A48FEF721FA20461A
:10788000D8E76FF07700D5E76FF07C00D2E700BF54
:10789000CCC30020D4000020C8C300203600012043
:1078A00056000120B803002070B50C4B1C6805463B
:1078B00044B154F81C3C1C3C13B1297B2846984722
:1078C000E469F5E7064C074EB44200D370BD236867
:1078D00013B1297B284698472034F5E70CC40020D3
:1078E000989F0200B89F020010B50446FDF73CFFC8
:1078F000044901EB001120461CF09EF9BDE8104040
:10790000FEF720BDD8C3002070B5D1E90156002292
:107910000446C1E90122064821F0F7FB3DB131469A
:1079200020462B466FF06D02BDE87040184770BDD1
:10793000A008002070B5002205460E460948002325
:107940000021FDF733FF044658B1FDF70DFF064B4C
:10795000324603EB001329462046BDE870401CF078
:1079600046B970BD3C090020D8C3002030B5437B28
:10797000072B85B0044636D1051D4FF4806128469B
:107980001CF0AEFF40052ED428461CF0A3FF810357
:1079900023D5164D95F8D930DA0709D502230021F1
:1079A0001A46009120461CF0B1FC637B072B1AD1CC
:1079B00095F8D8309B0616D51CF0DEFA98B10DF17B
:1079C0000E0103A81CF02DFC68B9BDF80E20BDF80F
:1079D0000C1020461CF07CFC05E020461CF05EFCF0
:1079E000637B072BD5D005B030BD00BF0000002061
:1079F00070B505460F480022002318F007F8B8B903
:107A00000D4B1C6834B154F8143C1C3C03B198472E
:107A1000E469F7E7094C0A4EB44204D32846BDE8AE
:107A2000704018F0CDB9A36803B198472034F3E74C
:107A300070BD00BF700800200CC40020989F020099
:107A4000B89F02002DE9F843DFF854800446202750
:107A50000025EFF3118387F31288BFF36F8FE1697D
:107A600029B983F31188BFF36F8FBDE8F883206ACB
:107A70000A68E261814208BF226283F31188BFF382
:107A80006F8FD1E901694046C1E9015521F03DFB05
:107A90001EB1002249462046B047FEF753FCD8E706
:107AA000A00800200448B0F80431002B00F58470D1
:107AB00008BF0020704700BF0000002030B504461A
:107AC00022F080F80D460C490C4A095891428BB0BF
:107AD00005D120460BB0BDE83040FFF7B3BF2434DA
:107AE0002146104621F0C9FB1DB16946204621F010
:107AF000D4FB0BB030BD00BF080000008014002094
:107B000038B5002204468A4202D10024204638BDFE
:107B100004F1C8030120BFF35B8F53E8005F002D21
:107B200004D143E8000CBCF1000FF6D1BFF35B8F2A
:107B300002D0D0340244E6E7002CE6D0C82200216F
:107B4000204621F04AFE04F14000044921F0C6FB22
:107B5000034904F1240021F074FBD7E7F18300000E
:107B60002D49020038B50121044600F1BC03BFF3E2
:107B70005B8F53E8002F43E80015002DF9D1BFF3C8
:107B80005B8F52B91CF058FF18F0EEFB054804F16A
:107B9000B8011CF085FE18F0FBFBBDE83840FEF78D
:107BA000D1BB00BF2401002070B53C4B5A8B32B1D1
:107BB0003B4DD5F8244134B90024204670BD1B68E4
:107BC000002BF5D1F8E754F8B83903B1B83B354983
:107BD000002601E01C461346B5F80421002A5AD0BD
:107BE000D5F810214AB904F1B806002BE4D0D3F837
:107BF000B820002AEED0B83AECE70A68002AF2D0A2
:107C0000D4F8A420002AEED0D4F8A820002AEAD084
:107C1000D4F8AC20002AE6D0637B072B0DD1204698
:107C2000904750B104F1C0001CF054FE022804DC5F
:107C30002046BDE870401CF0FFBED4F8B83004F117
:107C4000B80206BBD5F82811C5F824318A4201D103
:107C5000C5F828310022C4F8B82004F1BC03BFF3F2
:107C60005B8F53E8001F43E800200028F9D1BFF3E1
:107C70005B8F2046D4F8AC30984700289DD0204632
:107C8000FFF770FF99E73360D5F828319A4208BFB3
:107C9000C5F82861DEE79368FFDE00BF3C090020DD
:107CA00000000020A008002037B5C83010F8C65CDE
:107CB00010F8C54CBFF35B8F50E8003F5A1E40E8F8
:107CC00000210029F8D1BFF35B8F01A801931CF0BC
:107CD00001FE01280BD1074817F05EFE064818F098
:107CE0006FF8012D03D1012C01D1FFF789FB03B0FF
:107CF00030BD00BF70080020E803002070B5457B50
:107D00008D4204467ED0417325B98378082B01D07B
:107D10001CF092FE637B012B09D13B4D05F5847667
:107D2000616900295CD1BDE87040FEF70BBB072BF1
:107D300009D0002B66D1A378042B20D12046BDE8C2
:107D40007040FFF7B1BFA378042B5BD02F48002110
:107D500018F01AFF0023C4E90D33E378012B51D149
:107D6000A378012B04BF032384F8943004F140006E
:107D70004FF42032BDE87040002318F08FB8082D72
:107D800040D801A353F825F0057E0000AD7D00002A
:107D9000D37D00003D7D00003D7D00003D7D000065
:107DA000D37D0000057E0000057E000004F1400543
:107DB000284621F09FFA20460121FFF77FFE20464A
:107DC0001CF0D2FD28460022BDE87040002318F0C8
:107DD00099B8237B002BB1D02046FFF765FDADE7B6
:107DE000A2690B686361914208BFA3612046FFF757
:107DF0008BFDB5F80431002B14BF3046002017F07E
:107E0000CBFD8DE770BD00BF00000020F80300200F
:107E100010B502460C46074801211CF028FE034617
:107E200010B90023184610BD82781442FAD1FFF72A
:107E30003BFFF6E7C80B0020F8B5074609480D469A
:107E400016461CF0F9FD044650B183781F4203D159
:107E5000BDE8F840FFF728BF3146A8472046F7E7BE
:107E6000F8BD00BFC80B0020024900220120FFF727
:107E7000E3BF00BF6D790000034BC01A034B001134
:107E80005843C0B2704700BFC80B0020C54EECC4B9
:107E900070B51C46144305460E4608D021F092FEEC
:107EA0000A4908580A49884204BF00221346094972
:107EB000002D14BF284608461BF0D6FC044618B116
:107EC000711D0C301BF037FD204670BD080000000E
:107ED00080140020B808002010B50446054817F0AB
:107EE0006FFF204600F05CFB2046BDE81040FFF726
:107EF000DBBC00BFD80300202DE9F04F85B0002384
:107F000001930393FFF750FE044668B1427BD0F81B
:107F1000A430072A17D002AA4FF0FF319847014634
:107F200028B92046FFF7C0FE05B0BDE8F08F039BDF
:107F3000019A20461CF0E3FCD4F8A43002AA4FF0CA
:107F4000FF312046EAE7DFF8689102AAB9F8041188
:107F5000984705460028E4D0B9F80421029B9A42CC
:107F600006D30146D4F8A86003AB01AA2046B04767
:107F70002B8A039EDDE9018B002B00F08A802846C6
:107F80001BF070FE8246002840F08380B9F804316F
:107F90004548002B08BF00200022002317F036FDC3
:107FA000002876D141480022002317F0C3FC074681
:107FB00000286ED0C0E90186B9F804612B8AB34568
:107FC00098BF1FFA8BF6B34242D928461BF07BFCC0
:107FD0003146FFF7AFFCB9F8043194F8C4809B45F3
:107FE0008CBF4FF0010A08F1020884F8C4A00646CD
:107FF00098BF5FFA88F804F1C00ABFF35B8F5AE8B4
:10800000003F01334AE80032002AF8D1BFF35B8F0A
:1080100004F1140B394658461CF042FCA378012B9E
:1080200019D1042106F10C001BF0B1FC238808F0E3
:10803000FD0843EA08330380338A043B438004236A
:1080400033763046FEF7D0F828B9FEF77BF968E7BB
:1080500031462846BDE7BFF35B8F5AE8003F013B3E
:108060004AE80032002AF8D1BFF35B8F3946584600
:108070001CF05FFC3046FDF717FC20463946FFF741
:1080800043FCB9F804310848002B08BF002017F062
:1080900083FC29462046039B019A1CF030FC1321E7
:1080A00020461CF006FD3CE708010020A008002047
:1080B00000000020F8B5031D044618461CF00AFC19
:1080C000820419D5B4F88620B4F88810914213D8E8
:1080D000B4F88A1091420FD3D4E9231291420BD104
:1080E000BFF35B8F53E8001F21F4005143E80012F7
:1080F000002AF7D1BFF35B8F104B1D686DB155F8A7
:108100000C6C1C3D3EB1B4F88E30B4F88C20B4F841
:1081100086102046B047ED69F0E7094D094FBD4292
:1081200000D3F8BD2E693EB1B4F88E30B4F88C207F
:10813000B4F886102046B0472035F0E70CC4002084
:10814000989F0200B89F02002DE9F04107460846BB
:108150000D461BF016FF064618B900263046BDE84E
:10816000F081144B1C6884B154F8103C1C3C0BB9D2
:10817000E469F8E72946384698470028EDD02846B4
:108180001BF0FFFE0028F3D1E7E70B4CDFF82C8053
:108190004445E3D2E3680BB92034F9E72946384671
:1081A00098470028D9D028461BF0EBFE0028F3D1D1
:1081B000D3E700BF0CC40020989F0200B89F0200C4
:1081C0002DE9F041C37804468BB900F17E06114BCE
:1081D0001D687DB11C3D04F170076B691BB13A4607
:1081E000314620469847ED6925B11C3DF5E700F181
:1081F0007706ECE7084D094F04F17008BD4201D342
:10820000BDE8F0816B691BB1424631462046984774
:108210002035F3E70CC40020989F0200B89F0200AD
:1082200008B5084B1A6800F11C0122B905481CF07A
:1082300037FB104608BD914201D01268F5E76FF098
:108240001000F7E70CC4002038B505460C460F486F
:108250000121FFF755FCC0B1057223680367A388AD
:10826000A0F87430A37980F87630012343728372CA
:108270008370074BC0F8A430064BC0F8A830064BFB
:10828000C0F8AC30054BC0F8883038BDC80B0020B2
:1082900079860000C1480200B54802001800280095
:1082A00070B505460A480E461CF0C6FB044620B1D0
:1082B0008378012B04D0FFF7F7FC0024204670BD23
:1082C000324629461CF02CFC0028F7D12046F2E764
:1082D000C80B0020F8B505460E480E4617461CF0A0
:1082E000ABFB044620B18378012B03D0FFF7DCFC05
:1082F00000240DE036B1324629461CF011FC08B9C5
:108300002046F3E7637BBB42FAD1237AAB42F7D135
:108310002046F8BDC80B0020F8B5437A83720446A6
:1083200016461CF03FFD154B1D684DB155F8043C39
:108330001C3D1BB1617A324620469847ED69F4E74F
:108340000F4D104FBD4210D3BEB9637A012B14D923
:10835000A378012B11D120461CF050FC257A014650
:108360002846BDE8F84003F0EFBCAB691BB1617A69
:108370003246204698472035E4E7F8BD0CC400207B
:10838000989F0200B89F020038B5044608460D4683
:108390001BF0F7FD38B3154B93F8D830990707D485
:1083A000E37873B129462046BDE8384000F0CAB9E9
:1083B00094F895309A07F3D5201D1CF08BFA4304EE
:1083C000EED4294620461CF022FC58B92B88A4F88C
:1083D00088306B88A4F88A30AB88A4F89030EB889A
:1083E000A4F8923038BD6FF01500FBE700000020C4
:1083F000F7B510F8333C0446A0F140060BBB3046FD
:108400001CF0B8FC314B1D684DB155F8183C1C3DB3
:108410001BB114F8341C30469847ED69F4E72C4D35
:108420002C4FBD4205D3304603B0BDE8F040FFF706
:108430003BBC6B681BB114F8341C304698472035A0
:10844000EFE710F83E3C012B3DD1BFF35B8FA0F16D
:108450003C0555E8003F23F4005245E8002100297F
:10846000F7D1BFF35B8F9B041CD5A36C00936946C7
:10847000236D01933046FFF787FF58B9BFF35B8F39
:1084800055E8003F23F4805345E80032002AF7D135
:10849000BFF35B8F4FF40061284603B0BDE8F040A6
:1084A0001CF01EBA0C4A106851686B4603C369463B
:1084B0003046FFF769FF0028ECD14FF48051284681
:1084C0001CF00EFAE6E703B0F0BD00BF0CC40020BC
:1084D000989F0200B89F0200B8A002000B4B58B151
:1084E0001A6862B942693AB942685AB982684AB9A7
:1084F000C2683AB982692AB91860002070476FF0E3
:10850000770070476FF01500704700BF1CC4002053
:1085100008B568B1094B1A6800F10C0122B9074887
:108520001CF0BEF9104608BD914204D01268F5E770
:108530006FF01500F7E76FF07700F4E714C4002040
:1085400010B50C4820F0A3FD0B490A4820F0DDFDD2
:108550000A49084820F0D9FD0949064820F0D5FD10
:108560001DF091F903F0FCF9044608B91CF0E2FC97
:10857000204610BDA0080020E8C30020F4C300205E
:1085800000C40020044B186818B9044A5A600B60F4
:1085900070476FF00B00704720C4002094A70200C2
:1085A000F7B5274D274F04460026BD4201D303B03F
:1085B000F0BD6B6801A92046984700283BDB019B72
:1085C0002A889A829A8403F11002A868BFF35B8F0D
:1085D00052E8001F42E8006CBCF1000FF8D1BFF375
:1085E0005B8FC3E913669E649E60A16B03F1080272
:1085F00019BBC4E90D221C60D86003F1300020F0E3
:1086000046FD019843681B6803B19847019BBFF37F
:108610005B8F103353E8001F41F0010143E8001263
:10862000002AF7D1BFF35B8F01984368DB6913B170
:1086300000F1100198470C35B7E70A60A263DAE74A
:10864000749F0200989F020030B5044652EA03006E
:1086500008D021F0B7FA064D2D580648854204BFD0
:108660000022134620460431BDE83040FFF710BC1D
:1086700008000000801400202DE9F843D0F8B04035
:108680000E4690464CB1483C236B63B104F130096F
:10869000484620F04FFD054650B9FDF753FE002532
:1086A0002846BDE8F88320461CF0FCFAA46CE9E7F4
:1086B0001BF0D8FA0028F2D1236D9BB9A38C2F8A26
:1086C000403B9BB23F2B03D8238D9F4228BF1F46C0
:1086D000042105F10C001BF05AF90780A38C43809C
:1086E00004372765236D2A8A9E420ED3934215D004
:1086F000A38C403B9BB23F2B1ED920461CF0D2FAE4
:10870000236B13B120461CF0ACFA236DC8F800307F
:108710009E4234BF9E1B00262665C1E7002200232F
:10872000484617F007F9A38CA3F140023F2AE4D88A
:10873000034AAA61EB61E0E700221346F9E700BFB4
:108740005B4E020070B5124B0C4619780131C9B26C
:10875000012938BF012105460822122019701CF09A
:108760003EFB064688B108210C301BF0EFF822884A
:10877000028062884280A2888280E288C28031467C
:108780002846BDE870401CF075BB6FF00B0070BD53
:10879000B600012023281FD81A2804D8431E182BFE
:1087A0000ED906207047A0F11B03082B1ED8DFE866
:1087B00003F0051D1B231D19251D0500032070470F
:1087C0000F4A012383401A40C2B90E4A1A40002AB8
:1087D00014BF01200620704700F07F03522B05D103
:1087E00000207047012070470520704710F0400FAF
:1087F0000CBF0620002070470420704702207047FD
:10880000AAAA8A025455450170B50E46438D418B84
:108810008B4202F1010228BF0B469A4205461ED840
:108820003046FFF7B7FF022810D004280ED021F001
:10883000C9F9144B1958144B994213D0134B1B68A8
:108840005A1A18BF4FF0FF32134602E04FF470225D
:1088500000230F480021FFF7F7FE044620B900244B
:10886000204670BD0022EFE7FCF77EFF094B18227F
:1088700002FB0033012104F10C009D601BF066F83F
:108880000670EDE70800000080140020BCC4002042
:10889000E408002074C40020011F014820F00EBB32
:1088A000F407002070B503788AB004460E4607AD81
:1088B000032B20D8DFE803F002191B1D11492846BD
:1088C000F7F742FC059563780493A3780393E37864
:1088D00002932379019363790093A3790A4A1E21B5
:1088E000304618F09FF90AB070BD0849E7E708491B
:1088F000E5E70849E3E7084A0A21284618F092F913
:10890000E0E700BF64CC02008DCC02006BCC02001B
:1089100072CC02007CCC020086CC02002DE9FF4123
:1089200005460E464FF000084FF4205300681768C4
:108930008DF8088002A91446ADF80A301BF0D4F86F
:10894000A0B142F6010328688DF80C8003A9ADF8A8
:108950000E301BF0C9F848B123691BB15A88B242E6
:1089600000D25E80012004B0BDE8F0816168286813
:108970001BF0BAF810B100232361F3E7E368A068A5
:108980001A786AB1B7F82AC0798B038A8C4594BFEC
:10899000C3EB0C03C3EB0103934201DA0020E2E7CF
:1089A00004210C301AF0D2FF2061068023695E801A
:1089B000074B00930194A2680023294638461CF017
:1089C00075FC0028EADB2069003818BF0120CAE7DF
:1089D0008D52020010B500F154030446BFF35B8FC3
:1089E00053E8001F41F0010143E80012002AF7D1CB
:1089F000BFF35B8F201F1CF0DBFA04F17400044905
:108A000020F06CFC2068BDE8104001F029BF00BFD9
:108A1000E9590200F7B5002304460E462B48002210
:108A2000694616F0D1FD0546D0B921F0CBF8284BA8
:108A3000009F1A58274B29461A60381D282220F01B
:108A4000CCFE3C60009C24480195C4E90155C4E972
:108A500009550022002301A916F0B6FD054620B1F4
:108A60006FF00B05284603B0F0BD019B0146B02214
:108A7000184620F0B2FE194A8260603020F007FBF1
:108A8000019BBFF35B8F583353E8002F43E800513D
:108A90000029F9D1BFF35B8F019B1C60636A019FC2
:108AA0001BB904F10C0020F0F2FA626AC7F8A820A2
:108AB000A26A07F1A803636202B9A362019B1722AD
:108AC0005A855A8304333360CCE700BFD8070020AF
:108AD00008000000BCC40020F407002008040020A7
:108AE0002DE9F743176805468846006851687E6897
:108AF00014461AF0F9FF8146002842D130469522EB
:108B000029461DF09DFC0646207540B1E3681B78A0
:108B10000BB184F81490002003B0BDE8F083A06886
:108B20001AF0D5FE02210C301AF010FF164B20610E
:108B3000A0F8008000930194A26833462946384685
:108B40001CF0B4FB002807DA10F1FF0F26BF4042EB
:108B5000C0B20E202075DEE72369002BDBD0A068B1
:108B60001CF0F3F97B8D7A8B9A4294BFC0EB020024
:108B7000C0EB0300E3681B78984294BF00200120FB
:108B8000CAE70120C8E700BF5B4F02002DE9F74F9D
:108B9000064608460C46FCF7E7FDDFF898801823E8
:108BA000434308EB03020546D2F808A0E068BFF390
:108BB0005B8FB16DBFF35B8FC90738D5E16809786A
:108BC0001171002248F803200378D22B0ED13368AC
:108BD000214618681EF073F940B101902046FCF759
:108BE00063FE019B184603B0BDE8F08F04F10C0052
:108BF0001AF0EDFE18235D4308EB050900231A4621
:108C000007462146301DB4F810B0C9F808601CF0C2
:108C1000FCF803460028E5D06269A4F810B012FA07
:108C200087F7E76048F80500C9F808A0DAE76FF0B1
:108C30001503D7E774C400202DE9F14F0546FCF772
:108C400093FD3349182202FB00F3C81851F803A022
:108C50000779B0F80680D0F810900021D0E90246DC
:108C600020F0BBFDA87AFCF777FD6969834651B116
:108C70006B7AD80705D4DBF824301B6828469B683C
:108C8000984700236B612946584620F049FA002F87
:108C900031D084B3236873B31B6863B3BAF1000F98
:108CA00029D1201D1CF0C8FC3846FFF773FD0528AC
:108CB00021D8DFE800F0160320162003BFF35B8FF6
:108CC000A36DBFF35B8FDA0715D5E36D9BB14FF44E
:108CD0007022002304F1780001B0BDE8F04F17F0D6
:108CE00011B923681D68BFF35B8FA36DBFF35B8F62
:108CF000DB0700D556B901B0BDE8F08F49462846DC
:108D0000B0470134A3B29845F8D8F4E70024F9E756
:108D100074C40020F8B50B8A076804460D46002B82
:108D200039D0012105F10C001AF041FE7B7B072BA5
:108D3000064630D154F8043C6BB301781748043C24
:108D4000002310F833708F4200EBC30208D1298A48
:108D500053789778994213D2012F1CD1042317E03E
:108D600001331E2BEDD10846FFF714FD98B10528FD
:108D700011D081B10623002220461CF0BBFC0AE082
:108D80005368294620469847012F034603D110B166
:108D900031780029EFD10020F8BD00BFBCA7020048
:108DA000F0B51E4603680D46003987B0044618BF6B
:108DB0000121186817461DF055FD40B904F158000F
:108DC0001CF036FB002844D0002007B0F0BD002E78
:108DD00041D018220021684620F0FFFC47BB2368E1
:108DE0001E4A1B6800930023ADF812300C9B0393BE
:108DF000BDF83430ADF8103001238DF81430314611
:108E00006B4630468DF808501CF036F99DF814304A
:108E1000C3B1002FD8D00198FCF746FD9DF814305F
:108E2000002DD1D03246294620461CF063FCCBE70A
:108E3000002239462046FFF7E7FC01900028CED1FA
:108E40001120C2E701990029BED020461CF02AFC5F
:108E5000BAE71220B9E70120B7E700BF17500200B8
:108E6000F8B54FF47022074600230D480E461AF05D
:108E7000FBFC044690B100F10C05092128461AF0CC
:108E80005AFD2046FCF770FC064B182202FB00330B
:108E9000012128469F601AF059FD06702046F8BD52
:108EA000E408002074C400202DE9F0410E8A043E3D
:108EB000F6B2022E04468CB0084601D0102E64D1C2
:108EC00004210C301AF073FD0DF10808058847885D
:108ED000011D324640461AF035FE002857D09DB39A
:108EE000002687B3BD422FD84FF4205301A9404636
:108EF0008DF80460ADF806301AF0F6FD40BB142280
:108F0000002107A820F069FC11212046FFF7A8FFE7
:108F10000990002837D001210C30CDE907481AF01C
:108F200015FD00230A901B4A037039460B9328460F
:108F300007AB1CF0A1F80A9B1B78FBB90998FCF75A
:108F4000B3FC0A2301E03D4601232A4610210EE02E
:108F500042F6010307A940468DF81C60ADF81E30AB
:108F60001AF0C2FD0028CAD010232A46194620460E
:108F70001CF0C0FB00200CB0BDE8F0810999204630
:108F80001CF090FBF6E71120F5E70420F3E70E2034
:108F9000F1E700BF1D8900002DE9F043036885B0AB
:108FA00004460D46186801211DF05CFC40B904F12F
:108FB00058001CF03DFAB0BB122005B0BDE8F083AC
:108FC00010220021684620F008FC21212046FFF7EE
:108FD00047FF029048B3DFF85890009405F10C0762
:108FE0004FF001082B8A012B04D8029920461CF06F
:108FF00059FB18E038461AF0E2FC6B464A46014637
:1090000006468DF80C801CF037F89DF80C30002BCC
:10901000E8D00298FCF748FC9DF80C30324620213D
:1090200020461CF067FB0020C7E71120C5E700BF02
:10903000955402002DE9F043036885B004460D46BF
:10904000186801211DF00EFC40B904F158001CF015
:10905000EFF9B0BB122005B0BDE8F083102200216B
:10906000684620F0BAFB0F212046FFF7F9FE029078
:1090700048B3DFF85890009405F10C074FF0010851
:109080002B8A012B04D8029920461CF00BFB18E018
:1090900038461AF094FC6B464A46014606468DF85F
:1090A0000C801BF0E9FF9DF80C30002BE8D00298F3
:1090B000FCF7FAFB9DF80C3032460E2120461CF0DE
:1090C00019FB0020C7E71120C5E700BF4F5402007D
:1090D000F0B51D46036885B004460E4618680121A8
:1090E00017461DF0BFFB38B904F158001CF0A0F979
:1090F00048BB122005B0F0BD65B3102200216846C0
:1091000020F06BFB39462046FFF7AAFE029018B309
:10911000BDF82830ADF8043001238DF80C300F4A2B
:1091200000946B46294628461BF0A6FF9DF80C309C
:109130005BB10298FCF7B8FB9DF80C302A4631462B
:1091400020461CF0D7FA0020D4E7029920461CF0F4
:10915000A9FAF8E70120CDE71120CBE74F54020030
:109160002DE9F0410E8A043EF6B2022E04468CB080
:10917000084601D0102E76D104210C301AF017FCCD
:109180000DF1040805884788011D324640461AF053
:10919000D9FC002869D085B377B3BD422DD860686B
:1091A00001211DF05FFB064678BB8DF8000042F6FA
:1091B000020369464046ADF802301AF095FC20B330
:1091C00042F6030306A940468DF81860ADF81A3040
:1091D0001AF08AFCC8B1012D03D14FF6FF739F42EC
:1091E00013D004F158001CF023F9002814BF00200C
:1091F00012200CB0BDE8F0813D4601232A4608212B
:1092000020461CF077FA0020F3E7182200210DEB2E
:10921000020020F0E2FA09212046FFF721FE089023
:10922000F8B101210C30CDE906481AF08FFB00237C
:10923000099003700A238DF82C300D4A06AB39468D
:1092400028461BF019FF9DF82C302BB10898FCF72D
:109250002BFB9DF82C30D1E7089920461CF022FA10
:10926000D1E71120C5E70420C3E70E20C1E700BF06
:10927000E18A00002DE9F0430F4687B0044606213D
:1092800007F10C001AF093FB0588B0F80280828881
:10929000D7F80C90C5B10023B8F1000F13D0A84542
:1092A00012D38DF800308DF8043001A94FF420530B
:1092B0006846ADF80220ADF806301AF015FC0646F7
:1092C00060B10A2301E0454601232A4606212046D3
:1092D0001CF010FA002007B0BDE8F083014614220C
:1092E00001A83F7C20F079FA07212046FFF7B8FD5E
:1092F0000290D8B10A238DF815300D4A019401ABC4
:1093000041462846CDE903698DF814701BF0B4FE80
:109310009DF815302BB10298FCF7C6FA9DF8153070
:10932000D3E7029920461CF0BDF9D3E71120D2E71C
:109330008F5002007FB5CB681D885E88044685B1DA
:1093400076B1AE420DD310220021684620F045FAD6
:1093500005212046FFF784FD019058B9112007E050
:10936000354601232A46042120461CF0C3F900207B
:1093700004B070BD6B46094A0094314628461BF084
:109380007BFE029B23B90198FCF78EFA0A23E9E7DA
:10939000019920461CF086F9E9E700BFD55102008B
:1093A00013B50B46002101910E49024620F00AFC3C
:1093B0000C680D4909580D488C4208BF002201A9CC
:1093C00008BF134616F000F9014640B9019B1C2264
:1093D000184620F002FA0346184602B010BD0023DA
:1093E000FAE700BFBCC400200800000010080020FD
:1093F00010B50446806818B1FCF756FA0023A36044
:1094000021460248BDE810401FF058BD100800205A
:109410002DE9F347044678300E4617461D461FF0E7
:1094200069FFE06D30B920461CF0C9FA002002B097
:10943000BDE8F087124B98424FF0000805D1206834
:10944000C4F85C801CF0B0F8F0E7D0F80490C0F8E5
:109450000480E06DD0F818A0FFF7CAFF2068C4F8B8
:109460005C801CF0A1F8B9F1000FDFD02068CDF8C6
:1094700000A000683B4632462946C847D6E700BFF1
:10948000C0C4002070B5C36DCA68044643B319490F
:109490008B4225D0D5781DB3052D406806D00F2D01
:1094A0001FD1437A012B1CD8022107E0437A012BFC
:1094B000FAD9022B12D0032B13D104211BF05FFB2E
:1094C00008B110300DD104F178001FF013FFE26DE8
:1094D000137C43F001031374002070BD0321EDE7FA
:1094E0000E2500222B4620461146BDE87040FFF7AE
:1094F0008FBF00BFC0C40020F7B550F8044C05462C
:10950000002C59D000F1A40104F124001BF075FFD8
:109510002E1F05F15C0700220023384616F00AFAD8
:10952000024678BBAB6D2BB101466FF06703304646
:10953000FFF76EFF002345F8043C05F15403BFF329
:109540005B8F53E8001F21F0010143E80012002A5D
:10955000F7D1BFF35B8F636A73BB04F10C06002283
:109560000023304616F0E6F978B9666886B91348E4
:10957000266021461FF0A2FC286803B0BDE8F04039
:1095800001F0ACBAFCF790F9C5E7FCF78DF9E6E716
:10959000A26833686360964208BFA36077683FB1F2
:1095A000B3690093002320681A466FF06701B8473B
:1095B0003046FFF71DFFD8E703B0F0BDD807002005
:1095C00010B50C4620B319B31CF0D7F800B3436AAA
:1095D000C3B153F8A82902B1A83AD96D8C420AD078
:1095E00082B11346D2F8A820002AF6D0D96D8C4259
:1095F000A2F1A802F5D1074ADA652046BDE810407D
:10960000FFF7F6BE043021461BF0F7FE2046F5E7D3
:1096100010BD00BFC0C40020F8B51D460F46164659
:10962000FCF7A2F8044C182303FB0040C0E90376C2
:109630000123C3800575F8BD74C4002010B504492A
:10964000144618461022A04700EAE07010BD00BF83
:10965000180D002038B50C4619466BB103F11405FE
:109660005B698AB9E268A360954200D1E360002398
:109670000D684B611A46A847A3685BB9601C064990
:10968000BDE838401CF074BA1360E3689D4208BF1F
:10969000E260ECE738BD00BF2CCA0200F8B50B4D04
:1096A00006460F46002415F8013CB34207D129466F
:1096B00038461CF08CFA10B105482044F8BD10342F
:1096C000502C05F11005EED10020F7E7F5C400207D
:1096D000F4C40020F8B50B4D06460F46002415F8DB
:1096E000013CB34204D1294638461CF070FA30B927
:1096F0000C343C2C05F10C05F1D10020F8BD0248DA
:109700002044FBE7990C0020980C0020F8B50B4D85
:1097100006460F46002415F8013CB34207D13946EE
:1097200028461CF054FA10B105482044F8BD0C340A
:109730003C2C05F10C05EED10020F7E73FEF0020AF
:109740003EEF002070B5204B144682689A420FD13C
:10975000A568C66875B92279216830461CF03FFAC1
:10976000024628B1194901301CF002FA1570158122
:10977000012070BDE0680028FBD02B888B420AD006
:10978000F6D2E068A36801380433E0600038A360D3
:1097900018BF0120EDE725682279294630461CF0E4
:1097A0001EFA024660B9094930461CF018FA024612
:1097B0000028E6D0294601301CF0DAF9237913702D
:1097C000A3685B881381DCE7B99B00002CCA020008
:1097D00038B50E4B144682689A420D4611D1227953
:1097E0002168C0681CF0FBF958B1D4F8C8302F2BA1
:1097F00009D804EB83020133158101895181C4F832
:10980000C830012038BD0020FCE700BFB99B000034
:109810002DE9F0410D4CDFF838800546002627463B
:10982000621C6DB9414610461CF0D1F928B90136C9
:10983000052E04F11004F2D100273846BDE8F0816E
:10984000217828461BF06CF9F0E700BFF4C4002033
:109850002CCA020010B54A1C0C4638B109781BF01E
:109860005FF908B1204610BD0020FCE70249104610
:109870001CF0ADF9F5E700BF2CCA02002DE9F0415C
:109880000D4CDFF83880054600262746621C6DB96E
:10989000414610461CF09BF928B90136052E04F10B
:1098A0001004F2D100273846BDE8F081217828461F
:1098B0001BF036F9F0E700BF50C500202CCA0200AB
:1098C0002DE9F04106460F4690461AF0EAFB50B3E8
:1098D00039463046FFF7FEFE054678B9134A04467E
:1098E00010461CF0ECF9C0B90C225443104A601C1D
:1098F000394610441CF03CF91655A518012101FA0F
:1099000008F105F108001CF079F9BDE8F0410948BB
:109910004FF40042002316F0F5BA0134052C02F191
:109920000C02DDD1EAE7BDE8F08100BFA00C002009
:10993000980C0020D80C00202DE9F04180460F46FD
:1099400016461D46FFF7E2FE044648B91449FFF7E4
:10995000DDFE0446F0B100F8018B39461CF008F931
:109960002289638992B99BB926816581254615F8BC
:10997000010B29461AF095FB60B12246294612F8E0
:10998000080BBDE8F0410423FCF7BCB8964203D3B2
:109990009D42EAD8BDE8F0819D422681E6D9E4E700
:1099A0002CCA02002DE9FF410E4617469846044690
:1099B00028B96FF01505284604B0BDE8F08102A96A
:1099C0001AF06AF805460028F3D101A9204619F0DB
:1099D000D5FD0198D0B902A90020FFF797FE0446F3
:1099E000D8B9002EE7D01149FFF790FE0446D0B158
:1099F000002300F8013B02A91CF0BAF8042204F18C
:109A000008014046B84700EAE075D4E70A22294633
:109A100017F034F90028DED0CBE7002EEED1066037
:109A200046608660C7E76FF00B05C4E72CCA0200EA
:109A30001FB519461046074B074ACDE902230823F4
:109A40000093BDF818206B441CF0F0F905B05DF8E8
:109A500004FB00BF040090015000A00008B51346AD
:109A60008168074A914209D11A791968C0681CF0C7
:109A7000B6F818B10023036043600381012008BDDC
:109A8000B99B000038B5094B154682689A420AD145
:109A9000C4682968013420461CF099F818B1696837
:109AA00020461CF065F8012038BD00BFB99B0000BE
:109AB00002484FF4A472002316F024BAA00D00202F
:109AC00008B5042108481CF099F807486FF0020116
:109AD0001CF0A3F804481CF0F2F8C30701D5FFF707
:109AE000E7FF002008BD00BFD00D0020024608B5EA
:109AF000084901301CF03CF8002313720C32BFF30C
:109B00005B8F52E8001F42E800300028F9D1BFF314
:109B10005B8F08BD2CCA02002DE9F041234B15468E
:109B200082689A42074602D1C468638933BB012028
:109B3000BDE8F081FEF7B8F8E36800216181002BF1
:109B4000F5D038469847F2E705F17008287A414683
:109B50001AF0A7FA68B9164B9C4202D128461CF0AD
:109B60001DFA144930461CF003F8002323702381AA
:109B7000E2E7414630461BF0FBFFDDE72389002B7F
:109B8000DAD02646284616F8011B32461AF0C8FFDE
:109B90000028D9D120783146FEF782FB0028CBD0AF
:109BA000437B072BC6D1FEF77FF8C0E7B99B0000C7
:109BB000780400202CCA02002DE9F0471F46BDF8AA
:109BC0002030D1F80C9006468846002B46D17B1EEB
:109BD000012B46D8012F4946157818BF1588FFF785
:109BE00039FE044678B915B93846BDE8F0874946CC
:109BF000FFF730FE0446B8B306F1700101301BF0E8
:109C0000B7FF337A2370D9F81030DBB9B4F808A065
:109C10002581B9F80A30AB4203D0494640461CF0D2
:109C200054F8AA4505D0307A002206F17001FFF7FA
:109C300047FE002DD8D10E49601C1BF099FF2570FE
:109C40002581D1E72A464146304698470028CCDB9B
:109C500001380128DAD96FF00D00C6E76FF0060071
:109C6000C3E76FF00C00C0E76FF01000BDE700BF66
:109C70002CCA020073B50C460546082104F11000F9
:109C800016461BF0BBFF12230422CDE900323146F9
:109C9000034B224628461CF0A7F902B070BD00BF56
:109CA0000B61020008B5124801211BF0A7FF10F05C
:109CB000010F104B0AD1104A9A610D481BF0FFFFAB
:109CC000830713D4BDE80840FFF7F2BE1A8B588B08
:109CD000012A4FF6FF7205D8904207D04FF6FF7267
:109CE0005A83EAE790421983E7D0F7E708BD00BF3F
:109CF000D00D0020800D00200100FFFF10B56FF097
:109D0000020104460E481BF088FF0D481BF0D7FFE8
:109D1000C20704D50B480022002316F0F3F82046B2
:109D20001BF0D6FE58B12046FFF772FD38B1037A1A
:109D3000DB0704D5BDE8104001211CF00BBA10BDB3
:109D4000D00D0020A00D0020F8B50B4C0B4F0025C6
:109D5000661C394630461BF03AFF014630B92046B2
:109D60001CF0E8F9207831461CF0BEFA0135052DCB
:109D700004F11004ECD1F8BDF4C400202CCA020098
:109D800010B51C4801211BF039FFC30731D4022153
:109D900018481BF033FF084007D11749174A0B88B2
:109DA000174CA2421FD300B10B80164916481FF072
:109DB00095FA4FF4A47200231348FBF77BFF134975
:109DC00013481FF08BFA022112481BF017FF1249AB
:109DD00012481FF083FA1248FEF79AFBBDE81040C4
:109DE0001048FEF71DBA506803449BB208320120A8
:109DF000D7E710BD44C500207AEF0020B89F0200CD
:109E0000E09F0200FD630200280D002055A3000022
:109E1000A00D0020D00D00204B690200D80C0020BE
:109E200050040020300400202DE9F041034648B1E1
:109E3000008A38B91249DFF84CE001244FF0140CC5
:109E4000714501D3BDE8F081D1E90076BB4204D36E
:109E50000CFB0672143A93420ED93444A2B2083174
:109E60001446EDE70CFB0578434507D00135621930
:109E7000B54292B2F6D1F2E70025F8E71046E1E7E5
:109E8000B89F0200E09F02002DE9F74FBDF8305067
:109E9000009199464FF6FF73002D08BF1D46244BD5
:109EA0001B888342074690463CD203B0BDE8F08F42
:109EB00073682344BB4232D29CB208361D4B9E428B
:109EC000F6D3F2E789580193404619F00DFE019B45
:109ED00090B101340AF1010AA4B273685345ECD978
:109EE000009B9C42E1D8BC423168F2D30BFB0AF2E2
:109EF0008B18B8F1000FE5D1B9F1000F0BD1013D7E
:109F0000ADB218460E9A0D9B21469847002DCCD035
:109F10000028DED1C9E7DA689145DAD1EFE74FF0E2
:109F2000000ADAE7044E01244FF0140BC6E700BF25
:109F30007AEF0020E09F0200B89F020010B51422C3
:109F4000B6B000210DEB0200CDE90011CDE9021100
:109F50001FF043FC4FF41053ADF810301F4C80231A
:109F6000ADF8123010224FF48063CDE90634694613
:109F700034AB0DEB02001EF089F9014660BB5422A0
:109F80000AA81FF02AFC54220AA91FA81FF0FDFBF3
:109F9000349922461FA81EF04EFAE8B9104A1FABAA
:109FA0004FF6FF7101201CF01EFA0E490AAB102279
:109FB0001FA81EF05EFA78B90A4B082203F11001BF
:109FC000187811F8014D03F8014B013A0870F7D1E8
:109FD000054808211BF012FE36B010BD0002C00378
:109FE00069600200080D0020D00D00202DE9F0412D
:109FF0001949BDF818700446A1F1300015461E46F7
:10A000001FF08BF915481BF05AFE010707D4FFF724
:10A0100095FFFFF799FE12481021FBF7B5FD20468A
:10A02000FFF7F6FB68B1037ADA070AD500F10C04F2
:10A0300020461BF044FEC30703D4022120461BF038
:10A04000DDFD102306933A4631462846044BBDE811
:10A05000F0411BF0EBBE00BF580D0020D00D0020DA
:10A06000080D002010B51B481BF029FEC0F3C000EE
:10A0700080F0010408B9FFF761FF16481BF01FFECE
:10A08000034614481BF01BFEDA0621D5830608D5CB
:10A09000F4B1FFF759FEBDE810400F481021FBF75F
:10A0A00073BD20210B481BF0A9FD0B491022881815
:10A0B0001FF09BFB48B909481FF01CF9BDE8104090
:10A0C00004486FF001011BF0A8BDFFF7EBFDE0E7CE
:10A0D00010BD00BFD00D0020080D0020A00D0020F5
:10A0E00008B5102103481BF089FDFFF7BBFF0020D6
:10A0F00008BD00BFD00D00202DE9F041B8B00C46DE
:10A10000164621493E986A461F4619F013FA002860
:10A1100037D0009D01A9284619F030FA65B10198A1
:10A1200070B90DF108080023284641468DF8143017
:10A1300019F0B2FC054650B16FF0150425461AE03F
:10A140000A22002116F09AFD0028EAD0F4E7CDF8A3
:10A150001080A4B1C02208A93846B047041EEDDB28
:10A16000A40808ABCDE90634084A04AB4FF6FF71EA
:10A1700001201CF038F9284638B0BDE8F0812346AC
:10A18000F0E76FF01505F6E7B0CC02004597000048
:10A1900007B500230193FFF747FE411C89B208462B
:10A1A000034A01AB1CF01FF9019803B05DF804FBF2
:10A1B000215B02002DE9F84315468946942269681F
:10A1C00006461CF03DF98046002842D1696802220B
:10A1D00030461CF070F900283ED04FF4702000216A
:10A1E000AF8AFFF7DDF80237044680B11C4B4761A8
:10A1F0001D214174C0F80C80436085613A463046A9
:10A200001BF0D0FA074638B92046FFF7F1F86FF097
:10A210000B052846BDE8F883012342464146FFF777
:10A22000FBF9A98A07F10C00023119F08FFB20F825
:10A23000029BAA8A29691FF0A8FAA7602146304626
:10A240001BF00FFC05460028E3D02046FFF7D0F8AE
:10A25000DFE74FF0FF35DCE76FF01505D9E700BF0A
:10A26000275B020030B504468BB037481BF027FD52
:10A2700042070D4661D514B1637B072B60D1686836
:10A280000590FFF7D1FD2A68ADF818003AB305A98B
:10A2900002912E4901910121002300914FF6FF7197
:10A2A0000593FFF7F1FD059B1BB96FF001000BB0A3
:10A2B00030BD6B60059B186800238DF8103004A931
:10A2C00042F60303ADF8123019F00EFC70B9059890
:10A2D000C3689B799B0605D46FF01500E7E700285B
:10A2E000E8D1E2E71CF038F8ADF81800BDF8180026
:10A2F0003CB101230146AB752A462046FFF75AFFC1
:10A30000D5E76FF07F0307930223ADF8203042F6C4
:10A310000213ADF8123005ABAC7502930C4B0193F0
:10A320000123009304AA23464FF6FF7109958DF887
:10A330001040FFF7A9FD0798B9E76FF00A00B6E7EC
:10A340006FF07F00B3E700BFD4000020555B020030
:10A3500085A5000073B500F13005044650F8083CAF
:10A360000193A0F120066FF0010128461BF055FC77
:10A370000D4B44F81C3C0D4B44F8183C01AB00203D
:10A3800044F8103C042324F8080C24F8060C24F8A4
:10A390000C3C3146FFF766FF18B9022128461BF036
:10A3A0002DFC02B070BD00BFE4A80200FD9C0000BF
:10A3B0002DE9F843334B1468174682689A420546E4
:10A3C0005DD1C668002306F10109002B57D13389FE
:10A3D000002B54D031784A4620461AF0A1FB0028C1
:10A3E0004DD04FF49572294620461CF029F8A0B1B3
:10A3F000032844D0052820460CBF4FF003084FF037
:10A4000002081AF0F3FB804507D93A7942454FF02C
:10A410000103DAD287F80480D7E7314628461BF0DB
:10A4200054FC194B9E422AD1207A04F17001FFF7A7
:10A430006DF9054618B303890BB94389FBB1204672
:10A44000FDF71AFD114A2B8922F8203002EB800318
:10A45000698959800E490F4D182303FB001300B280
:10A4600002EB800200EB40005D601A610A4D9D60C6
:10A47000042201EBC00120469A82FFF7F3FE01207F
:10A48000BDE8F883B99B0000780400203AEF002073
:10A49000DCC40020E4A80200F761020030B50446E5
:10A4A0008BB035481BF00BFC42070D465DD514B14F
:10A4B000637B072B5CD168680590FFF7B5FC2A68C1
:10A4C000ADF818003AB305A902912C490191012178
:10A4D000002300914FF6FF710593FFF7D5FC059B14
:10A4E0001BB96FF001000BB030BD6B60059B1868A5
:10A4F00000238DF8103004A942F60303ADF81230A2
:10A5000019F0F2FA70B90598C3689B79DB0605D497
:10A510006FF01500E7E70028E8D1E2E71BF01CFF29
:10A52000ADF81800BDF818002CB101462A462046A7
:10A530001CF053F8D7E742F60212ADF8122005AA34
:10A540006FF07F0302920E4A07930123CDE9003298
:10A55000ADF8203004AA23464FF6FF7109958DF817
:10A560001040FFF791FC0798BDE76FF00A00BAE7CB
:10A570006FF07F00B7E700BFD4000020555B0200FA
:10A5800085A500002DE9F843414B144682689A42A4
:10A59000074603D001273846BDE8F883C6683D4B1F
:10A5A0009E4211D03289A3899A4206F10101F1D16C
:10A5B0003078FDF775FE05460028EBD0437B072B6E
:10A5C00027D0FDF771FBE5E7334DDFF8D0904FF072
:10A5D0000008494628461BF0FAFA78B915F8010C2C
:10A5E00007222946FDF776FE80B9236915F8010C8C
:10A5F0001A69294653881288FFF79EF908F1010865
:10A60000B8F1050F05F10C05E3D1CBE7FDF74CFBE5
:10A61000F4E7736923B13946984708B92846D0E76B
:10A620003946942228461BF00BFF07460028F5D137
:10A63000A389022B14D1338913F0020604D12846D2
:10A64000FDF732FBA660A5E72269A1882846FFF73F
:10A65000B1FD0646A8B92269937D01339375EEE7F3
:10A66000012B04D02846FDF71FFBA76092E7338932
:10A6700013F00106E3D02269A18828461BF0ADFF44
:10A6800006462846FDF710FB002EA66083DB81E717
:10A69000B99B0000780400203FEF00202CCA020084
:10A6A00073B5437B072B04460D461AD1061D4FF4A4
:10A6B000803130461BF0A2FAC30315D40223CDE942
:10A6C000003320460A4B0B492A461BF08DFC0446FA
:10A6D00020B16FF4803130461BF09FFA204602B063
:10A6E00070BD6FF07F04F9E76FF07704F6E700BF05
:10A6F000FB5C02005D5B020007B5437B072B0A464B
:10A700002CD14B683BB908234FF0040ECDE9003E35
:10A71000144B154909E0012B11D0097B5B00019313
:10A7200041B1202300931149114B1BF05DFC03B094
:10A730005DF804FB0E2300930E490F4BF5E74B89A0
:10A7400033B10C234FF0040CCDE9003C0B4BE0E798
:10A750000A230221CDE90031094BDAE76FF07F00CF
:10A76000E5E700BF475F020049660200AB5D0200FB
:10A77000675D02006B5D02003F5D0200275D020025
:10A78000135D02002DE9F041437B072B07460D4680
:10A790005CD1FFF773F8064600285AD08468002C75
:10A7A00057D00023143C9846A54209D021892A8914
:10A7B000914208BF4FF0010864691CB1143CF3E7F3
:10A7C0000123F9E7002B44D005F110001BF077FAC4
:10A7D000430703D5294638461BF0BBFFB8F1000FED
:10A7E00019D0B36805F1140253B19A4224D16B69B0
:10A7F000E4B9F168B3608A4200D1F36000236B6171
:10A80000B3681BB91449701C1BF0B2F9B8F1000F02
:10A8100015D1002008E0114AA5F80C8029463846D9
:10A82000FFF728FA0028DCD0BDE8F0812360F36848
:10A830009A4208BFF460E1E71C461B68D4E7002396
:10A840002C681A4629463846A047E2E76FF07F0099
:10A85000EAE76FF01500E7E72CCA0200395C020056
:10A8600070B58EB000F17005044603900123007AA4
:10A870008DF81030294619F014FC90B1227A1AB3E1
:10A8800002AE0421304618F061F800960F4A2421E8
:10A8900005A82B46FBF7A6F805AA0D491046FAF7BE
:10A8A0006DF84FF6FF710B4A03AB01201BF09BFDC7
:10A8B00020461AF09BF99DF81010884202D22046DB
:10A8C0001AF05DF90EB070BD0092DFE7B3CC020064
:10A8D000F9A00000B1A30000F8B5084B1C680546BC
:10A8E0000E4617464CB154F8043C043C1BB13A46A2
:10A8F0003146284698476468F4E7F8BD48C500200B
:10A9000037B501230546009000F17001007A8DF8FB
:10A91000043019F0C6FB78B94FF6FF710120144AD4
:10A920006B461BF060FD002128461BF09BFF08B919
:10A93000FFF7B8F903B030BD2846FEF79FFF0028A7
:10A94000EAD08468002CE7D0143C04F110031846C8
:10A950001BF0B5F9020709D418461BF0B0F98307BC
:10A9600004D4044A21462846FFF784F96469E9E7DC
:10A97000B1A30000B35C020030B5B5B00023019173
:10A980008DF8080033930A4A01AB04460D460120B6
:10A990004FF6FF711BF027FD339B3BB19B0003AAD1
:10A9A00029462046FBF7DAF835B030BD1A46F7E7FE
:10A9B000D19700002DE9F34100F17008CDE90012B4
:10A9C00004460F46007A4146164619F06AFB0F4AC4
:10A9D00005466B464FF6FF7101201BF004FD1DB1CB
:10A9E000207A4146FFF7C8FF207A3946FEF756FE27
:10A9F00040B1314601301BF0BBF81DB1207A414611
:10AA00001BF072FC02B0BDE8F08100BF859A000027
:10AA1000F7B52F4A009104460E468DF804006B46A8
:10AA20004FF6FF7101201BF0DEFC31462046FBF79C
:10AA3000A3F8002823DB314620461BF09FFA0028AC
:10AA40001DDB31462046FEF729FE08B1FFF74EF820
:10AA500031462046FBF77AF8002810DB1D4F002511
:10AA600017F8013CA34204D1394630461BF0AFF839
:10AA700038B91035502D07F11007F1D1002003B07F
:10AA8000F0BD154B1D44AB68002BF7D01C6804B11A
:10AA9000143C002723F8087C3A46143B29463846E4
:10AAA000FEF7D8FD54B9E9E7A2F114060022A78108
:10AAB000234629461046FEF7CDFD34466269002A3A
:10AAC000F2D1A281234629461046FEF7C3FDD5E701
:10AAD0005D9A000051C5002050C500202DE9F74FB8
:10AAE000044603463B4A4FF6FF71012004F170060D
:10AAF0001BF079FC207A31461BF0EDFE207A3146BE
:10AB000019F0CFFA50B1237A8DF80430324A00960A
:10AB10006B464FF6FF7101201BF065FC2046FEF7E7
:10AB2000ADFE074640B92046FEF772FE05460028F6
:10AB30003DD103B0BDE8F08F8568002DF3D055F806
:10AB40001489B8F1000F01D0A8F114084FF00009E2
:10AB5000CA4601E04546984605F1100B6FF0080122
:10AB600058461BF05AF8207A314619F09AFA80B903
:10AB7000A5F80CA02B464A4639462046FEF76AFD4A
:10AB8000B8F1000FCFD0D8F81430002BE2D0143B2E
:10AB9000E0E758461BF093F8C307E9D47B781BB174
:10ABA0003146781C1AF0E4FF05F11409E8E7207A31
:10ABB000314619F076FA28B9284603B0BDE8F04FBF
:10ABC000FEF794BF3146681C03B0BDE8F04F1AF0A1
:10ABD000CFBF00BF199B00005D9A0000034B426885
:10ABE0009A4204BF83691982704700BF4966020018
:10ABF000064BD3F8EC0028B9054AC3F8F020EC3333
:10AC00000B6070476FF00B00704700BFD80D00203D
:10AC1000E8A9020008B5054B014618461BF0BBFE2B
:10AC2000043B002814BF1846002008BDDC0D00209E
:10AC300010B50C4A11680C4ABFF35B8F00F5B8736E
:10AC400053E8004F944204D143E8001CBCF1000FCC
:10AC5000F6D1BFF35B8FBFF35B8FD0F87001BFF30A
:10AC60005B8F10BD1CC40020D80D002008B5FFF775
:10AC7000DFFF0346C8B1D0E9011221B9002A0CBF99
:10AC80000320022010E032B1C36813B9094B1B78CE
:10AC900033B9042008E00749087828B1DB6833B9E4
:10ACA000003A18BF0122500008BD0320FCE7012034
:10ACB000FAE700BFB700012038B5051D044608219A
:10ACC00028461BF0BAFE064904F15700FCF7A0FD28
:10ACD00020B1284608211BF088FE082038BD00BF9F
:10ACE000536F020038B5EC22054600211EF075FDB9
:10ACF000102105F127000CF0D9FD044648B90521C3
:10AD000028461BF09AFEFCF773FD034B18602046A3
:10AD100038BD0824FBE700BFA0C5002070B50E4673
:10AD200086B00446FFF784FFF36804F13702054656
:10AD3000114603F1100053F8046B41F8046B834291
:10AD4000F9D1237A052B40D8DFE803F0172323033A
:10AD50003F6502AB45490093096804F1270304F1FC
:10AD6000570001F06DF880BB0A21201D1BF065FE25
:10AD7000EB680299D4F8EC00984720460D211BF0AF
:10AD80005CFE201D10211BF058FE20461BF0ADFE7E
:10AD900019E094F8DC10D4F8D83002ADCB40334938
:10ADA000009503F00103096843F0800304F15700A4
:10ADB0001CF04DFA48B91022294604F117001EF084
:10ADC00014FD20B1042006B070BD0820FBE703216C
:10ADD00020461BF032FE1BF088FE0028F3D194F8C9
:10ADE000DC300133DBB2142B84F8DC3009D10D21C7
:10ADF00020461BF022FE1021201D1BF01EFE00200D
:10AE0000E1E7102104F127000CF050FD003818BFD5
:10AE10000120C000D7E7102104F127000CF046FD07
:10AE20000028D2D105B32B69F3B1114BE27A1B880C
:10AE3000ADF80830A37CD20703F0010312D4002B35
:10AE400014BF012303238DF809300023C4E93833EC
:10AE5000201D0C211BF0F1FD2B69D4F8EC0002A998
:10AE60009847CCE75B00EEE70220ACE7A0C50020E6
:10AE7000C0A0020073B5047A022C054623D844B161
:10AE800090F8DC30D0F8D840DC4004F0010444F005
:10AE90008004032128461BF009FE0646A8B11021B4
:10AEA0000C3018F053FD00900F482346006805F160
:10AEB000270205F157011CF0CAF9044650B130468B
:10AEC000FAF7F2FC01E0032C02D0082002B070BDBA
:10AED0000024DEE7314628461BF098FD281D214658
:10AEE0001BF083FD2046F1E7A0C50020F8B504461D
:10AEF000FFF79EFE251D06460E2128461BF04BFD42
:10AF000048B94C4B2022196804F157001EF06DFC23
:10AF100008B90820F8BD0C2120461BF0C7FD0746E4
:10AF20000028F6D040210C3018F010FD414B1B6872
:10AF30000246014603F1200053F804CB41F804CB4C
:10AF40008342F9D1203203F1200153F8040B42F877
:10AF5000040B8B42F9D1394620461BF057FD237A6A
:10AF6000052BD6D801A252F823F000BF85AF000010
:10AF700009B00000B1AF000085AF000013AF0000C2
:10AF800029B00000042120461BF057FDFFF772FF97
:10AF90000028BFD1284607211BF04FFD0820FFF7EE
:10AFA00039FE002843D12046BDE8F840FFF784BEB3
:10AFB0002046D4F8EC70FFF73BFE0421064604F16E
:10AFC000D8000CF073FC0028A3D1D4F8D8301A4A6A
:10AFD000B3FBF2F102FB1133C4F8D83084F8DC0083
:10AFE00056B1736843B10B2128461BF026FD7368E8
:10AFF000D4F8D81038469847032120461BF01DFD91
:10B000000E211BF01AFDC5E7204603211BF015FD9C
:10B010000E211BF012FD28460A211BF00EFDB3681D
:10B02000D4F8EC009847B5E704212046E9E7002072
:10B0300070E700BFA0C5002040420F0070B50E466B
:10B040000446FFF7F5FDF36804F157052A4603F1BE
:10B05000200153F8040B42F8040B8B42F9D104F1A0
:10B06000770203F1200153F8040B42F8040B8B42E2
:10B07000F9D12846FCF72AFB28B30E21201D1BF02E
:10B08000DCFCD4F8EC50D5F8A03033B9287A05F1BF
:10B09000700100F073FCC5F8A000D5F8A03043B9EA
:10B0A0000F4B1D68B5B9201D06211BF0C6FC2846B4
:10B0B00008E0DA8902F02402002AF1D05B7B9B07CA
:10B0C000EED4032070BD2846FCF70CFB0028E7D126
:10B0D0000A20F7E72046BDE87040FFF707BF00BF32
:10B0E000A0C5002038B512490446A0F1EC05543043
:10B0F0001EF0F4F828461BF04DFEBFF35B8F0D4A9F
:10B1000004F1840353E8001F43E800200028F9D12C
:10B11000BFF35B8FBFF35B8F88344FF0FF3354E88E
:10B12000002F44E800310029F9D1BFF35B8F38BD0F
:10B1300091700200D80D002038B5174B1B780546DA
:10B1400023B301F00F042846FFF790FD134A0328AC
:10B150000CBF04F00B0444F0040405F5BA73127834
:10B16000BFF35B8F53E8001F013103D143E8002098
:10B170000028F7D1BFF35B8FBFF35B8FD5F8743135
:10B18000BFF35B8F2BB144F0010038BD01F0070421
:10B19000D9E704F0FE00F8E7B70001208907002096
:10B1A0002DE9F3410D46D0F8EC700446FFF740FD61
:10B1B000ED68EB78102B03D0062002B0BDE8F081DB
:10B1C000D7F8A0305BB1261D0F2130461BF0E3FB02
:10B1D00080B92046FFF786FD60B1C0B2EDE7387A4E
:10B1E00007F1700100F0CAFBC7F8A0000028EAD1FF
:10B1F0000820E2E7012363722B68C4F80A30AB88A9
:10B20000E38102232374A9782046FFF795FFE074B9
:10B210002046FFF72BFD1023607423752B7903F074
:10B22000030363756B7903F00103A375E37C1A07CD
:10B230000CD5AB781B0709D5052130461BF0FDFB6B
:10B24000637D03F0020363750023A3750521304677
:10B250001BF0A1FB002845D05B4B1B78A374E37C5B
:10B26000980606D5AB78990603D5142130461BF015
:10B27000E4FBE37CDA0737D5AB78DB0734D50D2167
:10B2800030461BF0DAFBA37D84F8E830637D84F858
:10B29000E930032130461BF0D0FB237BE17C95F89D
:10B2A000008003EA0102100704D5E27AA07C024381
:10B2B000D2071DD4B8F1040F1CD80B4313F00403BC
:10B2C00007D02046FFF7D2FC404B08EB88084344E8
:10B2D0001B5C2372D7F8A01020461BF065FB58B901
:10B2E00003206AE73A4BB8E700236375A375CAE702
:10B2F0000523EEE70023ECE7D4F8EC309B7A032B30
:10B300005DD04BD8013B012B3FF672AF0521304693
:10B310001BF041FB0028E3D02046FFF789FC0346E1
:10B32000D4F8EC00FBB11A68EAB12A788DF8002055
:10B330006A788DF80120AA788DF80220EA788DF8D5
:10B3400003202A798DF804206A798DF805201B687E
:10B35000694698470138C0B2082804D81D4B185CCC
:10B3600000287FF42AAF0C2120461BF066FB022147
:10B370001BF09CFB054600283FF43AAF06210C3039
:10B3800018F0E4FAD4F811300360B4F81530838073
:10B39000294620461BF03AFB00200EE7042B7FF4E1
:10B3A00027AF237D627B934228BF1346102B7FF487
:10B3B00003AF052130461BF0EEFA002890D0237A27
:10B3C000002BA3D18CE700BFB9000120EBCC020019
:10B3D000B8000120D3CC02002DE9F041C678012E3F
:10B3E000044604D06FF015042046BDE8F0811BF040
:10B3F000CBFA0546002800F0AB80071D0421384633
:10B400001BF0C9FA002840F0A680032138461BF043
:10B41000C2FA10B16FF00F04E6E7314638461BF070
:10B42000BAFA0028F6D12846FFF702FCD5F8EC302E
:10B430009B7A032B064642D032D8013B012B48D9D8
:10B440000F21201D1BF0A7FA0028CBD1D4F8A03083
:10B4500083B904F17006217A3246202000F05EFBA9
:10B46000C4F8A00030B9217A3246042000F056FB1F
:10B47000C4F8A000D4F8A030002BB3D0DA8912F0C1
:10B48000240FAFD0A17A022923D9587BC007A9D5B0
:10B4900003291ED09206A5D51B7B102BA2D118E044
:10B4A000042BCDD12846FFF7E1FB032804D1002E61
:10B4B000C6D03369002BC3D0284B1B7807E0284641
:10B4C000FFF7D4FB032804D1002EB9D03369002B39
:10B4D000B6D0D4F8A0303BB12846FFF703FC0446B1
:10B4E00070B16FF068047FE7207A04F1700100F01A
:10B4F00045FAC4F8A0000028EED16FF00B0473E702
:10B500000B2128461BF0D2FA06460028E9D001217B
:10B510000C3018F01BFA092180462846FFF70CFE74
:10B52000234688F800002246314605F1EC0019F068
:10B530006CFC044618B13046FAF7B6F954E73846C1
:10B540000F211BF07AFA012128461BF076FA4BE70F
:10B550006FF07F0448E76FF0040445E7B70001206F
:10B56000F8B5D0F8EC40D4F8A0300646051D43B934
:10B57000022128461BF00FFA0927002851D11F216C
:10B580004BE081BB0D2128461BF005FA074620B190
:10B59000D4F8A00008B11BF03AFE364B1B689BB1F3
:10B5A0001D6805B10C3D53F80C3C13B139462046DB
:10B5B00098474DB12B46ED681B681DB10C3D002B23
:10B5C000F4D1F7E7002BF1D130461BF0E3FB637BAE
:10B5D000072B4DD1627AA37A9A4249D02046BDE822
:10B5E000F840FFF7F9BE0139C9B20E2998BF224AC7
:10B5F0001B7B94BF575C092723BBD4F8A0001BF02A
:10B60000F3FD0023C4F8A030022128461BF0C3F943
:10B6100038B9072FB3D8194BD95D3A462046FCF705
:10B620007BFE032128461BF0B6F90028CCD0114B35
:10B630001B68002BC8D01D6805B10C3D53F8083CB1
:10B640004BB90BE0022128461BF0A5F90028D4D104
:10B65000DAE70C3D23B1394620469847002DB3D098
:10B660002B46ED685B68002DF3D1002BF3D1ABE7DF
:10B67000F8BD00BF14C40020DCCC0200CBCC02001B
:10B68000124B10B5044618604FF0FF324FF0FF33F5
:10B690000F4814F087F80F4814F03AFC0C4814F0E7
:10B6A000F9F804B910BD0C4CBFF35B8F54F80439A2
:10B6B000BFF35B8F5B06F5D52046FFF717FC01460D
:10B6C0000028EFD020461BF0FDFBEBE7A0C50020D3
:10B6D000A8040020BC040020DC0D00202DE9F0416E
:10B6E0000B8A04460E46B3B3012106F10C0018F094
:10B6F0005EF9A4F1EC05E83C0746042120461BF066
:10B700004AF940BB39780E2925D8DFF8508058F81F
:10B71000313023B9072128461BF0D4FB1BE0284613
:10B720001BF00DFB30B9032120461BF034F990B11A
:10B730000821F0E73B78318A08EBC3021279914285
:10B7400001D00A21E7E7314658F8333028469847B8
:10B7500001460028DFD10020BDE8F08110AA0200D8
:10B760002DE9F34190F8E930CF68D0F8EC6023F090
:10B77000020380F8E9303B78044623B1BB7903F03B
:10B78000C003C02B70D106F170080722394640462D
:10B790001EF02BF888B1307A394600F037FA0546AA
:10B7A00058B1014620461BF0FFF818B9082002B036
:10B7B000BDE8F08128461BF017FD0D21201D1BF070
:10B7C000EAF800283CD0317A424602201BF0F8FC0F
:10B7D00005460028EAD0F378002B3ED106F17E031F
:10B7E0001878012825D19A7902F0C002402A20D188
:10B7F000D3F80120C5F83A20B3F80530EB8796F866
:10B800007030B3B196F8763003F0C003C02B10D07F
:10B8100017496A46CDE90087FCF70EFB3B68C5F87F
:10B820000130BB88A5F80530BB79EB713046FCF7D9
:10B83000C7FC2846FBF74AF9C0B92846FBF756F97A
:10B8400094F8E9305B0703D50A2120461BF0F5F890
:10B85000B4F8E81021B10020A9E706F17703BFE7AB
:10B860002046FFF77DFEF6E70A20A0E703209EE7CB
:10B870006B6D02002DE9F0410546A0F1E806044693
:10B880000F463046012155F8EC891BF058FA002884
:10B8900059D0CFB1032130461BF07DF8002852D09B
:10B8A0003846FAF799FC0138C0B208289ABF2B4BEA
:10B8B0001C5C0024022130461BF0BFF821462846BC
:10B8C000BDE8F041FFF74CBE98F80B30002B3AD0A2
:10B8D000032130461BF05FF820B92846BDE8F0414F
:10B8E0001BF058BA052130461BF055F8B8B114F8D2
:10B8F000043C1F0707D514F8033C180703D5112192
:10B9000030461BF09AF814F8043C23F0080304F8BE
:10B91000043C14F8033C23F0080304F8033C14F837
:10B92000033CD90711D5062128461BF086F80221D1
:10B9300030461BF082F82368D3F8A0301BB134F8EE
:10B94000041C0029BBD0BDE8F0819A0701D508216D
:10B95000EAE75B07EBD50A21E6E700BFD3CC02009C
:10B9600008B5044B044801221A70FBF7F5FE0020CD
:10B9700008BD00BFB7000120C40400202DE9F74F27
:10B98000DFF80C81DFF8F89007460D460026042406
:10B9900018F8013CBB420BD1294640461BF006FC7F
:10B9A00030B13648442303FB060003B0BDE8F08FF6
:10B9B000042C06D1494640461BF0F8FB002818BF6E
:10B9C00034460136042E08F14408E1D1042C2B4EF4
:10B9D00040D14FF00008DFF8BCB0B1464446C24643
:10B9E0006A4659460F208DF800A08DF80180FCF7BB
:10B9F00023FA9DF8003033B93CB3D9F84020236CCA
:10BA00009A4238BF4C4608F10108B8F1040F09F119
:10BA10004409E5D1BCB1D4F80100B4F80520E379BC
:10BA2000009069462078ADF8042004F101088DF8F3
:10BA30000630FAF7AFFB124940461BF0B7FB10B1D6
:10BA4000A41BCC2C03D90020AFE74C46DBE70D4B01
:10BA5000A4105C4344235C433019375501342A68F1
:10BA600032513319AA889A80AA799A71064A1368C2
:10BA7000013313600364054B186096E7ACC50020E2
:10BA80002CCA0200F1F0F0F0A8C50020A4C50020E7
:10BA9000ADC5002049BC00002DE9F3410E4C054620
:10BAA0000E46174604F58878E3897BB12378AB42CC
:10BAB0000CD1D4F80100B4F80520E37900903946A0
:10BAC0006846ADF804208DF80630B047443444454C
:10BAD000EAD102B0BDE8F081ACC500202DE9F0410B
:10BAE000084C05460E46174604F58878E3892B4234
:10BAF00002D039462046B04744344445F6D1BDE82B
:10BB0000F08100BFACC5002008B503490022022027
:10BB1000FFF7E4FF002008BDBD7102002DE9F041F0
:10BB20000E4D06460F4690460024B5F80D303342C0
:10BB30000CD015F8013CBB4208D1414628461BF009
:10BB400035FB18B106482044BDE8F0814434B4F513
:10BB5000887F05F14405E8D10020F5E7ADC5002058
:10BB6000ACC500202DE9F0410B78012B07460D46AE
:10BB700002D00020BDE8F0818B7903F0C003402B98
:10BB8000F7D11F4E002401F1010836F82C3C9A072A
:10BB90000CD516F83A3CBB4208D106223146404645
:10BBA0001DF023FE10B917482044E3E74434B4F5F0
:10BBB000887F06F14406E8D1134E002436F81C3C79
:10BBC0009B0716D516F82A3CBB4212D105F1010895
:10BBD0004146304617F036FF58B10A4BD5F8010000
:10BBE00004F13A02D1189850B5F805208A80E0187F
:10BBF000C0E74434B4F5887F06F14406DED1B8E7E7
:10BC0000E6C50020ACC50020D6C50020F8B50C4D17
:10BC100006460F46002415F8013CB34207D13946C9
:10BC200028461BF0C3FA10B106482044F8BD44343E
:10BC3000B4F5887F05F14405EDD10020F6E700BF9B
:10BC4000ADC50020ACC5002038B5427B072A0C46A4
:10BC500011D1057A18F0D2FF01462846FFF7D6FF2A
:10BC600048B16378044A03EB031302EB8303984261
:10BC700004BF0123237038BDACC50020F0B50646D3
:10BC800093B014461846002E38D0382204A9A04795
:10BC9000041E33DB02A9304617F0FEFE054668BBE2
:10BCA00001A9304617F06AFC019808BB4CB302A901
:10BCB0000020FFF763FE0246002840D0382C30D029
:10BCC000342C2BD104AE00F10C0310AF344603CC5E
:10BCD000BC4218605960264603F10803F6D120687B
:10BCE0001860184B126C19688A4214D91A6012E055
:10BCF0000A22294614F0C2FF0028D7D06FF015059C
:10BD000009E002AA21463F20FFF708FF18B14422AC
:10BD100021461DF062FD284613B0F0BD1BF064FA09
:10BD2000ECE704AB00F10C0612AF1C4603CCBC429E
:10BD300030607160234606F10806F6D1D1E76FF056
:10BD40000B05E8E7A8C5002008B5FFF75FFF48B17D
:10BD5000054A1368834205D0044910600B6801331B
:10BD60000B60036408BD00BFA4C50020A8C5002067
:10BD70002DE9F0479AB01D46DDE923972E4B164674
:10BD80000CAA84468A4603F1300E9046186859681A
:10BD9000144603C4083373452246F7D118681B794B
:10BDA000206023716146202204A81BF038FA234842
:10BDB0006B46202204A900F071F80446C0BB102293
:10BDC00051460DF135001BF02AFA102231460DF1D3
:10BDD00045001BF024FA2946062211F8013B8DF894
:10BDE00055300DF156001BF01AFA2299062211F86F
:10BDF000013B8DF85C300DF15D001BF010FA4B46F5
:10BE000035224146684600F049F8044680B9484664
:10BE10001BF00FFA01238DF8303035223B464146A6
:10BE2000684600F03BF8044610B938461BF001FAAA
:10BE300020461AB0BDE8F087C2A002000CCD020077
:10BE400070B598B00E4614460146202204A81D463F
:10BE50001BF0E5F9202231460CA81BF0E0F9102276
:10BE6000294614A81BF0DBF91022214668461BF076
:10BE7000D6F96B46502204A9184600F00FF840B9D5
:10BE8000039B054A1BBAB3FBF2F102FB11331C9A68
:10BE9000136018B070BD00BF40420F002DE9F041A3
:10BEA0008CB007460C4615460021142207A81E46F2
:10BEB0001DF093FC4FF41053DFF85080ADF81830AC
:10BEC0008023ADF81A304FF44063CDE908381022D2
:10BED00004AB394606A81CF0D9F920B16FF0040074
:10BEE0000CB0BDE8F08105AB029310232246CDE9EA
:10BEF000006341462B4604981CF0FAFA0446049865
:10BF00001CF0F3F82043EBD0E8E700BF0002C003C9
:10BF100000F1070C2CF0030C10B4541E1860A4B2EE
:10BF2000ACF80020023A93B201FB04F24FF0000C8F
:10BF300040F802C074B103FB011403FB01F220447A
:10BF4000121B4FF6FF7C013B9BB263458050A0EB78
:10BF50000100F8D15DF8044B704700BF034600684C
:10BF600010B102680AB91A60704700F1070C2CF092
:10BF7000030CD11DBCF800C021F003010CF1FF3C03
:10BF8000A1F800C0EFE700BF0B687BB1073323F0D7
:10BF900003031A88013292B20346D1F800C043F875
:10BFA00007CB23F003031A80086070470122F3E7F0
:10BFB00002FB0100704700BF401A90FBF2F080B214
:10BFC000704700BF531E11449BB242B1DB4301389E
:10BFD000CA1811F8013D00F8013F9142F9D17047AC
:10BFE000014402E010F8013B1BB98842FAD100205D
:10BFF00070470120704700BF10600860704700BFA5
:10C000000A6803460068904205BF00220A600020CB
:10C010001A60704710B414682060146861605DF89D
:10C02000044B1060704700BF884203D01AB14368C8
:10C0300013607047002070470B68834209D02AB113
:10C04000586810601A680A6018467047002BF9D1CA
:10C05000FAE70023F8E700BF2DE9F041DFF834806C
:10C060000B4E0C2706F130044546221D214628467A
:10C070000C3CFFF7C1FFA642A5F10805F5D1043F2E
:10C080003B1DA8F12008A6F13006EBD1BDE8F081F8
:10C09000C4C7002038C7002010B403468C46A2B1A4
:10C0A00001EB4101154803EB4304090101EB840155
:10C0B0000144487A0C7AA04204BF013008725DF84E
:10C0C000044B614618460EF05DBA01EB41020B4C81
:10C0D000120100EB400302EB830323449C7ADA7ADB
:10C0E000A24202D05DF8044B704701329A72044BB1
:10C0F00001225A545DF8044B0EF09CBA40C7002050
:10C10000BCC60020F8B506461C460D4602B3227890
:10C110006378D21A12F003023AD1274F71004FEA26
:10C12000450C3144AC44890001EB0C11013304315E
:10C13000DBB27A18606823702146FFF76BFF1F4B54
:10C140000122294630465A550EF074FA0020F8BDF7
:10C150000EF05AFA0028DAD0294630460EF032FAAC
:10C160000028D4D005EB450206EB4601124F637858
:10C17000120102EB81023A447100907AD27A904225
:10C180004FEA450C0CD02078C01A10F00302C8D03A
:10C19000012A03D00133DBB22370D0E71046F8BD8B
:10C1A0002278D21A920702D00233DBB22370D4E98C
:10C1B00002039847CAE700BF40C70020BCC6002062
:10C1C0002DE9F04FDFF8649119F8003089B0002BA9
:10C1D0005AD0DFF85CA13C2204234FF0000B00EBA7
:10C1E000400712FB00330324CDE904BB09F800B07B
:10C1F0000AEB0717039302948346B8460023B96AF3
:10C2000058F8240F079307AAFFF70EFF044607AA62
:10C21000B4B1079D2E786978761A06F00306012ED0
:10C2200035D02B78591A01F003010129DBB23DD139
:10C23000D7E90901FFF7F8FE044607AA002CE8D168
:10C2400097F82E3097F82F209A4203D087F82F3096
:10C250000123049397F82C3097F82D209A4203D0AD
:10C2600087F82D3001230593029B5D1EEBB2FF2B57
:10C270000293A7F10C07C0D1049AD846DDF814B098
:10C2800012B1BBF1000F45D009B0BDE8F08F013904
:10C290006970079BD3E902039847079D2A7869785C
:10C2A000D3B2521A02F00302012A21D0B86A0193D4
:10C2B00000224146FFF7C0FE6C60019B6A786B70FC
:10C2C0002B789B1A03F00303012B08D0D7E909014F
:10C2D00007AAFFF7A9FE012E044698D10EE0039BA2
:10C2E0006A70294620460AEB0302FFF793FEEDE74A
:10C2F000D7E9090107AAFFF797FE0446029B8BB115
:10C3000001235946584609F80B300EF093F909B04D
:10C31000BDE8F08F5A464146404609B0BDE8F04FAF
:10C320000EF030B9002C8BD0EAE700BFBCC600206D
:10C3300040C700204B1EDBB271B1411E00EB030C65
:10C34000002011F8013F23B15A1E01301340C0B242
:10C35000FAD16145F5D170470846704730B5037E84
:10C360000568FF2B14D003EB43028B4205EB02124E
:10C3700027D04FF0000C01E099420BD09E46137875
:10C380009468FF2B03EB4302A44405EB0212F3D1A4
:10C39000002030BD714517D00FFA8EFE13789068DB
:10C3A0000EEB4E0E4FEA0E1EFF2B05F80E3006D098
:10C3B00003EB430305EB03139A6802449A6060445D
:10C3C00030BD9E464FF0000C13780376E4E700BFC3
:10C3D000A2EB010C1CF4000F10B4836844690BD16C
:10C3E0002CF07F4C6344A3420ED8E41A002344612E
:10C3F00083605DF8044B7047891A21F07F418B42BE
:10C4000009D95B1AA342F0D91B1B00244461836045
:10C410005DF8044B70470C44E41AE7E72DE9F84354
:10C42000284DBDF82C7004464FF02C0E0EFB045E18
:10C43000084604EB840104EB4104DEF8041001EB30
:10C44000C00605EB8405F47811F83080717804F1AA
:10C45000010C5FFA8CFCE04598BF4FF0000C614581
:10C460002DD0716804EB44044FEA041901EB041465
:10C470004FF0040801F809806360089BA360099BE2
:10C48000E3600A9B23610C9BA361119B63620D9B7C
:10C49000E3610E9B23620F9BA362109BE362022366
:10C4A0006270A782A37086F803C0DEE90836984759
:10C4B0002B4641460022B047A078BDE8F883012012
:10C4C000BDE8F88300C800202DE9F04F0346407A0C
:10C4D000D3E9004587B0002800F0FE80421ED2B2AA
:10C4E00005EBC2029A468B46039205952346039AB2
:10C4F000516856780491BBF1FF0F66D00BEB4B04EB
:10C500004FEA0418CDF804B013F808B003EB041494
:10C5100000254FF0FF0C84F800C0DAF800709AF89C
:10C52000182007EB08096245D9F8081018BF0296D1
:10C530000ED1CBE0091A06D1B9F81E80BEF81EE074
:10C54000F04500F2B780B85DFF2894466DD00246F2
:10C5500002EB420607EB061E3601DEF808008842B1
:10C56000E8D9029EC9F80810BCF1FF0F89F8002035
:10C5700064D00FFA8CFC0CEB4C0C4FEA0C1C0198AD
:10C5800007F80C00FF2A06D002EB420207EB021765
:10C59000BA68521ABA60A27801326270002DAAD02D
:10C5A000AA6A4FF000012970A97022B1E96A0193CB
:10C5B00000209047019B6268002A9CD1AA6A2262EF
:10C5C000EA6A6262BBF1FF0F98D1039A049F9278E6
:10C5D000994606EB4601701CB2424FEA011CC6B2F6
:10C5E00007EB011569D0039B17F80C101878B042BF
:10C5F00008BF00260429ECD16A7802EB420809EB57
:10C600000814012094F801E0A1788E454FEA08183B
:10C6100018D04FF0000307F80C30AA6AA8700AB1CE
:10C62000E96A9047039B9A78D3E70246BCF1FF0F73
:10C63000029EC9F8081089F800209AD101988AF85A
:10C6400018009FE70192AA8ADAF814104FF6FE70DC
:10C6500082424B4607D04FF6FF70121AB2FA82F2AE
:10C66000520984F82C206A6AA262EA6862602A6928
:10C670000293002363622262AA8A4FF6FD739A42F4
:10C6800088BF0022A283AA69A261EA69E2602A6ADD
:10C690002261AA68A260002363616A682046FFF7EE
:10C6A00097FEE2784FF0000342F00102E383E2706C
:10C6B000029B2EE7029E014654E7039905988142AA
:10C6C0004B46A1F1080207D0039210E707F80820B3
:10C6D000019A8AF818205EE707B0BDE8F08F00BF26
:10C6E0002DE9F04F447E01238FB08376002C40F07B
:10C6F000B480037EFF2B814600F0AE800DF080FAFF
:10C70000D9F81420D9F81C3099F81880D9F800A06D
:10C71000801A20F07F45AB4294BF00230123B8F17B
:10C72000FF0F0493A34676D0059408EB48080AEB64
:10C7300008144FEA0818A368AB426BD8A0781AF81F
:10C740000880ED1A9B4463781B1ADBB2012B5ED183
:10C75000A26AA3690393002A00F0F0801668002EF5
:10C760007ED0002B40F08F80049B002B00F00B81CB
:10C7700004230393137A590700F0FA80137A6FF3B6
:10C7800002031372E78B94F82C207B1C9BB2E3838B
:10C79000002A74D0A28B9A4271D2A26A002A00F0B9
:10C7A0004B81137A03F00703012B68D00126002385
:10C7B00051685360A36A1A7A002060F302021A7269
:10C7C000A078E7680138A0700FB36369D9F8142026
:10C7D00094F803C0ABEB0303134423F07F40626A79
:10C7E00023690CF0010C002E40F0B980B4F81EE073
:10C7F000CDE900C37346B847039BE683002B049B37
:10C8000018BF01230493E37866F30003E370B8F1E3
:10C81000FF0F8AD1059C99F80B3099F80A209A42AB
:10C8200008D10132D2B2022A1ABF1446234600238D
:10C8300089F80B4009EB83030022C3F80CB0D9F848
:10C84000244089F81A204B46012204210320A446E3
:10C850000FB0BDE8F04F604784760FB0BDE8F08FB1
:10C86000039B002B68D0049B002B87D1D9F81C3088
:10C870005B4583D8B8F1FF0F11D1049E97E7A378E9
:10C88000013BA370C3E7049B002B7FF473AFD9F87F
:10C890001C309B45FFF46EAFB8F1FF0F49D0039BEE
:10C8A000E78B07939C46A38B6668BB429CBFFB1A31
:10C8B00099B208EB480388BF39460AEB0313089383
:10C8C00001FB06630693089B9968079B8B422ED356
:10C8D000CDE90C70089BCDF820C0DDF81CC0CDF868
:10C8E0001C90DDF80C90CDF82C80CDE9095B8E46CC
:10C8F000A346B0461446986A9A6910B100680028A9
:10C900004FD1002A4DD11B78FF2B07D003EB4303F7
:10C910000AEB031399688E44E645ECD92246DDE91B
:10C92000079C5C46DDE9095B0D98DDF82C80CDF8AD
:10C930000CC0002A00F09780002638E7039BA3B1C3
:10C94000049B002B7FF41EAFD9F81C309B45FFF4ED
:10C9500019AFB8F1FF0FA2D104990E4631E7CDE926
:10C9600000C34FF6FF73B84751E7039E002128E745
:10C97000A08BE18B88423FF601AF012161F30203F6
:10C980001372E78BFFE6D9F81C305B453FF6F0AE3B
:10C99000B8F1FF0F53D04FF0040CE78BCDF81CC05B
:10C9A00081E7DD8B9F8B5E68BD422AD2002E41D18C
:10C9B000002CA8D0304626682EB1B9F1000F02D164
:10C9C000724496423FD2BD429DD3DA789BF8031061
:10C9D00002F0010601F00105AE4204D84A40D50735
:10C9E00091D400288FD02246DDE9079C5C460C9F3D
:10C9F000DDF82C80DDE9095B002A32D1CDF80CC0CE
:10CA0000C1E69EB1E81B80B2B8F1000F0AD000FB6E
:10CA10000660401A069981422CBF00200120002C9C
:10CA2000C9D1D0E74046002CC5D1CCE7002CC1D1FC
:10CA30002046CAE72846E7E7A078012696E70423C0
:10CA4000049E0393B3E62246DDE9079C5C46DDE9DC
:10CA5000095BDDF82C80CDF80CC0002E3FF48EAEC3
:10CA600088E61668F7E716461146AAE62DE9F04F64
:10CA70008FB0837E0090002B40F0A982437E0C9300
:10CA8000002B7AD10098837AC27A012141769A42AA
:10CA90004169079100F00E840133DBB2022B00994B
:10CAA0000ABF0C9A1A46134601EB82028B72D368B6
:10CAB000079A0593D31823F07F434B6101230B930F
:10CAC000009C267E0DF09CF8677A236801937B1EFC
:10CAD00065680490DBB2002F00F0FB8405EBC30A0D
:10CAE0000027FF2303930D960897DAF804B04FF060
:10CAF00000092F469AF803009AF802800FFA88F48A
:10CB000004EB440408F1010340454FEA0416DBB28C
:10CB10000BEB041400F010819AF800209A4208BF31
:10CB200000238AF802301BF806206178042A3AD9DB
:10CB3000019801EB410300EB0315082A4FEA0313A8
:10CB40000293A8786B7822D81B1A13F0FF032CD11C
:10CB5000062A1CD1009BDB7E8B4251D00BF806903D
:10CB6000A36A84F80290002BC4D00020E16A9847A1
:10CB70009AF803009AF80280C0E7446A0421034649
:10CB800001220420A4460FB0BDE8F04F60470BF827
:10CB900006904FF00103A370A36A002BAAD0E16AAC
:10CBA00001209847A6E79846A8E7052A1FD16268A2
:10CBB0004AB9A2683AB9E2682AB922691AB962691F
:10CBC00032F07F42E3D0012B1CD0009B04215C6A31
:10CBD0003D4601220846A0470123AA4508938AF84A
:10CBE0000280AAF1080300F0AD809A467DE7012B90
:10CBF00000F0A381062AE8D1009BDB7E8B42ADD1F9
:10CC00006168BCE1DDF800804046FFF7A7FBA86043
:10CC1000D8F81410049B059A5B1A23F07F43134441
:10CC2000984240F2C481C01A6B68002B52D0A38A8C
:10CC3000002B4FD0013B9AB2A282D5F804C0EB8BF7
:10CC4000604523D90CF10108069709911AE06A6A38
:10CC5000DFF814E2834996448E4584BF02F1E872FE
:10CC600002F5D4324746296A94BF674602F5A57299
:10CC7000013BC01B521A9BB260456A62EB8340F2D3
:10CC80001D82A28A9342E2D8069F0999934220D23C
:10CC9000CDE909710CF10102D5F820E006926A6A2B
:10CCA000DFF8C4816F49724490448845674606D8CE
:10CCB000A2F1E872A2F5D432069FA2F5A572013363
:10CCC0009BB26A62EB83A28A9A423844E7D8DDE9D4
:10CCD0000971AA8363680344AB60A2686B69A86AA0
:10CCE00013446B6128B103681BB1D4E901329B1A6C
:10CCF0004360049A2846FFF76BFBE268AB69134474
:10CD0000AB61226993428CBF9B1A0023AB61A37D68
:10CD10001BB1EA7863F30002EA70E37D13B1013BD3
:10CD200085F82C30DDE90132039999546B786278EB
:10CD3000039201336B7011E73D46AA45AAF108033F
:10CD40007FF453AF0D9E089F009A0B9B92F818B08A
:10CD5000BBEB060518BF0125002B00F0B881049B32
:10CD60000799D2F800805B1ABBF1FF0F23F07F49CF
:10CD70005DD04FF0000A0896CDF804A00695C24693
:10CD80001646C846DDF8149005970BEB4B050AEBE9
:10CD900005142D01A2684A4500F27183019BA17818
:10CDA000E08B1344019363785B1AF1698A4234BFC4
:10CDB000891A0021A9EB0209A8EB020824BF4FF051
:10CDC000FF32F276F161A16ADBB2002900F06C81DA
:10CDD0000A68A769002A00F05481002F40F05481AE
:10CDE000022B00F047830022A2601AF80520327659
:10CDF0006168002940F00B81A26A2AB1127A02F020
:10CE00000702012A00F0E6803BB1012B00D020B1DF
:10CE1000236A13B1616A01209847A378637096F87A
:10CE200018B0BBF1FF0FB0D1069D089E059F009C76
:10CE30000B9B03995E4518BF1D462046FFF744FB38
:10CE4000CDE90156D4F800B003974FF0000C009BD9
:10CE5000197EFF29084600F07C830D464FF0FF093C
:10CE600005E000BF592B177F5A2B17FF1D462BB229
:10CE700003EB43030BEB03161B01B26A2AB1147ACE
:10CE800004F00704012C00F019821BF80330FF2B7B
:10CE9000A946EBD1DDE90156039FBCF1000F00F07C
:10CEA0001C818E4200F00483002F00F0458108466B
:10CEB000FF2800F05A83FF2E00F04283009B1B687E
:10CEC00000EB400003EB0013D3F808B0BBF1000FF8
:10CED00000F0EA820CF094FEDFF85482914F924EFB
:10CEE000DDF800A00A250246DAF814300192D11AC2
:10CEF00021F07F418B4505F1FF3501F103015CD93C
:10CF000059452CBF5B185B4423F07F494846DAF84B
:10CF1000283098470CF074FE019AA9EB0203821A9C
:10CF200022F07F42033223F07F439A42044646D9DF
:10CF3000002D00F0E6802246D6E7062A3FF40AAE2E
:10CF4000DDF800804046FFF709FAAB78A8606B7007
:10CF500098F81B2063789A427FF400AE1BF80630E5
:10CF6000062B3FF44DAE009AFF23D3761BF8063014
:10CF7000062B3FF445AE082B3FF442AE0499009BCC
:10CF80005A698B1A1D0209D4059A23F07F43134472
:10CF90000099CA699A4288BFCB61DFE5059B521AA6
:10CFA00022F07F4293428CBF9B1A0023F0E76A690C
:10CFB00013441B1A6B61002036E601230C93009A80
:10CFC00000235376937E0C9A1A4340F095800FB05D
:10CFD000BDE8F08FA378C4F808906370079B019AAE
:10CFE00071699A1822F07F422046FFF7F1F9039BFE
:10CFF0000AF805306378CDF80CB00133DBB263700A
:10D0000096F818B0BBF1FF0F7FF4BFAE0CE7A36A30
:10D0100023B11B7A03F00703012BDBD0B4F81EC049
:10D02000BCF1000F4ED1B4F81CC0E646481C02907B
:10D03000D4E9087300220494704604E001388E4657
:10D04000441C724412D0DFF8ECE0384C3B449E4460
:10D05000A645F3D8DDF808E0A3F1E8730138A3F59D
:10D06000D433441CA3F5A5737244ECD1049C94F80A
:10D070002C006362002800F0F380A260A4F81EC0B8
:10D08000ACE7002F3FF4AFAE022B7FF4ACAE00282C
:10D090007FF4A9AE0A7A02F00702012A3FF4A3AE98
:10D0A000F76186F81BB09EE6A769002F3FF49BAEA0
:10D0B000022B7FF498AE0028F2D094E6069F0999DF
:10D0C000A28AE3E5A37863704FF0000EAEE7009C00
:10D0D00003992046FFF7F8F9217E8E427FF4E4AEF3
:10D0E000002F00F00F82009B002D40F06E825D76D5
:10D0F0009B7E002B3FF46BAF009B01225C6A0321F7
:10D100003FE540F65B4342463946304615F007FCA2
:10D1100085F31188BFF36F8F0323184602DF224681
:10D12000E2E600BF74AD0200F0AA0200592B177F9F
:10D1300088AA02005A2B17FF009B5A7A5C68531E7C
:10D14000DBB20125002A3FF4B2AECDE9075604EB6D
:10D15000C30301930694019B5E78DA785B68B24260
:10D1600018BF1D4667D036B206EB4606330105EB05
:10D170000616EB5C012B49D0022B51D1D6E901C137
:10D1800033699CF80040D6F80CE00593009BDEF86C
:10D190000080D3F800905869FF2CD6E905AB02D087
:10D1A0000B68834256D0009B4FF000081C7E08603D
:10D1B000FF2C27D0CDE90256CDF810C05646F246D6
:10D1C00009E0BA684244B04788B919F80540BB681D
:10D1D000FF2C984438D004EB440509EB0517204692
:10D1E000B9695B462D01002EEBD10029EDD00599E0
:10D1F000DDF810C0BB68DDE90256D64609B17A6A8F
:10D200000A6098448CF80040CEF80080B36A4FF072
:10D210000002B27013B1F16A00209847019BDA78DE
:10D2200001994E780B780136F6B2B34208BF00265A
:10D23000B2424E7097D1019A06998A42A2F1080330
:10D2400000F0D180019386E7DDE90256DDF810C0D9
:10D25000D646D7E704EB4404230119F80340A7E7B7
:10D2600090457FF60AAF8646481C0290029C0995BD
:10D27000704605E08E4672440130904580B212D966
:10D28000DFF8B8E2A84D3B449E44AE45F2D8A6462E
:10D29000A3F1E8737244A3F5D43301309045A3F5AC
:10D2A000A57380B2ECD8049C099D636260441FFAA8
:10D2B00080FCE2E60C9B0B93059301E4B1681C46ED
:10D2C0001346002940F00881D6F81880B8F1000F05
:10D2D00015D11A68002A40F0F880944A944995487C
:10D2E00040F6BD1315F01BFB002383F31188BFF339
:10D2F0006F8F0323184602DFB26A4FF00408009BC9
:10D30000DB69181D5368049319461368994280F02D
:10D31000C080A3EB010C1BF80430FF2B00F0B98098
:10D32000C445C0F0B6804FF0000E0595C246774662
:10D330000546CDF818903AE0A7F10409F144E1451B
:10D3400028BFE14608EB050084450DD3D1450BD33A
:10D35000B06900283DD0107A00073AD4B9EB080034
:10D3600002D0A84280F02881886A20B1007A00F0BB
:10D370000700012827D0886928B3496819B3B16923
:10D38000BE44043000EB0E0509B3107A0007ACEB85
:10D39000080103D58D4294BF294600211BF80330B4
:10D3A0000027FF2B22D008EB0E0AD4451ED303EB37
:10D3B00043030BEB03111B0188680744042FBBD800
:10D3C0004FF00009BEE71BF803300021E9E72946CA
:10D3D000E4E7002DC8D0A9EB0809A945C4D3294624
:10D3E000DDE9055904E0DDE907567CE6DDE905598C
:10D3F000049B0B4453601BF80400FF2818BF4FF038
:10D40000FF0E01D1C0E0184603B203EB43030BEB60
:10D41000031C1B01DCF808708F4280F0D1801BF8E0
:10D420000330FF2B8646A1EB0701ECD1FF28B1604A
:10D4300015D0B9F1FF0F1BF804106CD00FFA89F367
:10D4400003EB43031B010BF8031000B200EB400099
:10D4500003011BF803100BF804100BF80350F38BB7
:10D46000013BF383137A022161F3020313724FF03D
:10D47000010CECE400287FF4B6AC04270AE64B4626
:10D48000D21A009BA260069D089E059F93F818B0D3
:10D49000CDE4049B53601BF80430FF2B08BF002130
:10D4A00072D00023B360DAE7009B83F819B023E65B
:10D4B000002F7FF403AD009B5A7A5C68531EDBB2E9
:10D4C000002A3FF4FBAC65463FE61A464FF00408DD
:10D4D00015E7FF23039337E4144A1749154840F62C
:10D4E000B51315F01CFA002383F31188BFF36F8F77
:10D4F0000323184602DFD6F81880B8F1000F0DD0CC
:10D50000B26AFCE6009B5A7A5C68531EDBB2002AC2
:10D510007FF41BAEE7E5009B197696E7B36A002B14
:10D520003FF4DBAED5E600BF592B177F88AA020077
:10D5300010AB0200F0AA0200C8AA02005A2B17FF83
:10D540000CF05EFB04460CF023FB009BC8B1187E78
:10D55000B4E4DDE90156039FBCF1000F3FF4BDAD1B
:10D56000FF2E13D0002F3FF4E7AD0CF021FB044653
:10D57000B8B1009A00235376937E002B7FF4BCADA4
:10D5800025E5187E5C6199E4B16068E7002FECD175
:10D59000009B5A7A5C68531EDBB2002AE5D06546D0
:10D5A000D3E5009DE8610CF02BFB6C766861AB7EE7
:10D5B000002B3FF40CAD9FE5DDE90559014617E767
:10D5C0007F1ACCF80870704630E7187E70E400BF10
:10D5D000F8B5069E9DF81C50089CB8B9144F3A60E7
:10D5E0005A1E39727B727E60D2B273B106EBC202F0
:10D5F0005460114612F808398E4203EB4300A5EB44
:10D60000030304EB0014DDB2F2D10DB10120F8BD2B
:10D61000099B3B620A9B7B62FF240B9BBB623C76AF
:10D620000CF0EEFA7D817861FC76FD612846F8BD4C
:10D6300000C80020044B2C2202FB0033187A00386B
:10D6400018BF0120704700BF00C8002010B40B4B6A
:10D650002C2202FB0032546A64B100EB800200EB22
:10D66000420003EB8003A44601225DF8044B032132
:10D67000022060475DF8044B704700BF00C80020DF
:10D6800010B58AB00C9C00940D9C01940E9C0294E1
:10D69000BDF83C400394109C0494119C0594129C8A
:10D6A0000694139C0794149C089400240994FEF794
:10D6B000B5FE0AB010BD00BF10B4BDF81040049410
:10D6C0005DF8044BFEF7AABE2DE9F84F294DBDF8D1
:10D6D00034609DF83880044608462C2101FB045133
:10D6E00004EB840704EB470405EB84054C6804EB6A
:10D6F000C00E14F830909EF803409EF8017004F1BB
:10D70000010C5FFA8CFCE14598BF4FF0000C6745B7
:10D710009DF844902AD0DEF8047004EB44044FEAEC
:10D72000041A07EB04144FF0050B07F80AB0636006
:10D730000A9BA3600B9BE3600C9B23610F9BA3627E
:10D74000109BE36202236270A68284F8168084F83C
:10D750001790A3708EF803C0D1E9083698472B467E
:10D7600000220421B047A078BDE8F88F0120BDE871
:10D77000F88F00BF00C8002010B588B00A9C009444
:10D780000B9C01940C9C0294BDF8344003949DF8CA
:10D79000384004940F9C0594109C06940024079430
:10D7A000FFF792FF08B010BD2DE9F0411E4D06466F
:10D7B00008462C2101FB065E06EB860406EB4404BA
:10D7C000DEF8046005EB840706EBC00516F8306050
:10D7D000EC78697804F1010C5FFA8CFC664598BF1F
:10D7E0004FF0000C61451BD0696804EB440426012E
:10D7F00001EB04144FF0070801F80680A362069BB2
:10D80000E36202236270A37085F803C0DEE9083585
:10D8100098473B4600220421A847A078BDE8F08144
:10D820000120BDE8F08100BF00C800202DE9F041D3
:10D830001F4D064608462C2101FB065E06EB8604BA
:10D8400006EB4404DEF8046005EB840706EBC00534
:10D8500016F83060EC78697804F1010C5FFA8CFC02
:10D86000664598BF4FF0000C61451DD0696804EB18
:10D870004404260101EB04144FF0080801F8068067
:10D880006360069BA362079BE36202236270A3703E
:10D8900085F803C0DEE9083598473B46002204219D
:10D8A000A847A078BDE8F0810120BDE8F08100BF65
:10D8B00000C800200CF0A4B9401A20F07F40704747
:10D8C00001480021704700BF7F410100022801D0BC
:10D8D0000120704738B5044608461D4603F0E0FCB9
:10D8E00010B10020287038BD204638BD00230370D9
:10D8F0000B70704738B5054600200C4603F09AF9C6
:10D9000070B93DB9074B44B120681860A2889A806D
:10D91000002038BD044B002CF6D11C609C80F7E73A
:10D920000C2038BD34C800202CC800200128034634
:10D9300005D8044A0448002B08BF10467047002051
:10D94000704700BF34C800202CC8002001280AD826
:10D95000064A074B002818BF1346186808609A88C3
:10D960008A80184670470023184670472CC800204C
:10D9700034C8002010B504460AF088FB50B90BF0FB
:10D9800003F8D0B90BF02CFC50BB2046BDE810408A
:10D9900012F002B81C4A1D491D4840F6571314F0F6
:10D9A000BEFF002383F31188BFF36F8F0323184654
:10D9B00002DF0AF0E9FF0028E4D0134A13491448B3
:10D9C00040F65C1314F0ABFF002383F31188BFF320
:10D9D0006F8F0323184602DF0BF002FC0028D4D01F
:10D9E000094A0A490A4840F6681314F098FF0023D0
:10D9F00083F31188BFF36F8F0323184602DF20469D
:10DA0000BDE8104011F0C8BF68AB0200A4AB020033
:10DA1000F0AA02000860014811F0BEBFFCD300204C
:10DA200011F0BABF2DE9F84F89462A4D99F8003018
:10DA300095F84010072B88BF0B469A423ED05C1CDD
:10DA4000E4B29246082C35F833200280834608BFA2
:10DA5000002405EBC303002601274FF012081AE04B
:10DA6000012833D0C3F8048089F8004095F840308D
:10DA7000072C98BF23469A4521D01AB20133DCB255
:10DA800035F83200BBF80010082C08BF002488428B
:10DA900005EBC20313D1586860B1FF28E0D90279C1
:10DAA00002F00302013A012A0CD912225A6003F053
:10DAB0000FFCD9E701365F60F6B2D5E700263046A5
:10DAC000BDE8F88F0136F6B20122EFE70136F6B273
:10DAD000CAE700BF68C800202DE9F047374F3B88F0
:10DAE00098425DD913F0FF0528D0DFF8DCA0DFF8FD
:10DAF000D0809AF81540DFF8CC909AF814300134B1
:10DB0000E4B2052C08BF0024A342404618D0FEF71B
:10DB100025FA064648468EB1FEF720FA002841D085
:10DB200006609AF815304AF823003B888AF81540B9
:10DB3000013D013B15F0FF053B80DED1BDE8F087DC
:10DB40003B88002BFAD0DFF884A01D4D9AF80D40D9
:10DB50001C4E4FF000080134E4B2032C9AF80C304C
:10DB600008BF0024A3422846E8D0FEF7F7F9814613
:10DB70003046B9F1000FE1D0FEF7F0F9C0B1C9F8B5
:10DB80000480C0F800909AF80D304AF823003B88D2
:10DB90008AF80D40013B9BB23B80002BDBD1CDE7E7
:10DBA0000546A2E730460649BDE8F047FEF7ECB966
:10DBB00048460349BDE8F047FEF7E6B9D0C8002063
:10DBC000D4C8002028C900200CD20020B0C80020F2
:10DBD0002DE9F84F414B424FDFF80891DFF8FCB0D8
:10DBE0000422981824214FF00008A7F81480FEF7AB
:10DBF0008FF93C4B042208219818FEF789F997F811
:10DC000014A07C7D04260134E4B2052C08BF002456
:10DC1000A245484613D0FEF7A1F90546584675B10E
:10DC2000FEF79CF9002854D0C5F8048005607B7D80
:10DC300047F82300013E16F0FF067C75E3D12A4B1E
:10DC40000822181D4FF48E71FEF762F9274B0A2245
:10DC5000181D0821FEF75CF92448FEF77FF90446F9
:10DC6000C8B1234A2046111FFEF7C6F91F48FEF728
:10DC700075F90446F0B11F4A2046111FFEF7BCF9A2
:10DC80001D4B0622FF201A80FFF726FF08F0D6FD65
:10DC90000020BDE8F88F194A19491A4840F6321396
:10DCA00014F03DFE84F31188BFF36F8F03231846F1
:10DCB00002DFD6E7114A1249124840F6391314F030
:10DCC0002EFE84F31188BFF36F8F0323184602DF03
:10DCD000D1E704492846FEF757F9B0E748D20020BB
:10DCE000DCD2002024D2002028C90020D4C8002083
:10DCF000CCC80020C4C80020D0C8002068AB0200F7
:10DD000060B00200F0AA02002DE9F04FDFF898821F
:10DD1000DFF88492DFF888B2DFF8A4A287B0D8E9F0
:10DD2000000103AAFEF780F90546002834D0039CC1
:10DD3000002C71D0207804AA02A903F039FF044610
:10DD4000002855D0DDE90313BDF808200F78ADF8A1
:10DD50000A20059305AE0DF10A0503F03BFF2146AD
:10DD6000059ABDF80A0003F07BFF204603F0FCFE95
:10DD700032462946384603F01BFF04460028ECD102
:10DD8000D9F8000011F008FED8E9000103AAFEF757
:10DD90004BF905460028CAD104AA02A90DF10700D3
:10DDA00003F0EEFE0446002846D0049B05939DF840
:10DDB0000770BDF80830ADF80A3005AE0DF10A0560
:10DDC00003F008FF2146059ABDF80A0003F048FF5A
:10DDD000204603F0C9FE32462946384603F0E8FEE5
:10DDE00004460028ECD16C4B186811F0D5FD96E77D
:10DDF000039B05931B79013B172B20D8DFE803F029
:10DE00002F43861F1F1F1F1F1F1F1F1F1F1F1F1F87
:10DE10001F1F1F1F1F1F7B2F604840F604235A46F9
:10DE2000514614F07CFD84F31188BFF36F8F0323F8
:10DE3000184602DF039C7DE707B0BDE8F08F584A23
:10DE40005849564840F6A43314F069FD002383F383
:10DE50001188BFF36F8F0323184602DF5FE7524933
:10DE6000D8F804000022FEF7E7F8504B059993F824
:10DE7000413028460B704E4AFEF7CCF8464B1868E6
:10DE800011F08AFD4BE74849D8F804000022FEF75C
:10DE9000D3F8059EB46844B1237803F0FF07002B44
:10DEA0006AD02378013BDBB22370337B23B1012B93
:10DEB00052D13046F2F7BCFF3E4A00273773537DFC
:10DEC000117D0133DBB2052B08BF3B46994234D0AC
:10DED0003560517D42F821605375002C3FF41FAF2F
:10DEE0002378002B7FF41BAF6369002B3FF417AF3F
:10DEF000A069984713E72C49D8F804000022FEF7E0
:10DF00009BF80599284603F06FFC08E705A9284609
:10DF100003F094FC2449D8F804000022FEF78CF8A2
:10DF2000059900293FF4FBAE0B792D2B3FF4F7AE9A
:10DF30001E4B284693F841309CE7194A1E49174862
:10DF400040F6124314F0EBFC87F31188BFF36F8F98
:10DF50000323184602DFC0E7114A12490F4840F672
:10DF60000B4314F0DCFC002383F31188BFF36F8FA5
:10DF70000323184602DF9FE7094A1049074840F685
:10DF8000B43314F0CCFC87F31188BFF36F8F0323F5
:10DF9000184602DF85E700BFF8D30020F0AA020090
:10DFA00068AB0200C8AB0200C8C8002068C80020E7
:10DFB000C4C80020DCD20020CCAB0200B0AB020011
:10DFC000ACAB020030B5314B314C186087B00BF070
:10DFD000D1FD2378002B53D02E492F4A2F4D059584
:10DFE0004FF0050C81F808C02D4C04922D4A0220F8
:10DFF000CDE9022404230D24CDE900142A4A087433
:10E0000008760B7000200621FFF7E2FA40BB0122E0
:10E01000002126481BF092F809F0CAFF044610B10F
:10E02000204607B030BDFFF7D3FD04460028F7D1E6
:10E030000AF092FC04460028F2D102F0A7FD044643
:10E040000028EDD10BF0C0F804460028E8D103F019
:10E0500077FB04460028E3D10120F3F769FCDFE7F2
:10E06000134A1449144840F2762314F058FC002354
:10E0700083F31188BFF36F8F0323184602DFC6E7CF
:10E08000FDF7EAFF01232370A6E700BFF8D30020C5
:10E09000BA00012084D60020F9A60100F9A70100EA
:10E0A00091A6010014D40020A4D60020FCD30020A7
:10E0B00068AB0200A4AB0200F0AA020010B586B063
:10E0C00002F074FD002835D103F03CFB002844D158
:10E0D0000024414B2046A3F84040F3F729FC3F4978
:10E0E0003F4A404BA1F8004194829C810122214685
:10E0F00068461BF023F83C4B224621460320C3F818
:10E1000008D0FDF7FFFF002857D14FF0FF324FF046
:10E11000FF33684611F07AFC02F04EFD00283CD136
:10E12000FFF756FD48BB0021012006B0BDE81040B6
:10E13000FFF7E0BB2D4A2E492E4840F22E3314F053
:10E14000EEFB002383F31188BFF36F8F0323184680
:10E1500002DF03F0F7FA0028BAD0244A2449254800
:10E1600040F25A3314F0DBFB002383F31188BFF332
:10E170006F8F0323184602DFAAE71C4A1C491D487B
:10E1800040F2A33314F0CBFB002383F31188BFF3D9
:10E190006F8F0323184602DFC5E7144A1449154858
:10E1A00040F2963314F0BBFB002383F31188BFF3D6
:10E1B0006F8F0323184602DFB2E70C4A0E490D4861
:10E1C00040F2893314F0ABFB84F31188BFF36F8FF7
:10E1D0000323184602DF98E768C80020F4D2002025
:10E1E0000CD20020B0C800200C05002068AB020053
:10E1F000A4AB0200F0AA0200DCAB020008B5FFF7F6
:10E200005DFFBDE8084009F003BF00BF2DE9F04FF6
:10E21000DFF8F490364E83B007468846A9F14004F3
:10E2200000233B60D6E9000101AAFDF7FDFE05468B
:10E2300000284BD0019B49461A784046FFF7F2FB75
:10E24000034600284AD194F840208DF8012094F824
:10E2500041200DF101010DF102009A46FFF7E2FBAA
:10E260004AEA000212F0FF0A0346F0D1019B1A7934
:10E27000012A37D1DFF894B0706852463146FDF775
:10E28000DBFE0BF104012846FDF77EFEBBF80030F3
:10E29000052B0AD8019817490133ABF80030FDF778
:10E2A00073FE0120FFF718FCBAE7134A134914481C
:10E2B0004FF4D76314F033FB8AF31188BFF36F8FE9
:10E2C0000323184602DFBBF80030E3E70D49404660
:10E2D00091F841204031FFF7A5FB0346184603B0F3
:10E2E000BDE8F08F3B605346184603B0BDE8F08FA1
:10E2F000C0C8002028C9002068AB0200E4AB0200BF
:10E30000F0AA020068C80020A8C80020D0C80020D9
:10E31000F0B5624983B000234868019301AAFDF774
:10E320008BFE0446002868D020465D49FDF72CFE90
:10E33000019B1C791D2C10D8DFE804F0200F0F2062
:10E340000F0F0F0F0F0F0F0F0F0F0F0F0F0F0F0FDD
:10E350000F0F0F32202020202020524A52495348CC
:10E3600040F2735314F0DBFA002383F31188BFF3F8
:10E370006F8F0323184602DF03B0F0BD002CFBD1E2
:10E38000484A4B49494840F26F5314F0C8FA84F3A5
:10E390001188BFF36F8F0323184602DF03B0F0BD6F
:10E3A0001A7F3C2A38D05C7FC4B19B681C68606EC1
:10E3B00020B100233F496366FDF7E6FD94F86A301B
:10E3C0006FF3000384F86A30002002F033FC10F091
:10E3D000FF00D1D108F0DCFE03B0F0BD314A324974
:10E3E000324840F2F64314F09AFA84F31188BFF3EE
:10E3F0006F8F0323184602DFE6E72A4A2E492B488F
:10E4000040F2354314F08BFA84F31188BFF36F8F19
:10E410000323184602DF87E79E68D6E90045F5B179
:10E4200000277760AB6F6BB11E4A24491F4840F24A
:10E43000B24314F074FA87F31188BFF36F8F03238C
:10E44000184602DF05F16C0105F16800FDF7D8FD03
:10E45000064698B12868AE6702F00CFFAEE7114A95
:10E460001749124840F2AF4314F059FA85F3118866
:10E47000BFF36F8F0323184602DFD1E7094A114922
:10E480000A4840F2B54314F04AFA86F31188BFF304
:10E490006F8F0323184602DFDCE700BFC0C80020EF
:10E4A000D4C8002068AB0200C8AB0200F0AA02008A
:10E4B00054AC020028C9002060B0020030AC020059
:10E4C00024AC020048AC02002DE9F0470468814604
:10E4D0005CB3DFF86C81DFF888A1584F26462468CA
:10E4E00035791D2D10D8DFE805F03C0F0F3C0F0FDC
:10E4F0000F0F0F0F0F0F0F0F0F0F0F0F0F0F0F0F2C
:10E500000F28583C3C3C3C3C40F2AC6342465146F0
:10E51000384614F004FA002383F31188BFF36F8F99
:10E520000323184602DF002CD8D10023C9F800309D
:10E53000BDE8F047FF20FFF7CFBA337F3C2B66D012
:10E54000F3B13F4A3F493D4840F2D75314F0E7F951
:10E55000002383F31188BFF36F8F0323184602DF74
:10E5600035796DB9384940F22D634246384614F08A
:10E57000D6F985F31188BFF36F8F0323184602DFA6
:10E58000324D2B88052B31D8013331492B80304651
:10E59000FDF7FAFC002CA1D1C7E7F688002EC2D106
:10E5A000304602F075FED0F8943005466BB1244A2F
:10E5B0002849224840F29B6314F0B1F986F3118890
:10E5C000BFF36F8F0323184602DF05F1880105F1C1
:10E5D0008400FDF715FD064608B3C5F8946028468B
:10E5E00002F048FE002C7FF479AF9EE71A494FF401
:10E5F000D7634246384614F092F9002383F311881A
:10E60000BFF36F8F0323184602DF2B88BCE7104946
:10E610003046FDF7B9FC002C7FF460AF85E7084A6F
:10E620000E49064840F29E6314F079F986F311888A
:10E63000BFF36F8F0323184602DFCEE7F0AA020074
:10E6400068AB020078AC020084AC0200D0C80020A5
:10E6500028C90020ACAC0200E4AB020060B00200AC
:10E66000C8AB02000148FDF779BC00BFD4C8002048
:10E670000149FDF789BC00BFD4C800200148FDF75F
:10E680006DBC00BF28C900200149FDF77DBC00BF5B
:10E6900028C90020034B044A93F841300B70FDF762
:10E6A000B9BC00BF68C80020C4C8002008B5064B2C
:10E6B000064A93F841300B70FDF7ACFC044B186828
:10E6C000BDE8084011F068B968C80020C4C800203F
:10E6D000F8D300200B490A7B4B7B9A420AD8A3EB64
:10E6E000020C5FFA8CFC604509D89A4207D051F8B9
:10E6F0002200704703339B1ADBB29842F7D90020FF
:10E70000704700BFB0C80020074A117B537B8B4283
:10E7100008D04B1CDBB2032B08BF002352F82100AA
:10E720001373704700207047B0C8002008B5134A23
:10E7300092F841C092F840E00CF10103DBB2082BE3
:10E7400008BF00239E4508D022F83C0002EBCC0C09
:10E75000CCF8041082F8413008BD094A09490A483A
:10E7600040F2127314F0DBF8002383F31188BFF337
:10E770006F8F0322104602DF1B80FFDE68C8002077
:10E7800068AB0200B0B10200F0AA0200002204232C
:10E7900002700B70704700BF002208B511460B4B8A
:10E7A0000120FDF7AFFC00B908BD094A09490A4834
:10E7B00040F2317314F0B3F8002383F31188BFF3F0
:10E7C0006F8F0323184602DF08BD00BFFC04002042
:10E7D00068AB0200C4AC0200F0AA0200022810B527
:10E7E0000C4602D00B68022B07D004484FF0FF32D2
:10E7F0004FF0FF3311F00AF9206810BDFCD3002060
:10E8000004490A680AB1104670470246086010467B
:10E81000704700BF64C80020044A136823B19842BF
:10E8200006BF0021116000231846704764C800200D
:10E83000014B1868704700BF64C8002004490A688B
:10E840000AB110467047024608601046704700BF84
:10E85000ACC80020044A136823B1984206BF0021C7
:10E860001160002318467047ACC80020014B18689F
:10E87000704700BFACC8002030B505682B7887B062
:10E880005BB304460122002168461AF057FC144B82
:10E89000C5F818D06B612B78FBB1124B00221146E2
:10E8A00003209C60FDF72EFC38B94FF40042002392
:10E8B000684611F0ABF807B030BD0B4A0B490C4865
:10E8C00040F2E97314F02BF8002383F31188BFF3AF
:10E8D0006F8F0323184602DFE7E76FF07700EAE760
:10E8E00021DA0000EC04002068AB0200C4AC020096
:10E8F000F0AA0200F0B5254E336885B00C461746E5
:10E90000002B36D0994215D10223039303AB024664
:10E91000009303211E4B0020FEF746FF0228054608
:10E920000CD0039B022B09D195B133680BB19C42EB
:10E9300021D014B36FF02D0005B0F0BD15484FF095
:10E94000FF324FF0FF3311F061F8039D002DECD141
:10E950003846FFF791FF33680BB19C4211D0002C71
:10E96000E8D10028E8D010F1780F08BF002005B0EA
:10E97000F0BD3160C8E7002333606FF0770005B069
:10E98000F0BD35600028D7D0EDE700BF64C8002097
:10E9900015DA0000FCD300200B490A7D4B7D9A421A
:10E9A0000AD8A3EB020C5FFA8CFC604509D89A42A6
:10E9B00007D051F82200704705339B1ADBB298420A
:10E9C000F7D90020704700BF0CD20020074A117D04
:10E9D000537D8B4208D04B1CDBB2052B08BF0023B4
:10E9E00052F8210013757047002070470CD20020A8
:10E9F00038B50C46054603F0BDF820702146284680
:10EA0000024ABDE83840FDF705BB00BFCCC8002076
:10EA10000122024B11460020FDF774BBDC040020EC
:10EA200070B50C46054603F0A5F821462070064A4D
:10EA30002846FDF7EFFA0122BDE87040034B11466E
:10EA40000020FDF75FBB00BFCCC80020DC04002025
:10EA50002DE9F0431A4D9DF81C8095F801C10CF189
:10EA6000010E5FFA8EFEBEF1080F994695F800314F
:10EA700008BF4FF0000E73451DD0144605EB4C1C2B
:10EA8000E36807460E4610685168926864460FC4F2
:10EA90009CF81C30CCF8186008F0010823F0030340
:10EAA00043EA0803CCE904978CF81C3085F801E1AF
:10EAB0006046BDE8F0834FF0000C6046BDE8F0838F
:10EAC000F4D20020054890F8003190F801219A42D4
:10EAD00014BF00EB43100020704700BFF4D20020A9
:10EAE00001460B480A7890F80131072A84BF90F854
:10EAF00000210A70934208D0531CDBB2082B08BFD8
:10EB0000002300EB42100B7070470020704700BFDD
:10EB1000F4D200202DE9F04F444F97F8004197F8C8
:10EB2000013185B0A34202903FD04FF0000A07EBBD
:10EB300044140A25CDF80CA0D346CDF804A0267FB6
:10EB4000D4F80C90C6F3400806F00106002D47D01B
:10EB5000013DEDB2B8F1000F2AD097F8013197F8D6
:10EB60000041A34221D00134E4B2082C08BF0024A4
:10EB7000A34287F8004118D007EB4414E368B8F1CA
:10EB8000000FDCD1002E3AD1019A002A47D0BBF108
:10EB9000000F08BFCB46227F9107D0D4D20735D4CF
:10EBA000019A9A4201D09B45C9D105B0BDE8F08FCA
:10EBB0001F4B02989C6042464146FDF7A3FA00288D
:10EBC000CBD01C4A1C491D4840F67E0313F0A7FE1B
:10EBD00088F31188BFF36F8F0323184602DFBCE769
:10EBE000144A1749154840F66F0313F098FE85F351
:10EBF0001188BFF36F8F0323184602DFA8E7039A3B
:10EC000082B1BAF1000F08BFCA46C4E7BBF1000FDA
:10EC100095D1039A9A42C8D09A4590D1C5E7CDF8CC
:10EC20000490B8E7CDF80C90B5E700BFF4D200200F
:10EC3000CC04002068AB0200C4AC0200F0AA0200C1
:10EC4000CCAC0200054B1A7D597D914204D053F89B
:10EC5000220010B10C30704700207047DCD2002039
:10EC600070B5134A117D537D8B421ED04B1CDBB215
:10EC700052F82140052B08BF00231375ACB10223C5
:10EC80000025266823712560A06002F073FF094A01
:10EC9000207021463046FDF7BDF90122064B114692
:10ECA0002846FDF72FFA204670BD0024FBE700BF81
:10ECB000DCD20020CCC80020DC04002010B582B0DB
:10ECC0000024CDE90044049B09F098FB02B010BD7C
:10ECD00010B50346007F1A699969012482B020406B
:10ECE000CDE90004586909F089FB08B1773001D1FA
:10ECF00002B010BD074A084908484E2313F00FFE22
:10ED0000002383F31188BFF36F8F0323184602DFBC
:10ED100002B010BDD4AC020018AD0200F0AA02008F
:10ED200010B50469FFF76AFA40B90C48F6F778F9AC
:10ED30000B48F6F775F90020206010BD094A0A4912
:10ED40000A4840F2793313F0EAFD002383F3118877
:10ED5000BFF36F8F0323184602DFE6E71810002089
:10ED6000500F00202CAD0200A4AB0200F0AA02005C
:10ED70002DE9F047464FD0F81080DFF81CA1DFF8EE
:10ED80001C9182B006464FF0FF324FF0FF333846F9
:10ED900010F0D0FD0028F6D043790190042B22D842
:10EDA000002B4FD13B4840F212235246494613F004
:10EDB000B6FD002383F31188BFF36F8F0322104643
:10EDC00002DF019A01A81360FFF77EFB4FF0FF32CC
:10EDD0004FF0FF33384610F0ADFD0028D3D0437913
:10EDE0000190042BDCD9052BDCD14FF0FF324FF022
:10EDF000FF330820F6F7B6FF04462146019800F0DD
:10EE00005FFF019B00221A6001A8FFF75DFB002C49
:10EE1000B9D0204614F057FD21460546002014F0D5
:10EE200078FD2B8A0446294630463BB1D8F800309D
:10EE3000984711F0E9FA002CEBD1A4E72846F6F741
:10EE400033FDF6E7022B13D04FF0FF324FF0FF33C4
:10EE50000220F6F787FF044601989CB1214600F096
:10EE60006BFF019B00221A6001A8FFF72DFBD0E782
:10EE70000022002301210020F6F784FF04460198B8
:10EE8000002CEBD1046001A8FFF71EFB7BE700BF5D
:10EE9000C8D70020F0AA02002CAD0200C8AB0200C7
:10EEA000F0B50546076989B00E461F481AF0EFF81D
:10EEB0004FF0FF3200211D481AF040F91B48FFF7C0
:10EEC00081F8044660BB3E60F1F7DAFC00260027BB
:10EED0006FF00903CDE90334CDE90667CDE90144BC
:10EEE000134B144900954FF40072134811F096F833
:10EEF000124911481AF054FA6FF00702CDE90324C1
:10EF0000CDE90667CDE901440D4B0E4900954FF45C
:10EF100060720D4811F082F80C490B481AF040FA63
:10EF2000204609B0F0BD00BFC8D70020E0D70020C0
:10EF300069EF000080140120181000206CAD020061
:10EF400071ED000080100120500F002078AD02000C
:10EF50000B7E0269022B01D013681847CB681B781F
:10EF6000052BF9D1704700BF2DE9F043DFF8C480CD
:10EF70002F4F83B005460DE0F6F704FF2246BDF89B
:10EF80000210044601F0AEF921462846FFF7E0FFE3
:10EF900011F03AFA0DF1020101A8FFF737F9044622
:10EFA0004FF0FF324FF0FF3300211320002CE3D14C
:10EFB000019BB3B1FFF7ACF9DDF80490484601F0CE
:10EFC000A9F9019E89F805007379032B02D13379E1
:10EFD000182B0ED0314638461AF097F8019B002BBB
:10EFE000D8D14FF0FF324FF0FF33404610F00EFD06
:10EFF000D0E74FF0FF3321464FF0FF320520B6F83F
:10F000000690F6F7BFFE49460246044606F11C008C
:10F0100000F02EFE484600F04BFE2146284624B163
:10F02000FFF796FF2046F6F73FFC019ED2E700BFB0
:10F03000C8D70020E0D7002070B50B8A82B033B16A
:10F040000B7E012B0C46064619D0042B04D06FF022
:10F050001505284602B070BD01A9204600F0AAFDA2
:10F060000199054611B13046FFF772FF002DF0D12E
:10F070002046F6F719FC0025284602B070BD002393
:10F0800001A92046019300F02BF901460028EFD09A
:10F090003046FFF75DFF019D002DE9D0284601F0C5
:10F0A00039F96871019902481AF02FF8E0E700BFBA
:10F0B000C8D7002010B511F057F9054C204619F0BB
:10F0C000F2FF204619F0E3FFBDE8104011F060B9EF
:10F0D000C8D700202DE9F0411A4C6468A40004D57B
:10F0E0001646194A1268120701D4BDE8F08103F1EF
:10F0F0000C0405460F462046022114F027FC40F67A
:10F100003E4303800121204614F020FC03460422E4
:10F1100020461A700B2114F019FC0570A0F801604C
:10F120003DB97B68BA68C0F80720C0F80330BDE875
:10F13000F0814FF00008C0F80380C0F80780BDE8F8
:10F14000F08100BF9801002090010020F0B5013847
:10F1500087B0144611280AD8DFE800F0233F55098C
:10F160000967097998AB090909090909090D6FF0BF
:10F17000150007B0F0BDCB68DA789978188807F0E9
:10F1800049FB554B06460121188815F0F5F8012179
:10F1900005460C3014F0DAFB06702560002007B03D
:10F1A000F0BD4D4B0D21188815F0E6F80D212060BB
:10F1B0000C3014F0CBFB4FF0021400234FF48061AD
:10F1C00001220370C0F80140A0F80510C27103725B
:10F1D00043728372C3720373E0E73F4B4121188887
:10F1E00015F0CAF8412120600C3014F0AFFB00216B
:10F1F00004463E2200F8031B1AF0EFFA40F2A73350
:10F20000A4F80130CAE7344B0921188815F0B4F886
:10F21000092120600C3014F099FB0346002203F80A
:10F22000012BC0F801205A60B8E7C9680020FEF73A
:10F2300061FB294B0121188815F09EF80121054634
:10F240000C3014F083FB002303702560A6E7234EE7
:10F25000214F0FCE01AD0FC5336838882B701221B6
:10F2600015F08AF8122120600C3014F06FFB044670
:10F27000002301AE04F8013B84460FCE2D78CCF874
:10F2800001006160A260E360257487E7124B1821DA
:10F29000188815F071F8182120600C3014F056FB16
:10F2A00000230446012100F8023B0AF0E9FB6070EC
:10F2B00074E7094B2121188815F05EF821212060A0
:10F2C0000C3014F043FB0146002301F8113B0130E0
:10F2D0000AF026FC62E700BF7CEF002094AD02003C
:10F2E0002DE9F041038A8CB00022022B079230D91D
:10F2F000044603210C3014F05AFB228A83789A4288
:10F3000027D30088D14EC0F38523082B30801FFA05
:10F3100080FCC0F3090509D8A3B1013B072B11D824
:10F32000DFE803F01C10284C101010643F2B09D1AB
:10F3300007AA21462846FFF709FF163040F0298426
:10F34000B6F800C0012160460CB0BDE8F04115F0F0
:10F3500025B8002420460CB0BDE8F081062D00F051
:10F36000D1831D2DEED1E368188802F0BDF8014667
:10F370003088E9E7632D00F0098400F2EE80032D68
:10F3800000F0E0832D2D40F0D380E3686046042137
:10F390001E8893F8028014F0EFFF042104460C301D
:10F3A00014F0D4FAB7B20546C31C424639460220CF
:10F3B000FEF78CFAA5F801602870CBE7681E0828D4
:10F3C000C0D801A353F820F021F60000D5F50000C5
:10F3D000AFF5000045F3000045F3000045F30000E1
:10F3E00045F3000045F300008FF50000681E4D282E
:10F3F000A8D801A353F820F085F6000061F60000BC
:10F400002DF7000045F3000023F7000007F7000088
:10F41000EDF60000E1F60000D5F60000B5F60000BC
:10F4200045F3000045F3000045F3000045F30000FC
:10F4300095F600009BF9000093F900008BF900009D
:10F4400069F9000045F3000041F9000033F90000BC
:10F45000F9F80000D9F8000045F30000CFF80000EB
:10F46000BFF800009FF8000045F3000045F30000DE
:10F4700045F300007FF8000065F8000055F8000033
:10F4800021F8000015F8000045F3000045F30000E6
:10F4900057FA00004FFA000049FA000029FA00006C
:10F4A000F7F90000C5F90000BBF90000ADF9000054
:10F4B000BBFA000065FA0000F5F70000A3F70000B2
:10F4C00045F3000045F3000045F3000045F300005C
:10F4D00045F3000045F3000045F3000045F300004C
:10F4E00045F3000045F3000045F3000045F300003C
:10F4F00045F3000045F3000045F3000045F300002C
:10F5000045F3000045F3000045F3000045F300001B
:10F5100045F3000045F3000045F3000045F300000B
:10F5200081F7000045F3000045F3000077F7000085
:10F53000012D7FF407AFE268454B116852681960EE
:10F54000604629465A6014F017FF012104460C302A
:10F5500014F0FCF900230370FCE67B2D00F0DA8246
:10F560007C2D7FF4EFAEE3681F885988B8B202F0B3
:10F57000B5F805460321308814F0FEFE0321044649
:10F580000C3014F0E3F90570A0F80170E2E6604673
:10F59000072114F0F1FE072104460C3014F0D6F9CF
:10F5A0000146002001F8010BFEF7D0F9D2E609214F
:10F5B000604614F0E1FE092104460C3014F0C6F94F
:10F5C0000346002203F8012B6021C0F801205A6095
:10F5D0004171BFE66046412114F0CEFE4121044650
:10F5E0000C3014F0B3F9002105463F2200F8021B4D
:10F5F0001AF0F3F80423174AEB72EB75202316492F
:10F60000C5F81A20C0204FF490626B704FF40A7353
:10F61000A871C5F82110A5F82720A5F80F3099E6A4
:10F620000921604614F0A8FE092104460C3014F0AC
:10F630008DF94FF450610023084A01800D21837039
:10F64000C3700171C0F8052084E600BF7CEF002084
:10F6500098010020F7C3F70E30F0F97FF105FFFFA6
:10F660000421604614F088FE042104460C3014F096
:10F670006DF900236FF00401032203704170837061
:10F68000C27067E6E268C64B11685268196060464E
:10F69000012157E76046022114F06EFE0221044664
:10F6A0000C3014F053F900230370054607F018FAE4
:10F6B00068704FE6E3681878F1F70AF9054601210A
:10F6C000308814F059FE012104460C3014F03EF944
:10F6D00005703FE6E16811F8010B01F0CBFBEDE7A7
:10F6E000E16811F8010B01F057FBE7E702216046E2
:10F6F00014F042FE022104460C3014F027F90023D6
:10F700000370437026E6E468A57BA37962792179CA
:10F7100020880295657B01950734009401F042F939
:10F72000CCE7E1680120FEF7E5F8C7E7604609216C
:10F7300014F022FE092104460C3014F007F90346A8
:10F74000002503F8015BC0F801505D600646FEF736
:10F75000B7F82B4661F30703C1F3072262F30F23C7
:10F76000090C61F31743090A61F31F63C6F801002E
:10F77000C6F80530EEE5E068C17907F0B7FC9DE713
:10F780006046032114F0F8FD032104460C3014F008
:10F79000DDF80146002301F8023B0130FEF7A6F830
:10F7A000D8E5E26891781088B2F80540CB0703D518
:10F7B000D37843F00303D37013798F07D17844BF14
:10F7C00043F00303137143EA0102032A00F2E781C5
:10F7D0004D0700F0E1815A0700F0DE8114F00302CA
:10F7E0001CBF04F1FF3404F0010201F011FF0146D7
:10F7F0003088A9E5E3681A78D10744BF072159701A
:10F8000092074CBF07219978587848BF997001F04A
:10F81000F5FE53E7E3685988188801F0BBFE4DE711
:10F820006046052114F0A8FD052104460C3014F0B3
:10F830008DF808A905460DF11A0001F09FFEBDF8EC
:10F840001A30A5F80130BDF82020A5F803200023C8
:10F850002B707FE5E3681F889A885988B8B201F059
:10F8600063FE86E6E268178892780023CDE90233CA
:10F87000CDE900330221B8B201F078FD79E6E16804
:10F8800000220F884B88039208890290C888019053
:10F8900089880091B8B2022101F068FD69E609216A
:10F8A000604614F069FD092104460C3014F04EF84E
:10F8B0003C493D4A01600023426003724AE5E36827
:10F8C0001F8800220621B8B206F092FF51E6E268D6
:10F8D000002132F8027BF6E76046092114F04CFD66
:10F8E000092104460C3014F031F8002300F8013BE4
:10F8F000082108F09DFB2DE5E068002308AA00F12F
:10F9000010010AF0DDFF3088112114F035FD1121BE
:10F9100004460C3014F01AF80646002306F8013BA2
:10F9200008AD07460FCDC7F801007160B260F36003
:10F9300010E5E368188801F0B5FD0146308803E55D
:10F94000E368604608211E8814F016FD082104466D
:10F950000C3013F0FBFF0546E91CB0B201F04AFD84
:10F96000A5F801602870F5E4E16800224B8808885A
:10F9700003920C890294CC880194898800911146E5
:10F9800001F0F4FC01463088DEE4E06807F05EF93F
:10F9900094E6E06807F0CCF890E607F0A3F88DE66F
:10F9A00090010020008FCC30ECC00100E368188883
:10F9B00007F092FB30880121C5E5E368187807F06D
:10F9C00077FB7BE6E368186808909A889B798DF846
:10F9D000263060460721ADF8242014F0CDFC072125
:10F9E00004460C3013F0B2FF0546411C08A807F08E
:10F9F0002BFB2870AEE4E368186808909A889B791E
:10FA00008DF8263060460721ADF8242014F0B4FCB0
:10FA1000072104460C3013F099FF0546411C08A845
:10FA200007F0D8FA287095E46046022114F0A4FC8F
:10FA3000022104460C3013F089FF054607F09AF9BD
:10FA4000002368702B7085E407F096F936E6E068CD
:10FA500007F0D0F932E6E06800F11702C11D07F0A7
:10FA600061FD2BE6E368604605211E8814F084FCE6
:10FA7000052104460C3013F069FF05462A1DB0B27B
:10FA8000E91C01F09DFDEB782A792870002B93FA90
:10FA9000A3F3B3FA83F308BF4FF0FF330133EB70E6
:10FAA000002A92FAA2F3B3FA83F308BF4FF0FF33B0
:10FAB0000133A5F801602B714CE46046092114F074
:10FAC0005BFC092104460C3013F040FF08AB0546EF
:10FAD0000DF11A0206A90DF1160001F065FDBDF841
:10FAE0001630A5F80130BDF81830A5F80330BDF880
:10FAF0001A30A5F80530BDF82020A5F8072000230E
:10FB00002B7027E4E3689978188801F095FC01468A
:10FB1000308819E4E3681F8808A9B8B201F0AAFD8B
:10FB200005210546308814F027FC052104460C30D9
:10FB300013F00CFF0570A0F80170BDF82030A0F89C
:10FB4000033007E4174B184A4FF0FF3041F6FF71BE
:10FB5000C3E90001154B00200021C2E900011F206C
:10FB60000021C3E90001FEF7A9FA3088012114F051
:10FB700003FC012104460C3013F0E8FE00230C4A7C
:10FB800003701360FFF796FAFFF7E4BBE268064BD9
:10FB90007AE5079CFFF7DEBB1221FFF7D4BB1121EA
:10FBA000FFF7D1BB98010020E01000209001002059
:10FBB000F8D700202DE9F84300230B60038A032BBC
:10FBC0002ED9054688460C30042113F0F0FE2B8A0E
:10FBD0004788B0F80090BB4222D3FB2F20D801F019
:10FBE00071FB4FEA193633460446F8B19B0817D12A
:10FBF000D6B1012E14D12379677166F30103237105
:10FC0000E9683A46E01D19F0C0FD2146C9F30B0032
:10FC100001F064FB08B9BDE8F883204601F058FB09
:10FC20006FF01500BDE8F8830226E4E70F4B1B6870
:10FC30009B0117D54FF0FF324FF0FF330220F6F74C
:10FC400091F80221C8F800000C3013F07FFE4FF449
:10FC50008D730380D8F8000001210C3013F076FE7C
:10FC6000012303706FF06800D5E700BF9801002002
:10FC7000F8B50E4B1B68DB0600D4F8BD02F10C048E
:10FC800006460D462046022113F060FE034640F270
:10FC900005421A802046042113F058FE0027077001
:10FCA000A0F801503278C270F8BD00BF9801002062
:10FCB000024A1368013B1360704700BFF8D7002069
:10FCC00070B5037FC68803F00303013B012B0FD9F6
:10FCD000164A1749174842F2CF3312F020FE00238C
:10FCE00083F31188BFF36F8F0323184602DF70BDC3
:10FCF000044601F10C052846042113F027FE237F5A
:10FD000003F00303022B0CBF46F4005646F4805662
:10FD10000680637F4380617F284613F017FE627F71
:10FD200004F11F01BDE8704019F02FBDA8AD02001D
:10FD3000C8AB0200F0AA02002DE9F04390F804C01D
:10FD4000C688BCF1030F85B004460D4600F11C07C0
:10FD50000ED0ACF1170CBCF1060F00F2AF82DFE859
:10FD60001CF02B00880090002100C100D400F4009A
:10FD7000C37F033B122B00F21F81DFE813F0630106
:10FD80001D011D018A01B1011D01E3011D011D01BC
:10FD90001D01E8011D01BF011D011A001D011D010A
:10FDA0002D012D01C74B5B6818044FF0000400F1D2
:10FDB000398105B0BDE8F083F80700F1ED81277FB8
:10FDC000002F00F0E081BF4B5B689900F1D5BE4B7E
:10FDD0001B6840F20122134203F40078E9D00C358D
:10FDE000002F40F0F481B94A136801331360B8F171
:10FDF000000F00F00C820221284613F0A7FD41F607
:10FE00003E7303800121284613F0A0FD03460A2219
:10FE10001A7028461E2113F099FD0770A0F80160A2
:10FE2000637FC370A37F0371D4F81F30C0F805301F
:10FE3000B4F82330A0F80930D4F82B30C0F80B30D8
:10FE4000B4F82F30A0F80F30D4F82530C0F81130B6
:10FE5000B4F82930A0F81530638EA0F81730A38EBF
:10FE6000A0F81930E38EA0F81B3094F838304377AF
:10FE70009FE70A463846314605B0BDE8F043FFF734
:10FE8000F7BE904B5B689A004FF0000891D58E4BFF
:10FE90001B685B078DD50C350221284613F056FDF3
:10FEA00040F63E2303800121284613F04FFD034610
:10FEB0004FF00309284683F80090092113F046FD0E
:10FEC000FF07054600F1EC81237F2B70A5F8016048
:10FED000E38BA5F80330238CA5F80530638CA5F8D7
:10FEE000073066E77A4B1B6819027FF562AF0C3565
:10FEF0000221284613F02AFD40F2572303800221F5
:10FF0000284613F023FD068053E76E4B5B689A008A
:10FF10007FF54FAF6C4B1B681B037FF54AAF0C3569
:10FF20000221284613F012FD40F23E4303800121D6
:10FF3000284613F00BFD142303700321284613F009
:10FF400005FD0680237F837033E75E4B5B689F006F
:10FF50007FF52FAF5C4B1B6818057FF52AAF0C357A
:10FF60000221284613F0F2FC40F23E630380012197
:10FF7000284613F0EBFC0C2303700521284613F0F0
:10FF8000E5FC237F0370A0F80160627F002A92FAEB
:10FF9000A2F3B3FA83F308BF4FF0FF330133C3700A
:10FFA000A27F92FAA2F3002AB3FA83F308BF4FF0BC
:10FFB000FF3301330371FCE6464A4749474842F2A2
:10FFC000A33312F0ACFC002383F31188BFF36F8FCF
:10FFD0000323184602DFECE63A4B5B689A007FF594
:10FFE000E8AE394B1B685B067FF5E3AE0C350221AA
:10FFF000284613F0ABFC40F63E330380012128462F
:020000021000EC
:1000000013F0A4FC072303700A21284613F09EFC7A
:100010000680A38C4380E38C8380238CC380638C15
:100020000381C6E60C350221284613F08FFC4FF4FD
:100030004C7303800321284613F088FC0470A0F859
:100040000160B6E61F4B5B6899007FF5B2AE1E4BB0
:100050001B68DA067FF5ADAE0C350221284613F099
:1000600075FC40F63E5303800121284613F06EFCD8
:10007000052303700C21284613F068FC034623F87F
:10008000026B216A626AC0F802105A60238D4381B4
:100090008FE60C4B1B681B064FF000047FF589AE02
:1000A0000C350221284613F051FC4FF48163038084
:1000B0000421284613F04AFC01230470A0F80160D3
:1000C000C37076E69801002090010020F8D7002048
:1000D000E0100020A8AD0200C8AB0200F0AA0200A8
:1000E00090F820300E2B7FF464AE0B463246002190
:1000F0001A2005B0BDE8F043FEF7ECBF724B5B6819
:10010000980059D5714B1B68990655D50C350221BD
:10011000284613F01BFC40F63E330380012128469D
:1001200013F014FC062303700A21284613F00EFC7A
:100130000680238C4380638C8380A38CC380E38CF4
:10014000038136E60B46324639460020D1E75E4B46
:1001500090F820401B681F067FF52BAE0C3502215E
:10016000284613F0F3FB4FF48163038004212846F3
:1001700013F0ECFB002C08BF1F2400230470A0F830
:100180000160C37015E6A07F04F12503FF2204F18E
:100190001F0106F0DDFE16E64D4A4E494E4842F27A
:1001A000CF0312F0BCFB002383F31188BFF36F8FE2
:1001B0000323184602DF02E60023CDE90233CDE92E
:1001C00000331A220221304601F0D0F8F1E5B8F1EF
:1001D000000F4CD10221284613F0B8FB41F23E3308
:1001E00003800121284613F0B1FB01230370122183
:1001F000284613F0ABFBC0F80180C0F80580C0F8BA
:100200000980C0F80D8080F811800770D1E50221C7
:10021000284613F09BFB41F23E3303800121284620
:1002200013F094FB034601221A702846122113F0A2
:100230008DFB0770A0F80160637FC370A37F03F09C
:1002400001030371D4F81F30C0F80530B4F823302F
:10025000A0F80930638EA0F80B30A38EA0F80D3003
:10026000E38EA0F80F3094F838304374A1E50221F2
:10027000284613F06BFB41F63E73038001212846AC
:1002800013F064FB0A2303701E21284613F05EFB63
:1002900004461D220021013019F09FFA277088E5DD
:1002A0000B4A0E490C4842F2581312F038FB88F3FF
:1002B0001188BFF36F8F484602DF05E6044A0849FC
:1002C000054842F2BF237CE69801002090010020FF
:1002D000A8AD0200E4AD0200F0AA020020AE0200C8
:1002E000C8AB020070B500F10C040E462046022196
:1002F000154613F02BFB40F21353038005212046D3
:1003000013F024FB01230370A0F80160A0F8035050
:1003100070BD00BF0379032B09D0172B05D0183B04
:10032000052B8CBF00200320704701207047037FFE
:1003300003F00303032B14BF05200420704700BF04
:1003400030B583B01B4B079D1B4AEB1AA2FB03235E
:1003500013F47F5FC3F387141BD1A21C174B0095C6
:10036000D2B201210020FDF71FFA10F0FD0F0ED0D0
:10037000134A1449144840F6EB1312F0D0FA002344
:1003800083F31188BFF36F8F0323184602DF03B096
:1003900030BD0B4A0D490C4840F6E61312F0BFFA87
:1003A000002383F31188BFF36F8F0323184602DF06
:1003B000D3E700BF30D8002009CB3D8D6504010094
:1003C0005CAE0200A8AE0200F0AA02009CAE0200E1
:1003D000F8B505682F6E0646C7B16C6E00232B6614
:1003E00044B300211723696623714FF6FF73E3803E
:1003F00004F11C001E2219F0F0F93C232377A660BB
:1004000021463846BDE8F840FEF750B9114A124976
:10041000124840F6332312F082FA87F31188BFF3B3
:100420006F8F0323184602DF6C6E2F6E00232B663E
:10043000002CD6D1074A0A49084840F6372312F063
:100440006EFA84F31188BFF36F8F0323184602DF1F
:100450006C6EC6E75CAE0200C4AE0200F0AA0200F9
:10046000D8AE020000B170470C4B10B502460446EE
:10047000996002200121FBF745FE00B910BD084A32
:100480000849094840F6072312F049FA84F3118815
:10049000BFF36F8F0323184602DF10BD3C05002019
:1004A0005CAE0200C4AC0200F0AA020038B50446FB
:1004B00010F81C3B002B2ED0194D6369A8607BB14E
:1004C000184A1949194840F61C2312F028FA00234B
:1004D00083F31188BFF36F8F0323184602DFA868E8
:1004E00013490F4B0022C4E9051011460120FBF708
:1004F00009FE00B938BD0B4A0E490C4840F62323CB
:1005000012F00DFA002383F31188BFF36F8F0323DA
:10051000184602DF38BDBDE83840FFF759BF00BFBD
:100520002C0500205CAE0200F0AE0200F0AA020032
:10053000D1030100C4AC020038B50C46124994F84E
:100540002930124A0978117004EB8303DB6A1D78A5
:1005500000B938BDFEF76CF98442FAD015F00E0FE1
:1005600002D1236A002BF4D0094A0A490A4840F60E
:10057000D31312F0D4F9002383F31188BFF36F8FE4
:100580000323184602DF38BDBC000120BB00012058
:100590005CAE020004AF0200F0AA020000B5154BE9
:1005A00093F829109A8C93F86AC003EB81014FF0FD
:1005B000020E22F44372C86A6EF3420C4FF40061DB
:1005C00022F00202A3F8681083F86AC042F00E021B
:1005D00006214FF0000C9A8480F800C0417093F817
:1005E000350003EB800304229B6B1A7059705DF891
:1005F00004FB00BF30D8002070B51C4C256AAB6FDF
:1006000073B11B4A1B491C484FF4266312F087F94B
:10061000002383F31188BFF36F8F0323184602DF93
:1006200005F16C0105F16800FBF7EAFC064670B1C4
:100630002868AE6700F01EFE0025606E2562FEF79A
:1006400023F8206E6566FEF713F8256670BD084A2C
:100650000A49094840F6622312F061F986F31188CD
:10066000BFF36F8F0323184602DFE1E730D8002085
:100670005CAE02005CAF0200F0AA020060B00200B3
:1006800030B5504C94F86A30D90785B067D5236AE5
:1006900053B193F82C2042F0020283F82C20236AF5
:1006A00093F82C30DA0771D44648FEF7A9F8844253
:1006B0000ED0454A4549464840F62B3312F02FF9F3
:1006C000002383F31188BFF36F8F0323184602DFE3
:1006D00094F82430DB0703AD0DD5022103913D4B87
:1006E0000095032101220020FDF75EF82946FEF760
:1006F00075F800285BD10222364B009503210020BB
:100700000392FDF751F82946FEF768F8054648BB05
:100710003148FEF7B1F808B1783039D12948FEF7F1
:100720007BF884420ED0284A2849294840F64D33A8
:1007300012F0F5F8002383F31188BFF36F8F0323C2
:10074000184602DF236A0BB1FFF756FF94F86A30B0
:1007500000206FF3000384F86A3006F019FD0020D2
:1007600005B030BD1748FEF757F884420ED0164A40
:100770001649174840F6443312F0D1F8002383F3AA
:100780001188BFF36F8F0323184602DF0C20E7E7C1
:100790000D4A12490E4840F64A3312F0C0F885F36C
:1007A0001188BFF36F8F0323184602DFB6E70548B1
:1007B000FEF732F88442E9D0034A0449044840F67F
:1007C0003633D9E730D800205CAE020070AF0200AB
:1007D000F0AA020015DA00004CD800207CAF02001D
:1007E000037803F00F0302F1FF3C022B1FFA8CFC8D
:1007F00025D0012B0DD01031C9009BB1062B11D093
:100800004FF4F37313FB0CF340F25320184480B2FF
:10081000704740F2162313FB0CF340F2E330184408
:1008200080B2704740781030C00001F21B3100F5F3
:10083000B37313FB0CF30844184480B2704741783B
:100840000CEB8C03C3EB0310400001F11003DB0041
:1008500000F23B1003FB020290B270472DE9F04317
:100860001E468BB04FF6FF739E429DF84890139C36
:1008700017D025780135EDB280461746257075B33F
:100880003B493C4B0E8104F11C000022C860C1E9C9
:10089000008781F80A90996001201146FBF732FC2D
:1008A00068B994F8240010F0010505D1324A334BA1
:1008B00011781B788B4221D00BB0BDE8F083304A11
:1008C0003049314840F66C1312F029F8002383F3C5
:1008D0001188BFF36F8F0323184602DFE1E7284A30
:1008E0002A49294840F64A1312F019F885F311886D
:1008F000BFF36F8F0323184602DFC1E701330421E2
:1009000009A8137007F0B0FB099B214A0694A2FBCB
:100910000312991A02EB5102120A40F2471101FB2D
:1009200012331C4A1C49A21AA1FB021292091B494C
:100930000232CDE904510133CDE90255CDE900552C
:10094000D2B2012128460993FCF716FF10F0FD0FE3
:10095000B2D00B4A12490C4840F2BB7311F0DFFFD2
:1009600085F31188BFF36F8F0323184602DFA3E7D7
:1009700004D800201C050020BC000120BB00012081
:100980005CAE0200C4AC0200F0AA020094AF020008
:1009900021F1D49030D8002009CB3D8D39050100DC
:1009A00098AF02002DE9F04F714C1F46714B94F83F
:1009B0006A6086468C4693E8030083B016F0010611
:1009C0001546DDF830809DF834209DF838300090D1
:1009D0008DF8041040F08A80A18C02F0070203F029
:1009E0000303520021F4437142EA032221F0020181
:1009F0000A43A28494F8292004EB8202BCF1010F7F
:100A00000CF10803D2F82C9008BF4FF0000E0DEB4C
:100A1000030CA4F868E099F800A01CF8083C2AF040
:100A20001F0113F00E0F03F00F030CBF0122002271
:100A30000B4362F3451389F8003003F00F03012BD9
:100A40000AF00F0A49D094F86A3065F3420384F83B
:100A50006A30DAB25B070CD5134667F3C30384F838
:100A60006A30D8F80030C4F86B30434BB8F8042033
:100A70009A8099F8003003F00F02012A05F0010B6B
:100A800039D099F80120F2B1BAF1010F51D099F89B
:100A900000306BF386136FF3C71389F8003094F8B6
:100AA0003530E46104EB8304AD01A36B05F0400530
:100AB0005A7845F004051D700AB906225A7030466E
:100AC00003B0BDE8F08F6BF3861362F3C71389F8A8
:100AD0000030062389F80130E1E7BAF1010FB2D006
:100AE00099F80120CAB984F84060ACE70C2630467A
:100AF00003B0BDE8F08F4A466BF3861367F3C71364
:100B000002F8083BD8F80010C9F80810B8F804102B
:100B100091800C2389F80130C1E7052A16D9063ADD
:100B2000D2B209F10801154884F8402018F02DFED2
:100B300089E794F84020114909F1080018F025FED2
:100B400094F84030063389F80130A0E70C4A0D498B
:100B50000D4840F2BD1311F0E2FE86F31188BFF399
:100B60006F8F0323184602DF99F80120D7E700BFF3
:100B700030D80020A0A002009BD8002071D800200F
:100B80005CAE0200D0AF0200F0AA020010B5064C25
:100B9000204607F011FF04F10C0007F00DFFFFF7EE
:100BA000FDFC002010BD00BF58D8002008B5FFF79D
:100BB00067FD002008BD00BF38B5094C04F10C05E5
:100BC000204607F009FF284607F006FF204607F0F9
:100BD000F3FE284607F0F0FEFFF7E0FC002038BDEA
:100BE00058D80020034A044B801AA3FB0030C0F3FE
:100BF0008F10704730D8002009CB3D8D044A006823
:100C0000044B801AA3FB0030C0F38F10704700BF65
:100C100030D8002009CB3D8D38B9054890F86A30AE
:100C200013F0010F08BF002070470020704700BF7D
:100C300030D8002028B9044B93F86A0000F0010076
:100C400070470020704700BF30D8002050B9064BD5
:100C500093F86A0010F0010005D093F8250000F029
:100C6000030070470020704730D8002070B505465B
:100C700090F826000C4606F0DBFB18B3237843F00F
:100C80004003237023780268C4F8022003F00F03A6
:100C90008288E280012B04F1020601D0304670BD4B
:100CA00095F8260006F0F6FB0028F7D022782346B8
:100CB00042F0800203F8082B0268A26082889A80C2
:100CC000304670BD2078C0F38010FCF72FFED9E7C6
:100CD0001F2957D82DE9F04190F8293000EB830304
:100CE00082B0DF6A3B7803F00F03012B0E46054606
:100CF000904649D00DF10701283007F0D9FE3A7827
:100D0000037802F00F0223F01F03134303703B78B4
:100D10000278C3F3401363F3451202703B78D2B2FA
:100D2000C3F38013394663F38612027011F8023B55
:100D3000D2B2DB0963F3C712044600F8022B062285
:100D400018F031FD3246414604F10800063618F02D
:100D50001CFD667095F86A30DB0707D49DF80730F4
:100D600085F82930002002B0BDE8F08195F83530D3
:100D700005EB830321469A6B2846EFF75DFF0028B9
:100D8000ECD0F0E71220704780F840100A4641305E
:100D9000414618F0FAFCE5E703460A4601481946C1
:100DA000FFF796BF30D800201F295FD82DE9F0410A
:100DB00090F8353000EB830382B09E6B0F460446FB
:100DC000904600F13405002E41D028460DF1070170
:100DD00007F06EFE037823F03F03314643F004032F
:100DE000037011F8022BDBB2C2F3801203F03F0351
:100DF00043EA82130370BB1D43700546062202308E
:100E000018F0D1FC3A46414605F1080018F0BDFC47
:100E100094F86A30DA0707D49DF8073084F8353043
:100E2000002002B0BDE8F08194F8292004EB820292
:100E30004123D16A0A7802F00F02D340DB07EBD5D9
:100E40002A462046EFF7F8FE0028E5D0E9E72846D5
:100E500007F0B2FDC0B258B994F8353004EB830303
:100E60009E6B0423337006237370AEE71220704725
:100E70000720D6E703460A4601481946FFF794BF04
:100E800030D8002010B5134B1348144C01224FF4F6
:100E9000D871FBF73DF8124B0322181D4FF48271F5
:100EA000FBF736F80F4B0722181D0821FBF730F827
:100EB00002F028FB0C4A0D4B0D49002010601B224C
:100EC0001A800C4A03234FF4A47CA4F800C00B70D2
:100ED000137010BDC4D80020E81000207EEF002061
:100EE00004D90020C8D800207CDC002080EF00203E
:100EF000BE000120BD0001202DE9F0410768324904
:100F000082B005464FF4D8723846FBF755F805F124
:100F10006806294608F066F9E86E01AA3146FBF733
:100F20008BF800B3294C4FF6FF7894F8412094F8E1
:100F30004010531CDBB2082B08BF0023994232D06B
:100F400004EBC20124F83280019A4A601268026000
:100F5000019A1060E86E84F8413001AA3146FBF72F
:100F60006BF80028E1D1D7F8644107F5B2754CB1B0
:100F70000023C7F8643129462046FDF751FD02B031
:100F8000BDE8F081124A1349134840F2FC7311F096
:100F9000C6FC84F31188BFF36F8F0323184602DF6A
:100FA000D7F86441E4E70A4A0C490B484FF4FD6363
:100FB00011F0B5FC002383F31188BFF36F8F032278
:100FC000104602DF1B80FFDEE810002014DC00204A
:100FD00010B0020058B00200F0AA020050B00200A7
:100FE00010B50C46C0B9144B0022012102209C60B0
:100FF000FBF788F800B910BD104A1149114840F2BA
:10100000A27311F08CFC002383F31188BFF36F8F60
:101010000323184602DF10BD084A0B49094840F275
:101020009C7311F07CFC002383F31188BFF36F8F56
:101030000323184602DFD6E76C05002010B002003B
:10104000C4AC0200F0AA020068B0020008B50C4B64
:101050000022986011460120FBF754F800B908BD42
:10106000084A0949094840F2CE7311F058FC0023A0
:1010700083F31188BFF36F8F0323184602DF08BD87
:101080004C05002010B00200C4AC0200F0AA02001F
:1010900038B5044610F81C3B002B2ED0194D63695F
:1010A000A8607BB1184A1949194840F2B77311F08A
:1010B00036FC002383F31188BFF36F8F0323184698
:1010C00002DFA86813490F4B0022C4E9051011463E
:1010D0000120FBF717F800B938BD0B4A0E490C4840
:1010E00040F2BE7311F01BFC002383F31188BFF3A1
:1010F0006F8F0323184602DF38BDBDE83840FFF785
:10110000A5BF00BF5C05002010B00200F0AE0200D9
:10111000F0AA02004D100100C4AC020008B58368BB
:101120005A6892F82730DB090FD10B4A0B490C485B
:1011300040F2137311F0F3FB002383F31188BFF324
:101140006F8F0323184602DF08BD0146BDE8084043
:101150000831F0F7B5B900BF10B00200C8AB02000B
:10116000F0AA020000B9704710B50C46FDF77EFBEF
:10117000844212D0FDF75CFB84420ED0074A084936
:10118000084840F2D66311F0CAFB002383F31188AC
:10119000BFF36F8F0323184602DF10BD10B00200AB
:1011A00074B00200F0AA020010B50C46A0B92046A7
:1011B000FDF750FB84420ED00F4A1049104840F210
:1011C000EC6311F0ACFB002383F31188BFF36F8F46
:1011D0000323184602DF10BD074A0A49084840F2B7
:1011E000E96311F09CFB002383F31188BFF36F8F39
:1011F0000323184602DFDAE710B00200C8B002008D
:10120000F0AA020068B0020010B50C46A0B9204652
:10121000FDF714FB84420ED00F4A1049104840F2EB
:10122000E26311F07CFB002383F31188BFF36F8F1F
:101230000323184602DF10BD074A0A49084840F256
:10124000DF6311F06CFB002383F31188BFF36F8F12
:101250000323184602DFDAE710B00200C8B002002C
:10126000F0AA020068B002000148FAF777BE00BF9A
:10127000C4D800200149FAF787BE00BFC4D80020B7
:1012800002494FF4D872FAF797BE00BFE810002069
:1012900002464FF4D8710148FAF78ABEE8100020E0
:1012A00058B908B502464FF4D8710548FAF780FEE0
:1012B000038E03B908BD002008BD0020704700BFA1
:1012C000E81000200148FAF749BE00BF04D9002009
:1012D0000149FAF759BE00BF04D9002000283CD1CB
:1012E00070B502460E461E484FF4D871FAF760FEFC
:1012F000028E0546E2B91B4C94F821C094F82010E8
:101300000CF10103DBB2042B08BF0023994221D06A
:1013100024F83C2004EBCC0CCCF8046084F8213099
:10132000037843B995F94330002B0EDB002070BDE4
:101330006FF0150070BD0C4B012198600320FAF787
:10134000E1FE95F94330002BF0DA0021284605F044
:1013500015FAEBE76FF0680070BD6FF0150070478D
:10136000E810002058DC00207C0500202DE9F04723
:1013700082B0BDF82870BDF82C80BDF83090B0B9AF
:101380000C4615464FF4D871024619481E46FAF726
:101390000FFE038E824653B96CB1022C03D001209C
:1013A00002B0BDE8F087CDB902F01AFB12E00220CE
:1013B00002B0BDE8F0870D9B0193CDF80090434645
:1013C0003A46314602F084FA0028E9D19AF94330CE
:1013D000002B07DB002002B0BDE8F087294602F0B1
:1013E0000FFBF7E70146504605F0C8F9F2E700BFEA
:1013F000E8100020E0B938B502460C460D484FF41D
:10140000D871FAF7D5FD038E054643B902F0F2F91B
:1014100038B10368236003792371002038BD0220AE
:1014200038BDD5F83E30236095F842302371F4E79B
:1014300002207047E810002038B510B10224204681
:1014400038BD02460C4615484FF4D871FAF7B0FD86
:10145000038E0546FBB91A2C04D8042C16D8122486
:10146000204638BD292C01D03B2CF8D121462846F6
:1014700002F0A6F904460028E1D195F94330002B8B
:10148000DDDA0146284605F079F9D8E7044BE34058
:10149000DB07EBD4E3E70C24D1E700BFE810002022
:1014A0002000380438B598B902464FF4D8710D4879
:1014B000FAF77EFD038E054653B9012102F02EF99D
:1014C000044618B995F94330002B04DB204638BD9B
:1014D0000224204638BD0146284605F04FF9204633
:1014E00038BD00BFE810002038B590B902464FF46F
:1014F000D8710C48FAF75CFD038E05464BB902F033
:1015000025F9044618B995F94330002B04DB204631
:1015100038BD0224204638BD0146284605F02EF984
:10152000204638BDE8100020F0B970B50D461646CB
:101530004FF4D87102461048FAF73AFD038E04467C
:1015400083B9D0F840319B060AD53246294602F0CD
:1015500063F920B994F94330002B07DB002070BDFC
:101560001A2070BD022070BD02207047014620463F
:1015700005F004F9F2E700BFE8100020034A044B2D
:1015800012881B8802800B80704700BF80EF00200C
:101590007EEF0020024A034B108019800020704724
:1015A00080EF00207EEF00204FF0FB0CA0F800C081
:1015B00040F64800A2F800C008801880704700BFBD
:1015C000C0B938B50D4614464FF4D87102460A48E2
:1015D000FAF7EEFC0346008E50B993F88220C2F36E
:1015E00002022A7093F88330C3F30203237038BDDC
:1015F000022038BD02207047E8100020024A034B49
:101600001070197000207047BE000120BD0001203D
:10161000F0B583B0F8B90F4616464FF4D8710246BC
:1016200013481D46FAF7C4FC038E04469BB9D0F854
:101630004031DB0513D52B4601250095324639464E
:1016400002F096F8054618B994F94330002B0ADBEE
:10165000284603B0F0BD0225284603B0F0BD1A2588
:10166000284603B0F0BD0146204605F087F8EFE7B5
:10167000E810002060BB10B502460C4615484FF438
:10168000D871FAF795FC038E03BB438EB0F8962110
:10169000052B0FD801339BB202FB03F30E494FF425
:1016A000FA7202FB03F3A1FB0313C3F34F3323804E
:1016B000002010BD03FB02F2074940F2E24303FBA6
:1016C00002F2A1FB0212C2F34F33F0E7022010BD79
:1016D00002207047E81000205917B7D158BB10B549
:1016E00002460C4615484FF4D871FAF761FC038E98
:1016F000FBB9438E42F2107202FB04F1052B01F19B
:10170000FF310DD801339BB24FF4FA7202FB03F3A1
:101710001944B1FBF3F189B2A0F89611002010BD75
:1017200040F2E24202FB03F31944B1FBF3F189B248
:10173000F2E7022010BD0220704700BFE810002031
:10174000FFF7A0BB38B500224FF4D8711948FAF75B
:101750002FFC044600F11C0201460320FDF7CAF8E5
:1017600018B110F1780F05460ED11349134A002322
:101770004FF6FF702086C4F894300B84A2F84030F6
:10178000BDE83840FFF77EBB40F221730C490D489D
:101790000D4A11F0C4F80D482A46002111F0BFF897
:1017A000002383F31188BFF36F8F0323184602DFF2
:1017B000DBE700BFE810002058DC002014DC00202C
:1017C00004B10200F0AA020010B002001CB1020035
:1017D000014B1878704700BFBE000120014B1878FC
:1017E000704700BFBD00012038B58B6808601D68D8
:1017F0002B780C46A3B16B6973B10C4A0C490D48A8
:101800004FF45E7311F08BF8002383F31188BFF35C
:101810006F8F0323184602DF074BC5E9053438BD37
:10182000BDE838400846FFF779BC00BF10B00200A1
:10183000F0AE0200F0AA02001D1101000B68DA8868
:1018400092BB70B50C4606464FF4D8711848FAF7AB
:10185000AFFB038E05461BBB02F00EF92268137F17
:1018600003F00303032B08D10123137122683146CF
:101870002846BDE8704002F013B953B995F890318D
:101880009B0703D53D2385F860312268012313713E
:1018900070BD95F890319A07FAD53D2385F86031EF
:1018A000236801221A7170BD01221A71704700BFAE
:1018B000E8100020F8B50446008E1D464FF6FF7371
:1018C00098420F4616460CD02046C4E94776A4F845
:1018D000245101F0B5FE94F8903113F0010010D1BD
:1018E000F8BD0B4A0B490C4840F2BE3311F017F813
:1018F000002383F31188BFF36F8F0323184602DFA1
:10190000E2E76FF3000384F890316FF08B00F8BDCD
:1019100010B0020034B10200F0AA0200F8B51C4C6D
:101920001C4E94F8212007461AE0FAF741FB0346C3
:10193000E0301B8E0BBB696801F0FCFB94F82010B3
:1019400094F821204B1C8A4207F1FF30DBB204D00F
:10195000042B08BF002384F8203010F0FF0716D0B6
:1019600094F8203093424FF4D87130460FD034F8B9
:10197000332004EBC305002AD7D069680B796FF3D5
:1019800001034FF6FF700B71FCF7D0FED6E7F8BDF0
:1019900058DC0020E81000202DE9F04F414A14687F
:1019A000A04206460B4604BF00211160008EA6F837
:1019B0006A01182283B0012186F8682186F88031F7
:1019C000304601F047FE06F1E007304601F056FED2
:1019D000384601F097FB384601F0CCFB044600285E
:1019E0003BD00379DFF8D090DFF8C4B0DFF8CCA0AB
:1019F00003F00303032B0CBF034600230360484698
:101A0000FAF7ACFA06F188080546B8B12146424615
:101A10002846FAF7FFFA384601F0ACFB0446E0B17D
:101A2000037903F00303032B0CBF03460023036079
:101A30004846FAF793FA05460028E7D11A4840F2DB
:101A40008D735A46514610F06AFF85F31188BFF333
:101A50006F8F0323184602DFD8E7328E134B0096B0
:101A60000332D2B201210020FBF79EFE10F0FD0FE1
:101A70000ED00F4A0F490C4840F2537310F04FFF3D
:101A8000002383F31188BFF36F8F0323184602DF0F
:101A90004FF6FF73FF20338603B0BDE8F04FFFF72A
:101AA0003DBF00BF7CDC0020F0AA0200E10F010076
:101AB00010B00200D4B00200C8D8002060B002000C
:101AC00000293BD02DE9F84F4D1EDFF87890DFF864
:101AD00078B0DFF878A00746EDB200F1E00815E035
:101AE000237903F00303032B0CBF23460023236059
:101AF000FAF734FA064690B1013D07F18802214613
:101B00003046EDB2FAF786FAFF2D06D0404601F0D6
:101B100031FB04464846002CE2D1BDE8F88F084866
:101B200040F2B5535A46514610F0F9FE86F311883B
:101B3000BFF36F8F0323184602DFDDE7704700BF56
:101B4000F0AA0200C8D8002010B0020060B0020065
:101B500010B504460120FFF7E1FE20460121BDE853
:101B60001040FFF7ADBF00BF0149FAF70DBA00BF43
:101B7000C8D80020014B93F84100704714DC0020C6
:101B800000B50A4B93F840C093F841E0F4450BD000
:101B900080F800E033F83C00088003EBCC035B687E
:101BA000136018685DF804FB0020FBE714DC0020DC
:101BB000074B93F840C0844508D003EBCC0033F8C2
:101BC0003C300B80436813601868704700207047F2
:101BD00014DC0020094A92F8401092F841308B4200
:101BE00009D04B1CDBB2082B08BF002352F8310090
:101BF00082F8403070470020704700BF14DC00209E
:101C000008B5134A92F841C092F840E00CF1010384
:101C1000DBB2082B08BF00239E4508D022F83C0009
:101C200002EBCC0CCCF8041082F8413008BD094A14
:101C300009490A4840F2F45310F071FE002383F37F
:101C40001188BFF36F8F0322104602DF1B80FFDE77
:101C500014DC002010B00200ACB10200F0AA0200B7
:101C6000F8B55779144605460E467FB3237903F03D
:101C70000302032A0CD04FF6FF72954204BF6FF3A4
:101C80000103237121462846BDE8F840FCF74EBD0C
:101C90004FF6FF739D4228D133689C423AD0002B07
:101CA000F0D01F4A1F49204840F2166310F037FE5B
:101CB000002383F31188BFF36F8F0323184602DFDD
:101CC00021462846BDE8F840FCF730BD144A1749C4
:101CD000154840F2016310F022FE87F31188BFF32C
:101CE0006F8F0323184602DFC0E72A464FF4D871EE
:101CF0000F48FAF75DF9214601F0A0FE3368A342D0
:101D0000CDD13DB90A482A464FF4D871FAF750F9B7
:101D1000038E03B100202146BDE8F84001F044BC29
:101D200010B00200C0B10200F0AA0200B4B102007B
:101D3000E810002090F86620B0F85C30C2F3021280
:101D4000022A14BFDB089B0890F87E20B0F85800E8
:101D500014BF0A3B0B3B9BB2D20644BF043B9BB271
:101D6000984228BF18467047704700BF90F89031DE
:101D700043F0020380F89031704700BF90F8903133
:101D80006FF3410380F89031704700BF0278838F72
:101D900012B1581E80B27047C18EB0F82421581875
:101DA000104480B2704700BF10B50B68C0F83E30D9
:101DB00004463E300B7903710521FAF7BBFA94F81B
:101DC000433060F3050384F8433010BDB0F87C3035
:101DD00040F6480C634528BF6346B3F5A47F38BF7F
:101DE0004FF4A473A1F800C01380704700B5B0F899
:101DF0006C20B0F8661003468A4290F88300B3F86E
:101E00006AC028BF0A4600F00700B3F870101B2A0A
:101E100038BF1B22042814BF4FF4A4704FF429606C
:101E2000614528BF61468142B3F87AC038BF014698
:101E30008C45B3F8760044D09042A3F87A1001D0D4
:101E4000A3F8762093F8DD2042F00202012083F807
:101E5000DD20B3F864C0B3F86E2093F88210B3F8B5
:101E600068E0624528BF624601F007011B2A38BFBF
:101E70001B220429B3F8721014BF4FF4A47C4FF452
:101E8000296C714528BF71466145B3F878E038BFC9
:101E900061468E45B3F874C017D06245A3F8781038
:101EA00001D0A3F8742093F8DD206FF3410283F88A
:101EB000DD2093F8DD200120024383F8DD205DF86A
:101EC00004FB9042BCD10020C3E76245E9D193F8FE
:101ED000DD1041EA510202F0010221F003010A4340
:101EE00083F8DD200028E4D15DF804FBB0F86C2015
:101EF000B0F8661003468A4290F88300B3F86AC0CF
:101F000028BF0A4600F00700B3F870101B2A38BF3C
:101F10001B22042814BF4FF4A4704FF429606145BC
:101F200028BF61468142B3F87AC038BF01468C456C
:101F3000B3F876000DD09042A3F87A1001D0A3F840
:101F4000762093F8DD2042F00202012083F8DD20A4
:101F500070479042F3D10020704700BFB0F86E2068
:101F6000B0F8641003468A4290F88200B3F868C063
:101F700028BF0A4600F00700B3F872101B2A38BFCA
:101F80001B22042814BF4FF4A4704FF4296061454C
:101F900028BF61468142B3F878C038BF01468C45FE
:101FA000B3F8740014D08242A3F8781001D0A3F8DB
:101FB00074204FF0010C93F8DD106046C1F340022D
:101FC00042EA0C0221F003010A4383F8DD20704746
:101FD0008242ECD193F8DD10002001F0010CEDE716
:101FE00040F648039A4228BF1A46FB2928BFFB2126
:101FF000B2F5A47F944638BF4FF4A47CA0F87E10BD
:10200000A0F87C20A0F86A30A0F868C0A0F864109E
:10201000704700BF01F0030238B502F1280302F552
:1020200084720446C1F34001D200CA40A4F86A2079
:10203000284A1288DB00FB2A23FA01F3264928BF2D
:10204000FB220988A4F87E20A4F86420FB2200204B
:10205000A4F8662040F648028A426067A067A4F8A8
:10206000800094F8830028BF0A46B2F5A47F00F0F0
:1020700007009BB211464FF01B1538BF4FF4A471F7
:102080000428E566A4F87030A4F87230A4F87C2027
:10209000A4F868101BD0B3F5A47F38BF4FF4A47325
:1020A00094F8DD20A4F87A3042F002021B2184F873
:1020B000DD20A4F876102046FFF750FF94F8DD30BD
:1020C0000122134384F8DD3084F8802038BD4FF4BA
:1020D0002963E5E780EF00207EEF0020F8B5064693
:1020E0000F46154601F040F9044600283CD02A1F4F
:1020F000201D092A06D8DFE802F01F222505050564
:102100000528052B234A2449244840F2DF2310F0F8
:1021100006FC002383F31188BFF36F8F0323184657
:1021200002DFE3797B732146304601F033F9304614
:1021300004F028F82046F8BD02F0BAFEF1E702F0FC
:10214000CFFEEEE702F0D6FEEBE702F0DDFEE8E7B9
:1021500096F8303197F84E101BB1D6F840315B0736
:1021600011D402F0DBFEDCE70A4A0D490B484FF4BC
:10217000317310F0D4FB84F31188BFF36F8F032306
:10218000184602DFB3E70A4697F84D1002F0D2FE78
:10219000C7E700BFCCB10200C8AB0200F0AA020042
:1021A000B0B10200F8B505460C4601F0D5F828B9E3
:1021B000204601F013F90323A372F8BD042221463F
:1021C0002846FFF78BFF8368C268C4F84720C4F82D
:1021D00043300369C5F8B830A6690023A361A6B1EE
:1021E0000323377933712B8EF38006F11C012046CF
:1021F00002F046FE2D2F02D00423A372F8BD3068F2
:102200003146FCF753FA0423F7E7074A0749084821
:1022100040F2F62310F083FB86F31188BFF36F8F33
:102220000323184602DFDBE7CCB1020010B2020044
:10223000F0AA020070B504460D4601F08DF810B901
:102240000623AB7270BD04F19B063346002205F1F4
:102250003B0105F12B0008F033FBD4F8A310C4F8C0
:10226000C410D4F8B410D4F8A720C4F8D510D4F80A
:10227000B810D4F89F30C4F8C820C4F8D91094F826
:10228000B32094F8D410C4F8C0300023D4F89B00D5
:1022900084F8AB3063F30001C4E9333384F8AC3025
:1022A00084F8AD3084F8AE3084F8AF3084F8B030C4
:1022B00084F8B13084F8B23042F00103C4F8BC00B5
:1022C00084F8D41084F8B330052229462046FFF75D
:1022D00005FF4FF4C1636B8194F89A3043F0080313
:1022E00084F89A3070BD00BFF0B50C46897A83B08F
:1022F000064615460D2900F22C81DFE801F05E66E6
:1023000069959907070C1736393E4F52002D00F09A
:10231000A18003B0F0BD002DFBD1214601F01CF8D7
:10232000002840F0C7800723A372F2E7022DF0D106
:10233000A5690023A361002D00F0EE8003272F7113
:10234000338EEB80237A052B00F0E180062B40F0E2
:10235000CF801A232B712146304600F0FDFF002864
:1023600040F08D800923A372D3E7002DD1D1F2E78D
:10237000002DCED10B23A372CBE7072DC9D10121AC
:1023800001F00CF83046FFF7F1FC2146304600F032
:10239000E3FF002864D10C23A372BAE7002DB8D163
:1023A000F3E7082DB5D140F20233638190F89A30FB
:1023B0006FF3041380F89A30ABE7002DA9D1237A8C
:1023C000062BD7D00223A372A3E7002DFAD0A0E7F3
:1023D000012D9ED12946019300F0E0FF3046FFF722
:1023E000C5FC304602F066FA019B5A689968C4F849
:1023F0002510C4F821201A7B84F829205A7B84F800
:102400002A20D3F80E20D3F81210C4F83F10C4F8D5
:102410003B20D3F81630C6F8B4302146304603B01E
:10242000BDE8F040FFF7BEBE002D7FF472AFF4E7C9
:10243000032D0CD0042D7FF46CAF062140F2036213
:10244000072384F82010A4F84D20A37261E7052328
:10245000A3725EE7214603B0BDE8F040FFF7EABE95
:102460000B2221463046FFF739FE40F60D336381DB
:1024700096F89A306FF3C30386F89A3049E706223C
:1024800021463046FFF72AFE304604F049F8002383
:10249000A3720121304600F095FF3046FFF76EFC35
:1024A000304602F00BFA96F89A3043F0100386F8A3
:1024B0009A302EE70D2221463046FFF70FFE3046B8
:1024C00004F02EF894F82030062B34D0242B3FF45F
:1024D00020AF284A2849294840F2773310F01FFAE4
:1024E00085F31188BFF36F8F0323184602DF10E7CF
:1024F000204A2149214840F21E3310F010FA0023EF
:1025000083F31188BFF36F8F384602DF23E705F1AD
:102510001C0002F0EFFC1EE7164A1949174840F26A
:102520000F3310F0FCF985F31188BFF36F8F03238D
:10253000184602DF02E70121A172304600F042FF97
:102540003046FFF71BFC304603B0BDE8F04002F018
:10255000B5B9084A0849094840F2D34310F0DFF9F9
:10256000002383F31188BFF36F8F0323184602DF24
:10257000CFE600BFCCB10200C8AB0200F0AA020057
:1025800010B2020092F81FC0ACF1030C02F11C0360
:10259000BCF1080F06D8DFE80CF01205050F0505A1
:1025A000050C09003D2380F8603170470822FFF7D1
:1025B0009BBE0722FFF798BE0222FFF795BE0122BD
:1025C000FFF792BE00230322FFF78EBE00230422F2
:1025D000FFF78ABE887AA0F10400B0FA80F04009C3
:1025E000704700BF13460022FFF77EBE70B591F81A
:1025F0002C3091F82D20042B0C4603D8032B01D04E
:10260000042A0DD91343112113F0070384F828106D
:102610004FF001050CD184F828300125284670BD03
:10262000032A0DD0134313F007034FF00005F2D037
:10263000668DFFF7ABFB801B0304EFD42823EAE78A
:10264000112381F828300125F2E700BFF0B50E46CE
:1026500083B00DF1060201A9B0F87850B0F87A7095
:102660000446FFF7B3FB96F82D20002A5CD196F8BC
:102670002C30FBB9B4F87830AB420ED3BDF806204D
:102680009A420AD3B4F87A30BB4206D3BDF804208C
:102690009A4202D3002003B0F0BD94F8DD30A4F8D4
:1026A000785043F001030120A4F87A7084F8DD30FB
:1026B00003B0F0BD94F9430000281DDB94F88210AC
:1026C00094F8745001F003032B440D33DB00C1F385
:1026D0004001CB409BB2BDF80650B3F5A47F38BF94
:1026E0004FF4A4739D4228BF1D4632B3002803DA7D
:1026F00096F82C30002BBDD094F8832094F87610F7
:10270000BDF8047002F003030B440D33DB00C2F389
:102710004002D3409BB2B3F5A47F38BF4FF4A473FB
:102720009F4228BF1F46A5E794F943000028C5DB58
:1027300096F82C30002BDFD0C0E796F82C30002B19
:1027400098D0002896DAD7E770B58D6900230C463B
:1027500006468B61002D35D094F82130DB071ED55D
:102760002B792D2B1ED11D232B71338EEB8094F8EA
:1027700028302B7796F88330C3F30203AB7796F8B3
:102780008230C3F302036B7728682946FBF78EFF7C
:1027900094F821306FF3000384F8213070BD0123D9
:1027A0002B71F1E70F4A1049104840F2B91310F0AD
:1027B000B6F8002383F31188BFF36F8F0323184605
:1027C00002DFD0E7074A0A4908484FF4DB7310F0EC
:1027D000A6F885F31188BFF36F8F0323184602DF35
:1027E000BAE700BF14B2020058B20200F0AA020019
:1027F00010B2020070B591F821304D6A9B070C466B
:1028000003D4CDB101232B710AE00646ADB10323F9
:102810002B71338EEB8005F11C01304602F0DAFC9F
:1028200028682946FBF742FF94F8213000226FF315
:10283000410384F82130626270BD074A07490848A5
:1028400040F2DF1310F06BF885F31188BFF36F8F40
:102850000323184602DFDAE714B2020010B20200C6
:10286000F0AA0200F8B5CE690C4605464EB300F05A
:1028700087FD10B90723A372F8BD00F089FD064655
:102880006062002834D0637BE66966610027172BFD
:10289000E76125D01E4A1F491F4840F2C93310F096
:1028A0003EF887F31188BFF36F8F0323184602DFCA
:1028B0002846314600F06EFD2846BDE8F84003F09A
:1028C00061BC134A154914484FF4697310F027F896
:1028D00086F31188BFF36F8F0323184602DFC6E724
:1028E000311D284602F060FB41F603036381DFE7F8
:1028F000074A0B49084840F2AE3310F010F886F34F
:102900001188BFF36F8F0323184602DFBBE700BFB8
:1029100014B20200C8AB0200F0AA020080B20200AA
:1029200094B20200F8B5CE690C460546002E5AD086
:10293000637B162B2ED195F94330002B2ADBE669F9
:1029400066610023E36194F8203095F8A421C3F375
:10295000C20363F3C50285F8A42194F8202095F8FA
:10296000A43162F3020385F8A43194F8203095F87D
:102970008220C3F3801363F3C302311D85F88220E4
:10298000204602F0EDFA0221284600F007FD02235E
:10299000A3721FE000F0F4FC10B90723A372F8BD86
:1029A00000F0F6FC0646606260B3637BE669666130
:1029B0000027162BE761C6D01A4A1B491B484FF463
:1029C000D2730FF0ACFF87F31188BFF36F8F03232F
:1029D000184602DF2846314600F0DCFC2846BDE8F8
:1029E000F84001F06FBF0F4A114910484FF4BF7310
:1029F0000FF095FF86F31188BFF36F8F03231846FE
:102A000002DF95E7074A0B49084840F289130FF0A7
:102A100086FF86F31188BFF36F8F0323184602DF0A
:102A2000C3E700BF14B20200C8AB0200F0AA020064
:102A300080B2020094B2020038B505460C4601F09F
:102A400031FF10B10123A37238BD284603F088FB83
:102A50000028F7D12146284600F07EFC0028F1D05E
:102A6000284603F07BFB0728ECD02846012103F021
:102A70006FFB28460D2103F06FFB1623214663737D
:102A8000284600F071FCE06121462846BDE8384048
:102A9000FFF748BF38B505460C4603F06BFB10B195
:102AA0000223A37238BD2146284600F055FC0028B9
:102AB000F6D0284603F052FB0728F1D028460D2116
:102AC00003F04AFB172321466373284600F04CFCB1
:102AD000E06121462846BDE83840FFF7C3BE00BF8D
:102AE000F0B591F80AC083B00C46074615461E465D
:102AF000BCF1090F0BD8DFE80CF005051B0A0A0A28
:102B000031747BAF002A00F0BA8003B0F0BDA94A4F
:102B1000A949AA4840F265330FF001FF002383F36F
:102B20001188BFF36F8F0323184602DF03B0F0BD97
:102B3000032AEAD190F84330DB0940F0D3809D4A64
:102B40009D499E4840F28A230FF0E9FE002383F35B
:102B50001188BFF36F8F284602DFD6E7052A00F001
:102B6000B480062A00F09080022ACED190F943303A
:102B7000002B0EDB8F4A9249904840F2CB230FF096
:102B8000CEFE002383F31188BFF36F8F0323184613
:102B900002DF0221384603F0DBFA3146204602F01C
:102BA00019FA21463846FFF721FD0546204600F078
:102BB00015FC002D40F0B08094F82D302BB197F823
:102BC000822063F3061287F88220384601F084FEE3
:102BD0000823A3720221384603B0BDE8F04000F09C
:102BE000F1BB002A91D103B0BDE8F040FFF79ABED7
:102BF000002A8AD14D8DFFF7C9F8401B030484D405
:102C000097F9435097F8820097F8833094F82C2076
:102C100094F82D10002D00F0070C03F00706C0F209
:102C200097800021384603F093FA94F82030002270
:102C300084F82820DB0994F8212063F3000284F84B
:102C4000212097F88230C3F3020262F306130922AF
:102C500087F88230A27258E7042A7FF456AFFFF754
:102C600073FD21463846FFF7C5FD384601F0F8FEF2
:102C70000021384603F070FA0023A37245E703B041
:102C8000BDE8F040FFF7D8BE002103F061FAD7F8A5
:102C900040311A2223F48073C7F8403184F8282089
:102CA000204600F09BFB94F8213043F0010384F8A8
:102CB000213097F88230C3F3020262F3061309222F
:102CC00087F882300221A27285E73146204602F061
:102CD0003FF994F84E3084F828300021384603F04C
:102CE00037FADDE7374B90F8822093E8030094F839
:102CF0002030134302AD03F0070305E90300083356
:102D00006B44022113F8083C63F3061241F60603F4
:102D100087F8822063815EE70021384603F018FAC5
:102D200094F828300BB187F8603194F8203094F88B
:102D30002120DB0963F3000284F8212097F8823018
:102D4000C3F3020262F3061387F88230092340E7D7
:102D500011F003011FD061F3020012F0030287F8A3
:102D6000820023D062F302038C4587F883301AD0A7
:102D700021463846FFF76AFC94F8213060F341039E
:102D800084F821300021384603F0E2F9002384F86A
:102D9000283001234FE712F003023FF442AF62F301
:102DA000020387F883309642E2D13AE78C45DFD1BF
:102DB00037E700BF14B20200C8AB0200F0AA02005D
:102DC000B0B20200A8A00200F0B50C46897A83B028
:102DD0000646154609290BD8DFE801F01B20596289
:102DE0000A0A95ADB605042D00F0E08003B0F0BDF1
:102DF0008E4A8F498F4840F20A530FF090FD00230E
:102E000083F31188BFF36F8F0323184602DF03B0EB
:102E1000F0BD002DEAD10123A372E7E71946204651
:102E200002F0B4F894F8202096F8A431C2F3C2005E
:102E3000C3F3C2010140C3F30203C2F30200034023
:102E400043EAC10322F03F02134384F8203096F98D
:102E50004330002B0BDB94F8203013F0380F40F098
:102E6000A18094F8203023F03F0384F82030022121
:102E7000304600F093FA012DB8D196F84330DB09C3
:102E800007D16A4A6A496B4840F23443B5E7002DDE
:102E9000ACD12146304603B0BDE8F040FFF7FABDA3
:102EA000022DA3D190F94330002B0EDB5F4A62491B
:102EB000604840F254430FF032FD002383F3118841
:102EC000BFF36F8F0323184602DF5C4B96F8822016
:102ED00093E8030094F82030134302AD03F0070396
:102EE00005E9030008336B44022113F8083C30461F
:102EF00063F30612062386F88220A37203B0BDE8AE
:102F0000F04000F05FBA032D7FF470AF1946204601
:102F100002F060F821463046FFF768FB0546204680
:102F200000F05CFA002D52D094F82830282B2ED1D6
:102F300086F860312BE0002D7FF458AF214603B0B6
:102F4000BDE8F040FFF78EBC002D7FF44FAF678DDA
:102F5000FEF71CFFC01B03043FF548AF84F8285060
:102F600096F9435096F8820096F8833094F82C2016
:102F700094F82D10002D00F0070C03F007072CDB50
:102F8000002294F8213062F3000384F8213096F88F
:102F90008230C3F3020262F30613092286F88230FC
:102FA000A27223E75A077FF462AF5AE72146FFF780
:102FB000CBFB21463046FFF71DFC304603F0B0FA4C
:102FC0000021304603F0C8F80023A3720EE7304614
:102FD00003F0DEF80823A37208E711F0030118D00C
:102FE00061F3020012F0030286F882001BD062F344
:102FF00002038C4586F8833012D021463046FFF715
:1030000025FB94F8213060F34103012284F821303C
:10301000B7E712F00302B3D062F3020386F88330FD
:103020009742EAD1ACE78C45E7D1A9E714B2020098
:10303000C8AB0200F0AA0200B0B20200A8A00200D1
:1030400092F81FC0BCF1110F02F11C030FD0BCF1AC
:10305000180F12D0BCF1070F0CD010B524230C466A
:1030600080F8603101F0FCFC0023A37210BD052242
:10307000FFF736BD0622FFF733BD0222FFF730BD52
:1030800013460022FFF72CBD13460322FFF728BD8D
:1030900000230422FFF724BD10B592F81FE0BEF113
:1030A000160F02F11C030BD0BEF1180F0DD0242314
:1030B0000C4680F8603103F033FA0023A37210BD90
:1030C000BDE810400122FFF77FBEBDE8104003229B
:1030D000FFF77ABE13460022FFF776BE13460222A0
:1030E000FFF772BE00230422FFF76EBE00230370B9
:1030F00043608360C3600361704700BF037801339E
:103100000370704703785BB9C3687BB102691AB179
:10311000816861B10B6082600023C3600361704706
:10312000013BDBB20370002BEED070477047436069
:10313000F1E700BF03783BB100230C300B6043681C
:1031400043B1196041607047002304300B6043684D
:10315000002BF6D101604160704700BF00230B6077
:10316000836813B119608160704741608160704766
:10317000406870470346406828B1996802685A6001
:10318000884208BF9A6070474078A0F10C00B0FAFE
:1031900080F04009704700BF4078A0F10800B0FA05
:1031A00080F04009704700BF4078A0F10200B0FAFB
:1031B00080F04009704700BF4078A0F11700B0FAD6
:1031C00080F04009704700BF4078A0F10100B0FADC
:1031D00080F04009704700BF4078A0F10900B0FAC4
:1031E00080F04009704700BF4078A0F10600B0FAB7
:1031F00080F04009704700BF4078A0F11800B0FA95
:1032000080F04009704700BF4078A0F10300B0FA99
:1032100080F04009704700BF4078A0F10500B0FA87
:1032200080F04009704700BFF8B5064608460D46D5
:10323000F8F794FE044680B10027456006724761A6
:1032400087612C223946203016F0C7FA4FF47F43AD
:10325000FF2262726381A381A7732046F8BD00BF7D
:103260004078A0F10200B0FA80F04009704700BF3A
:103270004078A0F10200B0FA80F04009704700BF2A
:103280004078A0F10100B0FA80F04009704700BF1B
:103290004078A0F10200B0FA80F04009704700BF0A
:1032A0004078A0F11800B0FA80F04009704700BFE4
:1032B0004078A0F10100B0FA80F04009704700BFEB
:1032C0004078A0F10100B0FA80F04009704700BFDB
:1032D0004078A0F10900B0FA80F04009704700BFC3
:1032E0004078A0F10900B0FA80F04009704700BFB3
:1032F0004078A0F10300B0FA80F04009704700BFA9
:103300004078A0F10300B0FA80F04009704700BF98
:1033100038B5456804462DB129462046BDE83840F9
:10332000F8F732BE094A0A490A4870230FF0F7FA43
:1033300085F31188BFF36F8F0323184602DF65689A
:1033400020462946BDE83840F8F71EBEC8B2020044
:1033500008B30200F0AA0200024B1868003818BF38
:10336000012070479C05002010B50448F8F7F6FDD1
:1033700004460430FEF7F8FC204610BD9C050020F2
:1033800008B50120FBF7A6F9003818BF012008BDD9
:10339000FBF7BAB9E030FFF7E1BE00BF38B590F8EF
:1033A000563105460C461BB11C4385F8564138BDC5
:1033B000E030FFF7A3FE95F856311C4385F85641DF
:1033C00038BD00BF90F8563123EA010180F856114C
:1033D00001B17047E030FFF795BE00BF38B5856991
:1033E000044645B12B792D2B04D02D232B71A369D5
:1033F00022691A6038BD084A084909484FF4967393
:103400000FF08DFA85F31188BFF36F8F03231846F1
:1034100002DFA569E6E700BFC8B2020014B30200EC
:10342000F0AA020038B5856904465DB12B792D2BD1
:1034300000D038BD01232B71A169BDE83840086870
:10344000FBF734B9074A084908484FF49D730FF059
:1034500066FA85F31188BFF36F8F0323184602DFE6
:10346000A569E3E7C8B2020014B30200F0AA0200A3
:103470008B6913B11A792D2A0BD00B7A072B15D033
:10348000CB692BB1D0F85C211A60CB69C0F85C31F4
:1034900070471B68D0F858215A608B6901221A7155
:1034A0008B69C0F858310B7A072BE9D14B6A002B96
:1034B000E6D01B68D0F858215A604B6A01221A7175
:1034C0004B6AC0F85831DBE7F8B50D4F0546384672
:1034D000F8F744FD044680B1002647600572466156
:1034E00086612C223146203016F077F94FF47F4365
:1034F000FF2262726381A381A6732046F8BD00BFDC
:103500008C05002010B50A4B062258685021F8F7A8
:10351000FFFC084B012258685021F8F7F9FC064BD4
:10352000BDE81040586804222C21F8F7F1BC00BF18
:10353000940500208C0500209C05002038B5044629
:10354000002501F04DFA2046C4E93E5584F80451A7
:1035500002F0DAFFC4F82851C4E9425584F8165144
:10356000A4F81451A4F81851C4F82B51A4F84851E8
:10357000C4F83051C4F83451C4F83851C4F83C513F
:10358000C4F84051C4F84451FAF79AF994F89A30C3
:1035900084F85651C4E95001C4E9565523F0180384
:1035A00084F89A30A58738BD08460149F8F7ECBC85
:1035B0009C05002038B5B0F802510346144625B1E9
:1035C000A9420ED26D1AA0F80251B3F8122122B10D
:1035D00091420DD2521AA3F81221002318462370EB
:1035E00038BD01F0BDF8054658B12B7A0A2B03D03F
:1035F00022236FF07300F2E795F820306FF073002C
:10360000EDE7074A0749084840F202230FF087F91F
:1036100085F31188BFF36F8F0323184602DFE4E7B9
:10362000C8B2020028B30200F0AA0200034B0B4408
:10363000B3FBF1F3A0F81831704700BFFF596202E5
:1036400010B5044602F068FF2046BDE8104001F0C6
:10365000CFB900BF10B5044611B1012907D010BD84
:1036600002F062FF2046BDE8104001F023BA02F0EC
:103670005FFF2046BDE8104001F040BA70B5D0F8B9
:103680005841064634B1206821464468FBF702F8E9
:10369000002CF8D1D6F85C410023C6F858313CB173
:1036A000054D204624682946F8F76EFC002CF8D119
:1036B0000023C6F85C3170BD9C05002090F94330B2
:1036C000002B14DA70B504460E460320094915464E
:1036D000FFF7AAFD014640B180F8206080F8215034
:1036E000204601F009F8002070BD0C2070BD0C20B0
:1036F000704700BF9405002010B50749044601201B
:10370000FFF792FD28B10146204600F0F5FF0020AA
:1037100010BD0C2010BD00BF9405002038B5044634
:103720000D4602200849FFF77FFD58B190F8203080
:1037300065F30003014680F82030204600F0DCFFEE
:10374000002038BD0C2038BD9405002010B5074975
:1037500004460420FFF768FD28B10146204600F02A
:10376000CBFF002010BD0C2010BD00BF9405002031
:103770002DE9F04105468846072010499DF818605C
:1037800017461C46FFF750FDA8B1E30008F00708F4
:1037900003F03803BF0143EA080307F040073B4347
:1037A00043EAC613014680F82030284600F0A4FF03
:1037B0000020BDE8F0810C20BDE8F08194050020D8
:1037C00038B504460D4601F0F1F9204602F00CFF31
:1037D00007490A20FFF728FD38B1014680F820503C
:1037E000204600F089FF002038BD0C2038BD00BF06
:1037F0009405002008B590F94330002B08DB00F059
:10380000AFFF20B1037A0B2B0CBF2230002008BD84
:1038100002F0ACFCF5E700BFF8B5D0F840319B06EC
:1038200001D40020F8BD04460D460C200849164678
:10383000FFF7FAFC074648B1294620463246FEF714
:10384000CFFB3946204600F057FFEAE70C20F8BDD1
:103850009405002070B506460D4602F087FC20B1A5
:10386000037A053B012B044601D90C2070BD0146AB
:103870003046FEF7AFFE0028F7D029686A68AB68CB
:10388000ED68C4F837503046C4F82B10C4F82F2028
:10389000C4F833302146FEF795FE002070BD00BF0E
:1038A00038B5054602F062FC20B1037A053B012BD6
:1038B000044601D90C2038BD01462846FEF78AFE91
:1038C0000028F7D028462146FEF780FE002038BDAC
:1038D0002DE9F0470546D0F84001BDF82090099E3B
:1038E0009A4683078846174632D495F94330002B11
:1038F00050DB30490820FFF797FC0446002C56D0D7
:10390000237A082B2AD0092B34D1A4F826802785C6
:10391000A4F82AA0A4F82C90002E3ED03388238748
:1039200073886387B388A387F388E3873389A4F810
:1039300040307389A4F8423095F94330002B12DAF5
:103940002846FDF79DFC0146284602F017FF0AE0D5
:1039500018490920FFF768FC0446CFE72785A4F83B
:103960002AA0A4F82C902846214600F0C5FE00208D
:10397000BDE8F087104A1149114840F205430EF0A6
:10398000CEFF002383F31188BFF36F8F0323184604
:1039900002DFE8E71A20BDE8F0870A4A4FF0FF335C
:1039A000C4E90E23A4F840304FF6FF73C2E70C20A1
:1039B000DEE700BF94050020C8B20200C8AB0200D9
:1039C000F0AA02000000FFFF08B502F0CFFB28B10B
:1039D000007AA0F10C00B0FA80F0400908BD00BFE9
:1039E00010B5044602F0C2FB10B1037A092B00D0D7
:1039F00010BD01462046BDE8104002F0D9B900BF15
:103A000038B504460D4602F0B1FB10B1037A092B1C
:103A100000D038BD80F8205001462046BDE838402F
:103A200002F0CAB908B502F0A1FB28B1007AA0F1F2
:103A30000900B0FA80F0400908BD00BF38B505465E
:103A40000C4600F08DFE10B14369A3420ED028460B
:103A500002F08CFB10B14369A34200D038BD22466E
:103A600001462846BDE8384002F024BD0146224602
:103A7000284600F07FFFEAE710B5044600F070FE2C
:103A800018B10146204600F099FF204602F06EFB77
:103A9000014620B12046BDE8104002F023BD10BD14
:103AA0002DE9F041537F144605460E46002B3FD0CA
:103AB000D37F1E2B29D9284600F052FE0746284600
:103AC00002F054FB0146002F5ED0FA7AE37F002813
:103AD00048D09342C07A51D03A7B002A5DD09842B8
:103AE0004ED00A7B002A4BD1072B6DD0112B04D16D
:103AF0004A7B94F820309A4242D0234632463946D7
:103B00002846BDE8F04100F0EBBE444A52F82320BD
:103B100022B104F11C00904760B1E37F022BCAD1AF
:103B20000123224631462846BDE8F04102F004BD9B
:103B3000FF23D377284600F013FE28B1E27FC37A33
:103B40009A420DD0037B5BB9284602F00FFB002898
:103B500050D0E27FC37A9A4202D0037B002BE0D0A0
:103B6000BDE8F0819342C8D03A7B002AC5D1072B2B
:103B70004DD0112B4BD00D2BBFD0D1E798421CD18B
:103B80001F2385F86031EBE70028C9D02346324671
:103B90002846BDE8F04102F013BC072B2CD0112BB6
:103BA00018D0B3F10D0218BF012298421FD00B7B31
:103BB000EBB9002AA1D02423E3E70A7B002ADFD156
:103BC000072B95D0112B98D14B7B94F820209A424B
:103BD000D6D092E77A7B94F82030D21A18BF01220F
:103BE000112804D0087B10B9487B9842E1D1002A03
:103BF000CCD1C5E7034694E77A7B94F82030D21AFB
:103C000018BF01220728EDD1002ABFD1B8E77A7B7F
:103C100094F820309A4283D16FE700BF2CB30200A2
:103C200070B505460E46FFF79FFB0446002862D09C
:103C3000337A013B211D0B2B07D8DFE803F0222844
:103C40002E3506060606063B0642324A32493348FE
:103C5000DD230EF064FE002383F31188BFF36F8F22
:103C60000323184602DFE379737321462846FFF7E2
:103C700091FB337A0A2B2AD02846BDE8704000F029
:103C800021BE084600F0B0FF1323F372EBE728468D
:103C900000F0DEFF0923F372E5E7304601F096F805
:103CA000FF237461F372DEE7084601F0B1F80C23DC
:103CB000F372D8E7304601F09BF8FF237461F3728A
:103CC000D1E7284601F056FA1523F372CBE76B8E45
:103CD000B5F89C1140F2E24202FB03F342F210728B
:103CE00002FB013101392846B1FBF3F1BDE8704018
:103CF00089B200F0EDBD074A09490848A2230EF039
:103D00000EFE84F31188BFF36F8F0323184602DF82
:103D10008EE700BFA8B30200C8AB0200F0AA020001
:103D2000B0B102002DE9F04107460C46164602F0FC
:103D300021FA28B10323A37200252846BDE8F081AB
:103D400021463846FFF708FB05460028F2D02146F9
:103D50003846FFF709FB804680B3237A013B08F120
:103D600004010B2B07D8DFE803F03846064C0606A3
:103D700006060606063E264A2649274840F25E43C6
:103D80000EF0CDFD002383F31188BFF36F8F032363
:103D9000184602DF98F80730637341463846FFF74C
:103DA000F9FA384602F0EEF90423A372002EC4D0CB
:103DB000384602F0B5FB0023A372BEE7144A174948
:103DC00015484FF483630EF0AAFD88F31188BFF302
:103DD0006F8F0323184602DFBFE7084600F00EFF8F
:103DE000FF23E372D6E7384601F0DCF9FF23C4F87D
:103DF0001480E372CEE7384600F04EFFFF23E372F3
:103E0000C8E7084601F004F8FF23E372C2E700BFE9
:103E1000A8B30200C8AB0200F0AA0200B0B10200D1
:103E200038B50B7A013B0C4605460B2B0CD8DFE866
:103E300003F006060B290B0B0B0B0B1B0B24BDE829
:103E400038400122FFF76EBF174A1849184840F260
:103E50000E530EF064FD002383F31188BFF36F8FC0
:103E60000323184602DF38BD02F05AFB94F82030D5
:103E70000022A27285F8603138BDBDE838400022CA
:103E8000FFF750BF90F8283143B90122FFF74AFFEE
:103E90000028E8D0012385F8283138BD02F040FB26
:103EA0000023A37238BD00BFA8B30200C8AB020054
:103EB000F0AA02002DE9F0410C46897A0646154623
:103EC000042900F2F380DFE801F007230C1B030054
:103ED000012D4DD0BDE8F081002DFBD10123A3724F
:103EE000F8E7002DF6D1237A0A2B74D1304602F080
:103EF00017FB94F820300022A27286F86031E9E7BF
:103F0000002DE7D121463046BDE8F041FFF788BFDC
:103F1000022DDFD1DA786272023A122A6AD801A140
:103F200051F822F03D400100F53F0100F53F01004E
:103F3000F53F0100F53F0100F53F0100354001006C
:103F4000F53F0100F53F0100F53F01004F40010042
:103F5000F53F0100F53F0100F53F0100F53F01008D
:103F6000F53F0100053F0100F53F0100154001004C
:103F7000237A0C2BAED1FDF7F1FF94F82030042109
:103F800040EA03073046FFF71DFAA5690023FFB298
:103F9000A361002D7BD02B792D2B0ED04B4A4C49A1
:103FA0004C4840F281430EF0BAFC002383F31188A1
:103FB000BFF36F8F0323184602DF002F4BD101237D
:103FC0002B7128682946FAF771FB304602F0A8FAEF
:103FD0000023A3727EE73D4A3F493E4840F2245306
:103FE0000EF09DFC85F31188BFF36F8F03231846F5
:103FF00002DF7BE7354A3949364840F20D430EF07F
:104000008EFC002383F31188BFF36F8F03231846C0
:1040100002DF77E7194601F0F5F804213046FFF793
:10402000BDF93046FDF762FF84F820002046FFF717
:10403000D5F967E7194600F06FFE63E71946204699
:1040400000F0E2FE08213046FFF7A8F95AE71946CA
:1040500000F006FF56E703272F71338EEB80237A9B
:104060000C2B05F11C080DD0184A1D49194840F2C7
:104070008A430EF054FC002383F31188BFF36F8F43
:10408000384602DF4146304601F0A4F899E70F4A6E
:104090001449104840F27E430EF041FC85F311882C
:1040A000BFF36F8F0323184602DF74E7074A0B49FB
:1040B000084840F28A530EF032FC002383F3118843
:1040C000BFF36F8F0323184602DF03E7A8B3020094
:1040D00058B20200F0AA0200F0B30200C8AB02001E
:1040E0000CB4020010B202002DE9F041D1F81880A2
:1040F00000260C4605468E61B8F1000F49D0012616
:10410000032788F804702B8EA8F80630237A042B36
:1041100008F11C0129D00C2B23D0022B17D0284AE0
:10412000284940F2AB1328480EF0F9FB002383F333
:104130001188BFF36F8F384602DF0EB1BDE8F08102
:10414000D8F800004146BDE8F041FAF7AFBA637A0B
:10415000072B1AD0092B10D0194A1A494FF4817332
:10416000E1E7284601F036F8E7E7637A0C2B08D040
:10417000134A144940F20F13D5E7284600F0AEFD6C
:10418000DBE7284600F056FED7E7204600F052FD58
:10419000D3E7FFF7FDF880460028B1D1084A0B4964
:1041A00009484FF4C6730EF0BAFB88F31188BFF3C9
:1041B0006F8F0323184602DF88F80480FFDE00BFFC
:1041C000A8B30200C8AB0200F0AA020010B20200BD
:1041D00038B50B7A013B0C4605460B2B15D8DFE8AA
:1041E00003F006240E3214141414144114494B7AAB
:1041F000072B04D0132B02D0242385F860312846E6
:1042000000F02EFC0023A37238BD324A32493348F5
:104210004FF413730EF083FB002383F31188BFF375
:104220006F8F0323184602DF38BD4B7A072B01D06E
:10423000092BE1D194F82030DB07E0D52146284650
:10424000FFF752FFDBE74B7A0C2BD5D18B6993B389
:1042500021462846FFF748FF284600F001FC0023CE
:10426000A37238BD00F0FCFB00221623A27285F871
:10427000603138BD4B7A152B16D0072BBCD1D0F846
:10428000403123F02003C0F8403100F0E9FB002367
:10429000A3722846FFF798FB0028B5D128460421D1
:1042A000BDE83840FFF78EB8FDF7A0FD68B9284695
:1042B00000F0D6FBEBE7FFF763F80028C8D12846EB
:1042C00000F000FB0423A37238BD21462846FFF707
:1042D0000BFFECE7A8B30200C8AB0200F0AA020093
:1042E00070B50E7A731E0C4605460B2B07D8DFE817
:1042F00003F0161D3145060606060661066F534A91
:104300005349544840F2CF230EF009FB002383F3B6
:104310001188BFF36F8F0323184602DF70BD00F0D2
:10432000C1FA00287FD00123A37270BD00F0BAFA51
:104330000028F8D121462846FFF70EF80028F2D0D1
:1043400021462846FFF76CFC6369002B08BF032653
:10435000A67270BD00F0A6FA0028E4D121462846D6
:10436000FEF7FAFF0028DED021462846FFF758FC6A
:104370006369002B18BF0226A67270BD90F8283121
:104380009BBB00F08FFA0028CDD121462846FEF7CE
:10439000E3FF0028C7D021462846FFF741FC6269A9
:1043A000002A4FF001030CBF03220222A27285F8FB
:1043B000283170BDFEF7D0FF0028B4D02146284632
:1043C000FFF72EFC1622022384F82020A37270BD72
:1043D000D0F840319B0602D5FFF7F6FA68B12846BF
:1043E00000F03EFB0023A37270BD0C2200234A7232
:1043F0008B61BDE87040FFF7EBBE284600F052FA33
:10440000002890D121462846FEF7A6FF00288AD032
:1044100004212846FEF7C2FF21462846FFF700FC8C
:104420000323A37270BD21462846FEF795FF00289E
:104430003FF479AF21462846FFF7F2FB6369002B72
:104440000CBF03230223A37270BD00BFA8B30200F8
:10445000C8AB0200F0AA020070B50C46897A064685
:104460001546042900F2A380DFE801F003031B28AE
:104470000600002D5CD070BD002DFCD1237A042BEA
:1044800000F08780524A534953484FF45F730EF04F
:1044900046FA85F31188BFF36F8F0323184602DFB6
:1044A00070BD052DE7D1237A032B01D00A2BE2D171
:1044B00021463046BDE87040FFF78ABE012DDAD1B3
:1044C000DA786272023A172A37D801A151F822F03D
:1044D000874501003B4501003B4501003B4501008C
:1044E0003B4501007D4501003B450100754501004C
:1044F0003B4501003B4501006D450100B144010011
:104500003B4501003B4501003B450100634501007F
:104510003B450100B14401003B4501005B45010002
:104520003B4501003B4501003B450100B144010012
:104530002146BDE87040FFF7D3BE254A25492648ED
:1045400040F24F330EF0EBF9002383F31188BFF3F1
:104550006F8F0323184602DFAAE7194600F07CFE9E
:10456000A6E71946204600F0F3FCA1E7194600F043
:1045700077FC9DE7194600F0FDFB99E719462046B8
:1045800000F054FB94E7124A1249134840F23633C4
:10459000D8E7FEF7F5FE00283FF46DAF2146304620
:1045A000FFF7A2FD304600F05BFAA57270BD084A25
:1045B0000849094840F29A330EF0B1F9002383F319
:1045C0001188BFF36F8F0323184602DF70BD00BF51
:1045D000A8B30200C8AB0200F0AA0200131D052216
:1045E000FFF73ABF02F11C030122FFF735BF00BFFE
:1045F00013460022FFF730BF02F11C030222FFF72F
:1046000059BC00BF131D0122FFF754BC1346002202
:10461000FFF750BC70B5044606F036F868B1D4F820
:10462000F85045B1D4F8FC202B68C4F8F830954216
:1046300008BFC4F8FC30284670BD054601210320A0
:1046400005F0C0FF2A46064601210320F7F724FDA6
:10465000D4F8F85045B1D4F8FC202B68C4F8F830F1
:10466000954208BFC4F8FC30002EE4D00122114668
:104670000320F7F711FD284670BD00BF70B5044652
:1046800006F002F840B1D4F8F850DDB10022012361
:10469000A4F80221AB7370BD05460121032005F08B
:1046A00091FF2A46064601210320F7F7F5FCD4F8CE
:1046B000F850002EE9D0012211460320F7F7ECFC58
:1046C000002DE3D1094A0A490A484FF4F5730EF068
:1046D00026F985F31188BFF36F8F0323184602DF95
:1046E00000220123A4F80221AB7370BD34B4020090
:1046F0007CB40200F0AA0200F8B505460C4605F0AD
:10470000C3FF40B100232360D5F8FC30F3B11C6037
:10471000C5F8FC40F8BD06460121032005F052FF14
:104720003246074601210320F7F7B6FC2660D5F88C
:10473000FC3083B11C60C5F8FC40002FEAD0012298
:10474000BDE8F84011460320F7F7A6BCC5F8F840CD
:10475000C5F8FC40F8BDC5F8F840C5F8FC40ECE7EA
:1047600070B5054605F090FF18B1D5F8F840204621
:1047700070BD04460121032005F024FF22460646B1
:1047800001210320F7F788FCD5F8F840002EEED081
:10479000012211460320F7F77FFC204670BD00BFC1
:1047A00038B50C460546FFF7DBFF84420DD0184AAA
:1047B0001849194852230EF0B2F8002383F31188E8
:1047C000BFF36F8F0323184602DFA36913B11B7970
:1047D0002D2B07D02846FFF71DFF2046BDE83840A7
:1047E000FEF796BD0A4A0D490B4857230EF097F87D
:1047F000002383F31188BFF36F8F0323184602DF72
:104800002846FFF707FF2046BDE83840FEF780BD89
:1048100034B4020090B40200F0AA0200A4B4020072
:1048200038B50546FFF79CFF037A013B04460B2B86
:104830001BD8DFE803F0060606061A1A2A14140627
:104840001A06014600222846FFF7D2FEA37B03B9D1
:1048500038BD21462846BDE83840FFF7A1BF0146D4
:104860000022284601F076FAF0E70B4A0B490C4883
:104870004FF4EF730EF053F8002383F31188BFF366
:104880006F8F0323184602DFE0E701460022284627
:10489000FEF7F6FBDAE700BF34B40200C8AB020053
:1048A000F0AA020090F80401A0F10100B0FA80F033
:1048B00040097047012380F804317047002380F8D5
:1048C00004317047B0F81831A0F80231704700BFCA
:1048D000A0F80211704700BF0023A0F80231704712
:1048E00038B50C468969054610461A46F9B1217A51
:1048F00001390B2923D8DFE801F00606060622223B
:10490000321D1D06220621462846FFF76BFEA369CD
:1049100023B11B792D2B1CBF0023A361A37B03B9FB
:1049200038BD21462846BDE83840FFF739BFA361AE
:104930002061DCE72146284601F0B8F9E7E70A4A9A
:104940000A490B4840F249130DF0E9FF002383F3B5
:104950001188BFF36F8F0323184602DFD7E7214684
:104960002846FEF76DFBD2E734B40200C8AB020064
:10497000F0AA020038B50B7A033B0C460546092B1A
:1049800009D8DFE803F0050808080D080805080540
:104990002146FFF723FEA37B0022626143B938BDA5
:1049A0002146FEF771FBA37B00226261002BF6D04B
:1049B00021462846BDE83840FFF7F2BE38B50B7AED
:1049C000072B0C46054608D0A37B03B938BD21460A
:1049D0002846BDE83840FFF7E3BEFEF759FBF3E792
:1049E0000222002380F80021A0F80231704700BFA6
:1049F00038B590F800310446032B1AD8DFE803F0ED
:104A000002100F10FFF7ACFE48B1057A2046FFF701
:104A100007FF0A2D14BF0123032384F8003138BD9A
:104A2000FFF79EFE0028FAD02046BDE83840FFF789
:104A3000F7BE084A084909484FF41B730DF06FFF91
:104A4000002383F31188BFF36F8F0323184602DF1F
:104A500038BD00BF34B40200C8AB0200F0AA0200A7
:104A600010B590F800310446032B0DD8DFE803F0B1
:104A700008020702FFF702FE002384F8003110BD90
:104A8000BDE81040FFF7FABD074A084908484FF44F
:104A90001B730DF044FF002383F31188BFF36F8F66
:104AA0000323184602DF10BD34B40200C8AB020075
:104AB000F0AA020008B590F80031022B13D000D8FC
:104AC00008BD032BFCD00A4A0A490B484FF41B735C
:104AD0000DF025FF002383F31188BFF36F8F0323AD
:104AE000184602DF08BD002380F8003108BD00BF72
:104AF00034B40200C8AB0200F0AA020038B590F846
:104B000000310446032B3AD8DFE803F009261213DC
:104B100020462946FEF7ACFC2846FEF7F9FB204666
:104B2000FFF778FD05460028F2D1022384F8003112
:104B300038BDFFF76FFD05460028F6D02946204610
:104B4000FEF796FC2846FEF7E3FB2046FFF762FDE2
:104B500005460028F2D1E8E7FFF75CFD054600288E
:104B6000E3D029462046FEF783FC2846FEF7D0FB1B
:104B70002046FFF74FFD05460028F2D1D5E7084A49
:104B8000084909484FF41B730DF0C9FE002383F355
:104B90001188BFF36F8F0323184602DF38BD00BFB3
:104BA00034B40200C8AB0200F0AA020038B50546D2
:104BB000FFF730FD68B1044621462846FEF758FC51
:104BC0002046FEF7A5FB2846FFF724FD04460028F3
:104BD000F2D10024A5F802412146284601F0B8FA96
:104BE00085F8004138BD00BF03780121122243F04F
:104BF000030303704170C270704700BF0378012146
:104C0000132243F0030303704170C270704700BF6A
:104C10000B784FF0020C43F0030307220B7081F86E
:104C200001C0CA7090F84C300B7170470B7980F856
:104C30004C3070470B784FF0020C43F0030307220F
:104C40000B7081F801C0CA7090F84C300B7170473E
:104C500010B50B780C460922082143F00303E170DC
:104C60006270237090F94330002BACBF0B460E23CB
:104C7000E370F8F725FE002261F30702C1F3072C69
:104C80000B0C6CF30F2263F317421B0A63F31F62D2
:104C90006060A26010BD00BF38B50C460546F8F74D
:104CA0000FFE237843F00303237009236370E3703E
:104CB000D5F84031217263F0FF031840020C0B0C51
:104CC000C0F307252071C1F30721100AA2711A0A47
:104CD000E07165716172A372E27238BD0B780922CE
:104CE00043F003030B704A70CA70D0E94E23100CD6
:104CF000C2F3072C0A711A0C81F805C088714FEABB
:104D0000102C0B72C3F30720130A81F807C04872F6
:104D10008A72CB72704700BF2DE9F0414B68144F87
:104D20008E685A0F82EA137202F001021F400021BE
:104D3000931849419B18054641F1000887EA03741E
:104D4000F8F7BEFD04EA0003C5F8403163F0FF0345
:104D500006F0EF063B4046EA0878C5E94E3608EA19
:104D600001010122C5F8441185F83021BDE8F08128
:104D70002FCF87F72DE9F0414A68134F8E68530F04
:104D800083EA127303F00103D91807EA02074FF010
:104D900000025241C918054642F1000487EA017831
:104DA000F8F78EFD06F0EF0646EA0474C5E94E7684
:104DB00008EA00000C400123C5F84001C5F8444151
:104DC00085F83031BDE8F0812FCF87F70B784FF0B1
:104DD000030C43F0030319220B7081F801C0CA7061
:104DE00090F820300B7190F821304B71704700BF64
:104DF0000B78022243F003030B704A70CA7090F8DC
:104E000020300B71704700BF0B7980F8203070475D
:104E10000378074AC0F805204FF0060C43F003035F
:104E200040F60C51037080F801C0A0F803107047E1
:104E3000F105FFFF0B784FF0060C43F003030C2243
:104E40000B7081F801C0CA7090F82A310B71B0F86C
:104E50002B31A1F80530B0F82D31A1F8073070479B
:104E6000012380F829310B7980F82A31B1F8053017
:104E7000A0F82B31B1F80730A0F82D31704700BFF2
:104E80000B78032243F003034FF0170C0B7081F8EB
:104E900001C0CA70D0F82130D0F825208A604B605C
:104EA00090F829300B7390F82A304B73704700BF8D
:104EB00010B503780D21042243F003034170037001
:104EC000C270841805F0E0FB0C2120B12046BDE83B
:104ED000104003F0B7B82046BDE8104003F0A8B872
:104EE00003780121052243F0030303704170C2706F
:104EF000704700BF03780121062243F003030370CB
:104F00004170C270704700BF037801210B2243F04B
:104F1000030303704170C270704700BF03780171D2
:104F20004FF0020C43F003030D22037080F801C020
:104F3000C27070470378017143F003034FF0030C14
:104F40000370112380F801C0C3704271704700BF25
:104F50000B7980F84D304B7980F84E30704700BFA8
:104F60000B784FF0030C43F0030316220B7081F80B
:104F700001C0CA7090F82030C3F3C2034B7190F89F
:104F80002030C3F302030B71704700BF0A7990F819
:104F9000203062F3C50380F820304A7962F30203BF
:104FA00080F82030704700BF0B784FF0030C43F0BF
:104FB000030317220B7081F801C0CA7090F8A43166
:104FC000C3F3C2034B7190F8A431C3F302030B7116
:104FD000704700BFCB8843850B7980F82C304B7924
:104FE00080F82D30704700BF0B784FF0180C43F05D
:104FF00003030F220B7081F801C0CA70C38C8B8031
:10500000038DCB80438D0B81838D4B8190F83430A1
:105010000B73C38EA1F80D30038FA1F80F30438FAF
:10502000A1F81130838FA1F81330C38FA1F8153088
:10503000B0F84030A1F81730B0F84230A1F819307C
:10504000704700BF0B784FF0180C43F00303102299
:105050000B7081F801C0CA70C38C8B80038DCB802C
:10506000438D0B81838D4B8190F834300B73C38E4D
:10507000A1F80D30038FA1F80F30438FA1F8113044
:10508000838FA1F81330C38FA1F81530B0F84030EA
:10509000A1F81730B0F84230A1F81930704700BFBE
:1050A0008B88C384CB8803850B8943854B89838593
:1050B0000B7B80F83430B1F80D30C386B1F80F3077
:1050C0000387B1F811304387B1F813308387B1F803
:1050D0001530C387B1F81730A0F84030B1F8193057
:1050E000A0F84230704700BF0B78002243F0030362
:1050F0004FF00C0CCA700B7081F801C090F823308F
:105100000B71036B094AA2FB03239B0AA1F805302C
:10511000438DA1F80930038DA1F80730838DA1F8E4
:105120000B30838CA1F80D30704700BF5917B7D1F1
:105130000B7980F82330B1F8053040F2E24202FBEF
:1051400003F30363B1F809304385B1F807300385F1
:10515000B1F80B308385B1F80D308384704700BF00
:10516000B1F8093003844B68C0F822300B7A80F81C
:10517000263070470B784FF0090C43F003031422DC
:105180000B7081F801C0CA70B0F866308B80B0F83F
:1051900064300B81B0F86A30CB80B0F868304B8156
:1051A000704700BF0B784FF0090C43F00303152242
:1051B0000B7081F801C0CA70B0F866308B80B0F80F
:1051C00064300B81B0F86A30CB80B0F868304B8126
:1051D000704700BF0B784FF0090C43F00303152212
:1051E0000B7081F801C0CA70B0F876308B80B0F8CF
:1051F00074300B81B0F87A30CB80B0F878304B81C6
:10520000704700BF8B88A3F11B02E02A22D8B1F8B7
:1052100008C0ACF11B02E02A1CD830B5CD88A5F53A
:10522000A47244F2481492B2A24212D84A890021D0
:105230008E4662F30F0EA2F5A4726CF30F0192B2C8
:10524000A24263F31F4165F31F4E9CBFC166C0F8C5
:1052500070E030BD704700BF8B88A3F11B02E02ACD
:1052600022D8B1F808C0ACF11B02E02A1CD830B536
:10527000CD88A5F5A47244F2481492B2A24212D885
:105280004A8900218E4662F30F0EA2F5A4726CF3D8
:105290000F0192B2A24263F31F4165F31F4E9CBF00
:1052A000C166C0F870E030BD704700BF70B58C6952
:1052B00000230D4606468B6104B31923227923711E
:1052C000338EE38095F82030237743B92B8DE38329
:1052D0006B8D2384AB8D63842D2A09D070BD738EB2
:1052E000E383B38E2384B6F89C3163842D2AF5D1F1
:1052F00020682146BDE87040F9F7D8B9074A084947
:10530000084840F207130DF00AFB84F31188BFF33D
:105310006F8F0323184602DFCFE700BFFCB4020003
:1053200010B20200F0AA0200F8B58C6900230D4605
:1053300006468B6194B1032327792371338EE38072
:1053400004F11C012846FFF74FFE2D2F00D0F8BDB9
:1053500020682146BDE8F840F9F7A8B9074A08498E
:1053600008484FF459730DF0DAFA84F31188BFF34B
:105370006F8F0323184602DFDDE700BFFCB4020095
:1053800010B20200F0AA020030B5438E0A8D4C8D97
:105390008D8D934285B002D1838EA34214D0012318
:1053A00081F8223002950B6BCDE900240C7A91F83C
:1053B0002320898C0391A4F10801B1FA81F14909F4
:1053C000EBF726FF05B030BDB0F89C315B1B18BF72
:1053D0000123E5E7F8B5CD6900230C4607461646DC
:1053E000CB61002D3FD0291D112E0AD8DFE806F031
:1053F0002E0909090909092A0909090909090909D7
:105400003222234A234924484FF452730DF087FA7D
:10541000002383F31188BFF36F8F0323184602DF45
:10542000EB79637329463846FDF7B4FF237A092BDD
:1054300014D0F8BD084694F8202094F82110FFF706
:1054400079FDEDE72046FFF7E3FBE9E72046FFF7AC
:105450004BFEE5E72046FFF7F5FDE1E73846BDE8FE
:10546000F84000F08FBEFDF77FFF05460028BAD157
:10547000074A0A49084840F22E330DF050FA85F3E6
:105480001188BFF36F8F0323184602DFABE700BF1D
:10549000FCB40200C8AB0200F0AA0200B0B10200E6
:1054A00038B58B690C46054673B11F4A1F49204821
:1054B00040F286330DF033FA002383F31188BFF3F3
:1054C0006F8F0323184602DFFDF762FF2D23A061D3
:1054D000037194F834200121002384F823102363FE
:1054E000218D4AB1B1FBF2F313FB02F3E28C9BB2C4
:1054F0009A429CBF23851946238F8B4204D840F2E1
:10550000E24202FB03F323632846FCF73FFCAB8E29
:1055100006331844A084002221462846FFF75AFF8C
:105520004FF60B73638138BDFCB4020048B502002E
:10553000F0AA02002DE9F0413A4E336804460D46C8
:105540002BB1834203D00123AB72BDE8F08120462A
:10555000FFF7A8F90028F6D1204600F001FE074623
:105560000028F0D129462046FDF7F6FE0028EAD0B3
:105570002046FCF70BFC01218046204600F0E8FDA8
:10558000A5F83680D5F81C8085F834703460EF615A
:10559000B8F1000F29D008F104012846FFF724FDD7
:1055A00098F807306B7341462046FDF7F3FE2B7ADF
:1055B000092B16D094F84330DB0902D004236B8109
:1055C000C3E7194A19491A4840F29B130DF0A7F98D
:1055D000002383F31188BFF36F8F0323184602DF84
:1055E000B3E72046FFF76EF9E4E729462046FDF7CA
:1055F000BBFE80460028CED10B4A0E490C4840F233
:105600002F130DF08CF988F31188BFF36F8F0323EC
:10561000184602DF04212846FFF7E6FC98F8073019
:10562000FFDE00BF7CDC0020FCB40200C8AB02003F
:10563000F0AA0200B0B1020038B505460C4600F0F1
:1056400099FD10B10923A37238BD21462846FDF704
:1056500083FE0028F6D021462846FDF785FEE0614E
:10566000FDF78EFE10B90C23A37238BD21462846E3
:10567000BDE83840FFF714BF70B50C460546FCF78F
:1056800085FBA38CC31A1B0400D570BD2146284698
:10569000FFF77AFE237A092B15D094F82260E6B939
:1056A0002046FDF7BFFEA661284600F039FF237AA9
:1056B000092B05D10D4B1A68954204BF00221A60D0
:1056C0000023A37270BD284600F062FD237A092BE7
:1056D000E3D194F82030002BDFD0002384F8203071
:1056E00021462846FFF7E2FDDEE700BF7CDC002014
:1056F00070B506460C4600F03DFD10B10623A372BE
:1057000070BD054621463046FDF726FE0028F5D03F
:10571000112221463046FFF75DFE304600F000FFC3
:10572000237A092B04D1044B1A68964208BF1D60E6
:105730000023A37270BD00BF7CDC002070B5204A3E
:10574000136806460C468BB183420FD002238B723E
:1057500000F010FD054620B921463046FDF7FCFD5E
:1057600008BB2046BDE87040FDF738BE218D738E22
:1057700016609942628DA08D06D021463046FFF713
:10578000D3FD0423A37270BDB38E9342F5D1B6F856
:105790009C318342F1D12046FDF744FE00220523CF
:1057A000A261A37270BD4FF4726321462384304618
:1057B000FFF79EFF2046FDF735FEA56170BD00BFD7
:1057C0007CDC002070B50C46897A064615460C290B
:1057D00000F2A980DFE801F00B17464E586273A76C
:1057E0007A848B9F0700002D00F0AD8070BD002DE6
:1057F000FCD1237A082B00F0C980092B40F0B78038
:105800000123A37270BD012DF0D119462046FFF788
:1058100047FCE38C228DA08D618D94F83450052BCC
:1058200017D9B2F5486F14D8934212D8B1F5FA7F60
:105830000FD2A0F10A039BB240F6764C634508D81C
:105840004B1C9BB202FB03F3B3EB800F01D2AA42C5
:105850000AD240F61E73238421463046BDE87040CC
:10586000FFF746BF012DC1D821463046BDE8704044
:10587000FFF764BF002DB9D1FDF782FD002840F08D
:10588000C7800323A37270BD032D67D0042DADD153
:105890000F22062384F82120A37270BD002DA5D10C
:1058A00090F94330002B5CDA94F8203083B10F2359
:1058B00084F821302146BDE87040FFF719BF002D64
:1058C00094D12146BDE87040FFF712BF002D8DD165
:1058D000304600F04FFC00285BD00823A37270BD57
:1058E000002D83D12146BDE87040FFF7A5BE022DF3
:1058F0007FF47CAF90F84320C2F3C011D20956D197
:1059000084F84C1000F036FC0546002800F0898031
:105910000D23A37270BD002D7FF468AF2146BDE852
:105920007040FFF7A9BE504A5049514840F25153C8
:105930000CF0F5FF002383F31188BFF36F8F03236F
:10594000184602DF70BDFDF71BFD00283FF44EAF87
:1059500021463046BDE87040FFF7A2BD0523A37283
:1059600070BDA5612146BDE87040FFF765BE3E4AA7
:105970003E493F4840F2F2330CF0D1FF85F31188E5
:10598000BFF36F8F0323184602DF70BD0A23A37293
:1059900070BD21463046FDF7DFFC00289DD0102267
:1059A00021463046FFF716FD0A23638170BD194674
:1059B0002046FFF7BDFB218D628DA58D8B1F9BB20D
:1059C00040F67A4083422AD8B2F5FA7F27D2A5F171
:1059D0000A039BB240F67640834220D8531C9BB208
:1059E00001FB03F3B3EB850F19D23046A58CFCF70E
:1059F000CDF92B1A9BB247F6FE72934229D9282380
:105A000086F86031304600F08BFD0023A37270BD34
:105A100021463046FFF788FC0423A37270BD1E2385
:105A2000EEE721463046FDF797FC00283FF470AFC3
:105A3000072221463046FFF7CDFC304600F070FDCE
:105A4000237A092BE1D10B4B1A689642DDD11D60F8
:105A5000DBE72046FDF7C2FC0B23A372214630464C
:105A6000BDE87040FFF708BEFCB40200C8AB0200FE
:105A7000F0AA02007CDC0020F8B50C46897A0646C4
:105A80001546062908D8DFE801F0172B070733640D
:105A90000400002D65D0F8BD7F4A804980484FF44E
:105AA0003E730CF03CFF002383F31188BFF36F8F2C
:105AB0000323184602DFF8BD002DECD1237A092B11
:105AC00010D0754A754976484FF4F5730CF027FFEE
:105AD00085F31188BFF36F8F0323184602DFF8BDEB
:105AE000002DD8D121463046BDE8F840FFF722BD51
:105AF000032D00F08D80042D00F09280022DCAD17C
:105B000019462046FFF714FB228D608DB4F82CC097
:105B1000931F9BB240F67A418B4244D8B0F5FA7F8E
:105B200041D2ACF10A039BB240F676418B423AD89F
:105B3000431C9BB202FB03F3B3EB8C0F33D2294619
:105B4000304600F005FB2046FDF748FC0623A37213
:105B5000F8BD002D9FD1FEF7A5FE60B30523A3720B
:105B6000F8BDFCF713F9A38CC01A030493D429469B
:105B7000304600F0EDFA21463046FFF705FC237A67
:105B8000092B58D094F82250002D5ED12046FDF705
:105B900049FCA5613046FEF763FF237A092B2CD020
:105BA0000023A372F8BD0021304600F0D1FA1E2375
:105BB00086F86031EEE721463046FDF7CDFB002840
:105BC000CCD02946304600F0C3FAE769E561002FE2
:105BD00043D094F8202094F82110381DFFF7AAF93B
:105BE000FB79637339463046FDF7D4FB237A092BE2
:105BF000D0D13046FEF766FECCE796F94330002B55
:105C000025DB284B1A689642CAD100221A60C7E7E2
:105C10005B7984F8203021463046FFF747FBB9E72F
:105C2000D0F840311A2223F00203C0F84031214657
:105C300084F82020F0E73046FEF74EFE237A092B49
:105C4000A0D194F82030002B9CD00023E1E730460F
:105C5000FDF7E8FE0028D4D0A2E721463046FDF744
:105C600083FB07460028B4D10B4A0F490C4840F289
:105C70002F130CF054FE85F31188BFF36F8F0323AD
:105C8000184602DF042094F8202094F82110FFF732
:105C900051F9EB79FFDE00BFFCB40200C8AB020093
:105CA000F0AA02007CDC0020B0B1020010B592F82E
:105CB0001FC082B0044602F11C03BCF1110F0AD8C8
:105CC000DFE80CF02C090909090909250909090966
:105CD000090909091E17242380F860310191FEF794
:105CE000BFFE01990B7A092B1FD000238B7202B0E3
:105CF00010BD0322204602B0BDE81040FFF7BCBE35
:105D00000122204602B0BDE81040FFF7B5BE0422D4
:105D1000204602B0BDE81040FFF7AEBE022220468A
:105D200002B0BDE81040FFF7A7BE94F94330002B46
:105D300006DB074B1A689442D7D100221A60D4E7D9
:105D400020460191FDF76EFE01990028F1D0CCE7C5
:105D50007CDC002013460022FFF78EBE70B5D57F95
:105D600002F11C0335B10F2D09D1BDE870400122AD
:105D7000FFF728BDBDE870400222FFF723BD2423B2
:105D80000E4680F86031044600F0CAFB337A092BD6
:105D900005D1044B1A68944204BF00221A60002304
:105DA000B37270BD7CDC002013460022FFF70ABDF1
:105DB00000230322FFF706BD00230422FFF702BDE4
:105DC00070B5D37F012B05460C4607D0242380F8FD
:105DD000603100F0A5FB0023A37270BD8B7A012B0C
:105DE00012D013F0FD0FF8D0154A1649164840F2AC
:105DF00027130CF094FD002383F31188BFF36F8FFA
:105E00000323184602DF70BD02F11C012046FFF794
:105E1000A7F92846268CFBF7B9FF361AB6B247F623
:105E2000FE739E4202D80223A37270BD282385F818
:105E30006031284600F074FB0023A37270BD00BFE0
:105E400068B50200C8AB0200F0AA020038B58B7A30
:105E5000012B12D0022B0C4610D00BB3124A13495F
:105E6000134840F227130CF05AFD002383F31188E6
:105E7000BFF36F8F0323184602DF38BD0546FBF7DB
:105E800085FF238CC01A0304F7D404F122012846AD
:105E9000FBF78AFF284600F043FB0023A37238BDBE
:105EA00001238B7238BD00BF68B50200C8AB020089
:105EB000F0AA020038B5D0F808318B4204460D46EE
:105EC00023D01C4A1C491D4878230CF028FD0023D0
:105ED00083F31188BFF36F8F0323184602DFAB698A
:105EE00013B11B792D2B15D0D4F8083143B1D4F858
:105EF0000C111A68C4F80821994208BFC4F80C2193
:105F00002846BDE83840FDF703BA8B69002BE8D17D
:105F10000B46ECE7074A0A4908487D230CF0FFFCD2
:105F2000002383F31188BFF36F8F0323184602DF2A
:105F3000DAE700BFB0B5020090B40200F0AA020098
:105F4000A4B4020038B5D0F808512B7A013B0446BE
:105F50000B2B28D8DFE803F00606060618181D13D9
:105F60001306220600222946FEF750FBAB7B2BB11D
:105F700029462046BDE83840FFF79CBF38BD0022C7
:105F80002946FFF711FFF1E700222946FCF72AFB1B
:105F9000ECE700222946FDF79DF8E7E700222946B5
:105FA000FFF754FFE2E7084A084909484FF4E7734E
:105FB0000CF0B5FC002383F31188BFF36F8F03232C
:105FC000184602DFD2E700BFB0B50200C8AB02003E
:105FD000F0AA020070B5D0F8085104461DB394F839
:105FE0001431012B03D1022384F8103170BD2946EE
:105FF0002046FDF7B1F90028F5D029462046FDF7E7
:10600000B3F90646F0B1311D2846FEF701FEF379DB
:106010006B7331462046FDF7BDF90123AB730023B6
:1060200084F8103170BD0F4A0F49104840F2162312
:106030000CF075FC85F31188BFF36F8F03231846AE
:1060400002DFCCE7074A0A4908484FF4EF730CF027
:1060500066FC86F31188BFF36F8F0323184602DFB7
:10606000D1E700BFB0B502007CB40200F0AA020084
:10607000B0B1020070B5D0F808510446ADB394F841
:106080001431012B03D1012384F8103170BD29464E
:106090002046FDF761F90028F5D029462046FDF796
:1060A00063F9064600283CD02046FEF759FB2A7AC1
:1060B000037A934206F1040026D0082B26D02A2129
:1060C00094F830311BB1D4F840315B0723D4FEF78C
:1060D00025FFF3796B7331462046FDF75BF9012309
:1060E000AB73002384F8103170BD154A154916486A
:1060F00040F206230CF013FC85F31188BFF36F8F79
:106100000323184602DFBAE72321D9E7092A14BF7F
:106110002A212321D4E70A4694F81711FEF70AFF33
:10612000D7E7074A094908484FF4EF730CF0F7FB2B
:1061300086F31188BFF36F8F0323184602DFB3E79E
:10614000B0B502007CB40200F0AA0200B0B10200B7
:1061500080F81611704700BF704700BF00207047DD
:1061600090F81501003818BF01207047D0F80801D9
:10617000704700BF90F81401A0F10100B0FA80F060
:1061800040097047B0F81831A0F81231704700BFCD
:106190000023A0F81231704738B5D0F80841A4B1F7
:1061A0000546D5F80C212368C5F8083194422146EC
:1061B00008BFC5F80C312846FDF75AF92046FDF70F
:1061C000A7F8D5F80841002CEBD138BD022938B525
:1061D000054612D004290C460AD0012900D038BD4A
:1061E000D0F80831002BFAD0BDE83840FFF7AABE3E
:1061F000FFF7D2FF85F8104138BDD0F808410023E1
:1062000080F815313CB100230122A5F81231A273A8
:1062100085F8103138BD074A0749084840F229235C
:106220000CF07DFB84F31188BFF36F8F03231846B6
:1062300002DFE8E7B0B502007CB40200F0AA020079
:10624000F8B590F8103104460E461546052B00F2BD
:106250009F80DFE803F00E1607030B03BDE8F8404C
:10626000FFF7B4BFBDE8F840FFF7B4BE03290CD078
:10627000F8BD71B10429FBD1FFF78EFF84F81061DE
:10628000F8BDBDE8F840FFF7F5BE002380F81031F7
:10629000F8BDD0F80871002FEAD03B7A90F816C10B
:1062A00090F843E0112B11D8414A012101FA03F083
:1062B000024052B30A2B21D0C3B184F815612046A5
:1062C000FFF740FE032384F81031F8BD394A3A49FC
:1062D0003A486B230CF023FB002383F31188BFF3B0
:1062E0006F8F0323184602DF3B7AE3E7EB7F87F8E3
:1062F0004C302046BDE8F840FFF76CBE2046FFF763
:1063000021FE052384F81031F8BD10F4386FDDD07C
:106310000A2BF3D0002BE9D0BCF1000F01D10E46BF
:10632000CBE71EF0800F12D1BCF1010F22D0BCF1DF
:10633000020F9DD12046FEF713FA3B7A027A9A4269
:1063400022D0082A1ED02A2384F86031F8BDBCF17F
:10635000010FECD12046FEF703FA08B1FF22C2720A
:10636000012384F815312046FFF7ECFD032384F860
:106370001031F8BDEB7F84F817312046BDE8F840B6
:10638000FFF778BE092BDED1232384F86031F8BDF6
:10639000084A094909484FF443730CF0C0FA002336
:1063A00083F31188BFF36F8F0323184602DFF8BD14
:1063B0007FF40300B0B50200C8AB0200F0AA0200EF
:1063C00038B50C468969054610461A46237AF1B15C
:1063D0000C2B57D8DFE803F00D070707073C3C48B4
:1063E0004242074E070021462846FEF705F9A169FB
:1063F00021B10B792D2B1CBF0023A361A37B2BB1F3
:1064000021462846BDE83840FFF754BD38BDA2619B
:1064100020610C2B36D801A151F823F081640100D2
:10642000E7630100E7630100E7630100E763010040
:106430005164010051640100696401005D64010060
:106440005D640100E763010075640100E76301001A
:1064500021462846FCF796F8A169C9E72146284657
:10646000FFF77CFCA169C3E721462846FCF714FE30
:10647000A169BDE721462846FFF7A2FCA169B7E75D
:106480001146B5E7084A094909484FF4A1730CF0D1
:1064900046FA002383F31188BFF36F8F0323184656
:1064A00002DFA169A4E700BFB0B50200C8AB0200DB
:1064B000F0AA020038B50B7A072B0C4605460ED021
:1064C0000C2B01D1FEF79EF8A37B002262612BB159
:1064D00021462846BDE83840FFF7ECBC38BDFCF744
:1064E000FDFDF1E738B50B7A072B0C46054608D0C1
:1064F000A37B2BB121462846BDE83840FFF7DABC24
:1065000038BDFCF7EFFDF3E70422002380F81021EB
:10651000A0F81231704700BF00220121FFF790BEA2
:1065200000220221FFF78CBE00220321FFF788BE64
:1065300000220421FFF784BEF0B5044683B00E4666
:1065400015467BB1D37F1B2B31D8DFF898C090F86C
:1065500043100CEB4307C9097F781AB201238B4023
:106560003B402BD11846FCF7AFFF0746E8B10023AC
:106570000360D4F80C31E3B11860C4F80C012A466A
:1065800000212046FFF75CFEBB7B1BB1394620464D
:10659000FFF790FCD4F8081139B12B46324620465B
:1065A00003B0BDE8F040FFF70BBF03B0F0BD002320
:1065B000D8E7C4F80801C4F80C01E0E71CF8123071
:1065C0000A2BCFD10193FFF7E7FD0022A4F8122197
:1065D00084F8152184F810212046FEF7E7FA019B84
:1065E000C0E700BFF8B5020010B50446FFF7D4FDC0
:1065F0000023A4F8123184F8153184F8103110BD4D
:1066000010B50C4630B994F884316FF3000384F868
:10661000843110BD0A4A0B490B4840F2A2230CF00A
:106620007EF9002383F31188BFF36F8F032318468D
:1066300002DF94F884316FF3000384F8843110BDD5
:1066400030B6020078B60200F0AA020000B9704726
:1066500008B5084A0849094840F29A230CF05FF946
:10666000002383F31188BFF36F8F0323184602DFE3
:1066700008BD00BF30B6020068B00200F0AA0200F8
:10668000012800D0704710B50C46F8F7D1F88442C5
:106690000ED0084A0849094840F292230CF03FF90D
:1066A000002383F31188BFF36F8F0323184602DFA3
:1066B00010BD00BF30B602008CB60200F0AA020086
:1066C0002DE9F843099C9DF820900546208E4FF651
:1066D000FF71884225D02946204690461F46FBF789
:1066E000E9F8F0B926780136F6B226705EB31D4996
:1066F0001D4B0F8104F11C000022C860C1E9005845
:1067000081F80A90996001201146F5F7FBFC50B919
:10671000FF20FBF703F92046FF21BDE8F843FBF714
:10672000CFB9BDE8F883114A114912484FF41373E9
:106730000CF0F5F8002383F31188BFF36F8F032368
:10674000184602DFE4E7094A0B490A4840F23F23B2
:106750000CF0E5F886F31188BFF36F8F032318461A
:1067600002DFC4E768DF0020A405002030B6020085
:10677000A4AB0200F0AA020094AF0200438F43B121
:1067800010B590F8843113F0010488B002D008B03D
:1067900010BD7047124A43F0010380F88431033181
:1067A0000123CDE90442CDE902430690CAB2CDE906
:1067B0000044234603212046F6F7DEFF10F0FD0FCC
:1067C000E5D0084A0849094840F205230CF0A7F82B
:1067D00084F31188BFF36F8F0323184602DFD6E7D7
:1067E0000166010030B60200D4B00200F0AA020037
:1067F00038B50C461546FAF753FD48B11CB1BDE853
:106800003840FDF74DB82946BDE83840FDF722B8BD
:10681000022038BD38B50C461546FAF741FD58B18F
:1068200090F94330002B05DA2A462146BDE838406E
:10683000FCF744BF0C2038BD022038BD064B074A88
:1068400010B41F204FF0FF3425211C601871117007
:106850005DF8044B704700BF78DF0020BF000120C7
:1068600030B5044600789DF80C5002FB01111F4A18
:10687000014482FB01020A44521102EBC20002EB06
:1068800080028A1AD0B2C1082070595C02F0070257
:1068900041FA02F212F001021FD1B0FBF5F405FB40
:1068A0001404E4B25D1E1046043300F1080E15F81E
:1068B000011F5FFA8EFE024611F0010F02F1010C7A
:1068C0004FEA510102D04CB1013CE4B25FFA8CF2C4
:1068D0007245F1D110469D42E7D130BDC11D891AE4
:1068E000C9B207291046F6D830BD00BFA7C867DD7A
:1068F0004288008850407047F0B5344D344C4840D1
:106900004FF0030C060A5FFA80FE0EEB8E2E06EBAC
:10691000862004EA401705EA400605EA4E0004EA2C
:106920004E1E3E4340EA0E0000EB002706EB062E0B
:1069300006EB0E2600EB0720360CC0F3074040EABA
:10694000062000EB00100CF1FF3C08441CF0FF0C8B
:1069500080B2D7D141401F48A0FB01400C1A00EB88
:106960005400400900EBC00400EB8400081AC0F397
:10697000C40400F00705145D2C41E407C0B21CD428
:1069800001FB03F3561EC3F307430432604600F1D4
:10699000080516F801CFEDB201461CF0010F01F118
:1069A00001044FEA5C0C02D043B1013BDBB2E1B21F
:1069B000A942F2D108469642E9D1F0BD0730401A0B
:1069C000C0B207280846F6D8F0BD00BF102102006B
:1069D000408408004D91CFBA1A491B482DE9F04177
:1069E0000023451EA1F1020C012606E00133082B0D
:1069F00001F1060100F1280022D003EB830215F813
:106A00003220D407F2D59CF800409CF801E0D0F881
:106A10000080C2F3801206FA03F79A4001333C4328
:106A20004EEA020287888F80082B8CF800408CF891
:106A3000012001F1060141F8068C00F12800DCD1AB
:106A4000BDE8F08186DF002071E000202048214A67
:106A50002DE9F047204FDFF884800023951EA0F138
:106A6000020C012615F83310C90706FA03F926D5DA
:106A70003C7812F8011C4CB1072901EB810405D8C0
:106A800018F834104C0701D5C90618D515F833107D
:106A90009CF801E09CF80040D2F800A0C1F340014E
:106AA00099404EEA010144EA0904B2F804E08CF886
:106AB00000408CF80110A0F804E0C0F800A00133F9
:106AC000082B00F1060002F10802CBD1BDE8F087E7
:106AD000F2E10020B2E10020C100012070E00020BE
:106AE0000820704738B50020FAF7B0F8C8B90E4C46
:106AF0000E4D621E14F83030072B03EB830105D8CE
:106B000015F831306FF3451305F8313012F8303095
:106B10006FF3000302F8303001300828EAD100207A
:106B200038BD0C2038BD00BFB1E1002070E000206E
:106B30002DE9F04F804683B00020FAF787F800284F
:106B400075D198F80030FF2B054663D03D4E08F113
:106B500001094FF0FF0A0446B71E03F0010B06E0DF
:106B600059455AD00134082C06F108060FD017F801
:106B70003420C2F34001D207F2D4BAF1FF0F08BFAC
:106B80005FFA84FA0134082C06F10806EFD1BAF155
:106B9000070F52D817F83A2063F3410207F83A205A
:106BA000022314FB0A34D8F801303B513C44B9F8B5
:106BB0000430A38098F800B0234C0BF0010B661E44
:106BC00004E00135082D04F1280434D005EB8503D9
:106BD0004FEAC30816F83330C3F38012DB07F0D551
:106BE0005A45EED120460622494612F0FEFD002805
:106BF000E7D116F8083043F0200306F80830EDB26C
:106C000017F83A3007EBCA0243F0010307F83A30AD
:106C10005570002003B0BDE8F08F3046062249468B
:106C2000019312F0E2FD019B00289BD1F1E70C20BB
:106C300003B0BDE8F08FFF25E2E7072003B0BDE811
:106C4000F08F00BFB2E1002071E000202DE9F0419B
:106C500006460020F9F7FAFFC8BB96F80080B8F1A5
:106C6000FF0F04462ED01B4D0136AF1E08F0010861
:106C700004E00134082C05F1080525D017F834305C
:106C8000C3F34002DB07F4D54245F2D10622284681
:106C9000314612F0AAFD0028EBD107EBC4035B7864
:106CA000072B08D80C4A03EB830312F8331060F368
:106CB000451102F8331017F834306FF3000307F86A
:106CC00034300020BDE8F0810220BDE8F0810C20C6
:106CD000BDE8F081B2E1002070E0002007282DE936
:106CE000F8430446884615461BD81D4E04EB840322
:106CF0004FEA840916F8333013F0010721D0A1447C
:106D0000012216F83930C3F3801388F800302823A5
:106D100013FB0423F218F3582B609388AB80BDE873
:106D2000F883104A104911484FF48C730BF0F7FDAB
:106D3000002383F31188BFF36F8F0323184602DF0C
:106D4000D3E7084A0A49094840F219130BF0E7FD56
:106D500087F31188BFF36F8F0323184602DFCEE756
:106D600070E00020BCB6020000B70200F0AA0200EA
:106D70000CB702000820704710B50020F9F75AFF41
:106D800088BB1A4B1A4C197893F82820207060F3AE
:106D9000000160F30002197083F8282093F8501066
:106DA00093F8782060F3000160F3000283F850103C
:106DB00083F8782093F8A01093F8C82060F30001BE
:106DC00060F3000283F8A01083F8C82093F8F01055
:106DD00093F8182160F3000160F3000283F8F010CB
:106DE00083F8182110BD0C2010BD00BF70E00020FA
:106DF000C00001202DE9F04F83B083460020CDF87C
:106E000000B0F9F717FF002856D11BF8012BDFF867
:106E10003481019202F00103044608F1FF391E4655
:106E200004E00134082C08F1280841D004EB840266
:106E300009EBC20519F83270FB074FEA840AC7F361
:106E40008012EED5B242ECD140460622594612F0ED
:106E5000CCFC0028E5D13E467607019A07462FD4A0
:106E6000354D02F00108AE1E04E00137082F05F190
:106E7000080512D016F83730C3F34002DB07F4D50B
:106E80004245F2D106222846594612F0AEFC0028AF
:106E9000EBD106EBC706FF237370A244002019F85C
:106EA0003A306FF3000309F83A3003B0BDE8F08FD1
:106EB000022003B0BDE8F08F0C2003B0BDE8F08FD6
:106EC000DFF884C09CF800305E1E023B062BF6B251
:106ED00003D895F81780B04502D18CF80060BFE761
:106EE000164A019002EB061302EB081215460FCB6F
:106EF000DFF858E085E80F003D4605EB850309EB18
:106F0000C30219F83330D80705D5590703D59EF8C1
:106F10001730B34207D00135082D0EF1280EECD101
:106F2000009B1A78D9E7009B82F817801A78044BE7
:106F300003F80850D1E700BFB2E10020F0DF0020E5
:106F4000E8DF002071E00020C000012070E0002098
:106F50002DE9F8431D465B7903F0C003402B01D0B7
:106F6000BDE8F8830F46F1B1DFF86480002400F03B
:106F7000010608F1FF3904E00134082C08F1280863
:106F8000EED004EB840319F83330D807C3F3801232
:106F9000F2D5B242F0D106224046394612F025FC25
:106FA0000028E9D1E2B2072ADAD8084B02EB8201C5
:106FB00013F83110C907D3D51820282111FB02027C
:106FC000286898501A44AB889380C9E770E0002085
:106FD00071E000202DE9F84F82461A4E1AF8018B15
:106FE0008946002408F00108771E03E0082C06F10A
:106FF00028061BD004EB8402D50017F83230C3F307
:107000008012DB0704F10104F0D54245EED10622DF
:107010005146304612F0E9FB83460028E6D1183588
:107020007C1906212046F4F7DBFF10B90220BDE8E9
:10703000F88F7859C9F80000A388A9F80430584699
:10704000BDE8F88F71E000202DE9F0478246174E29
:107050001AF8018B8946002408F00108771E03E026
:10706000082C06F128061DD004EB840207EBC205AC
:1070700017F83230C3F38012DB0704F10104EFD5B7
:107080004245EDD106225146304612F0AEFB0028B3
:10709000E6D16B6A1A68C9F800209B88A9F8043009
:1070A000BDE8F0870220BDE8F08700BF71E0002056
:1070B00010B504460020F9F7BDFD40B91CB1012C04
:1070C00001D0122010BD034B1C70002010BD0C20FD
:1070D00010BD00BFC1000120034B4FF47A7202FBC8
:1070E00000F01860704700BF80DF00202DE9F047F6
:1070F000824600208846F9F79DFD90BB1D4E1AF888
:10710000019B044609F00109771E03E0082C06F1F3
:10711000280620D004EB8402D50017F83230C3F3E0
:107120008012DB0704F10104F0D54A45EED1304668
:107130000622514612F059FB0028E7D1B8F1000FA2
:1071400012D0B8F1010F09D17B5D43F010037B55DC
:107150000020BDE8F0870220BDE8F0871220BDE8DE
:10716000F0870C20BDE8F0877B5D68F304137B5546
:10717000EEE700BF71E00020034A044B002814BF73
:1071800010461846704700BFF0E1002084DF002061
:10719000A8B110B50B4A12684FF4004340F2E73033
:1071A0000021E2FB03014FF47A720023E8F7A8FF05
:1071B000BDE8104002460B46034808F06FBE024887
:1071C00012F098B880DF00209812002008B5094B13
:1071D00000221A8030B9084B084A1B780021118020
:1071E0001BB908BDFFF732FCF5E7BDE80840FFF723
:1071F000F3BB00BFF0E10020C100012084DF0020CC
:107200002DE9F04F834687B012F0F3F94A014301AC
:107210001B1A42EAD06262EB0102920042EA9372C8
:107220009B001B1841EB02094FEAC90949EA53794F
:10723000C3F3103343EA49434FEAD939BBF1000F96
:1072400016D1644AD2E90012B2F1FF3F08BFB1F192
:10725000FF3F0DD060480068591A69EB0202814275
:1072600072F10002ACBF4FF0010A4FF0000A01E0DA
:107270004FF0010A594ECDF804B0DFF874810024B4
:10728000F71F9B460DE0254417F8353043F0020305
:1072900007F835300134082C08F1060806F12806F5
:1072A00025D004EB8403A50017F83330DA07F1D5B5
:1072B000BAF1000F01D19807ECD42B1917F833302D
:1072C000590750D42B1917F833301A07DBD502A908
:1072D00030460CF0CAFB00286CD1BDF80C30029887
:1072E000A8F80430C6F81D80C8F80000CBE75B465C
:1072F000DDF804B0BAF1000F02D0364AC2E9003915
:10730000BBF1000F08D00020F9F786FC044618B145
:1073100094F86A305B0702D407B0BDE8F08F94F8A8
:107320002630072BF8D8FF238DF8083094F8293041
:1073300004EB830302A9DE6A04F1280001F0B8FB24
:10734000727805460232314612F01FFA294620466D
:10735000F9F78CFC9DF80830FF2BDDD084F829303C
:1073600007B0BDE8F08F317C1D4B0F2202EB0112FC
:107370001A440DF117000DF1070312F8011903F873
:10738000011F8342F9D106F1170102A80CF06DFB31
:10739000002897D0134A1449144840F2F3230BF005
:1073A000BEFA002383F31188BFF36F8F03231846BF
:1073B00002DF87E70B4A0C490C4840F201330BF01F
:1073C000AEFA002383F31188BFF36F8F03231846AF
:1073D00002DF82E7C812002080DF002077E0002073
:1073E000F0DF0020BCB60200A4AB0200F0AA02004D
:1073F000B8DF002010B50120FFF702FF0A4A12682B
:107400004FF4004340F2E7300021E2FB03014FF468
:107410007A720023E8F774FEBDE8104002460B467E
:10742000024808F03BBD00BF80DF0020981200201A
:10743000072815D8F8B500EB8003124D15F8333046
:107440001A0704464FEA8006C3F3C00007D5C3F30A
:1074500040079B0706D5264405EBC603586AF8BDCE
:1074600000207047084A094909484FF44A730BF055
:1074700056FA87F31188BFF36F8F0323184602DF94
:10748000E9E700BF70E00020BCB6020020B70200B0
:10749000F0AA020007280CD800EB8003064A12F875
:1074A00033104B0705D5282303FB002202F11E00F1
:1074B00070470020704700BF70E000202DE9F047C2
:1074C000894616460AB1FF231370154D002400F0BB
:1074D000010805F1FF3A09E01EB13378FF2B08BF20
:1074E00037700134082C05F1280514D004EB84030F
:1074F000E7B21AF83330C3F38012DB07ECD542450C
:10750000EFD106222846494612F06FF90028E8D14B
:107510003846BDE8F087FF273846BDE8F08700BF52
:1075200071E000202DE9F04F074685B000200E469F
:107530009046F9F77FFB002874D1BA4604461AF842
:10754000010B0DF10F025146FFF7B8FF072840F27B
:10755000BB809DF80F90B9F1070F79D809EB89022C
:10756000D2005B4DD7F801100192531C09EB890B37
:10757000E9502B44BAF8041099803B7815F83B1079
:10758000009263F38611A95430461021F4F728FDC8
:10759000009BE95C60F38201E95440461021F4F756
:1075A0001FFD009B019AE95C00F0010060F3C3013C
:1075B00011F0040FE95405EBCB0B4FEA89034BD1D3
:1075C000002868D118320021A9502A44414E9180E8
:1075D00003EB090215F8321021F0120105F8321000
:1075E00097F80080B71E08F0010804E00134082C69
:1075F00006F108061AD017F8342012F0010BC2F376
:107600004001F3D04145F1D1304606225146009366
:1076100012F0EBF8009B0028E8D107EBC40787F8CD
:10762000019005E00C2005B0BDE8F08F4FF0000B95
:107630004B444FEA4B1215F8331042F0010221F08F
:1076400021010A43002005F8332005B0BDE8F08F82
:10765000072005B0BDE8F08FDFF87CE0DFF87CC0E4
:107660009EF800108BF817100CF80190DFF870B03E
:107670004FF0FF3C0CEB011C01318EF80010DC4494
:1076800006F10F01013E11F801E90CF801EFB142DA
:10769000F9D1002896D0D61DA81903EB0901D8F816
:1076A00000B0D8F804E0D8F808C0D8F80C8045F845
:1076B00006B005EBC101C0F804E0C0F808C0C0F88E
:1076C0000C80002048627DE7122005B0BDE8F08FF5
:1076D00070E00020B2E10020C0000120E8DF0020BF
:1076E000F0DF0020072807D8044B00EB800013F8D8
:1076F0003000C0F3C00070470020704770E00020E9
:10770000024B1B7803700248704700BFC000012085
:10771000F0DF002038B5234B1B78834204460DD997
:10772000214B1C5D072C1CD8204B04EB840213F862
:10773000323013F0010524D0204638BD1C4A1D49C3
:107740001D4840F287330BF0EAF8002383F31188D9
:10775000BFF36F8F0323184602DF134B1C5D072C0A
:10776000E2D9134A1549144840F289330BF0D7F88F
:10777000002383F31188BFF36F8F0323184602DFC2
:10778000D2E70B4A0E490C4840F28A330BF0C7F897
:1077900085F31188BFF36F8F0323184602DF20465D
:1077A00038BD00BFC0000120E8DF002070E00020ED
:1077B000BCB60200B0B80200F0AA0200D0B80200C5
:1077C000A4B80200072825D8F8B5134F00EB8003B2
:1077D000044617F8333013F001054FEA800605D050
:1077E000264417F83600C0F34010F8BD0B4A0C4988
:1077F0000C4840F295330BF092F885F31188BFF3F3
:107800006F8F0323184602DF264417F83600C0F3B3
:107810004010F8BD0020704770E00020BCB60200A8
:107820000CB70200F0AA02001378FF2B19D12DE942
:10783000F047194D0446AE46002303EB830C9E002F
:1078400015F83CC01CF0010003D0CCF3801CA4450B
:1078500009D00133082B0EF1280EEED10120BDE82E
:10786000F0870120704701F1FF3877464FF0000C98
:1078700017F801AF18F8019FCA450CF1010CE8D1C7
:10788000BCF1060FF4D11E44137015F836305A07B8
:10789000E5D5C3F30010E2E770E00020024B187852
:1078A000003818BF01207047C100012000F0C0BBA4
:1078B00008B5002303F004F8002008BD10B584B01B
:1078C000079BD3E900209047012812D004460DF110
:1078D0000F010DF10E00F6F759FF0021064B009144
:1078E0009DF80F209DF80E000121F5F75DFF034B79
:1078F000DC6004B010BD00BF017901003CE2002053
:1079000000B585B00DF10F010DF10E00F6F73EFF49
:107910009DF80F20064B9DF80E00002101320091CA
:10792000D2B20221F5F740FF05B05DF804FB00BFBD
:10793000D1790100F0B58DB00E4605460DF12F014D
:107940000DF12E001C461746F6F720FF9DF82FC0BC
:1079500006940CF1010C0024CDE90744CDE9034461
:10796000CDE901449DF82E00059700962B465FFA5D
:107970008CF20121F5F784FE10F0FD0F0AD00648C5
:107980000094064BC4609DF82F209DF82E00012125
:10799000F5F70AFF0DB0F0BD3CE2002001790100CF
:1079A000019B024A3121FFF7C5BF00BFB179010039
:1079B00070B5059D0446F6F7EFFE2B462046034AB8
:1079C000BDE870400621FFF7B5BF00BFBD780100DC
:1079D000014807F0E1BF00BF24E2002008B5012202
:1079E0000021024811F0AAFB002008BD24E200207B
:1079F000024BA0F2A462C3E9002070473CE20020E1
:107A00000020F5F717BE00BF08B5F5F753FF014B8F
:107A1000986008BD3CE20020684620F007018D46D2
:107A200001B502F0FBF8EDF77FF9BDE801408546AE
:107A3000704700BF08B50A4BD3F840213AB901207E
:107A4000F4F7BEFBBDE808400220F4F7B9BB002004
:107A5000C3F84001D3F84031F5F7F8FDEFE700BF78
:107A600000B000400020F4F7ABBB00BF70B508BB0E
:107A7000214B224C1A7821789142D3B20FD0204A60
:107A80002049214840F234430AF049FF002383F3A0
:107A90001188BFF36F8F0323184602DF23781B4E34
:107AA0001B4D3278013323702B78934212D03378F8
:107AB0002B7070BD124A1749134840F22F430AF049
:107AC0002EFF002383F31188BFF36F8F0323184623
:107AD00002DFCDE70A4A10490B4840F23A430AF068
:107AE0001EFF002383F31188BFF36F8F0323184613
:107AF00002DF33782B7070BDC2000120C30001206B
:107B0000D8B8020020B90200F0AA0200C700012084
:107B1000C600012068B002003CB9020070B51A4EE0
:107B20001A4D33782A789A4204460BD033782B705A
:107B3000174E184D1CB933782A789A4212D03378F0
:107B40002B7070BD144A1549154840F21B430AF0CA
:107B5000E6FE002383F31188BFF36F8F03231846DB
:107B600002DFE3E70C4A0F490D4840F226430AF0D2
:107B7000D6FE84F31188BFF36F8F0323184602DF0C
:107B800033782B7070BD00BFC5000120C4000120F8
:107B9000C2000120C3000120D8B8020064B902006D
:107BA000F0AA02008CB9020002F046B938B5194CAF
:107BB000194D237829788B421AD0184B2170002256
:107BC0000599996001201146F4F79CFA00B938BD77
:107BD000134A1449144840F2B3430AF0A0FE0023AC
:107BE00083F31188BFF36F8F0323184602DF38BD7C
:107BF0000B4A0E490C4840F2AD430AF090FE0023B8
:107C000083F31188BFF36F8F0323184602DF2978AF
:107C1000D3E700BFC2000120C3000120B40500204B
:107C2000D8B80200C4AC0200F0AA0200A8B9020051
:107C30002DE9F04F494A4A4F12783B789A428BB06F
:107C40000C4605D1474B484A1B7812789A4271D0AE
:107C5000E368D4F800801B68DFF83091DD68D3E971
:107C6000012191422CBFC5EB0105C5EB020508EBD4
:107C7000050626F07F46D9F800103046F5F71CFEC1
:107C800010F4000002D10BB0BDE8F08F374A384B3A
:107C900011781A78914232D1324A334912780978F0
:107CA00091422CD01A7801324FF0000AD2B21A70E9
:107CB0005146304BCDF800A052465046F5F774FDC2
:107CC00010F0FD0F1BD02C4A2C492D4840F29F4349
:107CD0000AF025FE8AF31188BFF36F8F4FF0030B74
:107CE000584602DF244A2549254840F267430AF0F6
:107CF00016FE8AF31188BFF36F8F584602DFE368E0
:107D0000C9F8006006931F4B0022CDE907321E4BD5
:107D1000CDE90222CDE90423CDE900523C780134BB
:107D2000E4B24346114610463C70F5F7A9FC0BB08F
:107D3000BDE8F08FC368D0F800801A68DFF84C9077
:107D4000D568D2E9011088422CBFC5EB0005C5EB10
:107D5000010508EB050626F07F46D1E7C6000120A5
:107D6000C7000120C2000120C3000120C40001207F
:107D7000C50001201D7B0100D8B80200A8AE02009A
:107D8000F0AA02006D7A0100AD7B010054E20020F0
:107D9000804A9368002B7ED02DE9F04F136889B09C
:107DA00082467BB14FF0FF338DF80A3003E0067F47
:107DB00016F0030609D00DF10A00F6F791FE05460C
:107DC0000028F4D109B0BDE8F08FC368534576D0E0
:107DD0000768B146B04602E0037F990722D00DF153
:107DE0000A00F6F77DFE04460028F5D1B8F1000F31
:107DF00008BFA84641464046FFF71AFF30F002038D
:107E0000E0D0654A6549664840F2FA430AF087FDCA
:107E100084F31188BFF36F8F0323184602DF09B084
:107E2000BDE8F08FC368B9F1000F0ED0534527D0DD
:107E3000D4F800B039465846F5F73EFD00F400008E
:107E400000281CBFA0465F46C9E79A458146EFD18E
:107E50002B7FE96843F002032B772846AB699847EC
:107E6000FF238DF80A3003E0037F13F0030413D0DF
:107E70000DF10A00F6F734FE05460028F4D1A1E71B
:107E80002B7FE96843F002032B772846AB699847BC
:107E9000A14587D1E4E77047C36853450FD03E4AF8
:107EA00040493F4840F21D530AF039FD84F31188E0
:107EB000BFF36F8F0323184602DFD5F80CA0354AB5
:107EC00050465368116803AA98470446F0B110F170
:107ED000100F3FF477AF2F4A00209368116898473E
:107EE00014F10B0F1BD08C343FF46CAF2A4A2E498F
:107EF0002B4840F25A530AF012FD002383F31188F5
:107F0000BFF36F8F0323184602DF5BE72B7FAA695D
:107F1000E96843F002032B772846904752E7022492
:107F2000FF258DF80B500DF10B00F6F7D9FD98B138
:107F3000037F9A07F7D40EB9DB07F4D4154AC36858
:107F400011689942EFD1037F43F0020303778369FD
:107F500098478DF80B50E6E70126B44201D034462D
:107F6000DFE70C4D039B286800940021CDE9041144
:107F700006910790296004AAD5E90101F6F768FD8A
:107F8000044600287FF41EAF034A084904484FF412
:107F9000AB633BE758E20020D8B80200A8AE02006D
:107FA000F0AA0200C4B90200F0B90200E8B9020068
:107FB00010B5154810F0CFFE10B3144B00249C6090
:107FC00000F03EFB00281ADB214601202246EDF797
:107FD000CDF822460B200121EDF7C8F822462146B4
:107FE0001820EDF7C3F80120EDF790F80B20EDF71E
:107FF0008DF81820EDF78AF801F040FE204610BDFC
:108000006FF0120010BD00BFB49C020058E20020C7
:1080100008B500F025FB002809DB0120EDF784F806
:108020000B20EDF781F81820EDF77EF8002008BD51
:10803000034603488AB2194683681B68184700BF85
:10804000B49C020030B4074DAB685C6834B18AB2AE
:10805000A44601460023284630BC60476FF08500E7
:1080600030BC7047B49C020030B4074DAB685C680C
:1080700034B18AB2A44601460023284630BC60478A
:108080006FF0850030BC7047B49C02000020704740
:1080900030B5254B83B0044670B31A68824225D0B0
:1080A000FF250DF107008DF80750F6F719FD38B9D7
:1080B0001AE0A1420AD00DF10700F6F711FD98B1C0
:1080C000037F9B07F7D4C168002CF2D1037F82693C
:1080D00043F00203037790470DF107008DF8075036
:1080E000F6F7FEFC0028EBD103B030BD9D6865B10A
:1080F00001460020A847D3E79D68002DD0D019681D
:108100000029CDD00020A847CAE7084A08490948F5
:1081100040F2BF130AF003FC85F31188BFF36F8FA1
:108120000323184602DFBBE758E20020D8B802005C
:10813000FCB90200F0AA02000020704738B50446DE
:10814000F6F7C0FC64B1054620B324680020F6F7BA
:10815000E1FC2046F6F784FD044658B1002038BD06
:108160001B4DAC682CB32C680023AB602B60002C3B
:10817000EBD1EBE7174A184918484FF40C730AF093
:10818000CEFB84F31188BFF36F8F0323184602DF01
:10819000002038BD0F4A1249104840F2F9130AF086
:1081A000BEFB85F31188BFF36F8F0323184602DFF0
:1081B000CBE7084A0B4909484FF4FF730AF0AFFBBD
:1081C00084F31188BFF36F8F0323184602DFCAE7D9
:1081D00058E20020D8B8020028BA0200F0AA020033
:1081E00004BA020014BA0200D0E90132002A04DB0A
:1081F0009A4238BF1A4610467047C068984238BF46
:108200001846704710B51446F5F754FB2146F5F7AC
:1082100053FB034610F4000004D10333092B88BF3D
:10822000184610BD002010BD262810B504461CD0ED
:10823000272812D0252808D00A281ED9272821D877
:108240000330400001F068FD02E0022001F064FD0F
:108250002046BDE8104001F065BD502001F05CFDF6
:108260002046BDE8104001F05DBD1A2001F054FD2C
:108270002046BDE8104001F055BD0230400001F03D
:108280004BFDE5E7074A0849084840F2A2230AF0F7
:1082900046FB002383F31188BFF36F8F0323184637
:1082A00002DFD5E7D8B80200C8AB0200F0AA02008E
:1082B00001F096BD01F09CBD08B501F0BDFDBDE823
:1082C000084001F031BF00BF08B501F0B5FD01F075
:1082D0002BFFBDE8084001F0CFBE00BF08B501F09C
:1082E000ABFD01F021FF01F005FF02F0FFF8BDE852
:1082F000084001F0C1BE00BF08B50146184801F0B2
:108300009DFC01F0DBFD60B101F0A4FF01F0EEFC8B
:1083100000F0EAF900280EDBBDE808400020FFF776
:108320000DBF01F073FD01F095FF01F0DFFC00F0DF
:10833000DBF90028F0DA0B4A0B490C4840F21E33F7
:108340000AF0EDFA002383F31188BFF36F8F032344
:10835000184602DF0020BDE80840FFF7EFBE00BF6F
:10836000A97B0100D8B8020030BA0200F0AA0200CE
:1083700010B5044601F060FD01F0D6FE01F0BAFE32
:1083800002F0B4F801F078FE2046BDE81040FFF797
:10839000B3BF00BF08B50146144801F04FFC01F01F
:1083A0008DFD40B100F0A0F900280ADBBDE80840CF
:1083B0000020FFF7C3BE01F029FD00F095F9002869
:1083C000F4DA0B4A0B490C4840F22D330AF0A7FAB5
:1083D000002383F31188BFF36F8F0323184602DF56
:1083E0000020BDE80840FFF7A9BE00BFA97B01003F
:1083F000D8B8020030BA0200F0AA02002DE9F04F0E
:1084000089B01F46FF239DF848B08DF81F30804685
:108410008946924602E0037F9C0722D00DF11F009F
:10842000F6F75EFB0028F6D1684DAB680446002BDA
:1084300040F08180FB682B60C5E901893846D04750
:10844000054603E0037F13F0030356D00DF11F0030
:10845000F6F746FB01460028F4D1284609B0BDE8EE
:10846000F08F05683E689DF81F3005930446294645
:108470003046F5F721FABBF1000F01D1010254D4C7
:10848000BC4214BF2646002602E0027F920724D099
:108490000DF11F00F6F724FB0028F6D14B4D059B8C
:1084A0008DF81F30AB68002B46D1002E44D1002C34
:1084B000C0D0BBF1000F66D1BC42BBD0444A454995
:1084C000454840F2B2330AF02AFA8BF31188BFF321
:1084D0006F8F0323184602DFACE702680490294639
:1084E00010460392F5F7E8F9039A049B00F40000A4
:1084F00000281CBF15461E46CAE71C46FFF798FB1E
:1085000030F00203A9D0324A3449334840F2D23322
:108510000AF005FA84F31188BFF36F8F032318461E
:1085200002DF284609B0BDE8F08FFF2335460593EA
:108530005C465E46ACE726464946CDF800B0534659
:108540003A464046F6F784FA014638B3BBF1000FCD
:1085500016D1002E35D03046FFF76AFB30F002030B
:108560000ED01B4A1D491C4840F28D330AF0D7F942
:10857000002383F31188BFF36F8F0323184602DFB4
:108580006FF0760569E7CDF800B053463A464946A4
:108590004046F6F75DFA06460028F1D10C4A10492C
:1085A0000D4840F27B330AF0BAF9002181F31188BB
:1085B000BFF36F8F0323184602DFBBF1000FC8D053
:1085C000DEE7002C14BF26460E46C4E758E2002022
:1085D000D8B8020044BA0200F0AA0200A8AE020015
:1085E0003CBA020001F1100007F0D6B970B505469B
:1085F0008AB00C460122002104A810F09FFD0F4B09
:1086000001930026032369462846039602930AF045
:10861000CCFA002810DB4FF40043314640F2E7303B
:10862000E4FB03014FF47A720023E7F769FD024689
:108630000B4604A807F0EAF90AB070BDE585010011
:1086400010B5012002F09AFC0449002301244B607C
:108650008C60CB60BDE810400AF0A7BA68E2002049
:1086600010B5012002F08AFC044904460AF018FB08
:108670002046BDE810400AF0EFBA00BF68E20020D3
:108680000C4B1A780AB10020704710B50120187001
:1086900002F074FC4FF4FA710446FFF7A7FF38B9F3
:1086A00020460AF0D9FA02280CBF00206FF004001F
:1086B00010BD00BFC800012008B50A4BBFF35B8F97
:1086C00053E8002F511C43E800100028F8D1BFF3F5
:1086D0005B8F002A01DD002008BD02F057FC00205E
:1086E00008BD00BF64E2002008B50C4B1A68002AE0
:1086F00011DDBFF35B8F53E8002F511E43E80010DC
:108700000028F8D1BFF35B8F012A01DD002008BDEE
:1087100002F052FCFAE76FF0770008BD64E2002037
:108720004FF4FA70704700BF014B33F810007047E8
:1087300078BA020010B50446FFF7D0FD01F0D0FC76
:108740002046BDE81040FFF7D7BD00BF30B583B06D
:108750000546FFF7B1FD962001F0F6FC0023184610
:108760001A46194601F01AFC0120F6F715F90446DD
:10877000002845D004F11C0001F026FB01F07EFB2F
:10878000E0B92748294601F059FAFFF787F860BB9E
:1087900001F0B4FD00210446084601F02BFB002146
:1087A0000546084601F022FB2C44CB34201A01F088
:1087B0005DFD03B0BDE8304001F092BD194A1A4991
:1087C0001A4840F29C430AF0AAF8002383F3118868
:1087D000BFF36F8F0323184602DF1148294601F0CB
:1087E0002DFAFFF75BF80028D2D00DF10700FEF755
:1087F00087FF002201469DF8070001F035FEC7E71C
:10880000084A0B4909484FF493630AF088F884F347
:108810001188BFF36F8F0323184602DFAAE700BF5A
:10882000D98E010088BA0200DCBA0200F0AA020068
:10883000D4BA0200814208B50ED00B7ADB0702D40D
:108840006FF08B0008BD134B1360FFF735FF002856
:108850000FDB6FF00A0008BD0B7B01EB83010B6996
:108860001B7803F00F03012B14BF6FF08B00002067
:1088700008BD094A09490A4840F251430AF04FF835
:10888000002383F31188BFF36F8F0323184602DFA1
:10889000DFE700BFE18C010088BA020030BA0200B5
:1088A000F0AA020010B50446FFF718FD01F018FC0D
:1088B0002046FFF721FD0C4B0021012208469C6059
:1088C000F3F720FC00B910BD084A0949094840F2F5
:1088D000B1530AF024F8002383F31188BFF36F8F9C
:1088E0000323184602DF10BDC405002088BA020029
:1088F000C4AC0200F0AA020010B5E8B10C46FFF7C4
:10890000F3FE002804DB2046BDE81040FFF716BC4C
:108910000D4A0E490E4840F277430AF000F8002352
:1089200083F31188BFF36F8F0323184602DF2046BD
:10893000BDE81040FFF702BC064801F07FF9BDE832
:10894000104001F063BA00BF88BA020030BA0200DA
:10895000F0AA020035870100084B042210B59818D0
:108960002821F3F7D5FA064B00249C8102222146E8
:10897000044810F0E3FB204610BD00BFA8E2002031
:1089800098E2002080E20020084B042210B59818DD
:108990002821F3F7BDFA064B00249C8102222146D0
:1089A000044810F0CBFB204610BD00BFA8E2002019
:1089B00098E2002080E2002010B504460548F3F755
:1089C000CDFA20B1034600205870636010BD6FF0EF
:1089D0000B0010BDA8E2002003460020187058705C
:1089E0009860704738B52B4D2B7B6A7B9A4202D03A
:1089F00055F8234034B92848F3F7B0FA044680B15B
:108A0000204638BD254807F027F82B7B6A7B9A4221
:108A1000F6D00133DBB2032B08BF00232B732046B3
:108A200038BD1E484FF42032002306F0EFFF90B906
:108A30001A4807F011F82A7B6B7B93421AD0531C1B
:108A4000DBB255F82220032B08BF00232B738AB119
:108A50001446204638BD124A124913484FF4DB73BE
:108A600009F05DFF84F31188BFF36F8F032318466D
:108A700002DFDDE70A4A0D490B4840F2BB1309F05B
:108A80004EFF002383F31188BFF36F8F0323184633
:108A900002DFB5E798E20020A8E2002080E2002093
:108AA00088BA0200A4AB0200F0AA0200F0BA0200E9
:108AB00010B5027843789A4214D0D4B24470027848
:108AC000944204D05A1C4370D3B2022B0ED01A46E3
:108AD00000EB82040B70606800B110BDFFF782FFED
:108AE000606010BD0133DBB2022BF0D100221346CF
:108AF000EEE700BFF8B5027843789342044625D0EC
:108B0000D5B2154A00EB8507507B92F80CC0431C88
:108B1000DBB2032B08BF00239C450E46796806D0C4
:108B200042F8201053730D4806F036FF00216B1CED
:108B3000DBB2022B0ABF00221A461346796023706B
:108B4000012104EB820431706068F8BD1A4604EB21
:108B500082046068F8BD00BF98E2002080E2002037
:108B600070B5057AC5F302150446002D95FAA5F0F7
:108B7000B0FA80F008BF4FF0FF3082B000F101067C
:108B800046D0227A6B1E2B4063F3061206F12400B6
:108B90002272FFF749FB00230DF1070104F10C00DD
:108BA0008DF80730FFF7A6FF0546002842D028467B
:108BB00001F010F92B7803F00F03022B1FD00DF1F9
:108BC000070104F11800FFF795FF0646002840D082
:108BD0009DF8073063B92146254801F02FF896200B
:108BE00001F0B2FA002002B0BDE8704001F08EB989
:108BF000D5F80230C6F80230EB88F380EBE71D4869
:108C0000214601F01BF802B0BDE8704001F026BA21
:108C1000194A1A491A4840F2BC5309F080FE85F3FC
:108C20001188BFF36F8F0323184602DF257AC5F33F
:108C30000215A6E7104A1349114840F2C55309F03E
:108C40006EFE85F31188BFF36F8F0323184602DF92
:108C5000ADE7094A0C490A4840F2CF5309F05FFEDC
:108C600086F31188BFF36F8F0323184602DFAFE747
:108C70004D8701008D8C010088BA0200F4BA020011
:108C8000F0AA0200FCBA020000BB020010B50446C4
:108C900001F012F9FFF722FB237A03F07102012A97
:108CA00005D1C3F3420262F306132372DBB213F061
:108CB000700F05D0636853B193F82C309B0706D52D
:108CC00001F00EFA2046BDE81040FFF715BB204624
:108CD000FFF746FF01F094F8BDE8104001F000BB3B
:108CE00070B5C36804461E68F4F7E4FD05463046D7
:108CF000FFF77AFA00232D1AC4E900532381204696
:108D0000BDE87040E8F730BF10B582B00446FFF709
:108D1000D3FC00281CDB164A164917480094002390
:108D2000F5F7CCFF08B1773001D102B010BD134A7E
:108D30001349144840F2AF2309F0F1FD002383F3F7
:108D40001188BFF36F8F0323184602DF02B010BDF6
:108D50000A4A0D490B484FF42B7309F0E0FD00233C
:108D600083F31188BFF36F8F0323184602DFD2E726
:108D7000691B0000F98801003588010088BA0200EB
:108D800018AD0200F0AA020030BA02002DE9F0414D
:108D90000D46417A9DF818801746CA071E4609D528
:108DA000B8F1000F17D02B78B7EBD31F1AD00020E3
:108DB000BDE8F0812946044611F8020B079AC0F37A
:108DC0008010FEF731FD0028EDD1637ADB07EED588
:108DD000B8F1000FE7D1079B1878FEF7F3FC0028E5
:108DE000E1D1E4E7062205F10801304610F0FDFC70
:108DF000B0FA80F04009BDE8F08100BF2DE9F84FDE
:108E00001F460B9B9DF828909DF8305006460C4657
:108E100092466BB9437A03F00303012B2CD9002D42
:108E20003AD02378BAEBD31F4AD00020BDE8F88FA0
:108E300088460D9A18F8020BC0F380104146FEF7E1
:108E4000F3FC0028F2D094F800B0BAEBDB1FECD1B1
:108E500004F108013846062210F0C7FC0028E4D1CE
:108E60000D9B1B78FF2B1ED0B27AFF2A1BD0981ABD
:108E7000B0FA80F04009D9E711F8020B0D9AC0F35F
:108E80008010FEF7D1FC0028CBD1737A03F00303E6
:108E9000012BCAD9002DC4D10D9B1878FEF792FC86
:108EA0000028BED1C1E7CBF3801BCB45BDD10B98C9
:108EB0000622414610F099FCB0FA80F04009B5E76F
:108EC000062204F10801384610F08FFCB0FA80F059
:108ED0004009BDE8F88F00BF2DE9F0478AB004468D
:108EE00000F0E0FFC0B250B9FFF7F8F97D48214625
:108EF00000F0A4FE0AB0BDE8F04700F087BF00F024
:108F0000F3FF054601F000F9824601F007F901F090
:108F100005FB064601F0E4FAEDB2804601F0B6F832
:108F2000FFF7DCF9002DE1D016F0FF067AD1FF2320
:108F300001208DF82730F5F72FFD0546002800F0B9
:108F4000A480237B95F81C8004EB830308F00F08B2
:108F50001F693B4605F11C0113F8020B00F00F0CD2
:108F6000BCF1010F0CBF07F108094FF00009B8F17F
:108F7000030FC0F380125FFA8AFA4FEAD01759D074
:108F8000B8F1050FB2D1687F2228AFD16068002800
:108F9000ACD090F82C5015F00205A7D10DF12700A8
:108FA0000390CDE9019A00972046FFF727FF00289C
:108FB0009CD00420F5F7F0FC002897D04A482146C1
:108FC00000F03CFE00F022FF00F058FF00284DD1D9
:108FD000626892F82C3043F0010382F82C30F5F7E8
:108FE000F5FC17224FF6FF730271C38084600546BB
:108FF00001F02AF9286101F07BF9002104460846B6
:1090000000F0F8FE241A6C6196B19DF827306B765B
:10901000F5F7DCFC2946E8602868F5F701FD0AB0A1
:10902000BDE8F0875FFA88F0FEF774FB03467FE740
:10903000FF23ECE7687F0C287FF458AFB9F1000FED
:109040007FF454AF0DF127000190CDF800A0204629
:10905000CDE906230591FFF799FE28BB95F81C8002
:10906000079BDDE9051208F00F0889E71F4A204930
:10907000204840F25F6309F052FC85F31188BFF38A
:109080006F8F0323184602DFA2E7184A1A491948CE
:1090900040F2FF5309F043FC85F31188BFF36F8F53
:1090A0000323184602DF4CE70E48214600F0C6FDB8
:1090B00000F0D4FF237E04EB8303D86900F08AFE1E
:1090C00000F0DCFE0028AAD0084A094909484FF4FC
:1090D000C36309F024FC89F31188BFF36F8F404606
:1090E00002DF9CE78D8C0100A588010088BA020090
:1090F000DCBA0200F0AA0200D4BA0200F8B50546B4
:10910000FFF7ECF8F5F79EFD044600283FD0274B0B
:10911000274A1B781178A27926485B0001F00101EB
:1091200003F002030B4322F003021343224A018897
:109130001278A18001202070A371227219B195F9D3
:109140002730002B04DB2846BDE8F840FFF7D4B8F1
:1091500095F82C30C3F30213022B16D0042B0CBF4E
:109160004FF4BC77282701F0AFF8064601F0B2F8BB
:10917000361AE660EA6BC4E904270023EB636B64EC
:109180002846BDE8F840FFF7B7B81827EBE70B4AC9
:109190000B490C484FF4787309F0C1FB84F3118834
:1091A000BFF36F8F0323184602DFB0E7CA00012028
:1091B000CB00012082EF0020C900012044BB020047
:1091C000ACB20200F0AA020008B500F097FE0278E7
:1091D0000346012161F301021A70002008BD00BF9F
:1091E00000207047704700BF30B4074A074D084C55
:1091F0000848094900231380084A2B802370037014
:109200000B70137030BC704782EF002084EF002099
:10921000CB000120CC000120CA000120C9000120A0
:1092200091F82C305B070AD481420AD1064B1B8887
:10923000002B14BF6FF08B006FF00F007047002001
:1092400070476FF08B00704784EF002038B50D46F3
:10925000002842D00446FFF747FA002851DBE268B5
:109260002389518B938301330B4492F92710538345
:10927000002913DBF5F7E6FC0446F8B1A37923F0E7
:109280000303002243F0020301212170A280A37195
:1092900022722846BDE83840FEF750BF2089136B84
:1092A000916B00FB03330B44516B8B4228BF0B4681
:1092B0009363F5F7C7FC04460028DFD1184A194923
:1092C000194840F2071309F02AFB84F31188BFF311
:1092D0006F8F0323184602DFD0E791F92730002B68
:1092E00007DB2946114800F0A9FCBDE8384000F032
:1092F0008DBD0F4B1B88002BF3D10E4B01221A7032
:10930000EFE7074A0C490848EE2309F008FB002361
:1093100083F31188BFF36F8F0323184602DF9EE7A4
:1093200044BB0200ACB20200F0AA0200FD900100B2
:1093300084EF0020CA00012030BA0200F8B50646CA
:109340000120F5F729FB044670B30021617796F8F8
:109350006750B6F85A7005F00705284600F0C8FCBB
:1093600096F87E301B0704F11C044FEA850210D5E5
:10937000391D42F00102C9B2082000F0FBFC224670
:10938000294606F17F0000F0BFFFBDE8F84000F07D
:109390001BBDF9B2082042F0010200F0EBFC2046B0
:1093A000BDE8F84000F010BD074A0849084840F2FF
:1093B000133309F0B4FA84F31188BFF36F8F0323DA
:1093C000184602DFC1E700BF44BB0200D4BA020066
:1093D000F0AA020038B50446FEF76EFF2B4AA089BA
:1093E00013880133138000F0AFFE94F8662094F8E0
:1093F0006700C2F3C00300F0070002F0070200217B
:1094000000F0CCFD2046FFF799FF00F041FD60BB66
:1094100000F074FF258A034694F867000D3501219A
:1094200000F007001D4400F0E5FC94F8673003F0FD
:109430000703022B054416D0042B0CBF4FF4BC735A
:10944000282394F86600C0F3C00100F007001D4413
:1094500000F0CCFC281A00F009FF21460C48BDE8BA
:10946000384000F0EBBB1823EBE70A4A0A490B48E7
:1094700040F2AF2309F053FA002383F31188BFF3BE
:109480006F8F0323184602DFC2E700BF84EF00207E
:10949000B595010044BB020090BB0200F0AA020097
:1094A000F8B50F4690F86610B0F8586001F0070460
:1094B0000546C1F3C001204600F01AFC95F87E3045
:1094C000A200DB0642F00102F1B20DD50431C9B2AF
:1094D000082000F04FFC394605F1A00000F05EFFC7
:1094E000BDE8F84000F076BC082000F043FC3846A8
:1094F000BDE8F84000F06EBCF0B5054683B001AAA7
:10950000806E0F46E96EF2F78FFD95F87E305A07B0
:10951000064638D448B3019C95F87D3095F87C20F8
:1095200004341C4412B9627885F87C2033B1237866
:10953000012262F30103237095F87D3095F87C20B9
:10954000D31A63702846F8F7F5FB637883422AD96B
:1095500060700121237803F00F03002243EA011316
:109560002370A2703C6003B0F0BD43F0040385F8A3
:109570007E3000F0C3FC044623786FF3041323709D
:109580003C6003B0F0BD43F0040385F87E3000F08A
:10959000B5FC0446002EEFD0037843F010030370AF
:1095A0003C6003B0F0BD3268EB6E9A42D1D100212D
:1095B000D0E700BF2DE9F04182B0044600F072FC14
:1095C000C0B250B9FEF780FEBD48214600F036FB20
:1095D00002B0BDE8F04100F019BC00F085FCC5B256
:1095E00000F054FDFEF770FEB64A138801200344D4
:1095F0001380F5F7D1F90646002800F0E380002D2E
:109600004ED1B14B1F78002F40F0AA80012201A952
:1096100020461A70FFF770FF0027DDF804803D46F2
:10962000E08900F091FD94F8670000F0070000F079
:109630006DFCA648214600F001FB00F051FE94F8B5
:109640007E2098F8003062F3C30388F8003094F865
:109650007E3098F80020C3F3400363F3820288F859
:10966000002041462046FFF71BFF00F011FC0028B8
:1096700040F0988000F028FE002867D0002D6BD0C5
:10968000A08A4FF6FF73984200F0D1802946F8F780
:10969000B7FA002F77D102B0BDE8F041F5F7B8B9BD
:1096A00094F87E30327F03F00101C2F380008842DB
:1096B00000F09A8094F9272081F0010161F3000302
:1096C000002A84F87E3005DA94F82C3043F0080341
:1096D00084F82C3094F87E305D0700F1BC80D4E92A
:1096E0001A0101AAF2F7A0FC0546002800F0B98093
:1096F00094F87D20019B1344597971B194F87E3020
:10970000D8060AD5D4F8B0300133C4F8B030D4F854
:10971000B43043F10003C4F8B43094F87C300A4408
:10972000D2B29A42C0F0A28000F0B780684A69497C
:10973000694840F26D4309F0F2F8002383F3118881
:10974000BFF36F8F0323184602DF8AE000F0B0FDFD
:1097500000F0B4FD002D93D1AFB902B0BDE8F081A7
:10976000013FFFB201A920461F70FFF7C5FE002F81
:109770007FF452AFDDF804805148214600F05EFAD4
:1097800000F06CFC5BE7F5F721F903233371A38A42
:109790003068F3803146F5F72BF902B0BDE8F041AF
:1097A000F5F736B94A4A4D494B4840F2E91309F0FA
:1097B000B6F8002383F31188BFF36F8F0323184695
:1097C00002DF57E7424A464943484FF4AA7309F07B
:1097D000A6F886F31188BFF36F8F0323184602DFC4
:1097E000002D3FF40EAF5BE70025C2F3C002C3F3C8
:1097F00040039A423DD00027334A3A4B0021117072
:109800002046012201A91A70FFF776FE337FDA069F
:109810001ED4DDF8048098F80030DB063FF500AF79
:1098200098F80130002B7FF4FBAEA5E70027284A0B
:109830002D49294840F2092309F071F8002383F3E8
:109840001188BFF36F8F0323184602DFA08A1DE73C
:10985000DDF80480E4E66FF3820384F87E3000F0E4
:109860004DFB94F87E30327F0025BEE784F87D20E2
:10987000F7E70320F5F790F80028BCD094F87E3085
:1098800083F0020384F87E30737F002BB3D094F80A
:109890007E3019072AD40127AEE70022A4F87C20E5
:1098A000E06E04F16801F2F7C7FB019B1B682B60B7
:1098B000019B1D60019D94F87E30327F95E700BFCB
:1098C000FD90010082EF0020CC000120D593010023
:1098D00044BB0200C8AB0200F0AA020090BB020029
:1098E000D4BA0200CB000120ACBB020000F08AFD1C
:1098F0000746002868D000F0ADFD002854D1D4F808
:109900008F30D4F89320134304D1337F03F0030343
:10991000032B32D0344B3548022221461A7000F016
:109920008DF900F073FA00F0A9FA78B900F0CCFCD8
:10993000E0B1002D3FF411AFA08A4FF6FF739842BB
:109940003FF474AF2946F8F75BF9A4E6284A2949A1
:10995000294840F2651308F0E2FF002383F31188E1
:10996000BFF36F8F0323184602DFDFE700F0A0FC90
:1099700000F0A4FC002DDFD1EFE600F0C3FA43783D
:10998000272B0146C6D80333DAB206F11C000FF0CC
:10999000FCFED4F88F30D4F89320013BC4F88F300C
:1099A00042F1FF33C4F89330D4F88F300E4A0133BC
:1099B000C4F88F30D4F8933004F18F0143F10003E1
:1099C0004B600123137066E7094A0C490A484FF4BB
:1099D000916308F0A4FF87F31188BFF36F8F03230F
:1099E000184602DF87E700BFC9000120FD90010093
:1099F00044BB0200DCBA0200F0AA0200A4BB0200D1
:109A000010B582B00446FEF757FE00281BDB154A4E
:109A10001549164800940023F5F750F908B177303E
:109A200001D102B010BD124A12491348552308F063
:109A300076FF002383F31188BFF36F8F032318464B
:109A400002DF02B010BD0A4A0C490B484C2308F053
:109A500066FF002383F31188BFF36F8F032318463B
:109A600002DFD4E7E11C00004D92010021920100C9
:109A7000C4BB020018AD0200F0AA020030BA020016
:109A80004FF080530246D3F8A410013107D04FF0B5
:109A90008051D1F8A00010F0010009D17047D3F82F
:109AA000A8304FF6FF719BB28B42F0D10020704777
:109AB000D1F8A4301360D1F8A8301371C3F3072391
:109AC00063F03F035371D1F8903001331CD0D1F8CB
:109AD0009430013318D0D1F89830013314D0D1F834
:109AE0009C30013310D0D1F89030C2F80630D1F854
:109AF0009430C2F80A30D1F89830C2F80E30D1F85C
:109B00009C30C2F8123008E00023C2F80630C2F8D8
:109B10000A30C2F80E30C2F812300120704700BF80
:109B200000234FF08052036043608360C360D2F82B
:109B30008030013318D0D2F88430013314D0D2F8F9
:109B40008830013310D0D2F88C3001330CD0D2F8E9
:109B500080300B60D2F884304B60D2F888308B6054
:109B6000D2F88C30CB60704700230B604B608B6069
:109B7000CB607047054B4FF480320021C3F80815C5
:109B8000C3F84423C3F80423704700BF00B000406B
:109B9000054B1878421C1A7018B9044B01221A6040
:109BA00070470120704700BFCD00012000B0004089
:109BB00038B50E4D2C784CB1601EC0B2287018B963
:109BC0000B4B01225A6038BD012038BD094A0A49B1
:109BD0000A48712308F0A3FE84F31188BFF36F8F46
:109BE0000323184602DF2C78E6E700BFCD000120F2
:109BF00000B0004024BC020070BC0200F0AA0200C9
:109C0000014BD3F80405704700B00040024B00F54B
:109C1000A87043F82010704700B00040044BD3F800
:109C2000103123B1034A044B10681B681847704772
:109C30000010004064E6002068E6002038B50446C5
:109C400001200D46EBF770FA084B094A1C600949E0
:109C5000094B156010200222C1F80403C3F88021CB
:109C6000BDE838400120EBF751BA00BF68E600209C
:109C700064E600200010004000E100E04FF0804367
:109C80004FF0FF320021C3F8002EC3F8042EC3F8B2
:109C9000081EC3F80C2EC3F8101EC3F8142EC3F808
:109CA000182EC3F81C2EC3F8202EC3F8242EC3F898
:109CB000282EC3F82C2EC3F8302EC3F8342E70474C
:109CC00010B50120EBF730FA064B074800244FF49B
:109CD00090514FF41052C0F81845C3F80018C3F85B
:109CE000042810BD00F0014000100040704700BF84
:109CF000054B02280CBF0421032140F20122C3F8C6
:109D00001015C3F85026704700100040014BC3F8EF
:109D10000C05704700100040014BC3F80805704760
:109D200000100040084B00F07F00C3F85405D3F842
:109D3000182522F00072C3F81825D3F8182542F030
:109D40000072C3F81825704700100040084A00212F
:109D50000123C2F82C15C2F83035C378C2F8243577
:109D60008178038843EA01431B02C2F81C3570471F
:109D700000100040C2F38203A3F1020302F00302C9
:109D8000B3FA83F3013A5B091B06022A98BF43F436
:109D9000801300F00F000A4A184340F48070C2F8A4
:109DA0001405D2F81805074B0340C2F81835D2F84D
:109DB0001835194341F44031C2F81815704700BFF7
:109DC000001000400000F8FE014BC3F80405704786
:109DD00000100040014BC3F804057047001000401C
:109DE00002280CBF28202920704700BF012070479F
:109DF0002920704702280CBF05200A20704700BFA9
:109E0000014B01221A60704700100040084A0949BE
:109E100010B401234FF410640020C2F808455360C9
:109E2000D360C1F800020B615DF8044B704700BFBE
:109E300000F00140001000400F4B0022C3F8002149
:109E4000D3F80011C3F80421D3F80411C3F80C218E
:109E5000D3F80C11C3F86C21D3F86C11C3F870213E
:109E6000D3F87011C3F82821D3F82811C3F81021B2
:109E7000D3F81031704700BF00100040034BD3F8F7
:109E80000001003818BF0120704700BF00100040DB
:109E9000034BD3F80401003818BF0120704700BFFE
:109EA00000100040034BD3F80C01003818BF01200C
:109EB000704700BF0010004001207047034BD3F8EB
:109EC0005005B0FA80F04009704700BF0010004014
:109ED000044B40F20312C3F83425C3F83805C3F825
:109EE0003C15704700100040034BD3F800040038C5
:109EF00018BF0120704700BF0010004000487047A5
:109F000064E500200048704760E40020F0B41D4B79
:109F10001D4D1E4E1E4C1F4F0322C3F800222A78EF
:109F2000C6F8687502F10C03DBB2D000DB009100CB
:109F300003F1804300F1804003F5F83300F5F83079
:109F400001F18041C6F86C0501F5104104EB820473
:109F50001148C3F81045C3F81405D1F840352D2B2E
:109F60008ABFD1F8403501232D3BC1F8403501327D
:109F7000064B4FF4106102F00102C3F804152A7079
:109F8000F0BC704700100040CE00012000F00140FE
:109F9000409100400C110040041000402DE9F041B8
:109FA000284E294C294FDFF8ACE0DFF8AC800323C2
:109FB000C6F800322178CEF8688501F10C03DBB2D7
:109FC000DB00CD0003F1804303F5F83305F1804554
:109FD00007EB810705F5F835CEF86C554FEA810C93
:109FE000C3F8107549F63465C3F814654AF2B8131E
:109FF000022A18BF1D460CF1804C42F2B84241F2D1
:10A000008833022818BF13460CF5104C104A2B4415
:10A01000A2FB0323DCF84025B2EB931F85BF980910
:10A02000DCF8403501231B1ACCF840350131094BCF
:10A030004FF4106201F00101C3F804252170BDE85E
:10A04000F08100BF00100040CE0001204091004090
:10A05000D34D621000F001400C1100400449054B43
:10A0600003204FF41062C1F80002C3F808257047BE
:10A070000010004000F00140034B0022C3F81C21F7
:10A08000D3F81C31704700BF00100040034BD3F8D9
:10A090001C01003818BF0120704700BF00100040AD
:10A0A00010B44FF0000C4FEA8C0303F1804303F52A
:10A0B00080531468C3F800460CF1010C9488C3F86F
:10A0C0002046BCF1080F02F10602ECD1034B40EA36
:10A0D0000120C3F840065DF8044B704700100040B3
:10A0E000034AD2F8403623F0FF03C2F840367047E7
:10A0F00000100040034B0022C3F81421D3F81431A0
:10A10000704700BF00100040034BD3F81401003823
:10A1100018BF0120704700BF00100040014BD3F86A
:10A1200010047047001000400449054B054A4FF4E5
:10A130008020C1F84803C3F80825704700B00040EC
:10A1400000F00140C001700E034B044A1B7803F578
:10A15000A87342F823007047CE0001200090004011
:10A16000F0B4A2F574232F4DA3F51073AB4204464F
:10A1700006D902F1E87202F5D432013902F5A5726E
:10A18000294B2A482A4D2B4E0127DF600027C3F8B0
:10A190000475A0FB02020427C3F81075900C022777
:10A1A000C3F80875244AC3F84005C5F848154FF4AC
:10A1B0008021C5F844134021C2F84065C2F84435F7
:10A1C000C2F804154CB34FF48013C2F804351B4A8F
:10A1D000012100240423D160C2F80445C2F81035DF
:10A1E000154BC2F8084511601549C3F850150C32DB
:10A1F000C3F8542502F5AF32124CC3F8584502F5A6
:10A20000FC7201F50041C3F85C2538310832C3F80F
:10A210006015C3F86425F0BC70474FF40013C2F812
:10A220000435D4E7BFBDF07F0080004083DE1B43D0
:10A2300000B0004048B1004000F0014000900040F4
:10A240000C11004040910040014BD3F84805704785
:10A2500000B000400349044A01234B600B61536086
:10A260001361704700800040009000400449054B96
:10A27000C1F844054FF08862C3F80425704700BF59
:10A280000080004000F00140054B06480649074A9F
:10A29000C3F84805C3F84C15C3F80425704700BF40
:10A2A00000F00140001100404080004080000004A8
:10A2B000014BD3F84405704700800040014B186003
:10A2C000704700BF5CE40020014B1868704700BF76
:10A2D0005CE40020014BD3F840057047008000404B
:10A2E000024B4FF00062C3F80425704700F00140B4
:10A2F000014BD3F84805704700800040014BD3F86C
:10A3000048057047008000401E4B70B40024C3F81D
:10A31000004502294FF00204C3F80045044629D045
:10A3200003F580334FF00071174EC3F80415154B39
:10A330001648C3F80465E325C3F820550021C3F887
:10A340000845134CC3F80C05C3F81025C3F8144591
:10A35000C3F80012C3F80011D3F80021C3F80411A8
:10A36000D3F80421C3F808110122D3F808111A60A8
:10A3700070BC7047074B084E4FF00071C3F80415CE
:10A38000D5E700BF00F000400100000160E40020BC
:10A3900050E3002000F0014001000101154B10B412
:10A3A000002204460220C3F80025C3F80005124825
:10A3B000C3F80405E320C3F82005C3F808450F4897
:10A3C000C3F80C150E4CC3F810050121C3F8144551
:10A3D000C3F80012C3F80021D3F80041C3F80421E8
:10A3E000D3F80441C3F80821D3F8082119605DF8B7
:10A3F000044B704700F000400000010160E40020C1
:10A4000050E3002038B5114C0223C4F80433D4F8CB
:10A41000043163B92025EFF3118085F31288BFF36F
:10A420006F8F09F0FCF9D4F80431002BF3D0074BFF
:10A43000074A02204FF40041C3F80803C2F8801114
:10A44000D3F80801B0FA80F0400938BD00F00040B0
:10A4500000E100E0034BD3F80004003818BF0120EE
:10A46000704700BF00F00040F0B4194A194BD2F811
:10A470000455194E0024013D0327C3F80075C3F8A5
:10A480000405C3F80815C3F81055C3F81465C3F8DC
:10A490000041D3F80011C3F80441D3F80411C3F804
:10A4A00008414021D3F80831C2F86015D2F80032D3
:10A4B0000A4943F04003C2F80032C2F828414FF481
:10A4C0000003D2F82821C1F80435F0BC704700BF62
:10A4D0000010004000F000404CE3002000F001407C
:10A4E000014BD3F80004704700F0004010B4084A54
:10A4F000084C09490023C2F828314FF40000D2F873
:10A500002821C4F80035C1F808055DF8044B7047F0
:10A510000010004000F0004000F0014038B5164B3C
:10A52000D3F828312BB3154C0123C4F80433D4F8E5
:10A53000003163B92025EFF3118085F31288BFF352
:10A540006F8F09F06CF9D4F80031002BF3D00B4B6E
:10A550000B4A01204FF40041C3F80803C2F88011F0
:10A56000D3F804212AB1D3F80801B0FA80F04009E9
:10A5700038BD002038BD00BF0010004000F0004092
:10A5800000E100E00139012905D80B200AB1EAF702
:10A59000BDBDEAF7C9BD08B5074A084908482D23DB
:10A5A00008F0BDF9002383F31188BFF36F8F0323F5
:10A5B000184602DF08BD00BF7CBC0200C8AB020029
:10A5C000F0AA020029B10139012905D80B20EAF7C8
:10A5D000BFBD1820EAF7BCBD08B5084A08490948BC
:10A5E000412308F09CF9002383F31188BFF36F8F98
:10A5F0000322104602DF184608BD00BF7CBC0200E3
:10A60000C8AB0200F0AA020088420FD0012807D090
:10A6100002280DD1A1F10100B0FA80F04009704785
:10A62000A1F10200B0FA80F04009704701207047A4
:10A6300000207047012908B511D002290FD0A1B11F
:10A640000D4A0E490E487B2308F069F9002383F375
:10A650001188BFF36F8F0323184602DF08BD094B33
:10A660004FF40062C3F8002108BD064B4FF0807222
:10A67000C3F8002108BD00BF7CBC0200C8AB0200CB
:10A68000F0AA020000E100E008B50EF083FE08BD6C
:10A69000032810B5044604D8124B1C5D9CB120461B
:10A6A00010BD114A11491248292308F038F9002336
:10A6B00083F31188BFF36F8F0323184602DF094B22
:10A6C0001C5D002CEBD1084A0A4909482C2308F0EC
:10A6D00026F984F31188BFF36F8F0323184602DF36
:10A6E000204610BD4CBD0200CCBC02001CBD0200C7
:10A6F000F0AA02003CBD0200013810B51C46042837
:10A7000063D8DFE800F014221B29030004292CD0B1
:10A71000304A31493148B82308F001F9002383F366
:10A720001188BFF36F8F0323184602DF10BD042981
:10A730002BD0284A284929484C23EDE704291CD06E
:10A74000244A254925487A23E6E7032925D0214ACA
:10A75000214922486323DFE703292ED0042924D08E
:10A760001C4A1D491D48A023D6E71D4B9C60BDE82F
:10A77000104002210320F1F7C5BC1A4B9C60BDE8D4
:10A78000104002210120F1F7BDBC174B9C60BDE8D1
:10A79000104002210020F1F7B5BC144B01219C6050
:10A7A000BDE810400846F1F7ADBC114B02219C609A
:10A7B000BDE810400846F1F7A5BC0E4B9C60BDE813
:10A7C000104001210220F1F79DBC024A02490348D2
:10A7D000BE23A1E7CCBC0200C8AB0200F0AA020075
:10A7E000D4050020040600202406002014060020C2
:10A7F000E4050020F405002001460020FFF706BA1A
:10A80000124B30B40121044600205960C3F80445BE
:10A81000C3F80001C3F80401196005E0D3F804216E
:10A8200032B9D3F804251AB1D3F80021002AF5D0A3
:10A830005960D3F80421002AE7D1D3F80455002D3C
:10A84000E3D0C3F8042530BC704700BF00E00040EF
:10A8500070B5174C0126D4F8045566600E20EAF74F
:10A8600063FCD4F8040140B10021C4F80411D5E917
:10A870000E323046BDE870401847D4F8006146B14A
:10A88000C4F80001D5E90E3205F12001BDE87040A1
:10A890001847084A08490948E42308F040F886F3B5
:10A8A0001188BFF36F8F0323184602DF70BD00BF0E
:10A8B00000E0004050BD0200C8AB0200F0AA020058
:10A8C00070B58CB00E4615460146102268461C46EF
:10A8D000F1F778FB10220DEB02003146F1F772FB25
:10A8E0006846FFF78DFF25B1102208A92846F1F729
:10A8F00069FB2CB108AD0FCD20606160A260E36000
:10A900000CB070BD054B0122C3F8002590F88610ED
:10A9100009B1DA6070471A605A60704700700040F1
:10A920002DE9F0410D7905F01F03072B1DD80C7898
:10A930000C2C1AD8DFE804F00808081907191C19AC
:10A94000191E2019220003244A78032A18D0042A49
:10A950000BD100204A8844F20A06B24264D843F67A
:10A96000FE76B2420ED8002A6CD06FF0150057E088
:10A970000424E9E70524E7E70624E5E70724E3E7FD
:10A980000120E7E7A2F57F523F3A0B2AEDD801A656
:10A9900056F822F04DAA01006BA901006BA9010035
:10A9A0006BA90100C5A901006BA9010025AA01003E
:10A9B0006BA901006BA901006BA901006BA9010043
:10A9C00045AA01000022224F8E7997F8A8C04FF0C7
:10A9D0000108000308FA03FE40EA042015F02005F0
:10A9E0005FFA8EFE40EA02404FEA031214BF2CEADF
:10A9F0000E0C4CEA0E0C02F1804287F8A8C002F55A
:10AA0000E04218BF45461F44497987F8A01040EA44
:10AA10000550C2F818050020C2F81005C2F81465E8
:10AA2000BDE8F0810122CEE744F21406B2420BD019
:10AA300044F22806B24209D044F20F06B24294D141
:10AA40000322C0E70222BEE70422BCE70522BAE7E0
:10AA5000A0010020F7B50D464FF0FF335B484FF0E3
:10AA6000FF3204F0D3FF6E68731EFE2B44D8002320
:10AA70005748584F1A4626FA03F111F0010126D023
:10AA800017F803C0BCF1000F36D000EB031E6C7C3E
:10AA9000DEF81815003C18BF012421F0807141EA4E
:10AAA0000461CEF8181503F151010901013240F893
:10AAB00001C0D2B20133082BDDD12B7C083B062B21
:10AAC0001AD8DFE803F0111925192119230000EB2A
:10AAD000031CDCF8184524F08074CCF8184503F109
:10AAE000510424010151E5E700233949012AC1F845
:10AAF000F0356B7C0ED97BB16FF01504334804F050
:10AB00004BFF204603B0F0BD0223EEE70323ECE742
:10AB10000123EAE7082BEFD8C1F8F4352968530080
:10AB200011B1898901FB0333E96899424AD3284B63
:10AB3000A968C3F82C162F46C3F830260FCF264C31
:10AB400004F174060FC63B683360002626672B6845
:10AB500027469BB30FCB04F1880585E80F00656796
:10AB6000A4F8986050B3BFF35B8F57E8003F47E805
:10AB70000062002AF9D1BFF35B8F1849D4F88850DE
:10AB8000174A4FF400400F463146E5FB00710023A1
:10AB90003846E5F7B5FA0022CDE90001002304F1BB
:10ABA000080005F0B7FF0F484FF0FF324FF0FF33BA
:10ABB00004F02CFF00B12067246F9FE70648FFF7E1
:10ABC000A1FEF0E76FF00B0498E700BFE001002062
:10ABD0000070004040020020A00100203F420F0012
:10ABE00040420F00F801002038B5104C0025C4F891
:10ABF0000451D4F80431C4F81051D4F810311223A0
:10AC0000C4F804330720EAF781FA2A460121072015
:10AC1000EAF7ACFA0648836C13B9403004F0BCFE86
:10AC20000123C4F80035002038BD00BF007000408B
:10AC3000A0010020F8B53C4BD3F80421002A66D0CF
:10AC40000021C3F80411D3F80421384C01229A6082
:10AC5000C3F80015A66F94F8A8703742254606D1B0
:10AC6000636FC3B93248BDE8F84004F095BED3F82D
:10AC70002C16F6B213461E4208D01F4205D0B1F979
:10AC80000020002ABCBF00220A8002315B009BB278
:10AC90009F42F0D2E4E7D4F88C30B4F898202BB17E
:10ACA00024499847012814D0022828D0B4F89830B5
:10ACB000B4F894209A4222D90133A4F898301A4B60
:10ACC000D3F82C26D3F8341689B202EB4102C3F82C
:10ACD0002C26D4F8883023B9BDE8F8401348FFF794
:10ACE00011BEBFF35B8F55E8003F5A1E45E80021B7
:10ACF0000029F8D1BFF35B8F012BEDDCF8BDD4F850
:10AD00008830002BAED00C480EF0BAFCAAE7D3F87E
:10AD100010110029F2D0C3F81021D3F8102101221C
:10AD20009A601A605A60E9E700700040A0010020B4
:10AD3000F801002014020020A8010020084B70B583
:10AD4000C31A0D4607499B10044659430648402242
:10AD50000CF014FB2B4601462046BDE87040184716
:10AD6000B0E60020B76DDBB6789C020073B50C4CE2
:10AD70000C4A4023041B00930D460B460A49A410BD
:10AD80006143064609480CF025FB011E05DA3046F2
:10AD90002B4602B0BDE87040184702B070BD00BF3E
:10ADA000B0E600203F740200B76DDBB6789C02006D
:10ADB000002270B5012104461046EAF7D7F9114880
:10ADC00001F022FB104B984218D1206900F002FAE2
:10ADD00001F02CFB26690D49304607F0D3FE002810
:10ADE0000BDB012535642469084904F11C0007F0D8
:10ADF000C9FE002801DBE564002070BD6FF004008F
:10AE0000FBE700BFCDAE01000000AD0B9CBD020012
:10AE10007FB500220123CDE9022304ABCDE9043341
:10AE2000094ACDF800D06B46CDF804D00CF000FBF9
:10AE3000002805DB4FF480420023684604F0E6FD5D
:10AE400007B05DF804FB00BF5974020010B5EFF3C2
:10AE50001184202383F31288BFF36F8F074A13688E
:10AE600023F00201DB07116002D401200CF001FD88
:10AE700084F31188BFF36F8F10BD00BF00E700207F
:10AE800030B4104B0C2202FB003301460020D3E902
:10AE90000E529863EFF31180202484F31288BFF3DD
:10AEA0006F8F1C6C04F0C00444F002041C6480F337
:10AEB0001188BFF36F8F1DB12B46034830BC184774
:10AEC00030BC7047B0E60020789C0200012810B525
:10AED00004460AD004280CD078B9084B1B6C5B07D9
:10AEE0000BD1BDE81040FFF7CBBF00F081F9204641
:10AEF000F7E7BDE8104000F089B910BDB0E60020CA
:10AF000010B4EFF31182202383F31288BFF36F8F05
:10AF10001848016841F002040460C80708D482F3AD
:10AF20001188BFF36F8F01205DF8044B01F090BAD8
:10AF30004FF08041D1F80C04D1F80C14C907EED5BC
:10AF4000EFF3118083F31288BFF36F8F0A490B6C04
:10AF500003F0C00343F002030B6480F31188BFF3D6
:10AF60006F8F82F31188BFF36F8F00205DF8044B61
:10AF7000FFF786BF00E70020B0E60020024AC3B218
:10AF80001C2003FB00207047B0E60020094BBFF3F4
:10AF90005B8F53E8002F42F0010143E800100028C6
:10AFA000F7D1BFF35B8F930702D4012001F050BAB1
:10AFB000704700BF00E7002010B5EFF31184202395
:10AFC00083F31288BFF36F8F074A136823F00101E0
:10AFD0009B07116002D401200CF04BFC84F3118814
:10AFE000BFF36F8F10BD00BF00E70020F8B5284900
:10AFF000BFF35B8F0646012251E8003F41E8002085
:10B000000028F9D1BFF35B8F33B9224922484B6046
:10B01000CB608A6007F0C9FD731E012B1DD80EF0AE
:10B02000B9F90446D0B91D4B1B78BBB14FF0804332
:10B030000222C3F8082305464FF08047D7F81824AA
:10B04000D7F81834D20312D59B0701D0012E0ED1A8
:10B05000BCB185F31188BFF36F8FF8BDEFF3118595
:10B06000202383F31288BFF36F8F0124E4E71CB120
:10B07000284608F0D4FBE1E7002121200EF040FA39
:10B08000DCE74FF080430222C3F80423E5E700BF6A
:10B09000ACE600209CE60020CCE60020E000012089
:10B0A0000D4BBFF35B8F012253E8001F002903D132
:10B0B00043E800200028F7D1BFF35B8F0AD107498E
:10B0C0000023CB60064B4B6003238B60054B186855
:10B0D00007F06BBD704700BF20E7002008E70020A5
:10B0E000A9B1010004E7002007B500220023CDE943
:10B0F000002308484FF40032002305F00BFD064BF7
:10B10000186807F0A9FD054B00221A6003B05DF82E
:10B1100004FB00BFA007002004E7002020E7002078
:10B12000F7B51C4E1C4CB7681C4DFB6840213046DF
:10B13000984740B1002323702B8001F0DBF90123F5
:10B14000237003B0F0BD0C213B696A463046984736
:10B150000028EFD1124A019B93FBF2F3009A217869
:10B1600003EB82031BB2B5F900200029E4D09A1A40
:10B17000002AB8BF524212B2012ADDDC094A136824
:10B18000013901332170136003B0BDE8F040FFF7CF
:10B19000ABBF00BF2C9D0200CF00012086EF002036
:10B1A00090D0030018E7002008B507480DF0D3FD44
:10B1B00028B901F09FF9054B01221A7008BDBDE8BE
:10B1C0000840034804F0FCBD2C9D0200CF00012084
:10B1D00034060020034B044A186000231360034A1E
:10B1E0001360704704E700201CE7002018E70020E8
:10B1F000024B00221A70FFF753BF00BFCF0001209F
:10B2000001480EF03DBA00BFA0070020024A1368B3
:10B2100001331360FFF768BF1CE70020EFF31182D2
:10B22000202383F31288BFF36F8F0A4BD3F80011EA
:10B2300061B10021D3F80805C3F80011D3F800313B
:10B24000C0B282F31188BFF36F8F70476FF00A00AE
:10B25000F7E700BF00D00040F0B5034610469C78E9
:10B2600093F803C0EFF31182202585F31288BFF312
:10B270006F8F1F7893F801E0E41B04EA0C04A042EE
:10B2800088BFA0B23E180CEA06063D461E7082F347
:10B290001188BFF36F8F0A188A4216D177450CD1F7
:10B2A000EFF31182202181F31288BFF36F8F197899
:10B2B000597082F31188BFF36F8F1B79241AA34250
:10B2C00022BF064B01221A60F0BD5E190135767966
:10B2D00001F8016B05EA0C05DEE700BF00D0004075
:10B2E000DB432DE9F04713F001050E46144604D068
:10B2F0002248FFF7B1FFBDE8F0879AB3EFF311885A
:10B30000202383F31288BFF36F8F0D20E9F720FF0E
:10B3100007460D20E9F708FF88F31188BFF36F8F08
:10B32000DFF85CA0DFF85C80CAF80051DAF8003181
:10B330004FF400590123CAF800302546C8F880911F
:10B34000DAF8003183B1FFF769FF031EC8F8809176
:10B35000F6DB013DADB27355002DF1D117B10D20D3
:10B36000E9F7D4FE2046C6E7EFF31180202383F3EC
:10B370001288BFF36F8F08F052FAE1E754E700201C
:10B3800000D0004000E100E02DE9F041124F0D46F1
:10B39000144607F1450814B92046BDE8F0814FF086
:10B3A000FF334FF0FF32384604F030FB2246294687
:10B3B0004046FFF751FF0646384604F0EDFA3EB925
:10B3C0004FF0FF324FF0FF33044804F01FFBE6E775
:10B3D000A41BA4B23544DEE724E700203CE70020AC
:10B3E00038B5194C0122114620460DF0A7FE012266
:10B3F000002104F118000DF0A1FE40F20743A4F86B
:10B4000048304FF0706323630C2384F834300025F8
:10B410000E4B84F84550A4F84650D3F8042542F06A
:10B420000102C3F804250121C3F80051D3F800211B
:10B43000C3F804132A4619600D20E9F797FE0D2082
:10B44000E9F764FE284638BD24E7002000D000401C
:10B4500010B5FFF7E3FE002820DB174B93F83220EE
:10B4600093F8314093F83310141B31EA0404C0B24E
:10B470000DD193F8472093F8464093F84810141BD9
:10B4800031EA04040BD10D4B01225A600EE09C18E6
:10B490000132114084F8350083F8321010BD9C1839
:10B4A0000132114084F84A0083F847100448BDE88F
:10B4B000104004F071BA00BF24E7002000D0004023
:10B4C0003CE70020024B0B6001231360704700BF74
:10B4D00078E7002000487047B8BD020010B501228F
:10B4E00011460748074C0DF029FEFCF777FA0CF0DF
:10B4F0004CFA20600CF045FA6060002010BD00BFDF
:10B5000080E7002078E70020F0B587B00E461546AA
:10B510000CF037FA2946074630460CF040F8C8B31D
:10B52000B6FBF7F307FB1363A3BBB5FBF7F407FB0D
:10B5300014547CBBBD4222D34FF0FF324FF0FF3397
:10B54000164804F063FAFCF75BFA02AB01461022DE
:10B55000C0B1214618460EF040F901228DF81420A2
:10B560000F4ACDE900200F48CDE90365FCF740FA0A
:10B570006846E6F759FA0446084804F00DFA2046F2
:10B5800007B0F0BD18460EF028F9CDE903650BF0C1
:10B59000E2FFF0E76FF01504F1E700BF80E700205D
:10B5A00057750200645E010038B5037B04460BB199
:10B5B000FCF72AFA0125A368032B06D8124AD2F811
:10B5C0000034DB07FBD5002038BD236860681968AC
:10B5D00001F036FC6368043363602368043323603E
:10B5E000A368043BA360237B0135002BE3D02846EE
:10B5F000E6F796FA0028DED0034AD2F80034D907DD
:10B60000FBD50120E0E700BF00E0014070B50D462A
:10B6100086B01946284616461C460BF0C0FF60B39C
:10B6200045EA04039B0728D1FCB14FF0FF334FF0EC
:10B63000FF32134804F0EAF9FCF7E2F90346CDE9DA
:10B64000026502A804949BB101238DF814300D4BC0
:10B65000CDE9003041F64C50FCF7CAF96846E6F7F0
:10B66000E3F90446064804F097F9204606B070BD99
:10B670008DF81430FFF798FFF3E76FF01504F4E747
:10B6800080E70020A9B50100F0B54068057B01F016
:10B690001F0444EA4514056987B0002D64D0B2F553
:10B6A000001F00F1100506D1214628460CF061F973
:10B6B000002007B0F0BD01AE0027B2F5800F019762
:10B6C000776039D1B3F1007F14BF052304238DF8CF
:10B6D00004300023CDE904630393836823FA01F166
:10B6E00011F001011AD1B2F1A07F17D104F01F03AC
:10B6F000620903F5E0732AD0012A3BD11F4A52F8B0
:10B700002330DB070AD40DF10306324621462846D2
:10B7100001F0D0F91A4B98421CD0029603AA214698
:10B72000284601F089F8174B984220D10122214682
:10B73000284601F023FABBE7B3F1C06F05D0B3F19F
:10B74000007F14BF01230223C1E70323BFE74FF0AB
:10B75000A042D4E73146284601F00AFA094B984244
:10B76000DBD06FF00B00A4E76FF08500A1E76FF06E
:10B7700015009EE751F82330FFDE00BF00030050A4
:10B780000400AD0B0000AD0B38B545682B69B3B1B3
:10B790001035284601F0DCF9044680B901462846F8
:10B7A00001F0A2F9084B98420BD1084922462846DD
:10B7B00001F07AF9224605210620E9F7D7FC00209E
:10B7C00038BD6FF00400FBE70000AD0BD1B70100FE
:10B7D000420970B5034602D0012A17D070BD0D4E44
:10B7E000326951680029F9D003F01F0301250C6864
:10B7F0009D400029F2D08A682A4002D04B6830462A
:10B8000098472CB1236821461C46F2E7024EE7E731
:10B810002346F8E7A09C02008C9C02002DE9F0432F
:10B82000466840F20635D006337B87B002EA05054C
:10B8300054BFC2F34010032001F01F07B5F5837F0A
:10B84000144647EA43178DF8030045D00FD8062D5C
:10B8500018D007D8B5B1022D40D06FF0150007B051
:10B86000BDE8F083B5F5807FF7D101250AE040F20D
:10B870000222954234D0B5F5407F33D0B5F5007F34
:10B88000EBD102250123220303FA01F12CD57368C1
:10B89000C3F80815326982BB07F01F037F0929D05E
:10B8A000012F77D13E4A02EB830284F48033D2F831
:10B8B0000017C3F30043C4F3404444EA430421F4B3
:10B8C000E16144EA800421F0070144EA05230B43C7
:10B8D000C2F800370020C2E70725D3E70425D1E7E7
:10B8E0000525CFE70325CDE7630344BF7368C3F89D
:10B8F0000C15CFE74FF0A042D5E710360DF102024C
:10B900003946304601F0D6F814F4403F80460CD159
:10B91000394630460CF02BF8224B9845DAD19DF889
:10B920000210304601F01EF9D4E701AB4FF00009D8
:10B9300003AA39463046CDE90439CDE90199CDF85D
:10B940000C9000F079FF174B984286D114F4003325
:10B9500015D09DF803308DF80E3084F48034C4F394
:10B9600000444B4603AA394630468DF80C508DF8FA
:10B970000D4001F01BF80B4B9842CDD06DE7CDE99F
:10B98000043303AA0DF1030339463046039300F054
:10B9900053FFF0E703F5E07352F82330FFDE00BFFA
:10B9A000000300500000AD0B02780B69012A08D09B
:10B9B000022A08D04AB9064A1A6303F1180003F0B4
:10B9C000EBBF044AF8E7044AF6E7044AF4E700BF8D
:10B9D0000000AD0B0100AE0B0200AE0B0100AD0B81
:10B9E0002DE9F04F87B00546049343680769D3F803
:10B9F00028909B8B03930C4690464FF0FF324FF0FC
:10BA0000FF33384604F002F807F1180302930023CD
:10BA100002980022002603F0F9FF3346464501D381
:10BA200000234EE0207A010776D40136464521688E
:10BA30000BD2820709D4227D80EA020C0CF0010CA3
:10BA400002F004025CEA020C08D023B901F0604263
:10BA5000B2F1005F1BD04FF0000A01E04FF0010A85
:10BA6000D4F804E0039A03EB0E0C944557D8C207B0
:10BA700006D409EB0300724605930DF086FE059B84
:10BA800062681A4493B2BAF1000F2ED113BBD4F8F6
:10BA900000B0A3884FF0000A049A217A0092284649
:10BAA0005A4600F061F8031E0BDB4FF48042029807
:10BAB000002303F0ABFF80B1284600F035F86FF0AB
:10BAC00004030293384603F067FF029B184607B051
:10BAD000BDE8F08F9A46CB46DEE73B6B114A9342B6
:10BAE000EDD1237ADB0702D400230C3496E7CB4553
:10BAF000FAD1A34609E0AAEB02011FFA81FADBF8AA
:10BB00000C0019FA81F10DF040FEDBF8042092459B
:10BB1000ABF10C0BEFD2E7E76FF08503D1E76FF0E5
:10BB20001B03CEE70000AD0B70B544682368D3F863
:10BB30000855D3F80C65204601F01EFA3146284618
:10BB400001F0B2FC00210546606A0BF0CEFD2046F4
:10BB500001F002FA034B9D4214BF6FF00F0000206A
:10BB600070BD00BF0000AD0BF0B587B047680C4654
:10BB70001646002112220DF106001D460DF02DFE85
:10BB800004F001038DF80430BDF830308DF8053035
:10BB9000BB8D0295AB42049614D384F00202C2F32B
:10BBA0004002520101A9384601F004FA084B9842BC
:10BBB0000BD00B33984214BF6FF004006FF00F00EE
:10BBC00007B0F0BD6FF01B00FAE70020F8E700BFF8
:10BBD0000000AD0B38B545682B6A04469847686A83
:10BBE00001210BF082FD2346AA6905F108012846D0
:10BBF00001F078F9064B984206D1012120460BF05E
:10BC00009AFD00EAE07038BD6FF00400FBE700BF6A
:10BC10000000AD0B2DE9F043DFF8D0C0324F002516
:10BC200040F2FF16EBB2994202D80020BDE8F08343
:10BC300050F8253013F4804FC3F3C324C3F308082E
:10BC400046D1B04517F804E04FEA136429D00B2C15
:10BC500036D1C2F80885BEF1000F08BF4FF0060EBE
:10BC60005FEA581850F8254003F01F032DD0B8F1B3
:10BC7000010F33D1E04608EB8303DFF87480D3F87B
:10BC8000009709EA0808C4F3C039C4F34124A400AA
:10BC900044EA490444EA0E2444EA0804C3F800478D
:10BCA00005E00B2C05D14FF0FF33C2F80835013504
:10BCB000B8E70C2C0FD14FF0FF33C2F80C35F6E784
:10BCC0000C2C08D1C2F80C85C5E74FF0A048D2E78C
:10BCD0006FF01500AAE76FF08500A7E7002203F5D3
:10BCE000E07352F82330FFDE9ACD020000030050CB
:10BCF000F0F8FCFF014B01221A60704700C00040C1
:10BD00000C2903690BD1DB6A064907484B4393FBB7
:10BD1000F0F100FB113311605360002070476FF0A9
:10BD20008500704790D0030040420F00044B00692B
:10BD30000022C3F80021D3F8003103F02DBE00BF6C
:10BD400000C000407FB505692B6B63B3402901D06B
:10BD50000C292BD105F118064FF0FF324FF0FF33BD
:10BD6000304603F01FFD134B0193286B032300247F
:10BD700069460394029306F018FF4FF0FF324FF02C
:10BD8000FF33284603F042FE286B06F065FF0A4B9E
:10BD9000D3F80825EA6201225A60304603F07AFDA2
:10BDA000204604B070BD6FF00A00FAE76FF085001E
:10BDB000F7E700BFF5BC010000C0004010B5046902
:10BDC0000020FFF7DBF820634FF0FF320021204610
:10BDD0000DF0B4F904F118000DF0C7F800220121AC
:10BDE0000C20E9F7C3F90C20E9F790F9024B012286
:10BDF000C3F80423002010BD00C0004070B501232B
:10BE000083400E4ABFF35B8FDC4352E8001F01EA18
:10BE1000040542E80056002EF7D1BFF35B8F4FF4C4
:10BE2000803282400648C0F80823BFF35F8FBFF31B
:10BE30006F8F0B4214BF0120002070BD1CE8002052
:10BE40000010014070B40E49D1E90034D01AC31873
:10BE500044F1000422F07F46C1E90034A6F5001346
:10BE6000B3F5400F09D2074B1B681A0A1B069C1931
:10BE7000054B42F10005C3E9004570BC04F06ABD02
:10BE8000E012002020E80020E812002011B3BFF3E8
:10BE90005B8F0123104A834052E800CF4CEA030C29
:10BEA00042E800C10029F7D1BFF35B8F0B4A4FF482
:10BEB00080338340C2F80433094BBFF35B8F1B68A8
:10BEC000BFF35B8FC340DB0742BF064B4FF400322A
:10BED000C3F80021704700BF1CE80020001001409B
:10BEE00018E8002000E100E00D4B1868010A000688
:10BEF000BFF35F8F0B4BD3F80435181841F10001E5
:10BF0000B3F5801F0AD2084BD3E90023904271EBAE
:10BF1000030303D210F1807041F10001704700BFAC
:10BF200020E8002000100140E81200202DE9F04F29
:10BF300085B016461F469DF840A00446FFF75EFFF9
:10BF40000190FFF7D1FFB04271EB070354D23E4B93
:10BF5000301A67EB0101984271F100014FD23B4B5F
:10BF600003EB0413D3E902239F4208BF96425ED03D
:10BF700037494FF4803804F1500508FA04F8AD0051
:10BF8000C1F848832046ADB20BF001FC26F07F4B90
:10BF900005F1804504F5A87305F58835DC464FF0BA
:10BFA00003090293029A2CF07F4341F82230C1F832
:10BFB0004483D1F80435274A6FF00200C01A604468
:10BFC00020F07F40904232D9286868B1D1F804351A
:10BFD0000393A3EB0B0020F07F40B0F5000F26D9B0
:10BFE00020460BF0D4FB039BBAF1000F07D109EBFD
:10BFF000030C09F10109D5E7BAF1000F09D06FF080
:10C00000150520460199FFF741FF284605B0BDE818
:10C01000F08F0123104ABFF35B8FA34052E8000F5B
:10C02000184342E800010029F8D1BFF35B8F0749AC
:10C030000E98230101EB0412C8500F9B5360C2E914
:10C0400002670025DDE700BF01008000D01200205C
:10C0500000100140FDFF7F0018E800207FB51C4C58
:10C060001C4BC4F80833C4F848331B4B00254FF071
:10C07000FF304FF0FF31C4F80855C3E902014FF417
:10C080008033C4F80433154B02264FF400320121EB
:10C09000C4F804631120C3F880212A46E9F766F842
:10C0A0001120E9F733F80E4A0123A36023601360DF
:10C0B0000C4B0D4A0093CDE9015500232846FFF7AC
:10C0C00035FF3046FEF792FF284604B070BD00BF32
:10C0D0000010014003000F00D012002000E100E03A
:10C0E0001CE8002045BE0100FFFF7F002DE9F7435B
:10C0F0002F4CD4F8043399070BD5D4F8043143B14D
:10C100002C4A0023C4F80431D4F8043113680133F5
:10C110001360D4F80433DA0329D5BFF35B8F264BC1
:10C1200053E8002F22F0010143E800100028F7D166
:10C13000BFF35B8FD30702D4D4F84031BBB10025E5
:10C14000C4F84051D4F84031FFF7CEFEEFF311822E
:10C15000202383F31288BFF36F8F184BD3E9026754
:10C16000B042B94106D282F31188BFF36F8F03B09A
:10C17000BDE8F0834FF0FF384FF0FF39C3E9028983
:10C18000D3E900101D604FF48033C4F84833C4F87D
:10C190004051D4F8403182F31188BFF36F8F0029EA
:10C1A000E5D0009032463B4628468847DFE700BF8F
:10C1B0000010014020E8002018E80020D0120020E4
:10C1C00030B5431C124C85B005D08442A8BF04464C
:10C1D000012CB8BF0124FFF787FE0E4B0C4DD3E9AD
:10C1E0000013401AB0F5000F10D22218AA4228BF3F
:10C1F0002A4652184FF0000007490091CDE901008E
:10C2000043F10003FFF792FE05B030BD2A46F0E788
:10C21000FFFF7F00E012002045BE010008B5FFF7D8
:10C2200063FE024B1B68C01A08BD00BFE01200206D
:10C230004FF08053D3F830210D2A55D14FF0804173
:10C240000022C1F80C21C1F81021C1F83825354A67
:10C25000D3F80404C2F82005D3F80804C2F8240572
:10C26000D3F80C04C2F82805D3F81004C2F82C0542
:10C27000D3F81404C2F83005D3F81804C2F8340512
:10C28000D3F81C04C2F84005D3F82004C2F84405D2
:10C29000D3F82404C2F84805D3F82804C2F84C05A2
:10C2A000D3F82C04C2F85005D3F83004C2F8540572
:10C2B000D3F83404C2F86005D3F83804C2F8640532
:10C2C000D3F83C04C2F86805D3F84004C2F86C0502
:10C2D000D3F84434C2F87035D1F80034DB0744BFDA
:10C2E0006FF00103C1F800340F4AD2F8883043F4EC
:10C2F0007003C2F88830BFF34F8FBFF36F8F4FF0DA
:10C300008053D3F830210D2A0AD1D3F834313BB110
:10C310004FF01023D3F808224FF08043C3F858257C
:10C32000704700BF00C0004000ED00E030B5046879
:10C33000CCB1BFF35B8FB4FA84F3C3F11F03DBB25C
:10C3400001229A4024EA020250E8005FA54204D18B
:10C3500040E8002CBCF1000FF6D1BFF35B8FE6D1B3
:10C3600002480B7030BD0248FCE700BF0000AD0B77
:10C370000200AD0B10B50368CB40DB0714D40123DA
:10C380008B400268BFF35B8F43EA020150E8004F25
:10C39000944204D140E8001CBCF1000FF6D1BFF379
:10C3A0005B8FEED1014810BD0148FCE70000AD0BEA
:10C3B0000400AD0B2DE9F04700F160404C1E044431
:10C3C000DFF834801F461646050B240BFF234FF081
:10C3D000010AA54201D9BDE8F08718F80510994275
:10C3E00001F00F00894604D0090932460AFA01F12A
:10C3F000B84701354B46ECE7B0CD0200014BFFF7E3
:10C40000D9BF00BFAD770200054B1A792AB95A711E
:10C41000012218601A71034870470348704700BF33
:10C4200024E800200000AD0B0C00AD0B08B5074B55
:10C430001B682BB10020E8F78BFE08B9E8F766FE11
:10C440004FF080430022C3F8182508BD24E80020DF
:10C4500010B510B1012840D010BD4FF08043D3F883
:10C460001814D3F81824CC031ED5900702D000204E
:10C470000BF0A7F94FF080430022C3F818250220E3
:10C4800008224FF4827303F180430021196002F106
:10C4900080421C6801241460154A12680AB34FF0E8
:10C4A0008043C3F80403D7E7D3F81424D107E1D5B8
:10C4B000D3F81C249207DAD10D4A12681AB102226D
:10C4C000C3F80423C8E7D3F80421002AFBD00022D4
:10C4D000C3F80421D3F80431BEE700224FF480737F
:10C4E000D1E71A68002AFCD019601B68B4E700BFC6
:10C4F00024E800204FF08043D3F80C14D3F80C2428
:10C50000C80322D5D10720D5D3F81824D2031CD5CF
:10C51000104A517901F0FF00C9B9C3F80C01D3F8F2
:10C520000C11012151711961126822B10822C3F85E
:10C53000042309487047D3F80C21002AFBD00022BD
:10C54000C3F80C21D3F80C31F3E7044870470448D2
:10C55000704700BF24E800200000AD0B0500AD0BC4
:10C560000B00AD0B10B54FF08043D3F8002152B152
:10C570000020C3F80001D3F800210122C3F80823EA
:10C58000204B1B6898474FF08043D3F804215AB1E1
:10C590000022C3F80421D3F804210222C3F808239F
:10C5A000184B01201B6898474FF08043D3F81021A7
:10C5B0007AB1D3F80423D1060BD50022C3F8102199
:10C5C000D3F810211022C3F808230E4B03201B6858
:10C5D00098474FF08043D3F80C2192B1D3F804234D
:10C5E00012070ED50022C3F80C21D3F80C11082134
:10C5F000C3F80813034B5A71BDE810401B680420B0
:10C60000184710BD24E80020036803F01F025B09EF
:10C61000026004D0012B034818BF002070474FF080
:10C62000A040704700030050034A430900F01F0078
:10C63000D35C1844C0B27047D0CD020070B5054637
:10C64000FFF7F2FF0C4C08300E4634F81030DA05D4
:10C6500008D5C3F3432304EBC302284654F8333010
:10C6600052689847A3682BB1E26831462846BDE876
:10C670007040184770BD00BF4406002008B5FFF7A2
:10C68000D3FF034B083033F81000400B08BD00BF48
:10C690004406002008B5FFF7C7FF034B083033F806
:10C6A0001000C0F3400008BD4406002008B5FFF7A5
:10C6B000BBFF034B083033F81000C0F3401008BD37
:10C6C00044060020034611F0010010B5CCB20DD194
:10C6D000A207C4F3400012D5094AD2F820055860D9
:10C6E000C2F82005003818BF012008E04FF0A04133
:10C6F000D1F820251A60C1F82025002AE8D010BD05
:10C700000003005010B5FFF78FFF124A083032F8CF
:10C710001030D9051CD5C3F3432123F4F85322F874
:10C72000103002F10E04002034F8023F13F4807F31
:10C7300003D0C3F3432399420AD001302A28F3D10E
:10C74000002342F831300448BDE81040FFF712BE24
:10C7500010BD00BF44060020B0060020F0B505461D
:10C7600000200446012607468C420BD1114BD3F81A
:10C770007C2132B10022C3F87C21D3F87C3140F017
:10C780000040F0BDE3B29B0003F580729B0806FAFF
:10C7900003F31D420BD002F1804202F5C042D2F8F1
:10C7A00000C0BCF1000F02D01760126818430134BA
:10C7B000DAE700BF00600040F7B506460846FFF71D
:10C7C00033FF194F00F108050C4637F81530DB0729
:10C7D00027D530460BF0A7F82046FFF767FF40B19A
:10C7E0002046FFF74BFF316800F5A270002341F8A7
:10C7F00020302046FFF786FF002301A827F81530D8
:10C800000194FFF701FF019B00EB8300074BD0F879
:10C810000027134043F00203C0F80037044803B078
:10C82000F0BD0448FBE700BF44060020F0F8FCFF21
:10C830000000AD0B0400AD0B2DE9FF41164680460C
:10C840000846FFF7F1FE0D463168044609B3284655
:10C85000FFF720FF18B12846FFF728FF10BB002381
:10C86000CDE900338DF80E308DF80F300DF10F0249
:10C870000B4628460DF10E010AF0FDFF474A04F170
:10C88000080132F8113023F0020343F0010322F8CB
:10C890001130736863B328461F785968FFF7FAFEB2
:10C8A00010B1D1B13E4826E03C4A04F1080032F80C
:10C8B000103023F02003DB04DB0C22F8103061B1D0
:10C8C000032FEFD87168496891F800C0D8F80010BC
:10C8D000A7B90CF5A27C41F82C70304A04F108018C
:10C8E00032F8113023F01C0343EA870322F8113099
:10C8F000B3684BBB2B4804B0BDE8F08101EB8C0161
:10C9000043EA4C33D1F810E52EF0030EC1F810E5E0
:10C91000D8F8001001EB8C0E43F02003DEF8101560
:10C9200022F8103021F44F3121F44071CEF8101567
:10C930002902DEF8108501F47C5141EA074141EA01
:10C940000801CEF81015C8E7D3E900672846FFF7BD
:10C95000D9FE002ECED0114DD5E90023964203D149
:10C960009F4201D1002209E00F480DF10F01FFF7AE
:10C97000DDFC0C4B9842BED19DF80F2045F832608B
:10C9800005EBC20308345F6035F8143043EA4223F4
:10C9900043F4807325F81430ACE700BF4406002050
:10C9A0000400AD0B0000AD0BB00600202DE9F043F4
:10C9B0000C4685B08046204611461E46FFF734FEE1
:10C9C000054629B32046FFF765FE18B92046FFF754
:10C9D0006DFE18BB314F05F1080937F8193013F017
:10C9E0001C0F02D04B78012B18D001238DF80F308B
:10C9F0000023CDE900134A1C8B1C20460DF10F01CA
:10CA00000AF039FF37F8193043F0030327F81930DB
:10CA1000002E41D02046FFF73DFE18B9204805B052
:10CA2000BDE8F08396F800C0D8F800301B4F0CF535
:10CA3000A272002143F8221005F1080237F8121003
:10CA400021F02001C904C90C27F8121075781DB314
:10CA5000D8F80000B67800EB8C002D04D0F8103523
:10CA600023F4991323F4F853C0F81035230203F488
:10CA70007C5305F440353605D0F810E52B4306F419
:10CA8000801641EA4C31334341F0200143EA0E0362
:10CA900027F81210C0F810350248C0E744060020FD
:10CAA0000400AD0B0000AD0B014BC3E9021270474F
:10CAB0004406002010B508461446FFF7F7FD50B1B4
:10CAC0000846FFF7B1FD054B083033F81030044835
:10CAD0005B0B237010BD0348FCE700BF4406002039
:10CAE0000000AD0B0400AD0B70B5164D95F8744009
:10CAF00006462CBB2146542205F110000CF06DFEB9
:10CB000030686E6E21468E420ED10023C0F87C3113
:10CB1000D0F87C3140F30730E8F7F8FA01230A48EF
:10CB200085F87430EB6670BDCBB29B0003F5807264
:10CB30007C2B08BF845001F1010108BF8358E2E754
:10CB40000248F0E7440600200000AD0B0C00AD0BDE
:10CB5000034B93F87400003818BF0120704700BFE2
:10CB6000440600200148FFF705BC00BFAC060020CA
:10CB70000148FFF7DBBB00BFAC06002073B50368BC
:10CB80001646D3F80423002AA8BF4FF000420546FA
:10CB9000A8BFC3F8042308460C46FFF787FD00B37F
:10CBA0000846FFF777FD0146D8B92046FFF766FD36
:10CBB00004B2A40004F580720346286881502968F5
:10CBC00082582144D1F8102542F00102C1F8102505
:10CBD0002EB12968012202FA03F3C1F8043302B02E
:10CBE00070BD2046FFF720FD0F4B083033F81030A2
:10CBF000C3F38203042B12D0052B12D001A8019499
:10CC0000FFF702FD019AD0F81035D34003F001037D
:10CC1000991C204602B0BDE870400AF075BE0321A1
:10CC2000F7E70221F5E700BF440600202DE9F04FA9
:10CC3000694BDFF8B081D3F80403D8F86410C0B2B0
:10CC400089B040F00040FFF789FD051E2FDAC2468B
:10CC500000235AF8701F06A8CDE90633FFF732FD0E
:10CC60005E4B01930DF118094FF0000B019A12F879
:10CC7000013B0192DA0803F007031AF8022022FAB6
:10CC800003F3DA071CD409F10409BBF1000F14D037
:10CC9000D8F864104FF00040FFF760FDD8F870102E
:10CCA00006A8FFF70FFD0028DAD125F00045012482
:10CCB000002D79D109B0BDE8F08F4FF0010BD5E719
:10CCC000474B5B440293D9F800100029DBD0029B4C
:10CCD00091FAA1F11C78B1FA81F141EA441420469D
:10CCE000FFF7A2FC0830059438F81070C808BB089C
:10CCF00019F80020039301F00701012303FA01F161
:10CD000022EA010209F8002005A8FFF77DFC059A38
:10CD1000039B02F5E072C7F3820650F822205B07FE
:10CD20003746C2F3014224D520463946D6B2FFF732
:10CD300085FC05A80594FFF767FC059B03F5E073E8
:10CD400050F82330C3F301439E4207D1002120460F
:10CD50000AF0DAFD314620460AF0D6FD05A8059412
:10CD6000FFF752FC059B012202FA03F3C0F82035BD
:10CD7000A9E7022A0CD1032120460AF0C5FD06F0DE
:10CD80000503012BEAD139462046FFF757FCE5E7BA
:10CD90000221204603920AF0B7FD032EF3D0039A36
:10CDA000032ADBD1022EEDE795FAA5F3B3FA83F35C
:10CDB00004FA03F29B0003F1804303F5C04325EA24
:10CDC0000205D3F81005D3F81015C0F30520C1F300
:10CDD0000141FFF733FC6BE700600040E0CD02004B
:10CDE000E0CD020044060020044AD2F80034DB07FC
:10CDF000FBD50160BFF35F8F704700BF00E00140CB
:10CE00004FF080531A69B0FBF2F302FB130373B9BE
:10CE1000084B0222C3F80425C3F80805D3F8002400
:10CE2000D207FBD500220448C3F804257047034805
:10CE3000704700BF00E001400000AD0B0A00AD0BE1
:10CE400010B5054C0123C4F80435FFF7CDFF0023CE
:10CE5000C4F8043510BD00BF00E0014030B500F05B
:10CE60001F04400911D0012812D10C4800EB8400A6
:10CE70001B02D0F800570A4C43EA82022C4042EAD7
:10CE800041012143C0F8001730BD4FF0A040EDE74D
:10CE900004F5E074002353F82430FFDE0003005053
:10CEA000F0F8FCFF10B4CC7B8A6803682CB9D1E998
:10CEB0000041C3F80845C3F80C15C3F824250379CD
:10CEC00028225343064AD35833B100685DF8044B17
:10CED00040F30730E8F71AB95DF8044B704700BF1C
:10CEE0002CE800202DE9F04190F80480164E07460A
:10CEF000282000FB08F035180C4695F82210F1B9EF
:10CF0000A96032506B6085F8251085F824106CB14B
:10CF1000A37B85F8273020460AF06CFD88B1637B3F
:10CF200085F8263021463846FFF7BCFF282303FB4F
:10CF300008660648012386F82230BDE8F0810448DF
:10CF4000FBE70448F9E700BF2CE800200000AD0B28
:10CF50000C00AD0B0400AD0B036802790621C3F889
:10CF60000015044B282101FB0233022283F8222002
:10CF7000704700BF2CE8002002790C4B282101FBF0
:10CF800002330021996002680948C2F80803D2F808
:10CF9000000220F4BC50C2F80002C2F800150122C1
:10CFA00083F8222083F82410704700BF2CE800206B
:10CFB00002029C012DE9F84FB04D90F804900468EE
:10CFC000282303FB09539046002283F823204B6853
:10CFD0000E4633B1CB6803F06043B3F1005F40F01D
:10CFE00085813378023B012B06D8336903F0604317
:10CFF000B3F1005F40F07A81A14BC4F808332823D5
:10D0000003FB095393F8241001F0FF0239B19B6828
:10D01000DFF878B2C4F804335846BDE8F88F18F04A
:10D02000140F0CBF0121002183F82410317883F8FC
:10D030002010717883F82110F168D9607168196146
:10D0400031695961B1689961C8F3001183F82510FD
:10D05000C3F81C807378C4F88835C4F86021D4F80C
:10D060006031C4F84821D4F84831C4F82421D4F8F8
:10D070002431C4F80421D4F8043118F0010318BF96
:10D080000123C4F8503518F0020318BF0123C4F877
:10D090004035337809EB890705EBC707032B00F20E
:10D0A000A380DFE803F0799862024FF48073C4F83C
:10D0B0000032D7E90323C4F84425C4F848350123D6
:10D0C000A3604FF4801120460AF0B7FC0028F8D185
:10D0D000D7E90523C4F84425C4F84835282303FBC1
:10D0E00009534FF480229A60DFF8A4B1282202FB92
:10D0F00009F218F0080AAB5805EB020013D1317899
:10D10000032910D0012940F085802160002B6ED0CA
:10D11000282202FB09F27168AA5821B9002A00F0FE
:10D12000BB8001226261282202FB09F2A918AA58D9
:10D13000002A00F0B18018F0040F1CBF00228A60A2
:10D1400018F0400F06D1282202FB0952916841F0E5
:10D1500002019160282202FB0952916841F400719A
:10D1600091609268C4F8042356E7D7E90323C4F812
:10D170004425C4F84835D7E90523C4F83425C4F854
:10D1800038354FF48453C4F8003201232362282336
:10D1900003FB09530222A6E7D7E9032318F0200F67
:10D1A000C4F84425C4F848354FF0280315BF4FF4A0
:10D1B00080724FF4007203FB095303FB095315BF40
:10D1C000C4F80022C4F800224FF4802202229A60A0
:10D1D0000123236288E7D7E90323C4F83425C4F880
:10D1E00038354FF48053CEE7DFF8A8B07EE7026908
:10D1F00002B961612349DFF890A020460AF01DFCC6
:10D20000012210F4007F18BF626110EA0A0F1D4965
:10D21000F3D07DE70121A160002B7FF479AF006995
:10D2200018B3194B1AEA030F7FF472AF1549204661
:10D230000AF003FC10F4007F8246F2D04FF08071B8
:10D2400020460AF0FAFBD4F8001280B111F4007005
:10D2500003D10122226282466261CB05E1D54FF4FF
:10D26000802120460AF0E9FB04E06161D9E7012250
:10D27000226262614FF0000AD3E700BF2CE8002071
:10D2800002029C0102020400020004000B00AD0B2C
:10D290000000AD0B0400AD0B2821D4F8C424C4F861
:10D2A000C42401FB0955002185F824108AB11149D5
:10D2B000114B12F0010F14BF8B469B46013112F047
:10D2C000020F18BF8B4612F0040F0C4A18BF93468A
:10D2D000A2E618F0400F7FF49FAE394620460AF0D0
:10D2E00058FB054A002808BF934695E6DFF810B0C2
:10D2F00092E600BF0000AE0B0100AD0B0200AE0BCA
:10D300000A00AD0B70B55C4D5C4C86B0022128461E
:10D310000AF093FB4FF40071064628460AF08DFB95
:10D32000D8B1E6B9A368C5F808330223A360A3689F
:10D33000C5F804334FF0807128460AF07EFB18B11F
:10D34000D5F800329B0503D44B4B01221A625A6177
:10D35000012384F8233006B070BD002E57D0E56954
:10D360006E060AD494F823303BB9444942480AF087
:10D3700010FB80F0010084F8230015F0040524D18F
:10D380003D4B94F82520C3F86051D3F86011C3F8E1
:10D390005C51D3F85C1112B194F8232052B10022F1
:10D3A000C3F80022A260364AC3F80823354B08228E
:10D3B000C3F88021238CADF80430E368049323691B
:10D3C000029363690593A36903932B4AD2F8C4348B
:10D3D000C2F8C434980749D4590749D4DA0749D464
:10D3E00094F823309B00DBB28DF8003094F82530A0
:10D3F0000BB984F82430E3695B0703D594F8233034
:10D40000002BA8D0D4E9003168469847A3E74FF431
:10D41000802128460AF011FB94F82030A3B994F833
:10D4200025304BB9C5F80032A360154BC5F8083359
:10D43000144B0822C3F8802100238DF8043094F89F
:10D4400021308DF80530B8E74FF40073C5F800328D
:10D4500040F20223A36003F1CE73C5F80833A3683A
:10D46000C5F804330123AB602B6274E70123BBE7EB
:10D470000223B9E70323B7E7003000402CE800207F
:10D4800002029C0100E100E0036803F01F025B0957
:10D49000026004D0012B034818BF002070474FF0F2
:10D4A000A040704700030050F7B506460AF0EFFAB7
:10D4B00008460AF0ECFA01A80196FFF7E5FF019B88
:10D4C0002E4D00EB83000C46D0F80037019440F25B
:10D4D0000D612B400B43C0F8003701A8FFF7D4FFC4
:10D4E000019B00EB83000127D0F800372B400B4352
:10D4F000C0F8003704200AF057F9092501A8019463
:10D50000FFF7C2FF019AD0F81035D340DB0715D4DE
:10D5100001A80196FFF7B8FF019B07FA03F3C0F8D3
:10D520000C3504200AF040F930460AF0B0FA013D0B
:10D5300004200AF039F915F0FF05DFD101A80194A4
:10D54000FFF7A2FF019A01239340C0F80C35042095
:10D550000AF02AF920460AF09AFA04200AF024F97F
:10D5600001A80194FFF790FF019AD0F81035044804
:10D57000D34003F00103C01A03B0F0BDF0F8FCFF84
:10D580000100AD0BC02AF0B540D0B2F5807F3FD08E
:10D59000802A40F0BB800A2303600346002452091E
:10D5A00043F8044F01EB82028A4233D103680C2B0B
:10D5B00035D00E2B63D00A2B26D1564D564900F19B
:10D5C000A006426955F8044B8768C2F307237C40E4
:10D5D000CB5C6340140E10300C5D83EA0443D4B27C
:10D5E0000C5D83EA0463C2F307440C5D83EA042301
:10D5F00050F8044C836063400468C36063405A4041
:10D60000036142618642DCD10020F0BD0C23C3E7F8
:10D610000E23C1E751F8044B43F8044FC4E73D4CD7
:10D620003D4900F1C005C26954F8046B8768C2F334
:10D6300007237E40CB5C7340160E18308E5D83EA64
:10D640000643D6B28E5D83EA0663C2F307468E5D5B
:10D6500083EA062350F80C6C8360734050F8086C22
:10D66000C360734050F8046C036173400668436103
:10D6700073405A408361C2618542D4D1C4E7254DCD
:10D68000254900F1E006446A55F8042B8768C4F385
:10D6900007237A40CB5C87695340220E20308A5C96
:10D6A00083EA0243E2B28A5C83EA0263C4F307427C
:10D6B0008A5C83EA022350F8142C8360534050F8AC
:10D6C000102CC360534050F80C2C03615340DAB265
:10D6D00043618A5C7A401F0ECF5D82EA0762C3F322
:10D6E0000727C3F30743CF5DCB5C82EA072282EAB8
:10D6F000034350F8042C836153400268C3615340D4
:10D700005C40036244628642BDD17DE76FF01F003A
:10D710007BE700BF3CBE0200E2CE02002DE9F04FE5
:10D72000C9B0044602A816460D460AF0BDF900230A
:10D7300032466360294602A8FFF724FF0646002808
:10D7400062D1029F039B3548DFF8D4C0276004A94B
:10D7500003EB870301EB830251F82330A360536886
:10D76000E36093682361D368636104F1180E103A93
:10D770007B1E994671469046B9F1000F2CDD01F1F0
:10D780001004A8F1040B01945BF8044F250E1CF85B
:10D79000055050F825A0E5B21CF8055050F825506A
:10D7A00085EA3A2AC4F30725C4F307441CF8055058
:10D7B0001CF8044050F8255050F824408AEA35659A
:10D7C00085EA344541F8045B019CA142DCD109F1B2
:10D7D000FF39A8F11008CFE76FF00F014B43002F7E
:10D7E000CCBF1C46002402EB0400C3F10003D8BFE9
:10D7F00000230EEB030112594EF8032043684B60DF
:10D8000083688B60C368CB6002A84FF48C7100F012
:10D81000F3FE304649B0BDE8F08F00BF64BE0200A1
:10D82000E2CE02002DE9F04F904644680E684D6844
:10D8300000F1080202EB840352F824208C68C968C6
:10D840008FB07240019206925A6855409A680795C7
:10D850005440DA6808945140026809914FEA620E18
:10D8600003F13000CC4B0EF1FF3E002250E906A63A
:10D87000029650F8106C039650F80C6C049650E920
:10D88000087B50F8086C0596BEF1000F00F12000EF
:10D8900050F8249C00F3C68022B1019ACDE90841DA
:10D8A000CDE90625DDE90640DDE90865E1B22A0E8D
:10D8B00053F8211053F8222081EA3221C0F30722C5
:10D8C00053F8222081EA3261C6F3074253F822203E
:10D8D00081EA3241220E794053F822700A91C2B295
:10D8E00053F8222082EA3722C6F3072753F827701D
:10D8F00082EA3762C5F3074753F8277082EA374256
:10D90000070EC0F3074053F827C053F82000F7B2C2
:10D91000360E53F8277053F8266087EA3C27C5F384
:10D92000072CEDB253F82CC053F8255087EA3C671A
:10D93000C4F3074CC4F3072485EA362553F8244082
:10D9400053F82CC0029B039E85EA346484EA30407D
:10D950005840040E914B0D901D5DCCB282EA0B0233
:10D960001C5D0B92744084EA0564C2F3072587EAC4
:10D970003C475D5D87EA0A0784EA0524C7F307454B
:10D980000C975D5D84EA054E0D0ECDF818E05E5DE6
:10D99000D5B25D5D049CC8F800E0654085EA066587
:10D9A000C7F30726059C9E5D85EA0625C0F307465A
:10D9B0009E5D85EA0645160EC2F3074213F806C0BF
:10D9C000C8F80450FEB23F0E9E5DDF5D07956640CD
:10D9D00086EA0C66C0F3072CC0B213F80CC0185CC2
:10D9E00086EA0C26C1F3074CC1F3072180EA09003F
:10D9F000595C13F80CC09B5C80EA076080EA012147
:10DA000081EA034386EA0C4606A8C8F80860C8F80D
:10DA10000C3020210896099300F0EEFD00200FB095
:10DA2000BDE8F08F0A0E029E53F822C09DF8042034
:10DA300053F822207A4082EA3C2CC5F30722EFB249
:10DA400053F8222053F827708CEA326CC4F3074253
:10DA50008BEA070753F822208CEA324C019A120E07
:10DA60000EF1FF3E53F8222087EA3227C4F3072243
:10DA700053F8222087EA3267C1F3074253F8222085
:10DA800087EA32472A0EC5F3074553F822B0E2B2BF
:10DA9000240E53F8222053F824408AEA0202C1F3EC
:10DAA000072AC9B253F82AA053F821104E4086EA3B
:10DAB0003421019CC4F3072682EA3B2253F8264016
:10DAC00081EA346153F825405FFA8CF581EA3441EC
:10DAD0000C0E53F82560039D53F8244082EA3A6AFD
:10DAE000019A7540C2F3074285EA3426C7F307243A
:10DAF00053F8222053F824408AEA324286EA3466F8
:10DB0000C2F30744FDB253F8244053F8255086EA87
:10DB1000344401944FEA1C64049E53F824406E4040
:10DB200086EA3425C2F3072453F8244085EA346595
:10DB3000C1F3074453F8244085EA34453C0EC7F34B
:10DB4000074753F824A0059ED4B2120E53F8244080
:10DB500053F82220664086EA3A24C1F3072AC9B264
:10DB600053F82AA053F8211084EA3A64CCF3074A08
:10DB7000CCF3072C89EA010181EA322153F82C20E9
:10DB800053F82AA081EA326153F8272084EA3A4404
:10DB900081EA3241012269E664C20200E2CE02005B
:10DBA0002DE9F04F904644680E684D6800F1080278
:10DBB00002EB840352F824208C68C96856405A68E6
:10DBC00055409A685440DA688FB051400268069612
:10DBD00030334FEA620E0193CE4B079508940991BA
:10DBE0000EF1FF3E0022019850E9087B50E906A0A3
:10DBF0000290019850F8100C0390019850F80C0C0A
:10DC00000490019850F8080C05900198BEF1000F9F
:10DC100000F12000019050F8249C00F3C5801AB157
:10DC2000CDE90665CDE908410798069E020EDDE9BB
:10DC3000084553F82210F2B253F8222082EA31222A
:10DC4000C5F3072153F8211082EA3162C4F307417A
:10DC500053F8211082EA31425740220E0A9753F8B6
:10DC60002210C2B253F8222082EA3122C6F30721E1
:10DC700053F8211082EA3162C5F3074153F82110AD
:10DC800082EA3142290EEDB253F821C053F82550F3
:10DC9000E1B2C4F3072453F8211053F8244081EA79
:10DCA0003C21C0F3072CC0F3074053F82CC053F8B5
:10DCB000200081EA3C61C6F3074C360E53F82CC0B5
:10DCC00053F82660029B85EA362585EA346482EAA9
:10DCD0000B0284EA30405840140E8F4B039E1D5DAA
:10DCE0000B92FCB281EA3C411C5D0D90744084EAC9
:10DCF0000564C0F3072581EA0A015D5D0C9184EAA1
:10DD00000524C1F307455D5D84EA054E0D0ECDF88F
:10DD100018E05E5DD5B25D5D049CC8F800E065402A
:10DD200085EA0665C7F30726059C9E5D85EA0625FC
:10DD3000C0F307469E5D85EA0645060EC0B213F89D
:10DD400006C0185CC8F80450CEB2C1F307219E5D2E
:10DD5000595C0795664086EA0C66C2F3072CC2F34D
:10DD6000074213F80CC086EA0C26C7F3074C3F0E97
:10DD700080EA0900DF5D13F80CC09B5C80EA076055
:10DD800080EA012181EA034386EA0C4606A8C8F826
:10DD90000860C8F80C3020210896099300F02CFC8C
:10DDA00000200FB0BDE8F08F2A0E029853F822C071
:10DDB000F2B20EF1FF3E53F822207A4082EA3C2C68
:10DDC000C1F30722EFB253F8222053F827708CEAF0
:10DDD000326CC4F307428BEA070753F822208CEA1F
:10DDE000324C220E53F8222087EA3227C6F307224C
:10DDF00053F8222087EA3267C1F3074253F8222002
:10DE000087EA32470A0EC9B253F822B053F82110FC
:10DE1000E2B2C4F3072453F8222053F824408AEADC
:10DE20000202C5F3072A82EA3B2253F82AA082EABB
:10DE30003A6AC6F30742360E484053F8266053F854
:10DE40002220C5F3074580EA362181EA346153F880
:10DE5000254003985FFA8CF581EA34413C0E53F873
:10DE6000256053F82440704080EA3426C1F307242B
:10DE70008AEA324253F82440049886EA3466C2F3B0
:10DE80000744FDB253F8244053F8255086EA34463F
:10DE9000140E684053F8244080EA3425CCF307245C
:10DEA000059853F8244085EA3465C1F3074453F8D4
:10DEB000244085EA34450C0EC9B253F824A0D4B2EC
:10DEC000C2F3072253F82440604080EA3A24C7F3A3
:10DED000072AC7F3074753F82AA084EA3A64CCF329
:10DEE000074A4FEA1C6C53F82AA053F82CC053F889
:10DEF000211053F8222089EA010181EA3C2181EABC
:10DF0000326153F8272084EA3A4481EA32410122FF
:10DF100069E600BF64BE0200E2CD0200F0B50C4B22
:10DF20000C4E0446586800B9F0BDC579C5F38405A8
:10DF300056F825502D78A54208D1457905F00F07F0
:10DF4000B1EB871F02D1B2EB151FEDD00833E9E723
:10DF500064C60200BC06002038B5044638B390F809
:10DF60004430012B11D1C56B4DB12B7A012B02D15D
:10DF700068680AF0BAF80C21284609F03DFE2046F0
:10DF80004821BDE8384000F037BB006C10B12421B7
:10DF900009F032FEE06B0028F1D02368044ADB79F7
:10DFA000C3F3840352F823309B699847E7E738BDF1
:10DFB000BC06002038B505460C46A9B14822002110
:10DFC0000BF00BFCE379094AC3F3840352F82330C6
:10DFD0005B6913B92C60002038BD9847E8630028BE
:10DFE000F8D1A0F5C340F7E70148F5E7BC060020EB
:10DFF000009FFFFF2DE9F0431E46DBB2012B87B0E7
:10E0000004468846154672D8D0F80090B9F1000F42
:10E010006DD090F84430012B39D1C76B1822002104
:10E0200068460BF0DAFB6B0761D13B7A002B5ED1BF
:10E0300099F80620102A08D80D2A08D8023A052A8D
:10E0400005D92C4807B0BDE8F083263AF7E74FF42E
:10E050001053ADF800304FF4407302933B464146F5
:10E0600053F8042B0392EA1DD20868460AF00EF911
:10E0700010F1860FE5D028B18D301F4818BF6FF022
:10E080006F00DFE701233B7265602672DAE799F8DB
:10E09000073003F00303012B06D899F8053003F08D
:10E0A0000F03B2EB831F22D165602672012EE06B55
:10E0B00099F80730114909D099F8052002F0F004C9
:10E0C000302C03D002F0E002402A0AD1C3F38403CB
:10E0D00051F82330DB682A46414607B0BDE8F043DB
:10E0E0001847C3F3840351F823301B69F3E704484E
:10E0F000A8E700BF809FFFFF809EFFFFBC060020B7
:10E10000009FFFFF2DE9F04F154685B00268DDF84E
:10E1100038A00446884699461AB9634805B0BDE858
:10E12000F08F90F84420012A01D16048F6E70022E0
:10E13000CAF800200268002A00F0B280167916F0B2
:10E140001F0600F0AD80527902F0F002102A15D1BE
:10E15000B54240F0A780CAF8005002685449D2790D
:10E16000C2F3840251F8222090F908105568C06B60
:10E170004246AC4605B0BDE8F04F6047994208D131
:10E18000436A002BC9D1B5FBF6F306FB1353002BF2
:10E19000C3D1202AC9D194F90830626A03928BB99D
:10E1A000039BE268F31A8AB1AB4249D30398143057
:10E1B0002A46414620440BF0E8FA636A2B44636226
:10E1C0000020ABE7012B03D1039BF31AAB42EDD840
:10E1D000039B002B37D1002DF2D0B5FBF6F706FBE1
:10E1E000175737B994F908301BB9E368002B18BFEB
:10E1F0003746ED1B3A4608EB050104F114000BF01D
:10E20000C4FA636A3B446362002DD9D02368284A6C
:10E21000DB79C3F3840352F82330CDE900892A4621
:10E220009E6894F90810E06B04F12803B0470028B9
:10E230007FF474AFDAF800302B44CAF80030BFE73F
:10E24000039B002BC9D0039BA6EB030B03F1140027
:10E250005A46414620440BF098FA2346144953F895
:10E26000142BD279C2F3840251F82220CDE900396F
:10E27000936894F90810E06B1F46324604F12803B6
:10E28000B84700287FF44AAFDAF80030039F3344E0
:10E290002F44CAF80030B1446062D844BD1B9AE7ED
:10E2A00004483BE7044839E7009FFFFF809FFFFFDA
:10E2B000BC060020809CFFFF809DFFFF70B50C23F3
:10E2C0000024CD5822462EBA42EA460212BAC25063
:10E2D000043B1A1DC5F3C014F3D1084B1A680B7820
:10E2E00082EAD31253085B4252421343DB17C27BCC
:10E2F00003F087035340C373002070BD54E800202F
:10E3000038B50546D0B10468C4B1B9B10123FFF7EF
:10E3100071FE044698B92B6883B19B79042B0BD806
:10E32000012B0BD92421012000F072F948B1286497
:10E33000102100F061F902E0242BF3D0024C2046BA
:10E3400038BD024CFBE700BF009FFFFF809EFFFF30
:10E350002DE9F04F0F4685B016468046002879D04B
:10E360000368002B76D0002974D0046C002C71D087
:10E370001D79206A05F01F05F8B12A1AB2421CD295
:10E38000103020440BF001FA04F110020023191D93
:10E39000A9422CD923441A1B954231D803AB0093D0
:10E3A0002A46234621464046FFF7ACFEE0B9236AE1
:10E3B0002062EA1A334417445E1B05F1FF394FF01F
:10E3C000010A0DF10C0BB144B9FBF5F9CA4538D37C
:10E3D0004EB1206A10303246394620440BF0D5F950
:10E3E000236A33442362002005B0BDE8F08F52F861
:10E3F000100C1368434042F8103C04320B46C6E749
:10E400001A7C19784A4003F8012BC4E7FA58E058FF
:10E410004240E2500B46191D8D4204EB0302F5D237
:10E42000AB4210D3CDF800B023462A4621464046E1
:10E43000FFF768FE0028D7D1761B2F440AF1010AA6
:10E44000C4E70023E7E7F85C1178414002F8011BBC
:10E450000133E5E70048C7E7009FFFFF2DE9F04FD4
:10E460008B4691B08046002800F0C2800368002BE4
:10E4700000F0BE80056C002D00F0BA80002900F08D
:10E48000B7800DF11009102148460DF1200A1C79C2
:10E4900000F0B2F81021504600F0AEF810210CA8A0
:10E4A00000F0AAF8D8F8006004F01F0416B136791D
:10E4B00006F01F0603AF0CAB0097324619464046E4
:10E4C000FFF720FE50B9102E08D10CA94846FFF7DF
:10E4D000F5FE18B949465046FFF7F0FE10210CA88A
:10E4E00000F08AF8D5F820C0A44505F110060FD336
:10E4F00049460CA800231A1DA2425FD9A3421BD291
:10E50000F25C19F803104A400CA9CA540133F5E72C
:10E510000CA9084600239C453BD9F25C00F8012B6E
:10E5200001339C42F7D8D44600231A1DA24235D9A4
:10E530000CAA1A44A34239D30CA90023281F1A1D80
:10E54000A24245D9EA18A3424AD300972B46224655
:10E5500029464046FFF7D6FD074620B92246294600
:10E5600058460BF012F91021484600F045F81021EA
:10E57000504600F041F80023102130462B6200F095
:10E580003BF81021284600F037F8384611B0BDE8B6
:10E59000F08F0CBF01220022D201BFE708685CF8AF
:10E5A000043B434041F8043B1346BEE711781AF898
:10E5B0000300414002F8011B0133BBE7AB1851F8DF
:10E5C00004CBDB6883EA0C0340F8043B134692E774
:10E5D000835851F804CB83EA0C0383501346AEE70B
:10E5E0000CA81178C05C414002F8011B0133AAE776
:10E5F000004FCAE7009FFFFF10B50A46044619B155
:10E60000024B00211B68984710BD00BFC0060020C8
:10E61000014B1B68184700BFC8060020014B1B6850
:10E62000184700BFC406002010B500F0FE44B4F146
:10E63000A06F029A14D0B4F1806F0CBF0B4C0C4C3D
:10E64000A0420DD10124B1F5105F1C7008D10AB1B0
:10E6500002231370054B984205D0054B984202D017
:10E660006FF0850010BD0020FCE700BF00444004AF
:10E670000002C0037FB5036816460E4A23F47E13DA
:10E6800093420D4613D169460430FFF7E7FE044676
:10E6900020B93246694628460BF077F868461021C3
:10E6A000FFF7AAFF204609F01CFC04B070BD6FF014
:10E6B0008800FAE70002C00310B5036804464BB1B6
:10E6C000094A23F47E13934206D10430FFF744FC39
:10E6D00000232360002010BD4C2200210BF07DF8A8
:10E6E0006FF08800F7E700BF0002C0032DE9F84390
:10E6F000D0F8009005460E461746B9F1000F30D10C
:10E7000023F47E140360184B9C420FD100F10408DF
:10E71000404609F06DFA318872884B46204609F070
:10E720008AFA014658B96FF0850416E04C22494632
:10E730000BF053F86FF085042046BDE8F88340469F
:10E74000FFF738FC20B9728839464046FFF7D8FDFC
:10E7500009F0C7FB04460028EED02846FFF7ACFFBF
:10E76000EAE76FF08804E7E70002C00310B503682A
:10E770005BB1074C23F47E13A34206D10430FFF7AC
:10E78000E7FDBDE8104009F0ACBB6FF0880010BD9C
:10E790000002C0030E4B0340B3F1607F06D1B1F518
:10E7A000885F14BF6FF0860000207047B3F1707F60
:10E7B0000BD101F4E043B3F5005F06D111F4E06F33
:10E7C0000CBF6FF08600002070476FF08600704726
:10E7D0000000C07F8A42F8B506460C4600F0DB8098
:10E7E0006F4922F4FF7323F001038B420ED06D4B6F
:10E7F00022F0FF01994209D06B4822F47F7323F085
:10E800000303834202D0694B994228D1684B24F01C
:10E81000FF0199420FD114F0FF000BD0654B40F07F
:10E820000070984240F0B98082EA0400FF288CBF53
:10E8300000200120F8BD5B4B9942ECD0A3F5885332
:10E840009942E8D024F4FF7323F00103B3F1062FBB
:10E85000E1D056488142DED053498B42DBD004F0F0
:10E86000FE43B3F1A06F14D102F0FE43B3F1A06FE9
:10E8700040F0938082EA040333F47E1340F08D80ED
:10E8800014F40040D6D0C4F30540C2F305429042D0
:10E89000CDE7B3F1407F6AD102F0FE43B3F1407F90
:10E8A0007BD182EA040535F47E1576D131462046C7
:10E8B000FFF770FF002870D13F4B12F47C1703EA7A
:10E8C00002031BD0B3F1607FC2F305473FD13B4940
:10E8D000D3B243F000738B423DD003F17E43043B3F
:10E8E0000F2B01D83649CD5C14F47C1FC4F30543CB
:10E8F00033D1BD4214BF002001209BE7B3F1607FFC
:10E900000DD12E49D3B243F000738B421DD003F1D9
:10E910007E43043B0F2BDAD82A49CF5CD7E7B3F10B
:10E92000707FE1D106F4E043B3F5005F03D1C6F395
:10E93000022301279F4006F4E043B3F5005FD3D1E3
:10E94000C6F3022101258D40CEE71027BFE7B3F1C2
:10E95000707FC9D1EFE71025C6E712F47C1F01D103
:10E96000AB4218D022047FF565AFBB425FE7B3F13D
:10E97000106F12D124F01F6020F4702068B902F0EB
:10E98000FE43B3F1106F7FF455AF0F48104040F0D5
:10E990001060A042AEE701204CE700204AE700BF2C
:10E9A000000200060013000600040006000900062D
:10E9B00000030006FF0000020000C07F0300000209
:10E9C0002AD002002AD002000000FFF637B50D4D14
:10E9D0006B78022B0C4612D12B78072B0FD100231A
:10E9E00001930A4601AB0146281D09F017F920B929
:10E9F000019BA34218BF6FF0930003B030BD6FF0CE
:10EA00008800FAE758E80020F0B50446084604F00C
:10EA1000FE41B1F1106F87B02BD124F01F6121F4BA
:10EA2000702131BB45682D0A00F1200121D10688F3
:10EA300006F44F45B5F5824F1BD10F4D0F4F2540C2
:10EA400045F01065BD4214D1F6B2122E11D14588A1
:10EA5000B5F5807F0DD10E9D04950D9D03950C9D00
:10EA60000092CDE901352346426E09F069FF07B0F7
:10EA7000F0BD6FF08500FAE70000FFF60000020924
:10EA80002DE9F843884617461C4600F0E9F905468B
:10EA900088BBD8F80060B6F8009009F4E043B3F5FD
:10EAA000804FB36808BF27F0010737EA03031AD184
:10EAB0000CB3254B24F0FF029A421FD114F0FF0340
:10EAC00004D0224A43F00073934232D0F1682246C8
:10EAD0004846FFF77FFE074668B931692246484637
:10EAE000FFF778FE70BB6FF084050023C8F8003094
:10EAF000304609F098FE2846BDE8F883144B9A4248
:10EB0000DCD0A3F588539A42D8D024F4FF7323F0C5
:10EB10000103B3F1062FD1D00E498A42CED00E4A5E
:10EB20009342CBD004F0FE43B3F1407F04D12304E1
:10EB3000CCD56FF08605D8E7B3F1A06FF7D0034BC3
:10EB40009C42C2E73D46D6E700030006FF000002F4
:10EB500000130006000900060004000638B500F0A6
:10EB6000FE43B3F1407F04460D4602D06FF08600AD
:10EB700038BDFFF70FFE0028FAD114F47C1F12D025
:10EB8000C4F30543032B137022D9284A2240B2F163
:10EB9000607F3DD1264AE4B244F0007494422BD108
:10EBA000102BE5D9E2E7214B2340B3F1607F15D16B
:10EBB0001F49E3B243F000738B4202D1102313705C
:10EBC000D6E703F17E43043B0F2B04D900231370D7
:10EBD0006FF08500CCE71749CB5CD3E7B3F1707FCA
:10EBE000F4D101F4E043B3F5005FEFD1C1F30221AA
:10EBF00001238B40DBB2C5E704F17E44043C0F2CBB
:10EC0000B4D80D4A125D9342B0D8202BB0D9DFE7BB
:10EC1000B2F1707FAAD105F4E042B2F5005FA5D150
:10EC2000C5F302250122AA40EDE700BF0000C07F26
:10EC3000030000022AD002002AD0020007B50023F8
:10EC400000911A46024909F0DCFC03B05DF804FBB0
:10EC5000E8C6020010B5114C2378580744BF23F0D2
:10EC6000040323702378990705D500F097F82378DB
:10EC700023F00203237063781BB1094A0023636009
:10EC800053600023064863700821FFF7B5FC237822
:10EC9000DA0744BF23F00103237010BD58E80020B9
:10ECA0005CE8002038B5184C62782378022A01D13C
:10ECB000072B09D09B070AD52378DD0713D5627887
:10ECC0002378A2B158071AD50025284638BD00F090
:10ECD0005DF8237843F00203237005460028EBD04B
:10ECE000FFF7B8FFF1E743F001032370E7E7D90727
:10ECF000E8D5064962604A6002226270E2E743F0AA
:10ED000004032370E0E700BF58E800205CE800201F
:10ED100000F140420F2A38B504460D460CD81A4B74
:10ED2000682101FB02331A7E022A02D15A6982420B
:10ED300018D06FF08B001FE0012109F04EFDE0B10B
:10ED4000114A00201346117E022902D15169A142C5
:10ED500005D00130102802F16802F4D1E9E76822F9
:10ED600002FB00331A7E022A0AD1DA69511C07D04D
:10ED70000132DA6100202B6038BD6FF08700FBE7BD
:10ED80006FF09600F8E700BF64E80020024B012214
:10ED900083F880260020704764E800202DE9F041C8
:10EDA0000A4C002526464FF001080327C4F81C80B2
:10EDB00027762046013509F07BF9102D04F168040F
:10EDC000F4D1002386F88036BDE8F08164E80020A5
:10EDD000F8B5214D95F8803606460F46002B34D005
:10EDE00000242B462246197EF9B13CB9022905D1EF
:10EDF000D96919B91979002918BF1C460132102A9E
:10EE000003F16803EFD114B96FF08C000BE0237E9F
:10EE1000022B04D1E3695A1C1CBF0133E361204675
:10EE200009F046F910B100240DE01C46237E7BB9A1
:10EE30000123237636B1094B651BED105D4305F1C7
:10EE40008045356000203C60F8BD6FF08800EAE73F
:10EE50006FF09600E7E700BF64E80020C54EECC401
:10EE600038B5094B00250D6093F880360C4643B148
:10EE7000FFF74EFF10F18C0F02D125606FF0870075
:10EE800038BD6FF08800FBE764E8002004300428F8
:10EE90009ABF034B33F910006FF08300704700BF37
:10EEA000A4C90200014B09F026BE00BF90C70200B2
:10EEB00070B5144688B006460D46204621460C4AD9
:10EEC00009F079FE224621466846FFF7EBFF6A46C5
:10EED00031463046FFF7E6FF224669466846FFF7AF
:10EEE000E1FF6A4629462846FFF7DCFF08B070BDFF
:10EEF00090C7020030B5044689B009F0C1FD0C4A44
:10EF00002146684609F054FD01210546684609F08E
:10EF100033FD6A462146104609F04AFD2DB10038FE
:10EF200018BF0120404209B030BD4FF0FF30FAE772
:10EF30004CC7020030B589B0044609F039FD2146BE
:10EF40000546054A684609F01DFD2A4669462046E1
:10EF500009F045FD09B030BD90C7020070B5044608
:10EF600090B00D461146164609F08AFD234A214607
:10EF700008A809F01DFD01283DD11146204609F0E1
:10EF8000F9FD06F12001284609F07AFD1B4A2946C1
:10EF900008A809F00DFD01282DD11146284609F0D9
:10EFA000E9FD2A4629466846FFF77CFF22462146AE
:10EFB00008A8FFF777FF08A908462246FFF772FF67
:10EFC00008A908462246FFF7B5FF08A908462246C9
:10EFD000FFF7B0FF08A908462246FFF7ABFF08A9D4
:10EFE0000846064B064A09F071FD08A9684609F073
:10EFF00007FD10B070BD4FF0FF30FAE790C7020078
:10F000002CC70200F0B5384E99B004460D4608A84A
:10F0100011461746FFF746FF334608AA21466846C1
:10F0200009F054FD08AA214610A8FFF783FF10AA93
:10F03000694608A8FFF736FF08AA33461146684616
:10F0400009F044FD334608AA6946684609F03EFDCA
:10F050002A46294610A8FFF725FF10AA3346114675
:10F06000104609F033FD10AA214608A8FFF71AFF41
:10F0700008AA33461146104609F028FD10AA114689
:10F080001046FFF70FFF10AA33461146104609F04D
:10F090001DFD6A4669462046FFF704FF08AA21467F
:10F0A0002046FFF747FF08AA21462046FFF742FF08
:10F0B0003A4629463846FFF7F5FE33463A46394682
:10F0C000384609F003FD224608A92846FFF732FF1B
:10F0D0006A4629462846FFF7E5FE10AA2946284633
:10F0E000FFF728FF19B0F0BD90C702002DE9F04FDF
:10F0F000A3B00C462C9E31490546924602A83246E2
:10F10000994609F055FCD6F800B031460BF00102E3
:10F1100002A80DF1480809F062FC0021404609F000
:10F120002BFC4A4641460AA8FFF704FF012251463C
:10F13000284609F054FC01224946204609F04FFCBC
:10F140001F4A01211AA809F02BFD6FEA0B0202F0F9
:10F1500001020AA9204609F042FCFF277B0922AAE6
:10F1600002EB830307F01F0253F8806CD64086EA57
:10F170000B06F24302F001024946404609F02FFC1B
:10F1800006F001020AA9404609F029FC1AAA214604
:10F190002846FFF737FFCDF8008053461AAA2146CC
:10F1A000284609F04AFD013FD8D11AAA214628462F
:10F1B000FFF77EFE23B0BDE8F08F00BF4CC7020012
:10F1C00090C702002DE9F74306460D4617469846BC
:10F1D0004FF00509B9F1010905D14FF0FF34204680
:10F1E00003B0BDE8F0832021304609F087FD0028F8
:10F1F000F3D131462846FFF77DFE04460028E9D1C9
:10F20000034B044A009541463846FFF76FFFE6E797
:10F21000ECC602000CC7020030B599B00D4610AB29
:10F22000694608AAFFF7CEFF202104466846FFF78B
:10F23000E3F96CB9084A08A9284609F0ECFC064A2B
:10F2400010A905F1200009F0E6FC204619B030BDF8
:10F250004FF0FF34F9E700BF90C7020070B5AAB0C5
:10F2600002AD064628461446FFF744FEC8B92246BA
:10F2700012A90AA8FFF772FE0446A8B90AAA22A991
:10F280001AA8009512ABFFF731FF094A1AA93046B8
:10F2900009F0C1FC28462021FFF7AEF920462AB02C
:10F2A00070BD6FF00204F5E76FF00104F2E700BFF4
:10F2B00090C7020070B59AB002AE05463046FFF71F
:10F2C00019FE0446C0B90E4B0E4A009612A90AA8B0
:10F2D000FFF70CFF20213046FFF78EF90A4A0AA9F2
:10F2E000284609F098FC084A12A905F1200009F007
:10F2F00092FC20461AB070BD6FF00204F9E700BF1F
:10F30000ECC602000CC7020090C7020038B5EFF34C
:10F310001185202383F31288BFF36F8F064B9C68FF
:10F3200009F02CFD85F31188BFF36F8F2046BDE8EF
:10F330003840E5F775BE00BFE8EE002038B5094B50
:10F3400053F82040013053F82050A54200D838BD72
:10F35000636823B1204609F014FD0834F5E72368FB
:10F360009847FAE7D4C7020070B52B4B2B4C2C4DB5
:10F37000012286B003201A70FFF7E0FF01F04CFC79
:10F3800009F01BFD0420FFF7D9FF2646AE4204F129
:10F39000300410D300F0E8FF204C224EAC4226D3BC
:10F3A00000F0F6FFE2F7F8FE1F4A137B23F001039B
:10F3B000137306B070BD54F80C3C059354F8103C20
:10F3C000049354F8143C039354F8183C029354F8F3
:10F3D0001C3C019354F8203C009354E90A2354E95F
:10F3E0000C0100F0CFFD54F8303C5E65CDE7D4E968
:10F3F0000A23B3F1FF3F08BFB2F1FF3F05D052EA45
:10F400000301206803D101F083F83034C6E73146A8
:10F41000183001F029FAF8E7E0000120C09E020050
:10F42000C09E020095940200B813002008B503485E
:10F43000034A0021121A09F0BCFC08BDF0090020A3
:10F44000E400012070B5154E154D1649C82386B04D
:10F4500003FB006601220023CDE904230F22CDE93E
:10F4600002320193182303FB0055044601EB4021AF
:10F470000D4B00954FF4C072304600F083FD737B56
:10F480000A4AEE6023F0040373734FF4086304FB2D
:10F49000033313442C746B6006B070BDF01200206F
:10F4A000E8EE0020801F01202B8F020000170120B2
:10F4B000BFB50020FFF742FF294B83F30888294C92
:10F4C000294F636943F4007363610025E02384F8E6
:10F4D0002230E57725766576A57684F82050636A34
:10F4E00043F4E023636284F82350E5F76BFDE5F70E
:10F4F00033FF4FF0FF33A362E362E5F7F9FFE5F76F
:10F500004FFF1A481A4C00F0B5FD09F023FC01200A
:10F51000FFF714FF0220FFF711FF00F06DFF154BFE
:10F5200015499C61154B05930123CDE903534FF415
:10F5300040623B46CDE901550095204600F022FD92
:10F54000627B064622F004022046627309F065FFE2
:10F550002846FFF777FF3A4631462046E5F7D0FECA
:10F56000801F012000ED00E069F301006815002014
:10F57000B8130020E8EE0020802101203AD00200DC
:10F5800038B5064C064DAC4201D3002038BDD4E955
:10F590000112204609F012FC1434F4E72C08002074
:10F5A0002C08002038B5064C064D0020AC4200D394
:10F5B00038BD204609F068FC0028F9DB1C34F5E76B
:10F5C000D80700202C08002073B50C46EFF31181FA
:10F5D000202585F31288BFF36F8FC5685DB1256064
:10F5E0002B68C360836901338361002081F3118834
:10F5F000BFF36F8F11E052EA030603D125606FF06D
:10F600000B00F3E7CDE900230246083000F00AFEC4
:10F6100018B9034B9B685B69236002B070BD00BFE3
:10F62000E8EE00202DE9F34104460E4600F10808FB
:10F63000EFF31187202181F31288BFF36F8F006AE7
:10F64000E168884237D22568AC4217D0B5B1284668
:10F6500009F076FC05F1180009F0A6FFA2686869B8
:10F6600031460AF092F80023EB67284609F0D5FEF0
:10F670004046394600F052FE002029E0A268E069C9
:10F6800031460AF082F8E369A26813446269E361D3
:10F69000934204BF2369E361236A0133236210218B
:10F6A00004F124000AF04BF80028E1D187F3118817
:10F6B000BFF36F8F0CE052EA03010CD00749896851
:10F6C00040464E61CDE900233946224600F0AAFDAE
:10F6D00002B0BDE8F0816FF02200E7E7E8EE00201D
:10F6E000F7B5044604F108070846EFF31186202118
:10F6F00081F31288BFF36F8F216A002939D0A26885
:10F70000A1690AF042F8A369A268256813446269F6
:10F71000A361934204BF2369A361236AAC4203F14E
:10F72000FF33236233D02846002D31D009F008FC86
:10F7300005F1180009F038FFA2686969E0690AF06C
:10F7400024F8E369A26813446269E361934204BF49
:10F750002369E361236A0133236200242846EC67AE
:10F7600009F05BFE3846314600F0D8FD204603B074
:10F77000F0BD52EA030110D0094989684861CDE91A
:10F78000002331462246384600F04CFDEFE70020CA
:10F7900086F31188BFF36F8FE9E76FF02200F7E778
:10F7A000E8EE00202DE9F341044617461E46EFF32C
:10F7B0001188202383F31288BFF36F8FC368334A05
:10F7C0007BB180689168884219D057EA060318D146
:10F7D00088F31188BFF36F8F6FF00F0002B0BDE8A0
:10F7E000F081916891F90E1021610133E360936813
:10F7F000A36088F31188BFF36F8F0020EEE72169C3
:10F80000F2E791F90E1090F90E309942A8BF19460F
:10F810006FF07E029142B8BF11468B422DDD09F098
:10F820009CFB0546CDE9007619482246414600F08A
:10F83000F9FC0028E1D0EFF31186202383F312882E
:10F84000BFF36F8FA068D0B1236821699C420AD0B2
:10F850004BB193F90E309942A8BF19466FF07E0361
:10F860009942B8BF194609F078FB40B108483146C3
:10F8700000F054FD6FF00A00B0E70025D2E7002D3C
:10F88000F4D186F31188BFF36F8FF3E7E8EE002021
:10F89000E1000120F8B583680546002B3FD0234ADC
:10F8A000926893423ED1C368012B03D9013BC360E8
:10F8B0000020F8BDEFF31187202383F31288BFF3F4
:10F8C0006F8F0169806809F048FB2C68A54207D159
:10F8D0000023C5E9023387F31188BFF36F8FE7E791
:10F8E000002CF5D0D4E9003213605A60637B002607
:10F8F00023F002036373C4E90066A66004F11800F4
:10F9000009F052FEAC6094F90E302B612046E66798
:10F9100009F083FD0648394600F000FDC8E76FF0A6
:10F920001500C6E74FF0FF30C3E700BFE8EE002048
:10F93000E100012037B51146EFF31185202282F353
:10F940001288BFF36F8F04689CB12368426823F06C
:10F9500003039442036008BF43600121204609F07D
:10F960008AFB044685F31188BFF36F8F204603B0EE
:10F9700030BD51EA0302F5D000F10802CDE90013D1
:10F980001046294600F04EFC0028EFD1014B9B6841
:10F990005C69EBE7E8EE002070B5EFF311862023F9
:10F9A00083F31288BFF36F8F0468A0421AD0CCB1E2
:10F9B000D4E9003213605A60637B002523F0020310
:10F9C000C4E900556373A56004F1180009F0ECFD6B
:10F9D000E567204609F021FD31460B48BDE870403F
:10F9E00000F09CBCD0E902329A4218BF0133836018
:10F9F0000221103009F0A3FE0028EDD186F3118812
:10FA0000BFF36F8F70BD00BFE100012013B5EFF3AE
:10FA10001181202484F31288BFF36F8F846844B16E
:10FA2000013C846081F31188BFF36F8F002002B026
:10FA300010BD52EA030406D181F31188BFF36F8F22
:10FA40006FF00F00F3E7CDE900230246014800F014
:10FA5000E9FBECE7E10001202DE9F8430546EFF36F
:10FA60001188202383F31288BFF36F8F0026374657
:10FA70006FF00A092C68A54216D0ACB1D4E9003267
:10FA800013605A60637BA76023F002036373C4E9C9
:10FA9000007704F1180009F087FDC4F87C90204637
:10FAA00009F0BBFC0126E5E70023AB60022105F16C
:10FAB000100009F044FE30B92EB988F31188BFF365
:10FAC0006F8FBDE8F88341460248BDE8F84300F077
:10FAD00025BC00BFE10001201FB5094A92E80300E0
:10FAE00002AB83E803004FF48062009305490648A7
:10FAF0004FF0FF3300F06AF9002005B05DF804FB19
:10FB0000B0A00200002E0120801400202DE9FF414A
:10FB10004F4E04462027EFF3118887F31288BFF376
:10FB20006F8FD4F8C850F5B9022104F1E00009F054
:10FB300015FB002868D004F1D805002201212846D1
:10FB400009F0F7FC0028F8D1002302934FF0FF32B0
:10FB50004FF0FF33CDE90023414604F1D0023D4888
:10FB600000F0A0FDD7E7D4F8CC202B68C4F8C8304B
:10FB7000954208BFC4F8CC30D4F8E03043F002031B
:10FB8000C4F8E030EB6823F0040343F00103EB60BA
:10FB90006B6888F31188BFF36F8F28469847EFF39F
:10FBA000118887F31288BFF36F8FEB68D80623F0B4
:10FBB000010236D4EA60EB689A0716D5306823F064
:10FBC0000203EB6088B10368002170B1426895427E
:10FBD00035D1036869BB72683360824200D17360BB
:10FBE000002340F8083BFFF7D7FED4F8E03023F0BD
:10FBF0000203C4F8E03088F31188BFF36F8FDB0590
:10FC000089D400F001FC86E7D4F8E030D9069BD512
:10FC1000C4F8E00088F31188BFF36F8F04B0BDE82B
:10FC2000F08123F01103EB6005F11000FFF7B4FE43
:10FC3000C1E70B607368834208BF7160D0E723B1EE
:10FC40001A68014618461346BFE71A46F9E700BF8F
:10FC500010EF0020E100012070B5C368C3F3400637
:10FC60009B0705460C460DD50122002104F1080032
:10FC700009F064FA00232360054B65605A681AB9DD
:10FC8000C3E90044304670BD14605C60FAE700BF11
:10FC900010EF0020F8B5C3689A0704460F46C3F377
:10FCA00040062CD45B071AD40B680BB983680B6031
:10FCB000E368DD0744BFA3683B603D684CBF022694
:10FCC0000126002D3AD01F4B9B68AB420AD0D5F8D5
:10FCD000E030D807C3F3800214D46FF0120600237B
:10FCE0003B6025E009F056FBD5F8E0300028F0D164
:10FCF000D907C3F3C002F0D552B15B0708D46FF047
:10FD00000F06ECE7002AFAD1C3F3C003002BF6D1AB
:10FD100000232360D5F8CC3063B9C5E932442846C6
:10FD200009F037FAE36843F00403E3603B68A3603B
:10FD30003046F8BD1C60C5F8CC40F0E76FF0150602
:10FD4000CDE700BFE8EE0020F8B5C36803F0050377
:10FD5000002B06460C4614BF012700271CD08568DF
:10FD60000122002104F1100009F0E8F913492046AE
:10FD700009F067FAE36843F01003E360F3685B0798
:10FD800012D5336823606BB9D5F8CC3033B9C5E9E7
:10FD90003244284609F0FDF93846F8BD1C60C5F824
:10FDA000CC40F6E73460F4E7D5F8C8302360D5F8E6
:10FDB000CC30C5F8C840002BEBD1F0E773910200BE
:10FDC0000146014809F059BA80140020F0B589B005
:10FDD00004460020C4E932000E9D04F1D000C4E9BD
:10FDE000340004F1D800C4E936004DB32879002866
:10FDF00040F2011008BF0120C4F8E00000204FF0DD
:10FE0000FF364FF0FF37CDE90330CDE90100CDE9F2
:10FE100006670C4B0094204600F000F955B12968A4
:10FE200011B1204609F0BCFA6B791BB1237B43F07A
:10FE300001032373204609B0BDE8F04000F068BB21
:10FE40000120D9E70DFB010037B501900846EFF31B
:10FE50001184202181F31288BFF36F8FC16811F0E4
:10FE60001E0F16D153EA020508D101A9FFF712FFB0
:10FE700084F31188BFF36F8F03B030BD41F00801E8
:10FE8000C160019981621030034900F0EDFC01204E
:10FE9000EEE70020ECE700BF0792020001460148B0
:10FEA000FFF7D2BF80140020F7B50C46019016462C
:10FEB0001D46EFF31187202383F31288BFF36F8F62
:10FEC000084609F057F955EA060309D101A9204669
:10FED000FFF7E0FE87F31188BFF36F8F03B0F0BD2B
:10FEE000E368074943F00803E360019BA36204F160
:10FEF000100032462B4600F0B7FC0120EAE700BFB5
:10FF00000792020001460148FFF7CEBF801400208F
:10FF10002DE9F0410546EFF31187202383F3128882
:10FF2000BFF36F8F0468A04223D014B3204609F0BA
:10FF300024FA04F1180009F037FB0026B046C4F893
:10FF40007C80204609F069FA2C68A54206F101067A
:10FF500008D03CB1204609F010FA04F1180009F06D
:10FF600023FBECE70648394600F0D8F93046BDE8F7
:10FF7000F08187F31188BFF36F8F0026F6E700BF8B
:10FF8000E10001202DE9F043073285B022F007029D
:10FF90000E461F461099017300F15803FF32C0E965
:10FFA00016330446002322F07F020421836041734C
:10FFB0007F2A0F98A073C4E90633E37306F1800922
:10FFC000A2F1800805D883F31188BFF36F8F08462C
:10FFD00002DFB51829462046E4F786FE07300E9B5F
:10FFE00020F00700E066C4E9199802930D9B019385
:10FFF0002D1A0C9B00932A463B4631462046E5F7D6
:020000022000DC
:10000000FBF800236365044B9B6803B11B6F2367F8
:10001000284605B0BDE8F083E8EE0020F0B587B0D3
:1000200000250595109D04950F9D03950E9D029545
:10003000DDE912760D9D01950C9D00950446FFF7B4
:10004000A1FFB6F1FF3F08BFB7F1FF3F05D056EA69
:10005000070305D1204600F05BFA204607B0F0BD4B
:1000600003493A46334604F1180000F0FDFBF4E77B
:100070009594020040F2011383810023C0E91933F3
:100080000367014B98607047E8EE0020094A9368C7
:100090006FF00A01D967084998674B6843F08053AD
:1000A0004B60002383F31188BFF36F8F9368D86F81
:1000B000704700BFE8EE002000ED00E070B590F959
:1000C0000D20437B002A36DBD90634D11B4C63F06C
:1000D0007F032246437352F81C3F216A934207D1A3
:1000E000C0E900210860206211E09942F8D01B6845
:1000F000002BF5D090F90E5093F90E60B542F4D074
:10010000AE42F2DD5968C0E9003108605860E56927
:10011000954200D005B9E568A3685A7BD20604D1A0
:10012000DA897F2A01D9AA6932B1AB4202D02846C6
:1001300000F0F8FAA56170BDA361FCE7E8EE0020CD
:1001400038B590F90D20437B002A014604DA03F00C
:100150007F03437309F027F90D4D2A46AB6852F827
:100160001C4F944200D004B9EC688B4207D05A7BF4
:10017000D20604D1DA897F2A01D9A2692AB1A34221
:1001800002D0204600F0CEFA2346AB6138BD00BF56
:10019000E8EE002070B590F90D20437B002A01465F
:1001A00004DA03F07F03437309F0FDF84B7B1C4C2A
:1001B00063F07F0322464B7352F81C3F206A934240
:1001C00007D1C1E900200160216211E09842F8D016
:1001D0001B68002BF5D091F90E5093F90E60B542D3
:1001E000F4D0AE42F2DD5868C1E9003001605960D8
:1001F000E569A368954200D005B9E5688B4207D050
:100200005A7BD20604D1DA897F2A01D9AA692AB198
:10021000AB4202D0284600F085FA2B46A36170BDA0
:10022000E8EE0020F8B5124B0C461146114A9868CA
:100230001060DDE90676EFF31182202282F3128846
:10024000BFF36F8F9D68284609F0BFF8B6F1FF3FF6
:1002500008BFB7F1FF3F06D007493A46334605F1DC
:10026000180000F001FB2046BDE8F840FFF70EBF84
:10027000E8EE002018EF002095940200F8B504463F
:10028000EFF31187202383F31288BFF36F8F437B33
:1002900003F01F02002A0CBF0126002649B239D103
:1002A00003F07F03437309F07EF81B4D437B81739A
:1002B00063F07F032A46437352F81C3F934227D1D1
:1002C000286AC4E9002004602C620FE08342F8D061
:1002D0001B68002BF5D093F90EC06145F6D08C4514
:1002E000F4DD5968C4E900310C605C60EC6994424B
:1002F00000D004B9EC68AB689C4202D0204600F004
:1003000011FAAC6187F31188BFF36F8F3046F8BDE7
:10031000286ADEE78173F5E7E8EE002049B9EFF3DC
:10032000058030B9054B9A699B689A4201D0FFF766
:10033000ADBE81F31188BFF36F8F7047E8EE0020E8
:10034000034648B9EFF3058232B9064A91699268CB
:10035000914201D0FFF79ABE83F31188BFF36F8FEC
:10036000704700BFE8EE0020EFF31181202383F3F4
:100370001288BFF36F8F054B9A68D37B013BD37311
:1003800081F31188BFF36F8F704700BFE8EE002044
:1003900070B5EFF31186202383F31288BFF36F8FBC
:1003A000144DAB68DA7B0132DA732A4652F81C4FDF
:1003B000944200D004B9EC685A7BD20604D1DA89A1
:1003C0007F2A01D9A2692AB1A34202D0204600F0B7
:1003D000A9F92346AB6186F31188BFF36F8FEFF362
:1003E0001180202383F31288BFF36F8FBDE8704024
:1003F000FFF7A6BFE8EE0020024B03F11C02C3E9A1
:1004000007227047E8EE002070B5EFF31186202335
:1004100083F31288BFF36F8F1B4CA168206A0B68AF
:10042000814214BF1A46002249680B605960A368D4
:10043000216A2AB9154AC3E900210B6023620CE046
:1004400093F90E0092F90E50A84218D0854216DD9D
:100450005168C3E900210B605360E5690B4B9D4275
:1004600000D005B9E568A3689D4202D0284600F097
:1004700059F9A5613046BDE87040FFF707BE8A42D2
:10048000D8D01268D5E700BFE8EE002004EF0020C6
:1004900050EA01032DE9F04105460E4604D1FFF76D
:1004A000B3FF0020BDE8F081831C71F1FF3324DB32
:1004B00009F09BF84419EFF31188202383F3128885
:1004C000BFF36F8F0F4F104BB8681860FFF738FEFF
:1004D000B8680E492A463346183000F0C5F9BA68A4
:1004E000537B43F0040353734046FFF7CFFD09F0FD
:1004F0007CF8201A20EAE070D4E76FF00104241A97
:10050000D9E700BFE8EE002018EF00209594020024
:1005100038B50446EFF31185202383F31288BFF327
:100520006F8F437B5B070FD5183009F03DF8637B75
:1005300023F0040320466373FFF7C0FD29460548F6
:10054000BDE83840FFF7EABE85F31188BFF36F8F2F
:1005500038BD00BFE1000120014B9868704700BF23
:10056000E8EE00202DE9F8430446077BEFF3118500
:10057000202383F31288BFF36F8F437B190705D5C0
:1005800085F31188BFF36F8FBDE8F883D90943F075
:1005900008025DD14273A36813B1204608F00BFF37
:1005A00004F1180009F000F8A66D04F15808B045F0
:1005B00011D04FF0000976B1304608F0FCFE06F18C
:1005C000180008F0F1FFC6F87C903046FFF776FD82
:1005D000A66DB045EFD1DFF8C880D8F808309C424E
:1005E0003ED1EFF30589B9F1000918BF4FF00109B9
:1005F000D8F81C60284A964200D00EB9D8F80C6092
:10060000B34202D0304600F08DF82046C8F818609A
:10061000E4F752FEB9F1000F02D02048FFF72AFD9F
:10062000D8F808309C4231D1EFF3058373BB227BAD
:10063000D20718D42846FFF729FDFB07A4D50023CD
:1006400083F31188BFF36F8F0423184602DF9BE703
:1006500003F07F0343F00803437308F0A4FE9AE716
:100660004FF00009C4E785F31188BFF36F8F83F360
:100670001188BFF36F8F0423184602DFEFF3118058
:10068000202383F31288BFF36F8FD4E785F311889B
:10069000BFF36F8FD1E700BF04EF00206815002083
:1006A000E8EE0020D3B5DDE90667089CCDE90067D8
:1006B000FFF7B8FD1CB1034B9B685B69236002B078
:1006C000D0BD00BFE8EE0020044BC01A044BC010A0
:1006D0005843044B01221A54704700BF30160020C3
:1006E000ABAAAAAAE1000120C3897F2B12D80A4B2A
:1006F0001B6863B1094B90F90E201B689A4209DB15
:10070000437BDB0606D1064BC31A18BF012303F057
:10071000010070470023FAE720EF00201CEF0020C3
:10072000F012002070B50E4B0E4C1E7C06EB4603FB
:1007300004EBC3040546204608F036FF0A4B0022AE
:1007400028469A55FFF7D0FF48B1084B08491A6868
:10075000013A2046D317BDE8704000F085B870BD5F
:10076000E8EE002030160020E100012020EF0020FC
:10077000C906020038B5EFF31185202383F31288F0
:10078000BFF36F8F104B114A9C681068A04206D1CE
:10079000FFF7C8FF85F31188BFF36F8F38BD0021C5
:1007A0001B7C11600A4AD35C002BF3D02046FFF774
:1007B0009BFF0028EED0637BDB0602D12046FFF7CB
:1007C000E9FC2046E4E700BFE8EE002018EF002037
:1007D000E10001200748084A084908B5121A08F044
:1007E000EAFA0748074A0849BDE80840121A08F023
:1007F000E2BA00BF00000020EC09002080D0020017
:10080000000000200000002080D00200024B186889
:10081000984208BF00207047CC060020034B1B689D
:100820000BB9FBF7FBBC0020704700BF24EF002092
:1008300030B570B10B4B5B6898420AD0036843B186
:10084000D3E90421D0E90445121941EB0501C3E9BC
:100850000421D0E9003213605A600023C0E900335C
:1008600030BD00BFCC060020B3F1FF3F08BFB2F19E
:10087000FF3FF8B504461D4616465AD08160EFF397
:100880001187202383F31288BFF36F8F013275F134
:10089000FF3321DA2C49D1E900206FF001039B1AC4
:1008A0004FF0FF3262EB00009E1B60EB0500012E53
:1008B00070F1000301DA01260020C4E90460FFF7AB
:1008C000A5FF224E84467068BCF1000F0DD1C4E92B
:1008D0000060046074601CE0FFF7A0FF013645F182
:1008E0000005361845EBE070E7E7DCE90425D4E9BC
:1008F0000431934271EB050E1CDAD21ADCF8043095
:1009000065EB0105CCE90425C4E900C31C60CCF803
:100910000440FFF77BFF844207D10D4B1C6824B9CC
:1009200008F029FE2146FBF74BFC87F31188BFF343
:100930006F8FF8BD9B1A61EB05018445C4E9043152
:10094000C5D0DCF800C0BFE748160020CC06002068
:1009500024EF00202DE9F047EFF31185202383F3E6
:100960001288BFF36F8F254F254E3860FFF74EFF7B
:100970004FF000084FF000093B68D6E9001E4FEA2F
:10098000E37C50B1D0E90442A3427CEB020A18DABE
:10099000E41A62EB0C02C0E904425B184EEB0C0255
:1009A0000024C6E900323C6008F0E5FD2146FBF773
:1009B00007FC85F31188BFF36F8FBDE8F047FFF7A1
:1009C000D9BE61184EEBE473C0E90489C6E900138F
:1009D000FFF72EFF85F31188BFF36F8F8368984769
:1009E000EFF31185202383F31288BFF36F8F3B68E9
:1009F0001B1B3B60FFF70AFFBEE700BF24EF002090
:100A00004816002010B5EFF31184202383F31288D9
:100A1000BFF36F8FFFF702FF054A0346D2E90001DB
:100A2000181841EBE37184F31188BFF36F8F10BD89
:100A300048160020F8B50446EFF31187202383F30E
:100A40001288BFF36F8F026822B187F31188BFF35A
:100A50006F8FF8BDD0E90A36581C46F10001022814
:100A600071F1000127D3012B76F10001BCBF0123F6
:100A700016465D1E46F1FF3608F0BBFD013041F120
:100A80000001401946EB0101012871F1000139DB39
:100A900008F0AFFD013041F100016FF00102401993
:100AA00046EB0103121A4FF0FF3161EB03031849C3
:100AB0002046FFF7D9FE236B01332363236A6BB112
:100AC00087F31188BFF36F8F236A20469847EFF3AF
:100AD0001187202383F31288BFF36F8F54F8185FB8
:100AE000A542B2D0002DB0D0284608F0A5FC0023C6
:100AF000EB6787F31188BFF36F8F2846BDE8F84096
:100B000008F08BBC6FF001024FF0FF33CFE700BF5E
:100B1000350A02002DE9F04105461C4690461F4665
:100B2000EFF31186202383F31288BFF36F8FB4F1A4
:100B3000FF3F08BFB2F1FF3F05D186F31188BFF335
:100B40006F8FBDE8F081531C74F1FF3309DB012A7C
:100B500074F10003BCBF0122002412F1FF3844F1FC
:100B6000FF37284608F020FDDDE90623C5E90A2302
:100B700000232B63034942463B462846FFF774FE99
:100B8000DBE700BF350A020038B50346EFF31185F5
:100B9000202282F31288BFF36F8FC1600121816030
:100BA0000068834206D185F31188BFF36F8F00245C
:100BB000204638BDD0E9003213605A600023C0E9F6
:100BC000003308F079FD294604460248FFF7A6FBEA
:100BD000EEE700BFE200012073B506460D4608F0BF
:100BE000D9FB78B90B4B9B681C6F7CB12A1D09D2CD
:100BF00000200021CDE9000146F00401204608F064
:100C0000E6F808B9002401E00460041D204602B0A3
:100C100070BD00BFE8EE0020014801F073BE00BFC8
:100C200048D002000CB430B589B005460C461C22F1
:100C3000002101A808F0D1FD02238DF806300E4BEB
:100C40000293059523462CB1B4F1004F28BF4FF015
:100C50000043013B1D440DAA0C99069501A8009282
:100C600000F00EF914B1059B00221A7009B0BDE81E
:100C7000304002B0704700BFB39B0200242AF0B599
:100C8000044601D8012A40D108F09CFF2D4B1622C2
:100C90001A5001B10C600020F0BD2F463D4615F8FA
:100CA000010B2028F9D0A0F10906042E0346F4D93F
:100CB0002B282CD02D282CD101267B78BD1C302B45
:100CC0002DD1287840F02000782824D132F010006F
:100CD00021D16B782C46102202350020392B82BF9F
:100CE00003F1FF3343F02003263B303B9A421AD9ED
:100CF000A0FB02040CB9C01801D346F002062F462F
:100D00002C4617F8013B3D46E8E70746C6E70026B4
:100D1000D3E70026D3E7002A08BF0822DDE7002A30
:100D200008BF0A22D9E701B10C60F20748BF404270
:100D3000B307B1D508F046FF024B22221A504FF0FC
:100D4000FF30A9E70C0000002DE9F041012607461D
:100D5000B24201DCBDE8F0813B461F4613F8014B6F
:100D6000002CF7D0252CF8D11C78252C07F1020790
:100D7000F2D00023DFF804819C461D461F2D18D8B1
:100D8000A4F1200EBEF1100F09D9A4F1300EBEF16E
:100D9000090F1ED80A2404FB03E3202504E028FAE7
:100DA0000EFE1EF0010F06D017F8014B002CE5D106
:100DB00028E07F2D1CD8A4F1300EBEF1090FE9D92F
:100DC000242C10D1BCF1000F46D0B34246D00023F2
:100DD000EAE724F0040EBEF12A0FF8D06C2C09D1FA
:100DE00045F08005E0E724F0040EBEF12A0FEED0B6
:100DF0006C2C22D06C2C1BD8682C23D06A2C28D0C9
:100E00004C2C26D0BCF1000FA4D0B445A0D144F0A6
:100E10002007A7F1650CBCF1020F0B6801D9612F07
:100E20001ED1073323F0070308330B6001368EE72A
:100E3000742CB9D07A2CB7D0E4E72C0648BF45F41F
:100E40000075CDE7EC0548BF45F4007545F48075A5
:100E5000AAE745F42075A7E79C46B8E76324D6E7E0
:100E6000692C02D007D8632C03D02F0601D5AC051E
:100E7000D7D40433D9E7732CF6E700BF89280100E3
:100E80002DE9F04F93B0436801938378804698072B
:100E9000CDE9061217D50B920B4600251F78A7B196
:100EA000252F16D001330593019B414638469847BC
:100EB000002805F1010580F2358498F8023043F0EE
:100EC000040388F802304FF0FF35284613B0BDE820
:100ED000F08F5F789A1C252F0592E5D000242646D6
:100EE000A246A346BBF11F0F32D8A7F12003102B57
:100EF0000AD8DFE803F02409092A0909091B0909AE
:100F00000922092709091900A7F13003092B2DD956
:100F10002A2F39D154B90B9B1BF0400F53F8042BE7
:100F20000B9329D0164601E04BF0010B059B13F8FB
:100F3000017B0593002FD5D15BE04BF0020B4BF00A
:100F4000040BF3E74BF0080BF0E74BF0100BEDE769
:100F5000BBF17F0F3FD8A7F13003092BD8D81BF086
:100F6000400F03D00A2202FB0636DFE70A2202FB0B
:100F70000A3A4BF0200BD9E7B2F1000AF9DACAF1CC
:100F8000000A4BF0280BD1E72E2F05D11BF0400FA4
:100F90009BD14BF0400BC9E7242F1CD1002C00F053
:100FA0004181079B0B931BF0400F0AD152460698D4
:100FB0000BA9FFF7C9FE0B9B1A1DD3F800A00B92DB
:100FC000B4E7324606980BA9FFF7BEFE0B9B1A1D2D
:100FD0001E680B92AAE76C2F00F0118100F20881C5
:100FE000682F00F014816A2F00F019814C2F00F057
:100FF000168134B1079B06980B9322460BA9FFF785
:10100000A3FE002E47F02009B8BF2BF0400BA9F13A
:101010006503BCBF1FFA8BFB0026022B40F2078141
:10102000B9F1610F40F06482FF4307F0200304939D
:101030000B9B073323F007031BF0400F03F108025B
:1010400008BF4FF0FF3693ED000B0B923146049A28
:101050000CA808F017FD0130C3B2B3424BF4C054E2
:10106000029301DB029B5E1E01230C9F0393A346A8
:101070004FF0700907F10903122B0DD907F1630333
:10108000C62B40F20D8107F2E73340F2CE72934255
:1010900094BF0323042303939DF8342002F00C0330
:1010A00012F0010240F017811BF0020F40F0108196
:1010B0001BF0040400F0F680002B40F00F81202389
:1010C0001BF4405F1FD1029A4832002E6A4408BFC9
:1010D0000126133A029921B112F8011D302900F0BE
:1010E00034811BF0100F029A18BF3246391DC0F22E
:1010F0003181B74280F22E81BA424BF4005B40F35B
:101100002B817E1C961B1BF40052089200F0268156
:1011100027EAE774013403B10134002E00F0268180
:10112000721C1444A245CCBFAAEB040400241BF09B
:10113000090F04D12C44A54240F01D81002443B185
:1011400018464146019B9847002805F10105FFF626
:10115000B4AE1BF4006F13D0019B4146302098477A
:101160000028FFF6AAAE049BC3F178004146019B1C
:1011700000F0F8009847002805F10205FFF69DAE43
:101180001BF0080F05D12C44AC4240F000812546ED
:101190000024089B002B00F01A8127EAE77AA7EBCE
:1011A0000A077642029BBB4284BF0CABFB180AF1D4
:1011B000FF3A88BF5879019B98BF3020564505F10A
:1011C0000109414600F3ED809847002807F1010727
:1011D000FFF673AEBAF1FF3F08D1019B41462E20C6
:1011E00098470028FFF669AE05F102094D46D9E798
:1011F000742F3FF49BAE7A2F3FF498AEF9E61BF0C4
:10120000800F18BF4BF4007B4BF0800B8EE61BF475
:10121000807F18BF4BF4007B4BF4807B86E64BF459
:10122000207B83E62646B3465446B2467EE6FF431D
:1012300007F0200304930B9B073323F007031BF0F5
:10124000400F03F1080208BF0626B9F1650F93EDC0
:10125000000B0B9211D1711C0022C9B24BF4805BC0
:101260001346112928BF11210CA800F0FBFAC3B2C4
:10127000029302230C9F0393FCE6B9F1660F05D19C
:101280004BF4005B334601221121EAE7F1B2012958
:101290004FF0000238BF012113464FF06509E0E727
:1012A0000223F8E6002B3FF40BAFBAF1030F3BDC4F
:1012B0009DF83430A54E13F0080FA54B08BF1E460D
:1012C0003746B94617F8010BB0BBAE1BB1447BE003
:1012D00033BB2B23F4E62BBB2D23F1E62022BAF1FE
:1012E000040F13DD1BF0080FAAF104040FD12C44E6
:1012F000019B0292414620209847002805F10105F4
:10130000FFF6DBADA542029AF2D19AB10024019B0F
:10131000414610469847002805F10105C8DACCE59A
:101320002B22DCE72D22DAE71BF0080FAAF10304D9
:10133000BED1DCE71446BBE7049BC01A4146019BC3
:10134000C0B298470028BCDAB7E502990139C9B2A2
:101350000291BFE6561ED6E60026D4E61BF4006FC7
:10136000039A0CBF032405241444D4E61BF0100F89
:1013700018BF0134D6E609934146019B20209847C7
:101380000028099B05F10105BFF6D5AE95E5019B47
:10139000414630209847002805F10105BFF6F4AE1C
:1013A0008BE598470028FFF688AD1BF0100F0BD097
:1013B000BAF1FF3F08D105F1020941462E20019BF9
:1013C00098470028FFF679AD4D464C4432E29DF82F
:1013D0003500019B414698470028FFF66EAD002E70
:1013E00069DD019B41462E2098470028FFF665AD38
:1013F0004FF0010A029B9A45BBBF0CAB534430200F
:101400005879019B414698470028D346FFF655ADD1
:101410000AF1010A5645EDDA02355D44049BA9EB59
:1014200003004146019BC0B298470028FFF645AD36
:10143000002FB4BF2D202B20019B4146B8BF7F4217
:1014400098470028FFF639AD039B042B41D14FF498
:101450007A79B7FBF9F606F13000019B4146C0B23C
:101460009847002805F10305FFF627AD09FB16771D
:101470004FF06409B7FBF9F606F13000019B4146D5
:10148000C0B29847002805F10105FFF616AD09FB2B
:1014900016774FF00A09B7FBF9F606F13000019B09
:1014A0004146C0B29847002805F10105FFF605AD99
:1014B00009FB167715E01BF0100F01D10135ADE7E0
:1014C000019B41462E209847002805F10205A5DA28
:1014D000F3E4039B032B05F10205C9D0039B012B09
:1014E000D7D107F1300005F101094146C0B266E7E6
:1014F000A7F16303122B00F2FE80DFE813F0130064
:101500005600FC00FC00FC00FC005600FC00FC0047
:10151000FC00FC00FC001601F700FC00FC002B00A6
:10152000FC00B8000B9B1A1D1B680B928DF8303025
:1015300001240CAF1BF0080F2DD03E19B946B14560
:101540002BD1EF1BB944AAEB04043DE774D0020091
:1015500070D002000B9B1A1D0B921F68AB4B002F23
:1015600008BF1F461BF0400F14BF31464FF0FF313C
:10157000384608F05CF90446DCE7019B4146202030
:1015800098470028FFF699AC013EB442F5D3554484
:10159000AD1BB246D1E75646F7E719F8010B019BA0
:1015A000414698470028CADA87E41BF0800F0B9B5E
:1015B00035D01BF4007F2DD0073323F00703D3E988
:1015C000000103F108020B922BF0100900291FFA09
:1015D00089F936DA404261EB410149F480690DF145
:1015E000300B0A235A4608F02EF919F0400FA0EBF1
:1015F0000B0B65D029F001025E4592B240F3B28038
:10160000002F00F0A98019F010033446914626D02F
:1016100002345CE01A1D18680B92C117D4E71A1D3A
:101620001BF4807F19680B9201D10846F5E71BF483
:10163000007F15BF48B208B241F3C01141F3C03179
:10164000C2E750EA0103CAD11BF0400FC7D0002EF9
:10165000C5D12BF0110B1FFA8BF93446B34640F27B
:10166000064319EA03031CBF013400232FE02BF0CB
:10167000100B1FFA8BFB0A231BF080040B9A57D028
:101680001BF400711DBF073222F0070202F10801AE
:10169000101D19BF0B91D2E900010B90106850EAA0
:1016A000010252D12BF016091BF0400F1FFA89F9E5
:1016B0004FD0002E4DD12BF0170B1FFA8BF9B346EC
:1016C00019F0100352D0002F4ED10BF1010419F084
:1016D000080F5ED119F0010F06D0A2456EDDAAEB0E
:1016E000040404EB0B06544622464DE04BF0100B6D
:1016F00010237827C0E7B9F1780F04D1C7F1780338
:1017000043F01003B8E7019B414625209847002885
:10171000FFF6D3AB019B4146384698470028FFF6B9
:10172000CCAB0235059BFFF7B9BB08230027A3E725
:10173000111D0B911BF480711068B0D01BF4007167
:101740001ABFC0B2214680B2A9E72BF0060B1FFAE0
:101750008BF90DF1300B45E729F011091FFA89F9D2
:1017600034467CE79146ABE75C4651E75C4676E75A
:10177000CDE902234146019B202098470028FFF62F
:101780009CAB029A039B01329245F1DC2C1BA518FD
:101790001446F3B1019B4146302098470028FFF6DC
:1017A0008CAB6FB90135A9462E44A6EB09035B4506
:1017B00021DC5D460CAE5DBBD944C4E65E4693E7D2
:1017C000023541463846019B98470028EBDAFFF77F
:1017D00074BB40F2064319EA030FE4D019F0020F7C
:1017E00014BF2B20202019F4806F05F1010541461C
:1017F00018BF2D20E7E7019B41463020984700287D
:1018000009F10109D1DAFFF758BB00BF78D0020017
:10181000013D019B705D414698470028CBDAFFF7F8
:101820004CBB019B414620209847002805F101054B
:10183000FFF643AB631B002BF3DC73E71FB502AB72
:101840000093074A4FF0CC3308F0E2F8DDE90201DB
:10185000C00840EA4170C90805B05DF804FB00BF4C
:10186000CDCCCCCC2DE9F04F55EC104B9DB0CDE953
:101870000C322A460B91C5F31303290DD20FC5F381
:101880000A5507908DED050A0A9275B922461A434A
:101890001BD1302343710A9B056043F0020303719F
:1018A000012738461DB0BDE8F08F40F2FF72954227
:1018B0004DD1059A13430A9B079A14BF43F00803BE
:1018C00043F0040313710027EBE7059AB24D02F0D1
:1018D00001020992059A4FEA830848EA9278970034
:1018E00001229A461646C5F1000B5846089200F0B0
:1018F00017FAB5F1FF3FACBF8146A0F10109ABEB90
:10190000090B09EB05035846069300F00FFA18A9D6
:10191000A0F17D05584600F029FA14AB089A01930E
:10192000A9EB050512AB0292009305982B4618AA65
:10193000514607F0B0FFB9F1010F04460D4600F221
:10194000D880099B002B40F0CB8001276FE0059ADF
:1019500002F001020992059A43F4801A4FEA8A08BC
:101960001343A5F2354548EA92784FEA82074BD1F6
:1019700040F2FE7319420CBF01260026002D3246AC
:10198000B1DB284600F0C6F90346032DC8BF013B72
:101990001846069300F0CAF9069B7C305D1B05448F
:1019A00018A9184600F056FA14AB019312AB009335
:1019B000059802962B4618AA514607F06CFF069B25
:1019C000152B04460D4600F2888016AB734A00932F
:1019D00038464FF0CC33414608F01AF8169B179A58
:1019E0009B0843EA827303EB8303BB42DDE9129A4F
:1019F0000CD13846414600F0A1F9069B83428CBFCA
:101A000000270127002612E00126B7E7099B002BDB
:101A100053D1013F48F1FF31B81B61F1000100F0E3
:101A20008DF9069B099F83428CBF002601260D9BE2
:101A3000002B40F09380DDF82CB04FF00008CDF87B
:101A40002080CDF814804FF00A0ADDE91201FFF77B
:101A5000F5FE149B1093CDE90E0118461599FFF77A
:101A6000EDFE0E9B0F9A119198420B4693418146D1
:101A700080F08E8020462946FFF7E0FE109A0AFB90
:101A800009F3934214BF002606F001060E9B129341
:101A90000F9BCDE91339119B1593089BB8F1000FEB
:101AA00014BF002707F0010701330AFB10485FFA53
:101AB00088F8089304460D46C7E7B81C48F10001B2
:101AC00000F03CF9069B83428CBF00200120B9EB5B
:101AD00000006AF10002CDE9120200273E46A6E7A7
:101AE000129B139A013B42F1FF32CDE912320127DA
:101AF00088E7B9F13E0FF0D84FF0FF33A9F120008D
:101B000003FA09F203FA00F0C9F1200123FA01F106
:101B100002430A4303FA09F327EA030728EA020803
:101B200057EA08070CBF012700276BE700FB02FC00
:101B3000A1FB0012013362448C4275EB020CF5D21A
:101B4000069A13440C9A1344D20F9342B8BF13461B
:101B50000B9A9A42A8BF1A4693466EE70A210022C2
:101B600001230846E8E70AFB03F0A2FB0A23013140
:101B70000344944275EB0300F5D2594510DDBBF1E7
:101B8000000F02D154EA05030AD00123059371E73F
:101B90000A2200230121ECE7CCFBFFFFCDCCCCCC0B
:101BA0007EB34FF00A0A149B15990F931846FFF75E
:101BB00045FE0F9B0E910AFB00F29A42814620D10E
:101BC000DDE91201FFF73AFE10900F9120462946F9
:101BD000FFF734FE0F9B109A1292CDE913390E9B3A
:101BE0001593089BB8F1000F14BF002707F00107F9
:101BF00001330AFB10485FFA88F8089304460D4643
:101C0000D1E7069B089A13449946002F5AD0B8F1A1
:101C1000050F57D114F001034AD1059A32B9DDE915
:101C200014239D4208BF94425FD0059B18194FF0C2
:101C30000A0445F10001002201262546A04271EB6D
:101C4000020755D2F3B1B3451CDA0D9B73B10C9A60
:101C500006EB09031A441346012A0B9AB8BF012365
:101C60009A42A8BF1A46964293460BDD05304FF0C4
:101C70000A024FF0000341F10001DEF741FA09F1D9
:101C80000109013E5E45A8BF5E4637B20FFA89F9E9
:101C9000079B09FA86F607F10508013E98444FF0C4
:101CA0000009B9452BDB079B0A9A1E601A71F8E5FB
:101CB000059B2BB9DDE914239D4208BF944209D04E
:101CC0000123B3E7059B53B9DDE914239D4208BF07
:101CD000944204D1099B002BF2D1002EF0D0B8F130
:101CE000040F94BF00230123A0E74FF00408F1E79D
:101CF00005FB02F7A4FB054201363A449EE70A229F
:101D00000023DEF7FDF9303208F8012D09F1010951
:101D1000C7E700BF014B5843800C704741340100B6
:101D2000014B5843000D7047FB2E0B00024B5843EC
:101D3000C00C0130704700BF4F9312000A4A70B5C3
:101D400003464FF0CC3600204FF0333506FB03F44A
:101D500002FB0144A3FB023121449D4275EB0104C7
:101D600001D30130F2E770BDCDCCCCCC2DE9F04FE2
:101D70001A23354EB0FBF3FA03FB1A0389B004466D
:101D80000D4606EB0A1653B9D6E90023C1E9002334
:101D9000D6E90201C5E9020109B0BDE8F08F2B4A7E
:101DA00002EBC303D3E9008904AB0093D6E9022315
:101DB0004046494607F02CFE06AB0093D6E90023C7
:101DC00083460F464046494607F022FEDDE906629B
:101DD00016EB0B0652EB07084FF0000328BF012358
:101DE000814633B1049B059A013342F10002CDE9EB
:101DF000043220460391FFF799FF07461A2000FBA3
:101E00000AF0FFF793FF3F1A3246434603990097C3
:101E1000484607F018FE4FEA141C0D4A640004F00F
:101E20001E0352F82C40DC4004F00304241841F156
:101E30000001C5E90041DDE9042300973046414631
:101E400007F001FEA6E700BFD8A1020008A102002A
:101E5000ECC702002DE9F04F1A27DFF8ECA000F1E3
:101E60001905B5FBF7F56F433A1A4FEA051B89B020
:101E700004460E460AEB05150AD1D5E90023C1E94F
:101E80000023D5E90201C6E9020109B0BDE8F08FDF
:101E90002B4B03EBC203D3E9008904AB0093D5E9D4
:101EA00002234046494607F0B3FD5AF80B206B6801
:101EB000013ACDE9020106A963F100030091404611
:101EC000494607F0A5FDDDE906528A4602996D18DC
:101ED000039952EB01084FF0000328BF012381460C
:101EE00033B1049B059A013342F10002CDE904327B
:101EF0003846FFF71BFF07462046FFF717FF3F1A3C
:101F00002A46434600974846514607F09CFD4FEA53
:101F1000141C0C4A640004F01E0352F82C40DC40F0
:101F200004F003040134241841F10001C6E9004122
:101F3000DDE9042300972846414607F084FDA2E727
:101F400008A1020040C80200A8A2020010EE102A58
:101F500022F00043B3F1FF4F02D930EE000A704780
:101F60004FEAD27106D1DFED4E7A002918BFB0EEEC
:101F7000670A70474B48824202DD002000F0C4B877
:101F8000002A05DA484A934202D9002000F0ACB892
:101F9000464A9342F7EE005A52D9454A93424FEAD5
:101FA000810234D8434B1344D3ED006A424B1344AF
:101FB00070EE666AC1F10102D3ED007A521A36EE74
:101FC000E70A20EE007A9FED3D5A9FED3D6A17EE3D
:101FD000056A9FED3C5A06EE075A9FED3B6A15EEE7
:101FE000076A9FED3A5A06EE075AB0EE406A05EED0
:101FF000476AB0EE007A20EE065A92BB36EE476A88
:10200000C5EE067A37EEC00A35EEC00A7047304B8F
:102010009FED307A1344D3ED007A40EE077A9FEDBE
:102020002E7AFDEEE77AF0EE406A17EE902AF8EE8F
:10203000E77A47EEC76A9FED297A67EE877ABEE7AF
:10204000B3F1505F0BD29FED267A30EE077AB4EEF3
:10205000E57AF1EE10FA02DD30EE250A7047002233
:10206000AFE737EE467A12F17D0F85EE076AB8BF0B
:10207000643277EEC67A77EEE67A75EEE77A17EE97
:10208000903AABBF03EBC25303EBC25300EE103ADE
:10209000DFED147ABCBF00EE103A20EE270A70473D
:1020A000000000001772B142B5F1CF421872B13E84
:1020B0009115853F9CC8020094C802004CBB313387
:1020C0000EEADD3555B38A38610B363BABAA2A3EA2
:1020D000A4C802003BAAB83F8071313FD1F717373F
:1020E000CAF249710000800D9FED050ADFED057A07
:1020F000002808BFF0EE407A27EE800A704700BF44
:1021000000008000000080809FED050ADFED057A69
:10211000002808BFF0EE407A27EE800A704700BF23
:10212000FFFF7F7FFFFF7FFF70470068704710B59C
:102130000446E1F7D7F908B1142010BDE0F7C0FF5D
:102140000028F9D1E1F72CFB30B9002C0CBF4FF47B
:10215000FA604FF47A70F0E7FA20EEE7012303FA11
:1021600001F103691B68194218BF82F0010212B124
:102170008368DB68184783681B69FBE7014640F208
:10218000E73008B54FF47A72002300EBC1304914F0
:10219000DDF7B6FFBDE8084007F0B2B908B507F0B3
:1021A00028FA4FF47A72A0FB020302FB0133C00B42
:1021B00040EA434008BD0023C0E9153180F85030A3
:1021C00080F86130012380F88430704790F86130E6
:1021D0003BB9836D006AC91A814234BF00200120D7
:1021E00070470020704703880B8043884B808388AA
:1021F0008B80704707B501228DF807000DF10700AD
:10220000E0F73EFD03B05DF804FB4FF09860E0F7A7
:1022100055BD07B500230DF107011B208DF80730D0
:10222000FFF7E8FF18B99DF80700C0F3C00003B03E
:102230005DF804FBB0F9003010B54FF474744FF43E
:102240007A7213FB04F393FBF2F30B80438813FBC6
:1022500004F393FBF2F34B80838813FB04F393FBAB
:10226000F2F38B8010BD4AF63832002107F0B5BA80
:1022700000F54053002210B5C3F8002600F558536E
:1022800000F52B400433343041F64C511C78012CBE
:1022900008BF1A700B448342F8D110BD2DE9F043FA
:1022A00000F540560D46D6F800464FF49061B4FB59
:1022B000F1F201FB12420C2101FB020203466968A4
:1022C000286803C2A8681060611C03F55852C6F85C
:1022D00000160432002441F64C501578012D33D1FC
:1022E000976807F1D005A9422ED341F64C5505FB5E
:1022F000043505F55855A7F5D077103500264FF071
:102300000C084FF49069BA19B2FBF9F109FB1122DC
:1023100008FB023203CA08FB06FE05EB0E0C45F86B
:102320000E000136CCF804101068CCF80800B6F5A1
:102330001C7FE8D141F64C5202FB043343F20462A5
:1023400002219954204605E00134042C0244C4D1F2
:102350004FF0FF30BDE8F08310B54B68B3F5D07F88
:1023600022D300F5405203F53873D2F800269A4282
:102370001AD800F52044D4F8342B531C03F003037F
:10238000C4F8343B41F64C5303FB020343F20460B0
:1023900001241C5443F208600C681C50486843F246
:1023A0000C615850104610BD4FF0FF30FBE710B5E0
:1023B00000F558530433002041F64C521C78022C8F
:1023C00002D15C688C4205D0013004281344F5D159
:1023D0004FF0FF3010BD08B54FF47A714FF4D07252
:1023E0000023A0FB0101DDF78BFE08BD38B50021FD
:1023F00004464FF4D07540F2E7304FF47A72002370
:10240000E4FB0501DDF77CFE38BD10B5D1E90034F1
:10241000032B29D841F64C5202FB030043F204631C
:10242000C35C022B20D143F20863C25894420CBF14
:102430004FF41C7200220B690E2B17D9CB68A3F83E
:1024400005204FF4D072A3F80720A3F809204FF419
:1024500074720121A3F80B2046221970C3F80140C1
:10246000A3F80D200F2010BD0022E4E70020FAE7BA
:10247000F8B50B68032B0C4639D841F64C5C0CFBC5
:10248000030343F204629F5C022F30D14A6843F297
:1024900008615E5896422AD12189B1F51C7F26D267
:1024A0002569122D23D9C1F51C730C22073DB5FBFC
:1024B000F2F59D4228BF1D46E368C3F80160A3F80A
:1024C00005101F702768E36843F210610CFB0711C9
:1024D000278902FB05F602FB071101443246D81D8D
:1024E00007F053F923891D442581F01DF8BD002014
:1024F000FCE783684B6043688B607047012303FAF5
:1025000001F103691B68194218BF82F0010212B180
:102510008368DB68184783681B69FBE7F0B40346F0
:102520000A461979DB8800681343DC02876806696C
:1025300006D513F4402F03D0DA0748BF83F44023B5
:10254000346801258D4023F48012DB074CBF2C43F7
:10255000AC4334603B68F0BC18474FF08043D3F87D
:10256000380400F001007047704700EBC10040885C
:1025700040087047F8B50346FFF7F7FFB0FA80F060
:10258000C0F11F0003EB800CCA00DCF81060171DBF
:102590000C4606328DB256B9012101FA00F0D96815
:1025A0000143D960CCF81040DD539D52F8BDF100D5
:1025B0000431585AD85303EBC0009E52C5805D5277
:1025C000F4E710B500EBC104E388994202F104017D
:1025D0000AD1012303FA02F2C36823EA0203C360AB
:1025E000002340F8213010BDA28840F8213000EBD4
:1025F000C20100EBC300CB808280F4E708B503463C
:10260000FFF7B3FFB0FA80F2C2F11F021846BDE82F
:102610000840FFF7D6BF2DE9F843B1FA81F5C5F1BF
:102620001F0900EB89080346D8F810200E46C2B1F6
:102630000327D8F8104018462146FFF796FFB0420E
:1026400006D34A461846FFF7BCFF2046BDE8F8838C
:1026500003EBC404013FE088C8F8100001D08242B7
:10266000E7D1C5F120024FF0FF349440DA681440FE
:10267000EBD094FAA4F2B2FA82F2111D53F8214081
:102680002146DFE738B50346FFF76FFF0D460446E6
:1026900011461846FFF769FF03EBC50504446000C7
:1026A00068801846FFF761FF014423F8314038BDC8
:1026B00038B50346FFF759FF0C46A51A511A03EB2C
:1026C000C40405444800608003EBC2006C004480F1
:1026D00023F8321018461146FFF747FF014423F84C
:1026E000315038BD38B50546FFF73FFF0C46014471
:1026F00005EBC1035B88DA070AD42846FFF77EFFA3
:1027000021462846FFF731FF22182846FFF7BAFF77
:1027100035F83410611A05EBC1035B88DB070CD474
:102720002846FFF76BFF35F834102246611A284619
:10273000FFF7A8FF35F83430E41A21462846BDE8F3
:102740003840FFF717BF61B100680439091A21F05A
:1027500007030344C9085A8822F001025A80FFF790
:10276000C1BF704770B5056809B9002070BDAB687E
:10277000B3EBD10FF9D90B31CC0821462846FFF72E
:102780004AFF06460028F0D001462846FFF7EDFE36
:10279000A04207D932192846FFF78AFF114628467A
:1027A000FFF7E8FE05EBC6021046538843F001032D
:1027B00053800430DAE72DE9F84301F1FF3919EAD3
:1027C000010906680F4614460CD04B420B40042BFF
:1027D0001A464F4628BF0422994664B90025284668
:1027E000BDE8F883042904D8BDE8F8431146FFF793
:1027F000B9BF0422F1E7B368B3EBD40FEED904F10B
:102800000B013944891AC9083046FFF704FF804696
:102810000028E3D009F1040505EBC0057B1E354413
:102820001D44B5FBF7F57D43A5EB09052C442B1F93
:1028300007349B1B24F00704A41BB0EBD30F4FEA13
:10284000D3074FEAE40408D201463A463046FFF780
:102850002FFF41463046FFF78DFE39463046FFF7E1
:1028600084FE3844844207D230462246FFF720FFD8
:1028700021463046FFF77EFE06EBC706738843F01D
:1028800001037380ABE7043A2DE9F041CC1D1144FC
:1028900024F0070421F007010E1BF708B7FA87F2AE
:1028A000C2F12405AD004FF000080735C2F1200247
:1028B000ED0804604146A760C4F80C80920004F162
:1028C000100006F08AFF6B0043F00103638004EB05
:1028D000C5027B1B5900A4F800805180A21924F87E
:1028E0003550A2F80280A35304EBC70329465A8847
:1028F00042F001025A802046BDE8F041FFF73ABE9F
:10290000002070470FB407B504A951F8040B0191DA
:10291000E1F710FC03B05DF804EB04B070470FB4AE
:1029200007B504A951F8040B0191E1F703FC03B0CA
:102930005DF804EB04B0704708B5EFF31183202372
:1029400083F31288BFF36F8F01F04DF8F0B5642365
:102950000546042600200A2769B9F0BD9A42B2FB59
:10296000F3F40CD2012B0AD048B903FB1422D2B2E3
:102970000A24B3FBF4F3013EF0D12E70EDE73034BE
:1029800005F8014BB2FBF3F4013903FB14220130CB
:10299000B3FBF7F3C9B2C0B2D2B2DBB2DCE7A0F14D
:1029A0003003DBB2092B02D80B7000207047A0F176
:1029B0006103052B02D85738C3B2F5E7A0F14103F4
:1029C000052B01D83738F7E76FF015007047092855
:1029D00004D83030C0B20870002070470F2801D8EA
:1029E0005730F7E76FF0150070472DE9F0414E00C2
:1029F0000C46711C994203D900263046BDE8F0818F
:102A00000346551C0719BB4203D1002302F81430BA
:102A1000F3E71878691E0009FFF7D9FF00289846E8
:102A2000EADB98F80000294600F00F00FFF7CFFF1F
:102A3000002803F1010305F10205E4DADCE7F7B54C
:102A4000054601F0010000EB51069E424FEA510796
:102A500003D90026304603B0F0BD58B128780DF1F7
:102A60000701FFF79CFF0028F3DB9DF8073002F811
:102A7000013B013501351744BA42EBD015F8010C82
:102A80000DF10701FFF78BFF0028E2DB9DF80740FF
:102A90002401E4B2147015F8020BFFF780FF002840
:102AA000D7DB9DF807301C4402F8014BE4E70368CC
:102AB00000220BB9184670478B4210D10B6842B9FF
:102AC00042680360914200D1436000230B60012003
:102AD000704713604368994208BF4260F5E71A46A1
:102AE0001B68E6E7038B13F0070305D10368002B8F
:102AF0000CBF002003207047022B05D1408BB0FA99
:102B000080F0400980007047012B05D10368002B3D
:102B10000CBF0020052070470020704710B50C4600
:102B200000B111B96FF0150010BD081D00F0D3F809
:102B30000028F9D1A368032BF6D9F3E72DE9F0417A
:102B40000D4607461946281D90461E4600F0D7F848
:102B5000044638B13346424629463846A446BDE8C5
:102B6000F0416047BDE8F08110B4EFF311822024FA
:102B700084F31288BFF36F8F41615DF8044B01212C
:102B8000E1F70ABB38B50C46054658B151B10B68A0
:102B900043B14B6833B11C22002106F01EFE2C61AC
:102BA000002038BD6FF01500FBE770B505460E46F6
:102BB000FFF7B4FF041E14DBEFF31182202383F32D
:102BC0001288BFF36F8F6B8B2C8B4FF6FF718B428C
:102BD00004F0070407D182F31188BFF36F8F6FF001
:102BE0000A04204670BD022C0CD101336B8382F3A2
:102BF0001188BFF36F8F0023224631462846FFF726
:102C00009DFFEEE7062C14D8DFE804F0041313133D
:102C1000041A0400002333606B683BB9C5E9006601
:102C2000ACB902212846E1F7B7FADAE71E606E6018
:102C3000F6E782F31188BFF36F8F6FF00404D0E7DB
:102C400082F31188BFF36F8F6FF08504C9E782F3B9
:102C50001188BFF36F8FC4E710B5EFF31182202303
:102C600083F31288BFF36F8F048B04F00704022CE8
:102C70000AD0012C0CBF6FF004006FF0850082F3C6
:102C80001188BFF36F8F08E0438B013B9BB24383F6
:102C900023B92146E1F780FA204610BD2046EEE731
:102CA00038B5A8B1A1B1EFF31185202282F31288C3
:102CB000BFF36F8F048BFFF7FAFE30B104F007000B
:102CC00085F31188BFF36F8F38BD6FF07700F7E79A
:102CD0006FF01500F8E7034640B1426802F00302C6
:102CE000022A06D0032A04D0012A05D06FF015006D
:102CF00070471A68002AF9D000209860704710B514
:102D00004268816002F00302022A03464FF0000489
:102D100007D0032A02D05C60002001E018685C60E4
:102D200010BD18685C600028F6D0FDF72DFFF3E7B2
:102D3000704770B406688489806A0D0C16FA81F1B8
:102D400005FB041184682468A44670BC60472DE923
:102D5000F0431C46C36A1D686D4289B0064688462A
:102D6000174605F020051CB9204609B0BDE8F083E0
:102D7000AC42A14628BFA9464B466A46414630466A
:102D8000FFF7D7FF0028F0D16B46484502D1241A3F
:102D90008044E8E713F8012BBA4201D10130F4E78F
:102DA0000120E2E70B6803F580330B60C0891A0C41
:102DB000B0EB134F04BFA3EB02430B60704738B571
:102DC000828903680D0C090C04462D04806A02FBFD
:102DD000013100F0E7FC50B9E26AA3895279294633
:102DE0002046FFF7B4FF002818BF6FF0050038BD7C
:102DF00010B5014604460722FF20E1F77FF9E07194
:102E000010BD0368012B81BFC91801F1FF315B427E
:102E10001940084670472DE9F0410C460546082147
:102E2000C06AFFF7EEFF072207462146FF206688AB
:102E3000B4F80480E1F762F9E379834208D1A88904
:102E40004644C01BB04294BF00200120BDE8F08181
:102E50000020FBE738B505460C46FFF7DCFFA0B1C4
:102E6000A08898B922884FF6FF739A420DD1E86A7C
:102E70000821FFF7C6FF6288AB899B1AB3FBF0F20B
:102E800002FB1030B0FA80F0400938BD0020FCE7AA
:102E9000F7B504460D46C06A0821FFF7B2FF29685E
:102EA000074608232046FFF744FF0646002836D190
:102EB0002B683B442B60A28999B2D21B91422ED140
:102EC0001A0C03BFE28902F1FF3203EB0241A3F5C2
:102ED0008031296008236A462046FFF72AFFE8B9B7
:102EE000E36A5A796B4613F8011B8A420CD1013010
:102EF0000828F8D1636805E02B68BDF802201B0C98
:102F00001B0413442B600AE069462046FFF7A2FF2A
:102F10000028F1D129462046E1F74CFA0646304612
:102F200003B0F0BD2DE9F043074689B090461E4638
:102F30001BB9002009B0BDE8F0833C688389080C08
:102F400014FA81F100FB0314FB6A1D686D423540E1
:102F50000CD0B86A83682146D3F804902B46C84742
:102F60000028E7D1761BE4D02C44A84432464146E1
:102F7000684606F00AFCFD6A2A686979921B0DEB27
:102F8000060006F02AFCB86A2B688268214655685C
:102F90006A46A847CEE710B50A46082341680446AA
:102FA000FFF7C0FF08210246E06AFFF72AFF6368C7
:102FB0001B1A6360104610BD13B54FF6FF73002255
:102FC0000446ADF800308DF806308368ADF8042073
:102FD0006846ADF80230FFF70BFF69462046FFF761
:102FE000DAFF02B010BD2DE9F04F044695B0C06A7B
:102FF0000821FFF706FF63681B0C1B04054603A9A5
:1030000020460393FFF7CEFEDDF80CB0A6895E44A0
:10301000761B06AA0823314620460496FFF789FE50
:10302000021EC0F2A980E36A06AA5979002312F8A9
:10303000010B814240F08F800133082BF7D1A36848
:1030400062682B449A427ED259462046FFF7B7FE6B
:10305000024691E0BDF81A30360C36041E44049640
:1030600008AA04A92046DDF810A0FFF711FF0246C8
:10307000002840F0818008A92046FFF7CCFE18B94F
:10308000019B5345ECD1DAE7636805930AAA05A9C9
:103090002046059EFFF7FCFE024600286CD1BDF8D5
:1030A0002820BDF820309A4227D06268059B9A42BA
:1030B000ECD1B245E4D1BDF82430002BE0D0BDF80E
:1030C00022704FEA1A431B041F4408A8A368ADF8F6
:1030D0002230FFF78DFEE36ABDF824901E68764229
:1030E00006F02006B9F1000F0ED108A92046FFF71F
:1030F00052FF02460028C3D03EE00AA92046FFF74F
:103100008AFE0028D1D0D4E74E45B04628BFC84635
:103110000CAA434639462046FFF70BFE024658BB31
:103120004346A1680CAA2046FFF7FCFE4146024632
:10313000E06AFFF766FEA3680344A360E2B9A9EB67
:1031400008094744CEE72046FFF736FF024600282D
:103150003FF47AAF10E0731B06A920460193FFF7F6
:1031600079FE00287FF476AF04A92046E1F722F922
:10317000024600283FF474AF104615B0BDE8F08F4A
:103180002DE9F04F1D4691B0037C02910446009258
:10319000002B00F0BD80C26A08211046FFF731FE07
:1031A000294601901046FFF72CFEA389019AA3EB54
:1031B0008203AB420746C0F0AE801DB1009B002BDE
:1031C00000F0A9806368059306AA05A92046DDF8EA
:1031D00014A0FFF75DFE064600283DD1BDF818306B
:1031E000029A934206D06268059B9A42ECD1002D68
:1031F00038D131E006A92046FFF70DFE0028F2D0B5
:10320000BDF81A80BDF81C3055B39D422AD1E36A3F
:10321000DDF800B01B684FEA1A4A5B424FEA0A4ADF
:1032200003F02003D0440393AA46039B534528BFD1
:10323000534608AA414620469946FFF77AFD0028E2
:103240004DD14A4608A9584606F0CFFA50B9BAEB14
:10325000090AC844CB44E8D1304611B0BDE8F08F2C
:10326000002BF9D0002F3DD1B84604F1140A4FF0DD
:10327000FF324FF0FF335046FCF794FAE3899E4249
:1032800043D0A168626808EB01039A422FD3029BE6
:10329000ADF82030FF238DF82630009AADF82210CB
:1032A0002B462046ADF82450FFF73CFE2946074642
:1032B000E06AFFF7A6FDA3680344A36057B908A816
:1032C000FFF796FD08A92046FFF765FE002814BF0A
:1032D00007462F465046FCF7DDFA3E46BCE7C1DC08
:1032E0000646B9E7019B1F441FFA87F8BDE7204651
:1032F000E1F792F807460028ECD12046FFF773FE6D
:1033000007460028E6D10136B8E76FF01B07E1E772
:103310006FF00C06A0E76FF015069DE700231A4634
:10332000FFF72EBF2DE9FF471E46037CBDF8309006
:1033300004460F469046002B4ED0C06A0821FFF786
:1033400060FDA389A3EB4003B34248D3D4F804A0A3
:10335000CDF804A000254D455146DDF804A00BD959
:103360006368534520D1BDF80830BB421CD06FF0D4
:10337000010004B0BDE8F08702AA01A92046FFF7CA
:1033800087FD0028F5D1BDF80830BB4206D102A95F
:103390002046FFF740FD08B10135ADB26268019BE0
:1033A0009A42D8D15146DEE7BDF80C30002BDED072
:1033B000A945DCD8BDF80A00090CB3424FEA014127
:1033C00028BF3346014442462046FFF7B2FC00289E
:1033D000CFD1BDF80C00CCE76FF00C00C9E76FF05F
:1033E0001500C6E713B500240094FFF79BFF02B059
:1033F00010BD7047002930B4044618460BDBA568A1
:103400000844A84207D8E0686468214484682468B6
:10341000A44630BC60476FF0150030BC70470029EF
:1034200030B4044618460BDBA5680844A84207D808
:10343000E0686468214484686468A44630BC6047DE
:103440006FF0150030BC70470029034610B41046D9
:103450000CDB9C680844A04208D8D8685B68194413
:1034600083689B683BB15DF8044B18476FF015000B
:103470005DF8044B70476FF05700F9E770B54C6882
:103480000368A34201D2012070BD8A68224493429E
:1034900001D30020F8E7D1E903254E69B54203D3F3
:1034A0006FF00B038B61F4E71B1B42F83530436868
:1034B000086902EBC00253600B6901330B61E2E75C
:1034C00037B50C46C0B201A91546E1F737F9002817
:1034D0000CDB019850B121462A46E1F755F9044624
:1034E0000198FFF786FF204603B030BD6FF015044A
:1034F000F9E72DE9FF41D1F80C80054640461F460B
:103500000C461646DCF728FEBDF82830009380B242
:10351000CDE901803B4632462146284602F0FFFEB7
:1035200004B0BDE8F08170470020704700221146CA
:10353000E1F7C4B9034610B508460AB1002111608D
:1035400053B1D0B1411E11F8010F80B113F8014BF6
:10355000A04201D13D28F6D100200EE001331360D6
:103560000AE03D2808D0B0FA80F0400905E018785C
:103570002F28F6D1002AF1D1012010BD10B509B1D4
:1035800000230B6058B103461A781C4601332AB158
:103590003D2A03D02F2AF7D101B10B60201A10BDAC
:1035A0002DE9F341DDF82080019007460C461546D1
:1035B0001E46B8F1000F07D0D8F8001081B9D8F82E
:1035C00004E0BEF1000F14D101A93846E1F706FA74
:1035D00058B1C768019833462A462146B84704E0E7
:1035E00001AAFFF7A7FF0028E9D1002002B0BDE83B
:1035F000F081D8F80830019808932A4633462146CE
:10360000F44602B0BDE8F041604738B504461546BF
:103610006368934228BF13461A460846216806F09D
:10362000B4F863689D42284628BF184638BD083064
:10363000704710B5134614460A4681880068FFF7A4
:10364000D1FEA042A8BF204610BD2DE9F04F97B093
:10365000044601929A46894600297CD0DAB1BAFA2A
:103660008AF67609258F0135ADB2A84604F1080B1C
:103670006F1EBFB2B7F5004F26D04A2303AA3946C2
:103680005846FFF7AFFE002807DA10F1020F08BF17
:10369000B8463D46ECE70126E4E700F158030DEBA0
:1036A0000300002300F84C3C03A94846DCF742FD28
:1036B0000028EED126B339465846FFF72FFE0028E2
:1036C00005DA17B0BDE8F08FBEB30020F9E705F5C5
:1036D0007F513F3189B25846FFF720FE0028F0DBCA
:1036E000238FBB42F1D12246013B22F8383F4FF4F1
:1036F000004102235846FFF743FD00EAE070E0E78F
:10370000B846B8F5404F29D0238F434504F108054A
:1037100015D308F58041019A534689B22846FFF730
:103720002FFD0028CDDB002ECFD04846DCF714FD5E
:103730004A46034641462846DDE70126E1E72246A0
:10374000022322F8388F4FF400412846FFF718FD76
:103750000028DEDAB5E76FF01500B2E76FF00B0076
:10376000AFE773B5C36B03630446C3B100F108064A
:103770003046E0F77DFE054670B902230DF10602E2
:103780004FF400413046FFF72DFE0028ACBFBDF8D6
:1037900006304FF400432387284602B070BD6FF017
:1037A0001205F9E72DE9F0418768FB6804460D46EC
:1037B00016469847BB682BB1324629462046BDE8DD
:1037C000F04118476FF05700BDE8F081012801D1A2
:1037D000EFF30583FBF79ABD01460068FFF7F6BFDC
:1037E00008B5E1F77DFABDE80840E1F79DBA002190
:1037F0000120FFF7EBBF61B662B680F31188BFF31B
:103800006F8F704772B6002383F31188BFF36F8FF9
:10381000BFF34F8F30BF62B6BFF36F8F704772B682
:10382000002383F31188BFF36F8FBFF34F8F20BF47
:1038300080F31188BFF36F8F62B67047202809D9D3
:10384000B0F1004F08D80138B0FA80F0C0F11F0085
:1038500040007047082070473E20704770470023A3
:1038600003824369C3607047416A8968E1F79EBF7C
:10387000EFF31182202383F31288BFF36F8F0023AD
:103880000B60436833B9C0E9001182F31188BFF3BC
:103890006F8F704719604160F7E710B50346EFF38B
:1038A0001181202282F31288BFF36F8F006828B144
:1038B0005C6802681A60A04208BF5A6081F31188F0
:1038C000BFF36F8F10BD027A013202727047034658
:1038D00018465B68002BFBD17047426810B52AB1CF
:1038E0000B461C465B68002BFBD16260416010BD3B
:1038F00010B5044620B90B7A01330B72084610BD8F
:10390000034618465B68002BFBD1FFF7E6FF204615
:10391000F5E710B508B14B6843604C6800230846D2
:103920004B60E1F7C1FF204610BD92B2816001609B
:10393000C2808280704783680B44036070470368CD
:103940000B6043684B6083688B60704783880268B4
:1039500019448180D018704730B484880568A31852
:103960008380281930BC05F010BF10B58388026829
:103970005C1C8480D154D01810BD8388026830B597
:10398000D4189D1C8580D154090A617030BD03464E
:1039900000689A88401A114418609980704782889C
:1039A000521A034682800068084418607047034634
:1039B00000689A88521A01449A801960704710B5BD
:1039C00003681C880221FFF7EAFF204610BD026849
:1039D0008068101A70478388C2888168D21A036889
:1039E0005B1AD01A704708B500224FF400314FF02F
:1039F0000050F8F703FD4FF080430122C3F8002583
:103A0000BFF34F8F20BFFDE730B585B014460A885D
:103A10008B78ADF8002005460D2200210DF1030042
:103A20008DF8023005F0D9FE6A4669462846F3F75C
:103A30003FFF28B9BDF800209DF802302280A37016
:103A400005B030BD13B50C4601AA0331FFF7DCFF0A
:103A500048B9032201A9204605F0C7FEB0FA80F05C
:103A6000400902B010BD0020FBE770B5CE1C054632
:103A70000C4630460321F3F719FF60B9637903F070
:103A80003F0343F040036371224631462846BDE8B8
:103A90007040FFF7B9BF70BD70B50D4600210446F8
:103AA000FFF76CFD0D2818D1237B302B13D0312B61
:103AB00013D1012305F8063B04F10C062A462046E3
:103AC000012302210234FEF7BAFFB44205F1FF35AB
:103AD000F4D1002070BD0023ECE76FF01500F9E78A
:103AE000E1F728B80020704710B50C46017822781D
:103AF0008A428AB00FD06946E2F7E8F805A9204665
:103B0000E2F7E4F810220DF115010DF1010005F0C6
:103B10006CFE0AB010BD012A06D0022A07D072B985
:103B200040886388C01AF4E740686368FAE71022A7
:103B3000611C01300AB0BDE8104005F056BE6FF0C0
:103B40001500E6E7042A0AD0102A0DD0022A4FF009
:103B5000000315D103700B884380012070470123B7
:103B600003700B684360F8E7022300F8013B01F1A2
:103B7000100351F8042B40F8042B9942F9D1ECE7DB
:103B800018467047012310B50621044600F8013B92
:103B9000F3F78CFE18B9A37963F03F03A37110BD4E
:103BA0000B6803608B8883808B798371037823F0A3
:103BB0000203037070470078C0F34000704738B5C7
:103BC0000446807AE1F7C8FD6169054649B1637A28
:103BD000DB0704D4436A1B6820469B689847002390
:103BE000636121462846BDE8384005F099BA2DE9C1
:103BF000F04101F10C080C46054600F10C0140466D
:103C000017461E46FFF79BFE4046FFF7E0FE0123E6
:103C100010FA87F068826B722F8239464046FFF7B0
:103C2000BEFEE3687360628A0023E3607281638290
:103C300034602846BDE8F08138B5D1E90032DA6059
:103C40000B684A895A820C4605460868E1F72CFE43
:103C500020461022002105F0C0FD2846BDE838406E
:103C6000FFF7ADBF438A23B9C068B0FA80F04009BE
:103C70007047002070477047D0F8A03083B15A7B5E
:103C8000D1070DD5D2060DD51B7B102B14BF0323F6
:103C900004234372807A98428CBF00200120704731
:103CA0000223F6E70323F4E70F2807D80D280BD8E3
:103CB000052808BF032018BF02207047132803D02F
:103CC0001A2808BF0120F6E70120704710B5034607
:103CD000BFF35B8F53E8000F40EA010243E8002482
:103CE000002CF7D1BFF35B8F10BD0B46014618784F
:103CF000E2F768B838B5C3681D78B3F8010065B954
:103D00000F21E4F785F8044638B12946E3F7F6FFBA
:103D10002046BDE83840E3F7C7BF38BD08B5C368E3
:103D20000121B3F80100E4F773F818B1BDE80840C9
:103D3000E3F7BABF08BD08B5C36801211888E4F7E6
:103D400067F818B1BDE80840E3F7AEBF08BD012130
:103D50000C30FFF72CBE38B5C5680121B5F801005D
:103D6000E4F756F8044698B12B783BB9D5F8033000
:103D7000C0F89530D5F80730C0F89930201D4FF4C1
:103D80000031FFF7A3FF2046BDE83840E3F78CBFC2
:103D900038BD30B402EBC303044608469A4201D151
:103DA00030BC7047114611F8085BA54206D1018A64
:103DB00053789942F4D330BC536818470A46EDE76C
:103DC000BFF35B8F50E8003F0B4040E80032002A11
:103DD000F8D1BFF35B8F704710B5E3F76DF96FF063
:103DE00080011030FFF7ECFF0020E2F757F804469F
:103DF00048B13C2303730021E3F780FF2046BDE870
:103E00001040E3F751BF10BDC0F307231070000E40
:103E10005370D0700023C1F30720090E9370137103
:103E200050719371D17170472DE9F843C7683A78A2
:103E3000012303EB8203028A93423FD9BDE8F88352
:103E400007EB85030F21B3F80100B3F80360E3F734
:103E5000DFFF044660B100F1C00836B12046E3F749
:103E600021FEFBF799FD63693BB92046E3F71CFF90
:103E700001353B789D42E3DBE0E7A1691A686261A6
:103E80008B4208BFA261C3F80090226A9AB9C4E9C4
:103E90000733BFF35B8F58E8003F013B48E800322F
:103EA000002AF8D1BFF35B8F00212046013EE3F7E3
:103EB00005FEB6B2D1E713602362EAE70025A94602
:103EC000D7E773B5C5680121B5F80100E3F7A0FF96
:103ED000044600284ED02B781A2B00F1040619D185
:103EE000C378012B2AD14FF480413046FFF7EEFE14
:103EF00042040FD4D4F8883000936946D4F8903047
:103F000001932046E4F71EFC204602B0BDE8704055
:103F1000E3F7CABE2B788BB9B5F80330A4F8863026
:103F2000B5F80530A4F88C30B5F80730A4F88E3019
:103F30006FF480513046FFF743FF17E0BFF35B8F0C
:103F40006368BFF35B8FDB04F2D52B78202BEFD1B6
:103F500094F89430002BEBD0013B84F894304FF46C
:103F60002032002304F14000FBF798FF2046E4F7DD
:103F7000A1F8C9E702B070BD012070478176704793
:103F8000704710B503884288934219D8052B17D97A
:103F9000B2F5486F14D88388B3F5FA7F10D2C08881
:103FA000A0F10A0189B240F67644A14208D8013353
:103FB0009BB25343B3EB800F34BF0120002010BDF0
:103FC0000020FCE738B5C3680F21B3F801001D7865
:103FD000E3F71EFF044620B365B12846E2F7FCF87C
:103FE000294602462046E4F797F92046BDE83840C6
:103FF000E3F75ABE8378012BEFD103F057F8204640
:10400000FFF73AFE0028E8D10520E2F7E5F80521A0
:1040100002462046E4F780F90521204600F049FDDC
:10402000E3E738BD70B5C6680F21B6F801003578F2
:10403000E3F7EEFE044688B34DB12846E2F7CCF82C
:10404000294602462046E4F767F9204603E0F37864
:10405000C27A9A4203D1BDE87040E3F725BE827868
:10406000C372012A05D00020E2F7B6F8002102460B
:10407000E8E70BB103F01AF82046FFF7FDFD002832
:10408000F1D10520E2F7A8F8052102462046E4F721
:1040900043F90521204600F00CFDD6E770BD002055
:1040A000704708B5E7F7B2FD18B1C089003818BFEE
:1040B000012008BDF0B5C5682F8887B00121B8B2CE
:1040C000E3F7A6FE064658B302ACD5F80220D5F8B1
:1040D000063001946989009102F07FFE10B312212D
:1040E00042F21A00E2F71AF80546B0B112210C307C
:1040F000FFF72CFC0346224623F8027B06AF14464A
:1041000003CCBC4218605960224603F10803F6D183
:10411000294642F21A00E2F71BF93046E3F7C4FDE4
:1041200007B0F0BD022142F21B00E1F7F7FF0446A1
:104130000028F2D002210C30FFF708FC214607804E
:1041400042F21B00E7E770B506460D4642F2210039
:104150000321E1F7E3FF044660B103210C30FFF7D0
:10416000F5FB06808570214642F22100BDE87040D3
:10417000E2F7EEB870BD73B5C368D9789A781E8837
:1041800042EA0122ADF8002059791A7942EA012267
:10419000ADF80220D9799A7942EA0122ADF80420DB
:1041A0001A7A5B7AB4B242EA032301212046ADF8C1
:1041B0000630E3F72DFE054628B902212046FFF719
:1041C000C2FF02B070BD6946E3F7BEFF38B91E21D9
:1041D0002046FFF7B8FF2846E3F766FDF1E70E211A
:1041E00042F22000E1F79AFF04460028F3D00E21A6
:1041F0000C30FFF7ABFB00230680C0F80A30BDF897
:1042000000304380BDF802308380BDF80430C380A5
:10421000BDF806300381214642F22000E2F798F80B
:10422000D9E773B506460D4601AA002142F22F00D8
:10423000E2F70AF9044648B90198C368B3F80120C7
:104240003280B3F803302B80E1F72EFB204602B01A
:1042500070BD70B506460D4640F206400321E1F7F9
:104260005DFF044668B103210C30FFF76FFB068049
:10427000857021460022BDE8704040F20640E2F71A
:10428000E3B86FF0680070BDC06803781BB13C2BC9
:1042900003D1FFF7A1BDE2F723BA704738B5022179
:1042A000054642F21600E1F739FF044668B10221E3
:1042B0000C30FFF74BFB2B88038021460022BDE822
:1042C000384042F21600E2F7BFB86FF0680038BD20
:1042D000F8B507460E4642F2220006211546E1F7E0
:1042E0001DFF044678B106210C30FFF72FFB3B88F9
:1042F00003804680858021460022BDE8F84042F2D6
:104300002200E2F7A1B86FF06800F8BD2DE9F04790
:104310008146884642F2320007219DF820A01746C8
:104320001E46E1F7FBFE0546A0B107210C30FFF762
:104330000DFBB9F80030038080F80280C770067169
:10434000A0F805A029460022BDE8F04742F232005D
:10435000E2F77AB86FF06800BDE8F08708B5002092
:104360000021E2F719F818B1BDE80840E1F7EABF0B
:10437000BDE80840E3F7C0BD033138B5C9B2054612
:104380000E20E2F7E5FA032104460C30FFF7DEFACF
:1043900001230370A0F80150204638BD70B50546D2
:1043A0000E460F200421E2F7D3FA042104460C3014
:1043B000FFF7CCFA0122067042704580204670BD9E
:1043C00008B5072205F011FAB0FA80F0400908BDDF
:1043D0000B6803608B8883808B7983717047BFF390
:1043E0005B8F0068BFF35B8F7047F8B50F461446CC
:1043F00030BB272142F22700E1F790FE054610B3BB
:1044000027210C30FFF7A2FA3946FFF7E1FF0646F5
:104410002246C31D04F1100152F8040B43F8040BAB
:104420008A42F9D11022002106F1170005F0D5F9D2
:1044300029460022BDE8F84042F22700E2F704B81E
:104440006FF01500F8BD6FF06800FBE7037A5B07BB
:10445000024605D501462A3211F8010BFFF7C5BF08
:10446000704738B50121054642F22D00E1F756FEAE
:10447000044658B129460C30FFF777FA214600224E
:10448000BDE8384042F22D00E1F7DEBF6FF0680072
:1044900038BD10B400F11003BFF35B8F53E8002F59
:1044A00022F4004143E80014002CF7D1BFF35B8FE6
:1044B000130404D55DF8044B012100F0D3B95DF875
:1044C000044B70472DE9F041D1F8048086B00446D2
:1044D0000D46B8F1000F1DD1037A5B071AD50E689F
:1044E000411C701CFFF76CFF2A3616224146074616
:1044F000684605F072F910226946304605F075F9F4
:1045000030B1102204F12A01304605F06EF900B1F5
:1045100007B16C6006B0BDE8F08100F1100208B58B
:1045200003461046FFF75BFF010611D5BFF35B8F13
:1045300052E8000F40F4004042E800010029F7D1A2
:10454000BFF35B8F18460021BDE8084000F08AB930
:1045500008BD10B50C4630B919B1E7F703FB00B13F
:10456000441C204610BD0024FBE718B111B10846D9
:10457000E2F766BA6FF01500704713B5044680B1D4
:1045800006216846F3F792F948B99DF80530694667
:1045900003F03F0320468DF80530FFF7E6FF02B039
:1045A00010BD6FF01500FAE7003818BF0120704702
:1045B000037AD90704D523F001030372E2F796BA10
:1045C000990704D523F002030372E2F725BB704775
:1045D00000207047034610F4004F0CBF0720062050
:1045E000DA0348BF00F005009B0348BF00F0FB0062
:1045F0007047BFF35B8F0068BFF35B8F704710B5E8
:104600000346BFF35B8F53E8000F00EA010243E863
:104610000024002CF7D1BFF35B8F10BD2DE9F74FBD
:104620000C46202100909246E1F778FD05460028CF
:1046300050D020210C30FFF789F92022002181463B
:1046400005F0CBF809F1010B04EBCA0A0026D4F8F7
:1046500000800023626893420CD30834A245F6D14F
:10466000009889F800600022294603B0BDE8F04FA9
:10467000E1F7EABE98F8012098F800C0B01C1118C4
:104680001F2908D9BCF1090FC0F11F021AD1002A55
:1046900018DD4FF0080CD7B2791C0BF80610711C0E
:1046A000C9B25BFA80F00BF801C0D8F8041001938E
:1046B000023705F06AF8019B3744FEB2013308F176
:1046C0000808C7E72846E1F7EFF86FF0150003B0D8
:1046D000BDE8F08F6FF06800F9E7012310B403FA2A
:1046E00001F104466AB1BFF35B8F54E8003F0B430E
:1046F00044E80032002AF8D1BFF35B8F5DF8044B29
:1047000070475DF8044BC943FFF779BF2DE9F04FBF
:1047100087B005469DF84860DDF840909DF844A0BC
:104720000C4690460021102202A81F4605F055F8BD
:10473000EEB9CDE90248012202A942F20800FFF7D2
:104740006DFF044678B9BAF1000F3ED11035BFF3C2
:104750005B8F55E8003F43F0040345E80032002A30
:10476000F7D1BFF35B8F204607B0BDE8F08FE1F7CC
:10477000E5FD8346E4B937BB5846DBF7EDFC09237A
:10478000012ECDE901B48DF800308DF80100CDF88F
:104790000C80D0D1CDF810D005960222CCE714F8C9
:1047A0003320083A012A25D901339845F7D1E2E7A9
:1047B0000023FAE717F83320083A012A1AD90133FF
:1047C0009945F7D1D8E70023FAE7022E4FF001020E
:1047D00008BF059202A908BF324642F2090008BF8D
:1047E000CDF810D0CDE90279FFF718FF0028ADD041
:1047F0000446B8E76FF01504B5E7436813F0080006
:104800000AD05A0307D403F4C063B3F5806F14BF12
:104810000220012070470120704770B5064686B01F
:104820000D4642F20A000121E1F778FC0446B0B1DE
:104830000C3095B10121FFF798F806F1100203A999
:10484000204600950723E1F757FC0022214642F25B
:104850000A00E1F7F9FD06B070BD2946EBE76FF0FD
:104860006800F8E7FFF7D9BF183004F043BDE2F75E
:104870008BBD0368D90444BF43F4806303600368BD
:104880009A0444BF43F400630360704701F12003BE
:10489000013813F8012D00F8012F8B42F9D1704730
:1048A00000230B60436813B9C0E900117047196019
:1048B00041607047D0F8B000003818BF0120704741
:1048C000084689691160C2691A60C27A00211830ED
:1048D00004F083BFBFF35B8F0068BFF35B8F70474B
:1048E00010B50346BFF35B8F53E8000F40EA0102A7
:1048F00043E80024002CF7D1BFF35B8F10BD73B5E4
:104900000446CDE900320D4622B9D0F8A8606B46C6
:1049100001AAB0472846E0F7C7FF019B23B10099E1
:104920006FF06D022046984702B070BD2438E3F75F
:1049300089B8036800220BB9184670478B4210D122
:104940000B6842B942680360914200D14360002382
:104950000B600120704713604368994208BF4260B2
:10496000F5E71A461B68E6E710B50446006918B17A
:10497000E0F79AFF0023236110BD70B50D460121B9
:1049800016460446E3F79AF800212846FFF7F6FAA0
:10499000012E16D0022E16D1236913B12046FFF73F
:1049A000E3FF2846FEF78FFF20612269138A012B5F
:1049B00028D82088FFF7E4FA01212846FFF7DEFA1D
:1049C00007E0206918B92046FFF7CEFF01E02E8AE4
:1049D00026B92846BDE87040E0F766BF0C30FEF708
:1049E000FAFF864207D921690022204600F087FAA3
:1049F00000232361EDE720692A8AE9680C30FEF77D
:104A0000ABFFD2E7D26816880436B6B2B342D0D331
:104A10002846E0F749FF21690B8AB34204D92046B2
:104A2000BDE87040FFF7A0BF0023236120460122AC
:104A3000BDE8704000F063BA10B5034600F1C8024B
:104A40001046FFF747FF80B1BFF35B8F411C52E870
:104A5000004F844204D142E8001CBCF1000FF6D1A3
:104A6000BFF35B8FECD1184610BD0346FBE72DE981
:104A7000F84307460E46904600244FF0D009B44252
:104A800003D100231846BDE8F88309FB0470FFF743
:104A9000D3FF034658B1457B012D02D0073D012DC0
:104AA00003D81A884245EDD01846E3F7FDF80134E3
:104AB000E5E710B5437B023B0446062B16D8DFE83A
:104AC00003F009041515150B090001730021204698
:104AD000E3F714F9002010BD0088FFF7BAFB0028A7
:104AE000F9D1637B072BF5D10821F0E76FF07F0048
:104AF000F1E710B50446D0F8A00028B9207A04F1F7
:104B00007001E7F783F838B1E278C3892AB913F066
:104B1000210F14BF0120002010BD13F0240FF8E76F
:104B200038B5037A8B420446154615D100F1700161
:104B30000722284604F059FE80B1E378072243B9E2
:104B400004F17E01284604F050FEB0FA80F04009DE
:104B500038BD04F17701F5E70020F9E70120F7E718
:104B600008B5E3F79DFB10B1E3F79EF8012008BDFF
:104B700020B18378194214BF01200020704738B556
:104B80000A4603210446FFF7F3FF48B3637B072B74
:104B900029D1130602F07F050BD54FF40041201DEB
:104BA000FFF79EFEA5722046E6F716FCA8B9002086
:104BB00038BD637AAB42FAD2A37AAB42F7D2BFF3E5
:104BC0005B8F231D53E8001F21F4004143E80012CE
:104BD000002AF7D1BFF35B8FE4E7637AA372E7E7BC
:104BE0006FF01500E4E76FF07F00E1E708B50321FF
:104BF0000246FFF7BDFF00B1507A08BD08B501219C
:104C00000246FFF7B5FF08B102F1700008BDF8B524
:104C100007460D4642F213000E21E1F77FFA0646E1
:104C2000D0B10E210C30FEF791FE0E220446002179
:104C300004F0D3FD3B8823802B8863806B88A3809E
:104C4000AB88E380EB88238131460022BDE8F84041
:104C500042F21300E1F7F8BB6FF06800F8BD70474F
:104C6000704710B400F14C030122BFF35B8F53E88F
:104C7000001F43E80024002CF9D1BFF35B8F41B93A
:104C8000034653F8482B8164D2F8B41031B9C2E915
:104C90002C3300685DF8044BE2F764BF0B60C2F888
:104CA000B430F6E710B50368D3F8B02042B1D3F8BA
:104CB000B4401168C3F8B010A24208BFC3F8B410E2
:104CC0004C300023BFF35B8F50E8002F40E80031E9
:104CD0000029F9D1BFF35B8F10BD70B5D0E9003565
:104CE00004464BB3D3F8B020483000216AB190425B
:104CF00034D1A26C51BBD3F8B410C3F8B0208842B1
:104D000001D1C3F8B4200023A36404F14C030022B2
:104D1000BFF35B8F53E8001F43E800200028F9D160
:104D2000BFF35B8F04F13006236BD3B96B680BB113
:104D30002046984700232360E3680BB1204698473C
:104D40002B6AB3B12046BDE8704018470A60D3F81B
:104D5000B420904208BFC3F8B410D4E711461268DB
:104D6000C4E7002200233046FAF7E4FDE0F79CFD9B
:104D7000DAE770BD38B5406B30B150F8084904B17E
:104D8000083CFFF7AAFF04B938BDA5682DB120463D
:104D9000083DFFF7A2FF2C46F7E72046BDE8384064
:104DA000FFF79BBF38B5436B0D46BBB1184650F8B3
:104DB000084904B1083C53F8043C9B680BB12946F0
:104DC00098475CB12046A468436824B19B68083CBE
:104DD000002BF4D1F6E79B68002BF0D138BDF8B575
:104DE0000E4600210746154600234FF48032084640
:104DF000E3F72AFC044630B104210C30FEF7A6FD8F
:104E00000770467045802046F8BD38B505460068F5
:104E100098B1407B072810D1087A012810D1C87AB0
:104E200007280DD98A61CB6105F1300004F06DF9D6
:104E30002846FFF716FF002038BD6FF07F00FBE724
:104E40006FF01500F8E7406B30B1838B8B42A0F117
:104E5000080001D08068F7E7704710B54AB989B2F9
:104E6000FFF7F1FF28B143689B6913B1BDE810401B
:104E7000184710BD38B50D460521FFF7E4FF0023A4
:104E80001A462946FFF7C1FF044610B12846E0F74D
:104E90000BFD204638BD38B50B8A032B05460C4662
:104EA00021D9042104F10C00FEF781FD238A4288F8
:104EB0009A4218D14178B1B10378012B13D0132B4A
:104EC00011D0022201202D68FFF789FF044650B15E
:104ED00002210C30FEF73AFD002303704370214697
:104EE0002846FFF7C7FF002038BD406B30B18389EB
:104EF0008B42A0F1080001D08068F7E7704738B511
:104F00000B8A032B05460C4604D82046BDE83840E2
:104F1000E0F7CABC042104F10C00FEF748FD41880B
:104F20002846FFF7E2FF0028EFD0436821465B697F
:104F30009847EAE770470346006828B15968026855
:104F40001A60884208BF5A6070470346002003B9C0
:104F500070471A8A5B681044F9E710B5D468237863
:104F6000023113B92170012010BD8B42FBD0038A9E
:104F7000023B038200201061F6E70620704708B567
:104F800003680A8A1868C96801F043FC002008BD5C
:104F900038B5054601F10C000C46FEF710FD2D68F2
:104FA000238AE2680146286801F022FC002038BD0F
:104FB00070B405686A6A52B3136803B1A83BA2F1E2
:104FC000A8040022114600E0A83B844207D0668D69
:104FD000648BB14238BF3146A24238BF22461C46DC
:104FE0002BB1D3F8A830002BEED18442EFD1438D02
:104FF000408B8B4201D890420BD9824238BF024687
:105000009942286838BF194670BCE5F765BC11465F
:10501000EDE770BC704773B51446014605464FF482
:105020009572206801F00CFA207500BB237A206885
:10503000ABB1A3F11802534253419B000193638A21
:105040000093AE68238AE2682946B047002808DB4F
:10505000238A83420ED100232375012008E0022316
:10506000ECE710F1FF0F05D34042C0B220750020DD
:1050700002B070BD0E20F9E71FB5CDE90123002372
:1050800000931A46E4F700FF05B05DF804FB2DE934
:10509000F04F91B0166880460F46002542F6010396
:1050A0000068D6F804908DF82C500BA91446ADF882
:1050B0002E30FEF719FD002800F089804FF42053B0
:1050C000D8F800008DF82C500BA9ADF82E30FEF763
:1050D0000BFD38B1A3681BB15A88BA4200D25F8079
:1050E00001200EE061680846FFF72FFF728B738D79
:1050F0009A4294BFC0EB0200C0EB0300032803D820
:10510000002011B0BDE8F08F0846FEF7E0FB054631
:105110006068FFF71AFF728D738B05F10C0B9A42D2
:1051200094BFC0EB020AC0EB030A5846FEF753FCDB
:10513000824544D26068FFF708FF728D738B9A42F4
:1051400094BFC0EB0200C0EB030070B96368987AAB
:10515000E0F702FB00220023FEF786FB054600284D
:10516000CED001466068FEF7C3FB00230093D8F859
:105170000460102302AA41464846B047061E26DBBB
:10518000227CE068B2421ED001460BA8FEF7DAFC92
:10519000E8B1F2B202A906A8FEF7D4FCB8B106A99C
:1051A0000BA8FEF7A1FC90B900236374042105F15C
:1051B0000C00FEF7CBFBA0600780A3688FE7584682
:1051C000FEF709FCC1E702A904F00FFBEBE700239F
:1051D000A36085E7F8B59368166805460F46144640
:1051E00063B9506801210C30FEF7B0FBA0602B685A
:1051F0001B78002B14BF022301230370A3681B78C4
:10520000012B03D0022B1FD000201CE02B681B7841
:10521000002BF9D1606804210C30FEF797FBE060A9
:1052200007802A68E36852885A806168728D738BA0
:10523000088A9A4294BFC0EB0200C0EB0300042826
:1052400094BF00200120F8BD2B681B78022BDBD116
:10525000606812210C30FEF779FBE06007802B6854
:10526000E268591C0232113351F8040B42F8040B66
:105270009942F9D16168728D738B088A9A4294BF02
:10528000C0EB0200C0EB03001228D9E7D068037816
:10529000043113B90170012070478B42FBD0916833
:1052A0000B8A0020043B0B82106170472DE9F04F00
:1052B000044685B0104690469946FFF746FE638B3C
:1052C000628D934228BF134683428B4640F29380FF
:1052D000636803934046FEF7FAFA4FF0000A064669
:1052E0004046FFF732FE628B638D06F10C079A424F
:1052F00094BFC0EB0205C0EB03053846FEF76BFB1D
:10530000854217D24046FFF720FE628B638D9A429A
:1053100094BFC0EB0205C0EB03058DBB98F80A00F3
:10532000E0F71AFA00220023FEF79EFA064630B98B
:10533000574636E03846FEF74EFB0546EDE7014698
:105340004046FEF7D5FA4046FFF7FFFD628D638BBE
:1053500006F10C079A4294BFC0EB0205C0EB0305AF
:105360003846FEF738FB85421FD24046FFF7EDFD79
:10537000628D638B9A4294BFC0EB0205C0EB0305BC
:10538000F168328ACDF80090DBF8047003980A4483
:10539000ABB25946B847071E0CDABAF1000F18BF76
:1053A0005746384605B0BDE8F08F3846FEF713FB88
:1053B0000546E5E70E9BB3B9394606F10C00FEF74A
:1053C000C5FA4046FFF7C1FD638D628B934228BF4B
:1053D0001346B9448342BA441FFA89F9A8D9AF42A7
:1053E0003FF47EAFA4E70F9A0E9B394630469847AC
:1053F0000028E1D19CE70027D3E70368002203B926
:1054000070478B420FD10B683AB9426803609142F2
:1054100000D1436000230B607047136043689942DA
:1054200008BF4260F6E71A461B68E8E706207047A7
:10543000BFF35B8F50E8003F43F0080240E80021D3
:105440000029F7D1BFF35B8FC3F3C000704773B57A
:105450001668054600237068137314462946952282
:1054600000F0EEFF207380B9CDE900002946A38843
:10547000A2683046FFF71AFF002809DA10F1FF0F83
:1054800026BF4042C0B20E202073002002B070BD83
:105490000120FBE72DE9F3411668074600237068F9
:1054A000137314463946952200F0CAFF054620734F
:1054B00008BBA068718B728D038A914294BFC3EBC5
:1054C0000103C3EB0203012B15DD02210C30FEF7B3
:1054D0003DFACDE900558046A388A268394630469A
:1054E000FFF7E4FE031E0ADA13F1FF0F26BF5B424B
:1054F000DBB20E232373002002B0BDE8F081A8F8D0
:1055000000300120F8E72DE9F04104468868FFF7F4
:105510001CFD638B628D934228BF134683420D4668
:105520001DD3E165D1F8088000278F60FAF71CFFD2
:1055300041462046E3F72AFB064638B1C5F8088005
:10554000E765FAF725FF3046BDE8F081618D638B92
:10555000994228BF19462846E5F740FBF1E76FF06E
:105560007906F0E738B5BFF35B8F0B68BFF35B8F4D
:10557000DB07054617D550F8040CA0B1AB6D93B905
:105580000430FFF7D8FC044668B10146281FFFF736
:10559000BAFF002807DA55F8043C5A6822609A6876
:1055A0005C6002B99C6038BD2DE9F041446A074651
:1055B0003CB354F8A86906B1A83E00231D4607F184
:1055C000040801E034461646E26D9AB905B98BB974
:1055D0004046FFF7B0FC054658B101462046FFF7AC
:1055E00092FF00280DDA7B682B60BB687D6003B9F1
:1055F000BD6023462EB1D6F8A820002AE2D0A83AF2
:10560000E0E7BDE8F08170B504460E4600220023B5
:105610000846FAF78FF9054658B101462046E3F7E8
:10562000B5FA044618B12946304603F079FD204604
:1056300070BD6FF00104FAE7F8B50546071F00F1E9
:10564000540350F8044CBFF35B8F53E8001F21F064
:10565000040143E80012002AF7D1BFF35B8F04B3C3
:10566000AB6D8BB963687BB1201DFFF764FC01460D
:1056700006463846FFF747FF002812DA63683360B2
:10568000A368666003B9A66005F15C013846FFF7C0
:10569000BAFF30B104F10C013846BDE8F840FFF71D
:1056A000B2BFF8BD38B504460D46E3F76FFA30B126
:1056B000294604F16000BDE8384003F026BD38BD3E
:1056C00070B5044601F10C000D46FEF778F9266826
:1056D0002B8AEA680146306801F08AF81E21002210
:1056E0002046E3F791F8014610B12046FFF7DAFFB4
:1056F000002070BD2DE9F0418846174601210422A3
:1057000005461E46E3F780F8044670B104210C30CC
:10571000FEF71CF980F80080A0F80170C6702146E1
:105720002846BDE8F041FFF7BDBFBDE8F08137B5C1
:105730000C46054601F10C00FEF741F9228A019260
:10574000E26800920346132212212846E3F728FB61
:1057500003B030BD37B50C46054601F10C00FEF72D
:105760002EF9228A0192E268009200220346114635
:105770002846E3F715FB03B030BD08B5437B072B84
:1057800001D0002008BD0421FFF7AFFB0028F8D0AE
:10579000BFF35B8F436DBFF35B8FDB07F1D550F831
:1057A000040CEFE770B50E461546FFF7E6FF78B13B
:1057B000436A6BB1184650F8A83903B1A83B691C7D
:1057C000428D448BA24228BF2246914202D93BB966
:1057D000002070BD2A463146BDE87040E3F714B89A
:1057E000D3F8A84004B1A83C18462346E8E707B51B
:1057F000CA681388528800920C210D22E3F768FCD6
:1058000003B05DF804FB07B5CB6800221B8800924B
:105810000A210B22E3F75CFC03B05DF804FBF8B54A
:10582000CB681F88BBB2162B044628D90321E3F7A7
:1058300017FB064628B302210C30FEF787F8002537
:105840006FF008030370457031462046FFF72AFFCA
:10585000F7236383236867851B68BFF35B8F04337B
:1058600053E8001F41F4803143E80012002AF7D1C9
:10587000BFF35B8F2046FFF79BFB2846F8BD042053
:10588000FCE70E20FAE7E4F77BBA08B5FFF775FFEF
:1058900008B3426A02B3136803B1A83B32F88E0C16
:1058A00032F87E2C904228BF104643B913E0934251
:1058B00028BF1346984238BF1846A1F1A803D3F871
:1058C000A8105A8B5B8D0029F1D19A4228BF1A4645
:1058D000904238BF104608BD1046FCE70A8AC968E6
:1058E0000023E3F795BDFFF7F9BFFFF7F7BFFFF719
:1058F000F5BFFFF7F3BFFFF7F1BFFFF7EFBFFFF70C
:10590000EDBFFFF7EBBFFFF7E9BFFFF7E7BFFFF71B
:10591000E5BF70B5CE6833889AB2162A04460D46A4
:1059200006D8002204231146BDE87040E3F770BD9D
:10593000F72242834385FFF73BFB2A8A0023314647
:105940002046F1E770B5054650F8043C55F8046967
:105950000446002B32D031B1836D7BB31B7CDA0758
:105960002CD505231DE03046E4F7CAFF737A012BDE
:1059700024D0A46D14B3237CDB071FD5E368002B70
:10598000EFD06269617C2846E2F73EFF064638B1F7
:10599000D4E90512E368984750B13046DFF784FF39
:1059A0000E23002228461146BDE87040E3F730BDC3
:1059B00031462846E3F7EAF80028EED170BD30B54D
:1059C000054689B055F8043B04461868FFF716F9F8
:1059D0006946E2F767FF2846E3F78EFD606813210A
:1059E000FFF767F809B030BD10B5044688B054F829
:1059F000783D1868FFF702F96946E2F753FF204641
:105A0000FFF7DDFF08B010BD70B50E46FFF7B5FE1D
:105A1000044628B93046DFF747FF6FF07F0070BDBE
:105A200000F10C052846314603F06FFB606A38B17F
:105A300050F8A84904B1A83C2946FFF7E4FD20B975
:105A40000020ECE71C466FF00100002CF8D0D4F8E1
:105A5000A83023B90230F5D020461C46ECE7A83B1D
:105A6000F8E738B505460C46FAF77EFC2846FFF7FE
:105A700084FE20B9FAF78CFC6FF07F0038BD00235C
:105A8000236083683BB9C0E90144FFF78DFDFAF755
:105A90007FFC0020F2E71C608460F6E710B50C463E
:105AA000FFF76BFE98B1436A4BB153F84C2C9169E8
:105AB000A142A3F1A80309D0D3F8A830F4E74068C5
:105AC00028B18369A34202D00068F9E7104610BDEF
:105AD0000120704708B5FFF750FE98B1436A8BB1BB
:105AE000BFF35B8FA83B03F1580252E8000F20F090
:105AF000080042E800010029F7D1BFF35B8FD3F81B
:105B0000A830ECE708BD08B50421FFF7EEF930B185
:105B1000BFF35B8F406DBFF35B8FC0F3C00008BD68
:105B200010600020704710B5029CA36833B1B1F536
:105B3000807F28BF0E21CAB221469847A37DE26824
:105B4000013BDBB2A37522B11BB92046BDE8104072
:105B5000104710BD1060918000207047B1F5807F24
:105B6000009A28BF0E211368C9B218470020704759
:105B70000B6803608B8883808B7983717047F0B5E5
:105B800089B00026BDF838500096174631461922D4
:105B900001A81C4603F021FE1B2D12D825441C2D04
:105BA00012DC22463946684603F0EFFD04F120037B
:105BB0006B44684603F8206CE0F79CFB204609B074
:105BC000F0BD6FF00604F9E76FF00C04F6E708B5D6
:105BD000072203F00AFEB0FA80F0400908BD10B5B4
:105BE00003789342044607D10130FFF7F0FF002805
:105BF00014BF2046002010BD0020FCE710B503466E
:105C0000BFF35B8F53E8000F40EA010243E8002432
:105C1000002CF7D1BFF35B8F10BD10B50346BFF367
:105C20005B8F53E8000F00EA010243E80024002CD8
:105C3000F7D1BFF35B8F10BD2DE9F041069D0C46F7
:105C400006466FF0040105F11000FFF7E6FFF4B11E
:105C50003046E3F713FE014648B3836853B11F682B
:105C6000002205F1140C2BB1634508D12B463046B8
:105C7000E3F7F0FCB4F5807F28BF0E240FE027B1D6
:105C800038681A463B460746EDE73846F9E7AB89E0
:105C90002BB92F682346224629463046B8476B6801
:105CA0002BB12A46E1B23046BDE8F0411847BDE8C5
:105CB000F08111F1680F01D0FFF7BEBF7047BFF34D
:105CC0005B8F0068BFF35B8F704770B50D4606466B
:105CD00011F8010BE2F7E4FA044610B12C89E1F760
:105CE000E3FF6B89A34207D0EB686C8123B12146A7
:105CF0003046BDE87040184770BD08B502210C3031
:105D0000FDF724FE03466FF0080200201A70587059
:105D100008BD10B502210C301446FDF717FE23898B
:105D20000380002010BD10B504210C301446FDF78F
:105D30000DFE2389038063894380002010BD70B568
:105D40001446002500F10C066268EBB29A4205F198
:105D5000010501D8002070BDA268304632F813104A
:105D6000FDF70BFEF0E7FFF7EABFF7B5089D064623
:105D70002F680C4651B973B9002308932A46E1B243
:105D80003046BC4603B0BDE8F0406047B1F5807FC7
:105D900028BF0E24F0E7009313462A46B84708941C
:105DA0002F6823462A462146EAE7F0B587B00D461C
:105DB0000C9C114606461A465DB983B92768002334
:105DC0002246E9B23046BC460C9307B0BDE8F0402D
:105DD0006047B5F5807F276828BF0E25EFE703A849
:105DE000FDF7A3FDBDF81030012B08D80023009368
:105DF0002568224619463046A84707B0F0BD022163
:105E000003A8FDF7D4FD0346BDF8102033F8027B4C
:105E1000974228BF17460097256822460021304642
:105E2000A847394603A8FDF7C2FDDBE738B5BDF842
:105E30001040A24215460CD84CB16BB1A21A8A424E
:105E4000A8BF0A4694B22246591903F09EFC204688
:105E500038BD6FF00600FBE76FF00D00F8E730B5D6
:105E600085B0C96814461D46E3F7F4FC00B100890B
:105E7000ADF80E0002230093BDF820200DF10E03B3
:105E800029462046FFF7D2FF05B030BD1FB50C46AE
:105E90001946E3681C781046BDF818203CB1102460
:105EA0000133069404B0BDE81040FFF7BFBF5B8824
:105EB000ADF80E30022300930DF10E03FFF7B6FF8D
:105EC00004B010BD30B585B01D46002314468DF8D2
:105ED0000C30E3F79DFC10B1037A8DF80C300123F0
:105EE0000093BDF8202003AB29462046FFF79EFF14
:105EF00005B030BD2DE9F04114461D46BDF81870BF
:105F0000E0F71CFA0646DAF727F980B20690334626
:105F10003A4629462046BDE8F041FFF787BF30B535
:105F200085B014461D46FEF7BAF80223ADF80E0000
:105F30000093BDF820200DF10E0329462046FFF7FF
:105F400075FF05B030BD38B500F10C0404212046C2
:105F50001546FDF7FBFC2B8903806B894380E968BC
:105F60000B782BB949882046FDF707FD002038BD86
:105F7000102201312046FDF7EFFCF7E710B5E3F7FB
:105F8000C5FB044640B1014611F8010BDFF7C8FD1F
:105F9000002323606360A360002010BD70B500F192
:105FA000700605463146007AFEF77BF80446314616
:105FB000287A1CB1BDE87040FFF7E0BFE3F7A6FB0D
:105FC00010B104604460846070BD022A10B508D12D
:105FD000002300F170011A46007AE3F7ADFC0220BD
:105FE00010BDFFF7DBFFFAE72DE9F04706460D4647
:105FF0004FF4702000219DF820A0DDF824909046F9
:106000001F46E3F7CDF9044688B1456080F811A03A
:10601000C0F81490C760C0F818804A465146304610
:10602000FFF7C0FB054638B92046E3F7E1F96FF00A
:106030000B052846BDE8F087002211460123E3F74F
:10604000EBFAA560284642464946B847054618B1CE
:106050002046E3F7CDF9ECE721463046FFF701FD96
:1060600005460028E5D0F3E7F0B507683D7889B02C
:10607000064614462DBB7B88B3F5245F04D01AD89E
:10608000A3F52053032B1CD8ADF80A1002220DF102
:106090000A01204602F0D2F948B97B88ADF80A30EF
:1060A00002220DF10A01204602F0C8F968B16FF032
:1060B0001502A26506E003F55643FF339BB2042B9D
:1060C00012D90125284609B0F0BD009003AA7768CF
:1060D00013233146B847021EEBDB03A9204602F02A
:1060E000ADF90028EDD0E2E7ADF80A1002220DF17B
:1060F0000A01204602F0A2F90028D8D17B88ADF829
:106100000A3002220DF10A01E8E738B500F10C056A
:10611000022128461446FDF719FC63890380A189F2
:106120002846FDF72AFC042104F11000FFF766FD64
:10613000002038BD08B50C3029B10121FFF75EFD04
:10614000C043084008BD6FF00101FFF766FD00F095
:106150000100F7E710B50446FFF7ECFF38B1214620
:106160000122BDE8104011F8010BE3F7A9BB10BDF7
:106170002DE9F0411F46BDF81830012B0646904628
:106180002DD83B44012B3D462CDCE3F741FB044674
:1061900018B9E3F73DFB044638B397B1217A98F874
:1061A0000020002321FA03F0C70703D522FA03F0E9
:1061B000C0071DD50133032BF4D102F007021143B0
:1061C000217206F17001601CFFF7D2FC337A237054
:1061D00001212046FFF7BEFF2846BDE8F0816FF0A1
:1061E0000605F9E76FF00C05F6E76FF01005F3E729
:1061F0006FF01205F0E770B504461546FFF768FC2E
:1062000048B12046E3F704FB28B1037ADB0702D547
:106210000121FFF79FFF85B9207A04F17001E3F7B0
:1062200075FA024648B101468560BDE8704011F834
:10623000010B04230832DFF765BC70BD2DE9FF4177
:10624000884616461F46044628B96FF015052846AD
:1062500004B0BDE8F08102A9FDF71EFC0546002848
:10626000F3D101A92046FDF789F90198D0B902A917
:106270000020E3F713FA044648B9E3F7C9FA0446E5
:1062800078B3002300F8013B02A9FFF771FCB8F1D5
:10629000000F22D0022269463846B047002808DAAB
:1062A0000546D4E70A222946FAF7E8FC0028DED0A2
:1062B000CBE79DF800302372022804D0002120464D
:1062C000FFF748FFC3E79DF801100129F6D801F058
:1062D00001012046FFF72EFFB9E72046E3F706FC51
:1062E000B5E76FF00B05B2E737B504460D46E3F7A7
:1062F000D5F9024688B1037A8DF804300C30FFF7E7
:10630000DEFC00F001008DF80500022301AA2946F9
:106310002046DFF70DFC03B030BD0346F7E738B584
:10632000BDF81010BDF81840059DA14210461A4650
:106330000CD84CB16DB1631A9A42A8BF1A4694B2F8
:106340002246294403F021FA204638BD6FF00600AA
:10635000FBE76FF00D00F8E713B5044610B9002015
:1063600002B010BD00238DF80430006842F603032C
:1063700001A9ADF80630FDF7B7FB0028EFD1E368BF
:1063800098880028ECD12046E3F74EFD013080B21A
:10639000E6E770B5CC6888B008461E46A3798DF84C
:1063A0000C301546FFF7D8FFADF80D0024682378B0
:1063B0006BB96388ADF80F3005230093BDF830202A
:1063C00003AB31462846FFF731FD08B070BD631CB2
:1063D0000DF10F02113453F8041B42F8041BA342C1
:1063E000F9D11323E9E71FB5CDE901230023009379
:1063F0001A46E3F749FD05B05DF804FBE3F732BE4A
:106400001FB50C461946E36810461A788DF8082027
:1064100093F901208DF809205A88ADF80A201A79DD
:10642000DB88ADF80D3007238DF80C200093BDF804
:10643000182002ABFFF7FAFC04B010BDFFF725BA35
:1064400038B54C8AD3070546C4F30E0404D514F0BE
:10645000950F2AD04B6843B3900704D514F4957F69
:1064600025D08B681BB3144014F4DE7F0DD0EB7A7B
:106470002BB92846FEF73DFBD8B9052038BD14F0EE
:10648000300F04D114F4C07F07D10020F6E728466E
:10649000FEF7ACFB0228F5D8EFE7D5F8A030002BCB
:1064A000EBD05B7BDB06E8D5EFE70220E6E70320D5
:1064B000E4E70F20E2E72DE9F041437B072B86B0AC
:1064C00005460C46174640F0848000238DF81430B2
:1064D000206842F6030305A9ADF81630FDF704FB6A
:1064E00090B96668002E74D00090012304AA21465A
:1064F000B04701286DD19DF8103013F0300F68D0EF
:106500002046E3F745FE0446002320688DF814304A
:1065100005A942F60213ADF81630FDF7E5FA18B1F9
:106520002046E3F735FE0446002642F602182068AE
:106530008DF8086002A9ADF80A80FDF7D5FAF0B928
:10654000002320688DF8143005A942F60213ADF837
:106550001630FDF7C9FA00283BD16668002E38D006
:106560000090022305AA21462846B047022830D1D0
:10657000BDF814301F4214BF012000202AE020681B
:106580008DF80C6042F6030303A9ADF80E30FDF759
:10659000ABFA0028D4D020688DF810604FF4205357
:1065A00004A9ADF81230FDF79FFA0028C8D0206882
:1065B0008DF8146042F6010305A9ADF81630FDF719
:1065C00093FA0028BCD02046E3F7E2FD04460028F9
:1065D000ADD1002006B0BDE8F081F8B514460F46F5
:1065E000942261680646FFF72BFF20BB61680122F9
:1065F0003046FFF760FF08B3A2891B210232304604
:10660000FFF7D0F80546E0B1A1890C300231FDF763
:106610009DF920F8027BA289A16803F0B6F8D4E9BD
:10662000041228460123E2F7F7FF29463046BDE869
:10663000F840FFF7E9B94FF0FF30F8BD6FF01500F3
:10664000FBE76FF00B00F8E72DE9F74F0C9C804655
:1066500091461D460E4641B96BB9256800230C933F
:106660002246F1B24046AC4626E0B1F5807F25686F
:1066700028BF0E26F2E76368002B4CD1013D278925
:10668000B4F80AA0ADB2561C3DB331888AB2002AD4
:106690005CD099F80030D4F800B0AB428CBFAB1E90
:1066A000023B97429BB201D8924509D200230C933A
:1066B00022460E214046DC4603B0BDE8F04F60475D
:1066C0002181224600930021B31C4046D847002870
:1066D0003CD099F80030AB420BD921464046E4F754
:1066E0000BF8002832DA00230C93256822460E218D
:1066F000B8E7238962899A4205D100230C93256863
:1067000022461946AEE70133238199F80030ED1A8D
:10671000ADB21E44B8E70095134627682246B84735
:10672000A0B1238A013B9D4203DA0C9625683346CB
:10673000E6E763891D44658121464046E3F7DCFFB7
:10674000002803DA0C9625683346CFE703B0BDE88E
:10675000F08F73B504460D46F9F706FE294620462C
:10676000FFF79CF9014620B902B0BDE87040F9F787
:106770000FBE46682046E2F723FFF9F709FE2EB167
:10678000002300951A460E212046B04702B070BD86
:106790002DE9F8438C680646904699461CB3256857
:1067A00005B1143D34F80C3C434519D1143C07E0C5
:1067B0002C466D692389C5B14345A5F11405F7D170
:1067C000727AA37B9A420BD32768BDF820304A46E1
:1067D00021463046B84718B921463046E3F7D2FF84
:1067E0002C46002DE5D1BDE8F8834345E8D0FAE713
:1067F000F7B50D46044616461F46E3F73FF8014637
:1068000028B1009733462A462046FFF7C1FF03B060
:10681000F0BDF0B587B005460E461746E3F72EF8F3
:10682000044640B13A46314603A8FDF77EF8BDF86C
:106830001030042B01D807B0F0BD042103A8FDF7E8
:10684000B6F8BDF8101046880288B142F3D3031D94
:10685000214628460096FFF79BFF314603A8FDF727
:10686000A6F8E4E72DE9F04105468846E2F7D0FFB7
:106870000446E0B1037ADB0719D500F10C0738466E
:10688000FFF71DFA10F0010611D1B8F1000F0FD07B
:106890006FF002013846FFF7C0F910F0020F2846EA
:1068A00009D0FFF717F901212046FFF753FC012615
:1068B0003046BDE8F081FFF70BF90028F8D02846F4
:1068C000FFF721F90028F3D06FF002013846FFF7F7
:1068D000A4F92846E5E7F8B506460F46E2F7FAFEC2
:1068E000394604463046FDF7DCFB68B364B304F177
:1068F00008056FF001012846FFF78FF9C20703D59D
:1069000039463046E4F738F86FF002012846FFF7C1
:1069100084F9830703D539463046FFF7E5FC28465E
:10692000FFF7CDF980B9234603F8010BC4F8010045
:10693000C3F80300BFF35B8F55E8003F45E8000252
:10694000002AF9D1BFF35B8FF8BD38B5A0F13F0540
:10695000C41E15F8010C29460C35FFF7BCFFA542F3
:10696000F7D138BD38B5044659B100F17005294654
:10697000007AE4F701F8207A2946BDE83840FFF7AD
:10698000B3BC38BD0720704708B50621FEF7ADFA45
:1069900000B1EC3808BDBFF35B8F0068BFF35B8FBD
:1069A000084100F00100704710B50346D9B1C8890D
:1069B00010F0240F17D01A7D5C7B097BA24228BF00
:1069C0002246914201D9002010BD820604D4187AD3
:1069D000003818BF0120F7E70521181DFFF7DBFF7E
:1069E0000028F4D1EFE70120EEE701238B40DB43E1
:1069F000BFF35B8F50E8002F1A4040E800210029C8
:106A0000F8D1BFF35B8F704707207047002370B544
:106A10001A460446EC300D46FEF7F7F920B1284639
:106A2000BDE87040DEF740BF04F5A0704FF470225F
:106A3000BDE870400023F9F765BA01238B40BFF32E
:106A40005B8F50E8002F1A4340E800210029F8D15D
:106A5000BFF35B8F704708B50E21FFF7EEFF0020F4
:106A600008BD38B505460B4604300D21FFF793FFEE
:106A7000A0B1DC68D5F8EC300220197A03F170027D
:106A800000F09EFB80B1224600F12A0304F11001C0
:106A900052F8040B43F8040B8A42F9D12846092125
:106AA000FFF7CBFF002038BD0820FCE770B5051DBF
:106AB0000E4628460421FFF76EFF68B10022002130
:106AC00000230846E1F7C0FD044640B904212846EA
:106AD000FFF7B3FF204670BD4FF47022EFE70121AE
:106AE0000C30FCF733FF0670F4E738B50421044698
:106AF000FFF7DCFF054698B110210C30FCF726FFAC
:106B000004F1270304F1370253F8041B40F8041B77
:106B10009342F9D120462946FFF778FF002038BD7F
:106B20000820FCE72DE9F04790B004460CAD102298
:106B30000021284602F051FE237A052B1ED8DFE8FB
:106B400003F0060303061D21D4F8D8300C93D4F8C3
:106B5000EC3004F1470204F1C707CDE9017204F1FA
:106B6000370803F17E0204F12709009277334A4681
:106B7000414604F19700E5F7FBF898B1082010B002
:106B8000BDE8F087D4F8E430002BE0D02E4603F1C6
:106B9000100718685968324603C20833BB421646CC
:106BA000F7D1D4E7D4F8EC3003F177027E3308AEA6
:106BB000019304F111030292009303962B4642467F
:106BC0004946384600F068FB0028D7D1237A052BC8
:106BD0000FD1D4F8E010002948D00B46AC4601F1A3
:106BE000100E18685968624603C20833734594460C
:106BF000F7D1D4F8EC3003F17E0277330DF1100AAF
:106C0000019304F10A0302920093CDF80CA02B46E5
:106C10004A464146384600F03FFB0028AED11022DC
:106C2000514604F1B70002F0E0FD20BB0D212046E3
:106C3000FFF73CFF07460028A0D010210C30FCF7DE
:106C400085FE32460346164603CEAE4218605960B2
:106C5000324603F10803F6D139462046FFF7D6FE47
:106C6000201D0121FFF7E9FE002088E710222846B9
:106C700002F0B3FDBDE70B2081E770B5D0F8EC3032
:106C8000DB78012B044619D1CD68061D1021304652
:106C9000FFF7ABFE2B4604F1B70205F1100153F8E4
:106CA000040B42F8040B8B42F9D107213046FFF761
:106CB00072FE28B109213046FFF7BFFE002070BDEB
:106CC0000A213046FFF767FE0028F3D12046BDE8D1
:106CD0007040FFF727BF70B5061DCD6804460B2135
:106CE0003046FFF782FE2B4604F1170205F1100132
:106CF00053F8040B42F8040B8B42F9D1237A012B91
:106D000009D0022B13D120460421FFF796FEBDE8DF
:106D10007040E4F7AFB80A213046FFF73CFE002888
:106D2000F1D030460021FFF788FE002070BD08201A
:106D3000FCE707207047072070470720704730B5F1
:106D4000012303FA01F1CA43BFF35B8F50E8003F10
:106D500003EA020440E80045002DF7D1BFF35B8F42
:106D6000194214BF0120002030BD70B500F170063B
:106D700004460D4607220968304602F036FD40B948
:106D80006B681A6822679A88A4F874209B7984F843
:106D9000763070BD38B50446031D0025BFF35B8F08
:106DA00053E8002F43E800510029F9D1BFF35B8F6E
:106DB00004F5A07002F09EFA2572BFF35B8F54E8D1
:106DC000003F44E80052002AF9D1BFF35B8F204610
:106DD0000121BDE83840FFF730BE2DE9F84FDDF85E
:106DE0002C80BDF82890044692461F46FFF7CCFD44
:106DF000054600285AD0061DB9F1000F27D15AEADE
:106E0000070324D103213046FFF7C5FDD0B301218C
:106E10003046FFF7C0FDA8B32C7D6B7B9C4228BF9A
:106E20001C46224605F14701404602F0AEFC0F2CFD
:106E300006D8C4F11002002108EB040002F0CDFCDA
:106E400030460121FFF7F9FD0120BDE8F88FD4F8A5
:106E5000A030F3B904F1700B217A5A462020E4F7F0
:106E60005DFEC4F8A00030B9217A5A460120E4F74B
:106E700055FEC4F8A000B9F1000F0AD15AEA07077D
:106E800004D006E0D4F8A030002BE3D0D4F8A01052
:106E900071B90F213046FFF77EFD20B10222062195
:106EA0002046E1F739FA2846FFF774FF0020CCE7C7
:106EB000CB899B06EDD50C7B1A312246B4E76FF0E7
:106EC00085007047F8B5031D06460F461846022197
:106ED000FFF761FD044620B1B6F8E840B4FA84F447
:106EE000640903211846FFF756FD58B1394630466C
:106EF000E4F736FB052194B1D6F8EC00FDF7D9FD97
:106F00000020F8BD01211846FFF745FD0028EDD10E
:106F10000F211846FFF73FFD0028E7D1EAE730468A
:106F2000FFF7C4FD054688B101210C30FCF70EFDCA
:106F3000234607702246294606F1EC00FDF765FF5F
:106F40000028DDD02846DEF7AFFCD9E76FF06800F7
:106F5000D7E770B504460820E3F75CFE0546E0B1CC
:106F6000061D08213046FFF740FDBCB30721FFF79F
:106F70003CFD234605F1970204F1200153F8040B70
:106F800042F8040B8B42F9D10A213046FFF703FD8A
:106F900070B109213046FFF750FD0720E3F73AFEB4
:106FA0000446E8B1E3F788FE0146C8B1204612E086
:106FB00010213046FFF7EFFC09210028EAD13046C6
:106FC000FFF7E9FC0028E8D02846FFF7ABFD0146B3
:106FD0000028E2D02846FFF775FFDEE70B21F9E72E
:106FE00070BD2DE9F0410E460446D0F8EC80E3F781
:106FF0001FFEF768261D05460A213046FFF79FFE53
:1070000038B16DB920463978E4F7AAFA0020BDE816
:10701000F0810B213046FFF792FE0028F1D1F1E715
:107020006B69002BEED040469847EBE770B50446FD
:10703000A0F1EC0650F8543BE83CD3F8A05002F025
:1070400059F903212046FFF7A6FCA0B108213046DC
:10705000E4F786FA3DB1EB8913B16B7B9B0702D550
:10706000284600F0C1F830464FF4BC72BDE87040CD
:10707000002102F0B2BB01212046FFF78CFC002862
:10708000E4D10F212046FFF786FC0028DED1E1E79E
:1070900010B508210446A0F5A070E4F761FAA4F544
:1070A0009E700421BDE81040FFF7C7BC70B50446D0
:1070B000FFF76AFC0546002863D0061D0321304611
:1070C000FFF769FC00285CD0D4F8A00008B100F0FC
:1070D0008BF8207A04F17001E4F750FCC4F8A000AA
:1070E00028B928460821BDE87040FFF7EBBE0E2105
:1070F0003046FFF750FC28B1D4F8A020537B43F072
:10710000020353732A7AD4F8A010032A4B7B39D890
:10711000002A3ED0D4F8A020537B43F001035373E0
:107120002B7D697BD4F8A0208B4228BF0B461373BC
:1071300005213046FFF72FFCD4F8A0305A7B88B3E6
:1071400042F010025A730D213046FFF724FCC0B103
:10715000D4F8A000202100F043F8D4F8A03005F1C5
:1071600047021A33573552F8041B43F8041BAA424E
:10717000F9D1D4F8A020002313615361D4F8A020E2
:10718000138370BD053A012A03D843F020034B73E3
:10719000C0E723F020034B73D4F8A020537B23F0E7
:1071A0000103BCE722F010025A73EAE708B5072290
:1071B00002F01BFBB0FA80F0400908BDDFF796BC77
:1071C00070B504460D461646E4F7A8FC38B93146BA
:1071D0002846E4F7D3FB10B1C3891C43C48170BDBA
:1071E000C3891943C181704710B5037A5B07044610
:1071F00001D5DFF711FD214611F8010BDEF736FD51
:1072000020464422BDE81040002102F0E6BA0146C3
:107210000246382311F8010B0C32DEF719BD531E5C
:107220001944024411F8013900F8013B9042F9D1A8
:10723000704710B5431E00F11002073013F8011F0C
:1072400012F8014D1C7083421170F7D110BDF0B5DA
:1072500097B014460E462022014605A81D461C9FE5
:10726000FFF7DDFF202231460DA8FFF7D8FF2146AA
:10727000102201A88DF85450FFF7D1FF3B46412260
:1072800005A901A8E4F70AFE044610B93846FFF73D
:10729000D0FF204617B0F0BD2DE9F04397B004466B
:1072A000164605A810221D46DDE91F98219FFFF70D
:1072B000B6FF1022314609A8FFF7B1FF1022294678
:1072C0000DA8FFF7ACFF1E99032211A8FFF7A7FF37
:1072D0004946D9F8010011F8013B8DF8473012906A
:1072E0008B88ADF84C30062212A8FFF798FF414674
:1072F000062211F8013B8DF84E30D8F80130CDF858
:107300004F300DF14F008B88ADF85330FFF787FFFA
:107310002146102201A8FFF782FF3B46412205A922
:1073200001A8E4F7BBFD044610B93846FFF781FF1A
:10733000204617B0BDE8F08310B403460838BFF309
:107340005B8F50E8002F511C40E80014002CF8D14E
:10735000BFF35B8F1AB95DF8044BF3F7D3BA6FF044
:107360000F025DF8044B9A6670470369C9B20C229C
:1073700001FB0233186C00F00700704770B5C9B20A
:107380000369EFF31185202484F31288BFF36F8F14
:107390000C2606FB0134246C14F0C00408D0A24271
:1073A00006D085F31188BFF36F8F4FF0FF3070BDAB
:1073B00006FB013301221A6485F31188BFF36F8F36
:1073C000436803EBC1035B6898470020EFE7802226
:1073D000FFF7D4BFF8B5069F0469C9B2EFF3118671
:1073E000202585F31288BFF36F8F0C2505FB014420
:1073F000256C05F0070CBCF1010F0CD1276486F356
:107400001188BFF36F8FC4E90E23436853F83130FE
:1074100098470020F8BD05F0C005AF4286F31188FB
:10742000BFF36F8F0CBF6FF077004FF0FF30F1E7C5
:1074300013B580240094FFF7CDFF02B010BD10B447
:107440000069CBB21C2403FB040000215DF8044B4F
:1074500010470020F4F7FCBF1046F8F79DBA08B5B6
:10746000F3F7CEFEBDE80840002000F002BAF3F7C3
:1074700017BE0020704708461146DFF79DB82DE97A
:10748000F3411C469046002382682360A360536941
:107490000D4601AA69469847019B5A1E019223B9DD
:1074A0006FF0150002B0BDE8F0810098A26847684F
:1074B0002168676085B9A8EB02030668B34228BF5C
:1074C00033461A4403FB07112160A26002689A4206
:1074D00006D808300090DFE76B1AB3FBF7F3ECE750
:1074E0000020DFE713460022FFF7C9BF2DE9F04770
:1074F000836886B05B698846914601A902AA9847CD
:107500000024A2462546029BAB4202D806B0BDE845
:10751000F087019F07EBC50700267B6804933A6854
:10752000B2420AEB060302D801359A46EBE7039410
:107530000593494603A8C0470028E7D0049B0136BD
:107540001C44ECE710B50C4600F015FA0023C4E922
:107550000003184610BD70B5044600F012FA237BF4
:1075600005460BB1F0F750FA00266068F5F748FCC5
:10757000A3685B1BA36063682B446360237B0136B5
:107580003BB9A368002BF0D1A068003818BF0120D8
:1075900070BD3046DAF7C4FA0028F2D0F4E738B507
:1075A00005460C4600F0E7F9002D07DBA84205D997
:1075B000401B84428CBF0020012038BD0020FCE726
:1075C00070B50D462846194616461C46FFF7E7FFDC
:1075D00038B124B122462946304602F0D6F80020C0
:1075E00070BD6FF01500FBE743685B68D3F810359A
:1075F0000B600020704743685B6802EA010021EAE3
:107600000201C3F80805C3F80C1500207047436851
:107610005B680020C3F80815704743685B6800206A
:10762000C3F80C15704743685A68D2F8043521EA4C
:1076300003000B40C2F80805C2F80C350020704763
:1076400010B503695868F8B1884219D19C68086878
:107650005860A14200D19860002008602AB15A68A1
:107660000A609A68596002B99960002010E081426E
:1076700006D10868206098688142EDD19C60EBE7F4
:10768000044600680028F2D1002AE8D16FF0150006
:1076900010BD13B54FF080520829136E526E28BFEB
:1076A000082112BA00921BBA0C460A466946019399
:1076B00002F06BF8204602B010BD00220121032029
:1076C000DDF754BD38B50446056901221146284648
:1076D00001F034FD012205F11800002101F02EFD1A
:1076E0002046BDE83840F4F775BA13B501AA044640
:1076F00000F03AF8002805DB019B22681979186828
:10770000F4F788FA02B010BDCA07436805D4C1F384
:107710004201012904D0022909D06FF015007047F9
:107720001B684FF0CC72C3F82425002070471B68FB
:107730004FF0C862F7E710B5446851B1012910D184
:10774000606A0021FFF7D1FF2046F5F705FC002015
:1077500010BD2046F5F710FC606A0121FFF7C5FF58
:10776000F5E76FF08500F3E730B543681360057AFD
:10777000446804EBC504A34202D36FF0010030BD9E
:107780005C798C4201D00833F0E70020F7E700F184
:1077900050039B009BB203F1804303F58833002222
:1077A0001A601B687047004701F0D0BA0001090455
:1077B00000F1804012B1C0F804197047C0F80819F0
:1077C0007047F7B50646F8B101281BD104224FF4E3
:1077D000807301464FF0804003440244C0F8081310
:1077E0000025012111601D608E421B688DF8071075
:1077F00008BF0DF1070542F210744FF0804746B103
:10780000012E23D003B0F0BD0C224FF4827302216D
:10781000E0E7D7F8183403F480333DB9002BF1D0FA
:107820000120FFF7C1FF013CF3D1EBE7D7F81824A3
:1078300002F003022A60002BE4D09DF80700012823
:10784000E0D1FFF7B1FF013CD9D1DBE7D7F80C3429
:1078500003F480333DB9002BD4D00120FFF7A4FFFF
:10786000013CF3D1CEE7D7F80C2402F001022A70D4
:10787000E1E7FFF7A6BFF7B5019001A8DDE90847EA
:1078800016461D46F4F7C0FE019BB6F1000C18BF6A
:107890004FF0010C00EB83000B1E18BF0123002DDD
:1078A00043EA4C0314BF4FF00C0C4FF0000C002CBB
:1078B00043EA0C0314BF4FF4E06C4FF0000C002FB0
:1078C00043EA0C03D0F8002714BF4FF4403C4FF0BC
:1078D000000C43EA0C0322EA030301B109780EB15C
:1078E0003678760019430DB12D78AD0031430CB1D7
:1078F0002478240229430FB13F783F040C433C43D2
:10790000C0F8004703B0F0BD1FB50DF10F030193A0
:1079100000238DF80F1000931A461946FFF7ABFFAE
:1079200005B05DF804FB38B5054608460C46F4F78B
:10793000BDFEB0B10846F4F7ADFE90B90846F4F7C5
:107940009DFE2A6801238340C2F808332A6803B2E7
:1079500002EB8303D3F8102522F00302C3F81025AD
:1079600038BD20460021BDE83840FFF7CDBFF4F711
:1079700023BFFFF7D8BF4FF080531A6958695043AF
:1079800070474FF08053186970474FF08053586923
:10799000704791F820200346032A29D8DFE802F037
:1079A000212519028A68500304D5D3F84C250869AB
:1079B000904207D18A6852031AD4D3F84C258969BA
:1079C000914215D000200622C3F80005C3F8002517
:1079D0007047D3F84C2508699042F3D1D3F83C2581
:1079E000EDE7D3F84C250969EAE7D3F83C25FAE737
:1079F0000120704738B5857B04465DB900680623D1
:107A000003222946F5F72AFA60680623032229464D
:107A1000F5F724FA012038BD30B5A2F58075AD0820
:107A20000124AC400C4207D0815829B1002181507B
:107A300082581A6822431A6030BD13B500230C46E1
:107A400001934FF4A47201ABFFF7E6FF21464FF418
:107A50008272FFF7E1FF21464FF49272FFF7DCFFDD
:107A600021464FF4A872FFF7D7FF21464FF4A672C4
:107A7000FFF7D2FF21464FF4B072FFF7CDFF4FF46E
:107A8000AE722146FFF7C8FF019802B010BD07B5DE
:107A9000019001A8F5F7F8FC019A01239340C0F882
:107AA000083503B05DF804FB4FF48C72002101F03F
:107AB00094BE18B14FF48C71F6F79EBD704710B4A8
:107AC0000C46012C11461A4608D81CB95DF8044B27
:107AD000F6F766B85DF8044BF5F7A4BE6FF020002A
:107AE0005DF8044B70472DE9FF4701291E4680468B
:107AF000DDE90C34154658D882B32A0758D100293D
:107B000049D10DF110091D44EC461A4603F1100A43
:107B1000674610685168E646AEE8030008325245F1
:107B2000F446F6D1224619464046F6F739F8B0B980
:107B3000335822585340235004301028F8D132468D
:107B40003B4603CB4B45106051601F4602F10802D3
:107B5000F6D1AA45534604F11004D5D1002004B053
:107B6000BDE8F087C25851F803C082EA0C02E25027
:107B70000433102BF6D1224621464046F5F752FE3B
:107B80000028ECD1103D04F11003214606D01C461C
:107B90000023781BE6E731465F19F9E754F8042B18
:107BA00046F8042B9C42F9D1D8E76FF02000D6E7C5
:107BB0006FF02100D3E710B50446FFF77AFF2046A7
:107BC000BDE81040F6F72ABD10B54FF48C710120C6
:107BD000F6F71EFD044608B1FFF766FF204610BD0C
:107BE000F5F79CBDF5F7CEBCFFF77DBFFFF767BF8C
:107BF0004822002101F0F1BD10B5044608B1F6F7A6
:107C0000FBFC2046BDE81040F6F708BD08B5F7F7C5
:107C100049F8002818BF6FF0040008BD38B50846C1
:107C200014461D461146DDF779FE08B92C6038BDB3
:107C30006FF08300FBE730B587B01D460DF11703E9
:107C400003920024009303AA0DF116038DF8174048
:107C5000F6F7EAFC50B99DF8170005B128709DF8B9
:107C600016200399F6F75AF907B030BD2046FBE716
:107C700000230B606FF0860070472DE9F3474768DB
:107C80003F0ADDE90A9A04460D461646984611D188
:107C9000CDE9009A00F018FE10F1860F0CD1434692
:107CA000324629462046CDE90A9A02B0BDE8F0479F
:107CB00000F094BA6FF0860002B0BDE8F087009B38
:107CC000F6F714BD009BF6F711BD38B51C460368E6
:107CD000154623B1F6F7CEFC00B9256038BD6FF02C
:107CE0008800FBE72DE9F04194B004460D461E469E
:107CF0004C22002101A8DDF86C801D9F01F06DFD74
:107D0000214633462A4601A8F6F7F0FC044648B956
:107D1000B8F1000F0DD11C993A4601A8F6F7AAFC5C
:107D2000044678B101A8F6F7C7FC204614B0BDE8B8
:107D3000F0811A99424601A8F6F718FD044600287A
:107D4000E9D0EFE71E9B1F60ECE700F4E040B0F5E0
:107D5000805F04D0A0F5005358425841704701207D
:107D600070473AB1002918BF0023D21A21211844C4
:107D700001F033BD704738B513464FF480420D46CD
:107D8000F6F77EFE044640B9286843681B0A04D013
:107D900000F049FD2C606FF08504204638BD2DE9C8
:107DA000F04F89B09B4600238DF81B30159BDDF802
:107DB0005080002B91460B460E460CBF4FF40062DC
:107DC0004FF4806207A9DDE912A7F6F759FE0446D1
:107DD00008BB079D0DF11B0229883046F6F7BEFE51
:107DE0000446C0B99DF81B30BB4226D868686A6E4D
:107DF000000A05F1200123D1CDE90338CDE901BA0C
:107E0000CDF8009033462846FFF76CFF10F1860F3F
:107E1000044600D008B1C8F80070D8F800303A46DF
:107E200021465046FFF79DFF079800F0FCFC002C10
:107E300018BF204609B0BDE8F08F6FF08904EAE76B
:107E40006FF08604E7E72DE9F341002313604668ED
:107E5000D0F8148004460F463046114600F0E5FC89
:107E6000054688B9304600F0E2FC054660B9F6B236
:107E700076B9B8F1000F05D1A06820F47F4020F05A
:107E8000030060B16FF08605284602B0BDE8F081BE
:107E90000146606900F0A1FC0028EDD1F2E762889C
:107EA0004FF6F8739A4219D894F80480B8F1000F8D
:107EB00000D101A83946F6F78BFF05460028E3D12B
:107EC0000FCC3F683E460FC694E8030086E80300E7
:107ED000B8F1000FD8D1019B7B61D5E76FF0850524
:107EE000D2E7434213F07F0306D0722B24D0712BCC
:107EF00058DD6FF08300704710F1720F1CD010F145
:107F0000710F1CDA10F5C44F3DD00BDC10F5C64FD5
:107F10003CD010F5C54F42D010F5C74FE9D16FF0F6
:107F20009600704710F5C34F33D0E2DB10F5C24F17
:107F300035D010F5C14FDCD16FF08500704710F1DE
:107F40003B0F11DA10F13D0F26DA10F16E0FE6D07B
:107F500010F1400F20D010F1700F08BF6FF09200A9
:107F600018BF6FF083007047002820D0C1DC10F1EB
:107F7000210F14D010F1200FDED010F1220F08BF16
:107F80006FF08500ECE76FF0950070476FF094009C
:107F900070476FF08C0070476FF0930070476FF080
:107FA000860070473B2BC3F10000CBDCDFE7704756
:107FB00041F2052398421AD8B0F5905F09D241F2F8
:107FC000010398420CD0B0F5885F09D06FF08500AE
:107FD0007047A0F5905080B22923C340DB07F5D548
:107FE00011F0070F0CBF00206FF086007047B0F54E
:107FF000105FEBD121F04003802B06D0B1F5807FDC
:108000000CBF00206FF08600704700207047F8B565
:1080100004460F4600881E46154692B1FFF795FEAE
:1080200078B1089BD10019602088FFF7C1FF044692
:1080300028B93946304601F0A8FB079B1D60204651
:10804000F8BD6FF08504FAE72DE9F04F476885B079
:108050003F0ADDE90E9ADDF840B004460D461646AB
:10806000984615D1CDE901ABCDF8009000F0E6FBC4
:1080700010F1860F0ED14346324629462046CDE9FF
:108080000FABCDF8389005B0BDE8F04FFFF7BFBF9C
:108090006FF0860005B0BDE8F08F10B5436E044662
:1080A0001BB141212030F6F7A7FA0020606610BD11
:1080B00038B50546FFF7F1FF2B7E012B04460ED0A5
:1080C000023B012B0ED8EB69012B18BF6FF0960411
:1080D00068220021284601F080FB204638BDEB696C
:1080E000002BF2E76FF09604F2E713B50446A0B157
:1080F00001A9F6F7B5FE044678B90198037E022B74
:108100000ED1032303760379FF2B08BF6FF084049D
:1081100000F074FB002818BF0446204602B010BDD2
:108120006FF09604F4E770B514460288049E10467A
:108130001D46FFF70AFE68B922F4405044F20103DD
:10814000984207D002F44F42B2F5824F02D0B2F506
:10815000844F0ED1B4420FD82246284601F015FBB9
:10816000321B0021281901F038FB059B00201C6000
:1081700070BD6FF08500FBE76FF08900F8E72DE92F
:10818000FF4188461F4616462AB300233B60012262
:1081900003A9F6F775FC044658B9039D6B686A6E2F
:1081A0001B0A05F1200108D0284600F03CFB6FF0C7
:1081B0008604204604B0BDE8F0814346CDE900675F
:1081C0002846FFF7B0FF0446284600F02CFB002CA1
:1081D00008BF0446EDE76FF08904EAE770B514467E
:1081E0000288049D02F4E040B0F5804F1CD122F4D7
:1081F000405644F20100864207D002F44F42B2F5E5
:10820000824F02D0B2F5844F0ED1AC420FD818463F
:10821000224601F0BAFA2A1B0021204401F0DDFABF
:10822000059B00201C6070BD6FF08500FBE76FF0C0
:108230008900F8E7F0B50F4685B01E46154612B323
:10824000002333601A4603A9F6F71AFC044638B92E
:10825000039803885B0406D400F0E5FA6FF0860407
:10826000204605B0F0BDCDE900563B46426E00F118
:108270002001FFF702FD0446039800F0D4FA002C19
:1082800008BF0446ECE76FF08904E9E72DE9F04107
:108290001F4688B00023CDE90533064688463B607B
:1082A0001546002A57D0B2F1005F57D206AA05A999
:1082B000FFF7C9FD044638B9059A536E83B9736850
:1082C0001B0A07D06FF08604059800283FD0FFF7FF
:1082D000EFFE3CE0412D02D96FF08504F4E75566CE
:1082E0005388079307AB029302F164030193536E23
:1082F0000093414602F1200330462A46FFF7A4FED0
:1083000004460028E0D10599079B4A88D2B94B80E2
:108310000799059A4FF6F8739942DDD8338813B15F
:1083200011889942CED1738813B151889942C9D12D
:1083300053693B60137E012B07D000233B606FF035
:108340009604C1E79A42BDD1E2E7022313762046A4
:1083500008B0BDE8F0816FF08604F8E76FF085049F
:10836000F5E710B50446006868B101280CD104F1A6
:108370000800F6F7A1F900232360A38823F4FF7314
:1083800023F00103A38010BD6FF08600F3E72DE911
:10839000FF4105469846002303932B68084617467D
:1083A000002B3CD1B8F1000F134603A914BF4FF4C2
:1083B00080624FF40062F6F763FB044688BB039EBD
:1083C0002A1D31883846F6F7C9FB044648BB6B794D
:1083D00068F300036B71736E716806F12002B8F1E7
:1083E000000F13D0090A23D10097314605F1080088
:1083F000FFF765FC0446A0B9012303982B6000F049
:1084000012FA0446204604B0BDE8F081090A0FD1F3
:108410000097314605F10800FFF754FCEAE76FF0DA
:1084200088042846FFF79DFF039800F0FCF9E9E770
:108430006FF08604F5E70123FFF7A9BF38B50546BD
:10844000006898B112B90024204638BD01280AD12D
:1084500005F10800F6F78AF904460028F3D028460B
:10846000FFF77FFFF0E76FF08604F8E76FF088040E
:10847000EAE72DE9F041054600680E4617469846A2
:10848000C8B16A79D20716D52A79A2B1BA4215D8ED
:10849000012816D105F10800FFF717FC044698B132
:1084A0000023C8F800702B71A6B92846FFF759FFC2
:1084B0002046BDE8F0816FF08804F1E76FF0890491
:1084C000EEE76FF08604EBE726B92846BDE8F041F9
:1084D000FFF747BF2146D8F800303A463046FFF74D
:1084E00040FC2846FFF73DFF002C08BF0446DFE7AD
:1084F0001FB501240394089C0294079C0194069CD8
:108500000094FFF74CFC04B010BD036819430CBF86
:108510000120002070472DE9F04786B007469A46B3
:108520000023059307F0FE43B3F1106FDDE90E5809
:10853000109E084691460BD0002D46D13560284646
:1085400000F071F96FF08604204606B0BDE8F087B0
:108550003A4605A9FFF70FFC044628B175BB356004
:10856000059800F060F9EFE705990B8823F0FF0309
:10857000B3F5E24F02D0B3F5E44F0CD14B8807338B
:10858000B8EBD30F07D21DBB3560084600F04BF99E
:108590006FF08904D8E7CDE90186009553464A4635
:1085A0003846F6F731FA04463DB90598356000F0D3
:1085B0003AF9002C08BF0446C6E760B14146284698
:1085C000F6F704FAC6F80080CAE76FF08604F5E70C
:1085D0006FF08904F2E7059800F025F90446B3E747
:1085E000F6F7F4B908B50088DDE90221FFF7ADFB25
:1085F00020B1BDE808401046F6F7E8B96FF08500F5
:1086000008BD2DE9F04F8BB01F46DDF850800023E8
:10861000C8F80030CDE90733438805460E46914639
:10862000002B00F0D380038803F4E043B3F5804FC0
:1086300000F0CC8039463046FFF767FF002800F095
:10864000C58008AA07A92846FFF7FDFB044628BBFA
:10865000079A6B68526E002A3DD11A0A40F0898051
:10866000B5F800A069885046FFF76FFB78B1504617
:10867000FFF79EFC044688B90AF4E043B3F5805F37
:1086800002D0B3F5005F10D10731CA081DE02AF00F
:10869000FF03B3F5E24F5FD06FF085040798002821
:1086A00000F09080FFF704FD8CE00AF44F43B3F52F
:1086B000844FE9D047F201039A4531D1490801318D
:1086C000C90801EBC10101F13B020992099B079A1C
:1086D000412BE1D85366079B9A4603F1200B6B6848
:1086E0005AF8642F1B0A65D12B88590449D4CDE967
:1086F000012ACDF800B03B464A4631462846FFF7EE
:1087000071FF0446079B002C56D15A69C8F8002017
:108710001A7E012A54D0C8F800406FF09604BDE7D5
:1087200044F201039A4503D1C90801F11002CCE7D4
:1087300047F202039A4505D1C90801EB410101F155
:108740005A02C2E744F202039A4505D1C90801EB77
:10875000410101F14A02B8E72AF0FF00B0F5E24F0B
:1087600092D0B0F5824F01BFCC1DE4086400621CBA
:10877000ABE709A92846FFF77BFA04460028A5D0F5
:108780008CE703F44F41B1F5824FB0D147F212119B
:108790008B42ACD16B88B3F5807FA8D15346594644
:1087A0002846059200F0B7F810F1860F059A0446A6
:1087B000A8D19CE76FF086040798FFF76EFC6DE781
:1087C00002221A7620460BB0BDE8F08F6FF08604C7
:1087D000F8E71822002101F000B803466FF040428C
:1087E0000846591E914207D338B103F140439342E2
:1087F0008CBF00200120704701207047034668B1FC
:10880000017E8A1E012A0BD80329C26903D1012ADD
:1088100001D1FFF74DBC1AB1013ADA61002070476F
:108820006FF096007047FFF7E9BF00207047C0B2B5
:10883000002814BF6FF0850000207047F8B5089F2E
:108840001E463B680D46144663B1B3F5807F38D1B0
:10885000038844F21212934223D1412C09D06FF0C5
:108860008600F8BD038844F2121293420FD1412CC6
:1088700027D1681C00F04AFA0028F0D14FF4807329
:108880003B60069B9C4213D96FF08900E9E747F2F1
:108890001212934215D1202C13D1284600F044FA2D
:1088A000EAE747F2121293420BD1202CD7D1F4E71A
:1088B00022462946304600F068FF079B00201C60D6
:1088C000CFE76FF08500CCE770B5044618462688E0
:1088D0006488B4F5807FDDE9043513D147F21214C2
:1088E000A6420FD1202A10D1402B11D9042300F821
:1088F000013BF6F7DFFC08B941232B60BDE870406F
:10890000F6F7C4BA6FF0850070BD6FF08600FBE724
:108910006FF08900F8E730B5202A91B00846144678
:108920001D4609D16946F6F777FC00B92C6011B0F5
:10893000BDE83040F6F7AABA6FF0890011B030BD3B
:1089400070B51446202CDDE90426DDE90603089DF8
:108950000CD1412E0AD11F2B0BD90132F6F77EFC28
:1089600000B92C60BDE87040F6F790BA6FF0860051
:1089700070BD6FF08900FBE740F8041B1C2200214A
:1089800000F02BBFF0B5002405462646204652F8DD
:10899000247051F82430DB1946EB06071B1845F804
:1089A000243004F1010447F10000082CEFD1F0BDA0
:1089B000002370B50646184652F8235051F823405C
:1089C000641B65EB0505241A46F8234003F10103F7
:1089D00065F10005082BC5F10000EDD170BD70B543
:1089E00004395642041F013A1C3054F8043F51F830
:1089F000045F134035402B4384422360F5D170BDA2
:108A0000002330B50446184654F8232051F823506B
:108A100001336A40082B40EA0200F5D130BD70B541
:108A200004460568166800200346E1FB665325608E
:108A300056686568E1FB665365609668A568E1FB6A
:108A40006653A560D668E568E1FB6653E560166984
:108A50002569E1FB6653256156696569E1FB66534B
:108A600065619669A569E1FB6653A561D569E2690F
:108A7000E1FB6523E261226A9B182362404170BDDD
:108A800010B50438A1F120024B7F0C7F1B0443EA90
:108A90000463CC7F23438C7F043943EA04238A4256
:108AA00040F8043FF0D110BD0B1F1C3153F8042FC8
:108AB000120E02775A8842771A68120A82771A6869
:108AC000C2778B42A0F10400F0D1704770B588B036
:108AD0001E460446FFF756FF3246054621466846C5
:108AE000FFF766FFC0F101022A4369462046FFF7FF
:108AF00076FF08B070BD2DE9F04F8BB00E460746EB
:108B000091460021242201A8D3F840A0984600F005
:108B100064FEA6F1040B1C36D9F800305BF8041F84
:108B2000019D4A4601A803FB0155FFF778FF0AFBA8
:108B300005F504464246294601A8FFF770FF01AA41
:108B400004440823516842F8041B013BFAD15E45F6
:108B50000994E1D1424601A93846FFF729FFC0F147
:108B600001022243C2F101023846FFF738FF0BB081
:108B7000BDE8F08F0B4601F120020146FFF7BBBFB5
:108B800030B589B004460D4668460121FFF7F4FE72
:108B90002B466A4621462046FFF7ADFF09B030BD9F
:108BA00038B504461546FFF7E7FE29462046BDE8DE
:108BB0003840FFF7DFBF2DE9F04389B01446064681
:108BC00001226846FFF70BFF224601213046FFF7DE
:108BD000E7FF25682746023D04F11C094FF02008F5
:108BE000EB0705D523466A4631463046FFF783FF3B
:108BF00023466A4669466846FFF77DFFB8F10108DB
:108C00004FEA5505ECD14F4502D057F8045FE5E730
:108C100009B0BDE8F08330B589B004461546684612
:108C20000122FFF7DCFE29466846FFF7A9FF6946E7
:108C30002046FFF739FF09B030BDF0B599B00446C2
:108C40000D461646114668461F46F6F72BF9324682
:108C5000694608A8F6F726F93A4669466846F6F7DF
:108C600021F908A91E9A0846F6F71CF9224669461A
:108C70006846F6F75FF908A92A460846F6F75AF952
:108C80006A4631463046F6F70DF96A46694610A83D
:108C9000F6F708F96A4610A96846F6F703F910A92D
:108CA00022460846F6F7FEF808AA11462046F6F7CF
:108CB000F9F810AA21462046F6F73CF910AA2146F9
:108CC0002046F6F737F96A4621462046F6F732F98C
:108CD00010A922460846F6F72DF910A908AA084659
:108CE000F6F7E0F82A4669466846F6F7DBF86A4682
:108CF00010A92846F6F71EF919B0F0BD08B5FFF720
:108D00006FFC003818BF0120404208BD00B591B08B
:108D1000024608A96846F6F721F9002818BF6FF047
:108D2000010011B05DF804FB10B588B0014668463B
:108D3000F6F7E0F8202104466846F5F75DFC002CC4
:108D40000CBF20466FF0020008B010BD08B1DCF780
:108D5000CFBD7047704740B1C368587810F001002C
:108D60001EBF1878B0FA80F040097047EFF3118306
:108D7000202383F31288BFF36F8FFEE708B5FFF758
:108D8000F5FF10B5D0E9003433B90020E26853781C
:108D900043F00103537010BD204698470028F4D0DB
:108DA0000028B8BF4042E368FF28A8BFFF20187022
:108DB000ECE700F012BD00F0E8BC704710B400F121
:108DC0000C04C0E903445DF8044BF9F75CBD2DE9E0
:108DD000F04F89B0DDE9126705463B46914606A88B
:108DE0003246059100F007FCDDE9063405F1140A6E
:108DF000CDE90234EFF311844FF0200888F3128894
:108E0000BFF36F8F05F10C0B05994A462846F9F719
:108E1000D2FC30B184F31188BFF36F8F09B0BDE885
:108E2000F08F3E43F6D0DDE9022306A800F007FCF0
:108E3000DDE906675A46CDE9006721465046F7F757
:108E4000F1F9EFF3118488F31288BFF36F8FDBE73A
:108E500038B50446EFF31185202383F31288BFF35E
:108E60006F8FF9F770FC04F10C0000F035FB30B1A6
:108E7000294604F11400BDE83840F7F74FBA85F3EE
:108E80001188BFF36F8F38BD4169836843EA0102DF
:108E900012F003020FD1C2600269013A01FB0233F2
:108EA00082689A4201D900207047C2681A604269FC
:108EB000C3609B1AF4E76FF0150070472DE9F0418D
:108EC00005460F46EFF31188202383F31288BFF382
:108ED0006F8FC668F6B90468A0421BD0D4B1D4E93C
:108EE000003213605A60637BA66023F00203637351
:108EF000C4E9006604F1180000F056FB2046E6675E
:108F0000676100F08AFA414605F10800BDE8F041CA
:108F1000F7F704BA3E60AB69EF60013BAB6188F3E1
:108F20001188BFF36F8FBDE8F08108B52024EFF3FF
:108F3000118384F31288BFF36F8FFAF763FCF6E7AF
:108F4000D0E9003213605A60427B002322F0020213
:108F5000C0E9003342738360704790F90E308B4252
:108F600001D0F7F78BB90020704703460020C3E912
:108F70000200C3E900337047D0E9003213605A6041
:108F8000427B002322F00202C0E900334273836077
:108F900070472DE9F843914604469DF820200D4680
:108FA00000F10807EFF31186202181F31288BFF347
:108FB0006F8F02B14568D4F80880474518D0B8F1E2
:108FC000000F15D04046FFF7D7FF08F1180000F05A
:108FD000EBFA0023C8F87C30C8F81490404600F043
:108FE0001CFA38463146F7F799F90020BDE8F883B6
:108FF000ABB108210020F7F7EFFD002838D001229F
:10900000C0F804900260016801F003015DB92268B4
:109010000A430260626820606AB960600BE0C9F8C8
:1090200000304846EFE72A68032A16D801606168D5
:1090300069B9C4E90000042104F1100000F07FFBCD
:109040000028CED186F31188BFF36F8FCEE70A6870
:1090500002F0030202430A60DFE722F003020A4340
:1090600002602A6802F0030240EA02032B60E2E792
:109070006FF00B00E6E710B5044630B102689307C5
:1090800003D0446809B100F079FB204610BD0023ED
:10909000C0E9003300F10803C0E9023300F1100316
:1090A000C0E904337047F8B500F10806EFF3118703
:1090B000202383F31288BFF36F8F8568AE4200F1DF
:1090C000100417D0B5B12846FFF756FF05F1180078
:1090D00000F06AFA00232846EB676B6100F09DF907
:1090E0000821204600F02BFB39463046BDE8F84009
:1090F000F7F714B90821204600F021FB0028F3D12E
:1091000087F31188BFF36F8FF8BD07B50123009374
:1091100000230A461946FFF73CFF03B05DF804FB45
:1091200007B500230A4600931946FFF732FF03B044
:109130005DF804FB00680021FFF79DBF5AB18A4229
:1091400009D300F11003C0E90212C0E90000C0E930
:109150000433002070476FF0150070470268012348
:109160008B4022EA0303036022FA01F000F00100C1
:109170007047704710B5032104460C30FFF7EEFF2F
:1091800030B104F1100000F00FFAB0FA80F040099D
:1091900010BD20B100221146D03000F0CAB970478E
:1091A00070B5C368C3F340069B07044616D48568B0
:1091B00002210C30FFF7D2FF80B1D5F8C8206AB188
:1091C00094421DD122689EB9D5F8CC30C5F8C8208C
:1091D0009C4201D1C5F8CC2000232360E36813F042
:1091E0001F001EBF43F00203E36040F0020070BDA9
:1091F0003260D5F8CC20944208BFC5F8CC60EBE7CC
:1092000016461268DBE773B50446EFF31185202399
:1092100083F31288BFF36F8F0023A0F110060321A0
:1092200004380193FFF79AFF28B1A369019301A9BC
:109230003046F6F72FFD85F31188BFF36F8F02B02C
:1092400070BD38B504460D461022002100F0C5FA65
:10925000656038BD13B501900846EFF311842023F3
:1092600083F31288BFF36F8F01A9F6F713FD84F320
:109270001188BFF36F8F02B010BD10B5FFF7EAFF82
:10928000041E08DDEFF31180202383F31288BFF35F
:109290006F8FF7F755F8204610BD70B50D46EFF308
:1092A0001186202383F31288BFF36F8FF6F74CFDEE
:1092B000044686F31188BFF36F8F38B14FF0FF3249
:1092C0004FF0FF3305F11000F6F7A0FB204670BD0C
:1092D00008B5E822002100F080FA08BD38B5302238
:1092E00004460D46002100F078FA4FF48073656063
:1092F000E36038BD38B50446EFF31185202383F3CE
:109300001288BFF36F8FFFF735FF2046FFF748FF46
:1093100085F31188BFF36F8F38BDF8B504460D464D
:10932000EFF31186202383F31288BFF36F8FC36896
:1093300003F01F03002B14BF0127002705D186F37C
:109340001188BFF36F8F3846F8BDFFF713FF204633
:10935000FFF726FF29462046F6F77EFC86F31188A4
:10936000BFF36F8F0028EED04FF0FF324FF0FF3386
:1093700005F10800F6F74AFBE5E7D0E90032136093
:109380005A60427B002322F00202C0E9003342739C
:1093900083607047EFF30580003818BF01207047E5
:1093A0006FF057007047D0E9003213605A60002315
:1093B000C0E90033704708B5FFF7F5FF437B23F0A2
:1093C000020343730023836008BD38B504460D468D
:1093D000F6F7B6FE637B43F002036373E5B1A56065
:1093E0002B689D4209D16B68C4E900531C606C6016
:1093F00012E06A689A42F6D01B68002BF3D094F909
:109400000E2093F90E108A42F3D09142F1DD5A6892
:10941000C4E9003214605C6038BD10B5EFF311840C
:10942000202383F31288BFF36F8FF6F747FE84F390
:109430001188BFF36F8F10BD08B5EFF311812022A3
:1094400082F31288BFF36F8F83680BB1FFF7B3FF0E
:1094500081F31188BFF36F8F08BD10B50146EFF39C
:109460001184202383F31288BFF36F8F437B13F0A3
:10947000280F0AD183680BB1FFF79DFF4B7B23F0C8
:1094800004034B730846F6F719FE84F31188BFF303
:109490006F8F10BD01211838FFF7DFBF08B50346F5
:1094A000EFF31181202282F31288BFF36F8F0068DF
:1094B000834207D008B1FFF77EFF81F31188BFF325
:1094C0006F8F08BD0020F8E710B5FFF7B5FFBDE8C6
:1094D0001040183000F068B838B504680546AC4252
:1094E0004FF0000000D138BD002CFCD02046FFF723
:1094F000EBFF2046FFF791FF2C680120A542F1E722
:1095000038B50C460546F6F7C3FFB4F1FF3F08BF78
:10951000B5F1FF3F1FBF47F6FF7300224FF47A718A
:10952000C0FB01321ABFD80B40EA42404FF0FF3077
:1095300038BD38B5EFF31185202383F31288BFF3CC
:109540006F8F0468A04212D09CB1E167626120462F
:10955000FFF731FF04F1180000F026F82046F6F777
:10956000ADFD012085F31188BFF36F8F38BD00205A
:10957000F8E72046F6E710B5F7F748F90446F7F79D
:109580004DF974B1D4E904321B1A62EBE072B3F105
:10959000004F72F1000104DA002AACBF1846002027
:1095A00010BD6FF00040FBE738B50246EFF31185C0
:1095B000202383F31288BFF36F8F036893B1F7F70B
:1095C00025F904461046F7F733F9844204D1FFF732
:1095D000D2FF0021F2F7F4FD002085F31188BFF3DC
:1095E0006F8F38BD6FF01500F7E708B5F7F70AFA87
:1095F00008BDF7F707BAB3F1FF3F08BFB2F1FF3F6D
:1096000070B504461D46164613D01A4315D06FF0A8
:109610000102921B4FF0FF3363EB0501002904DACE
:10962000F7F7F0F9821941EB0501C4E90021204662
:1096300070BD4FF0FF321146F7E70022FBE7B3F1B0
:10964000FF3F08BFB2F1FF3FF8B5074616461C467C
:1096500010D054EA020311D0F7F7D4F9B0420A4609
:10966000A14103460AD2F31A64EB0204C7E90034AD
:109670003846F8BD4FF0FF331C46F7E70023FBE701
:1096800010B50446FFF790FFA8B9636A0BB12046F6
:10969000984704F11800FFF701FF60B1FFF7BDFE26
:1096A000EFF31180202383F31288BFF36F8FBDE89F
:1096B0001040F6F745BE10BD2DE9F041846805461F
:1096C0000E46D4B16378012B22D114F8533C9A078B
:1096D00011D5A4F160073846FFF7F6FE082E0CBF3F
:1096E0006FF003030023E36114F8533CDB0602D15F
:1096F0003846FFF792FE00232370EB68C3F38632EF
:109700001643002066F39433A860EB60BDE8F08157
:10971000022BF0D12378002BEDD054F8048CB8F153
:10972000000FE8D004F11400FFF73EFFA4F1140786
:109730000023E36239464046FFF78CFDDBE738B58E
:10974000EFF31185202383F31288BFF36F8F046832
:10975000A04211D0D4E9003213605A600023C4E95A
:1097600000332046FFF7A8FF85F31188BFF36F8F02
:10977000201E18BF012038BD0024F5E720B1011FCD
:1097800050F8040CFFF764BB70470A44914200F1A3
:10979000FF3300D1704710B511F8014B03F8014FAA
:1097A0009142F9D110BD884210B501EB020402D9F3
:1097B0008442234607D8431EA14208D011F8012B4A
:1097C00003F8012FF8E7024401468A4200D110BD98
:1097D00013F8014D02F8014DF7E7024403469342A6
:1097E00000D1704703F8011BF9E710B501390244B5
:1097F000904201D1002005E0037811F8014FA34207
:1098000001D0181B10BD0130F2E710B56AB1013963
:10981000841810F8012B11F8013F9A4203D1A0429D
:1098200001D0002AF5D1D01A10BD1046FCE710B5C2
:10983000024601448A42134603D01C780132002CB0
:10984000F8D1181A10BD2DE9F047C3F137090746C2
:1098500088465FFA89F903F01F0516464FF0000AA3
:10986000384641462A465346D6F74AFCD4B2092C1C
:1098700088BF4C443A46434688BFE4B2AA4204F14A
:10988000300473EB0A0306F8014B07468846E7D21B
:109890003046BDE8F0872DE9F04F89B006189946AB
:1098A00004AB41EB0104009315463046D2E9002396
:1098B0002146DDF84CB000F0ABF806AB0093D5E9DB
:1098C0000223074688463046214600F0A1F8DDE92C
:1098D0000463841951EB0306069BD5E900014FF0A0
:1098E000000228BF0122D218079B43F10003381859
:1098F00048EB0101B84271EB0801E9680391A968DE
:1099000034BF0120002014EB010C039946EB010148
:1099100010EB0C0041F10001A04271EB060C34BFCA
:109920004FF0010C4FF0000CCDE90623A9F1410ADC
:109930001CEB020243F10003CDF800A000F083F815
:10994000129BC3E90001149B012BDDE9062329D1F9
:10995000D5E90201D5E900C5201A66EB010167458A
:1099600078EB050534BF01250025401B61F100019E
:10997000844276EB010534BF01250025521BCDF84A
:1099800000A063F1000300F05EF8DDE90623CBE9F7
:109990000001CDF800A02046314600F054F809B08F
:1099A000BDE8F08F17EB070E48EB080C201946EBCB
:1099B0000601BE457CEB080834BF01270027C71904
:1099C00041F10008D5E9000186457CEB010CD5E9A1
:1099D000021534BF01200020381A68F1000C401A2B
:1099E0006CEB050192185B41A74278EB060534BF8A
:1099F00001250025521943F10003874278EB010845
:109A000034BF01250025521BA9F140050095B8E798
:109A1000F0B50F460446A0FB0201A7FB025249190C
:109A2000A3FB044542F10002A7FB0373611845F153
:109A30000004D219059E43F10003121943F10003FB
:109A4000C6E90023F0BDF0B5059CC4F14007C4F1A0
:109A5000200602FA06F6A4F12005BB4022FA05F51D
:109A60003343C4F120062B4301FA06F6A4F1200586
:109A7000E04021FA05F53043BA402843E140104365
:109A80001943F0BD2DE9F04357EC106B3B463446CB
:109A9000C3F30A55C3F31303FE0F54EA030C067114
:109AA00040F2FF7707D0BD420CD146F008060671A0
:109AB0000020BDE8F083002D63D0BD425ED146F0AA
:109AC0000406F4E7002D59D10125A5F2FF35002940
:109AD000056059DB0C2959DCC1F10D05AD000126EB
:109AE00005F1FF3EA5F1210CC5F1210726FA07F784
:109AF00006FA0CFC06FA0EF64CEA070CB7194CEB0A
:109B00000C09D7F1000869EB490E013F49F1FF3913
:109B1000274009EA0309BE427CEB09090FDBC5F1C6
:109B20002009B5F1200703FA09F924FA05F545EAF9
:109B300009055CBF43FA07F73D43ED0703D5A619B6
:109B4000344643EB0C0304EA080403EA0E0300F175
:109B500012050D260846C2F127024FF0300E04F020
:109B60000F01240944EA037406F1FF3C1B116F1E28
:109B7000B1B9B0420CDA66463D46F0E743F48013D3
:109B8000A3E72C462B46A2E70021E0E70D21DEE704
:109B900085F800E01CF1010166463D46DFD188E70B
:109BA0000929C8BF89183031B0422970B8BF304682
:109BB000F0E7D1E9043293421EBF5A1C0A611870C3
:109BC00070470000014800687047000080C3002013
:089BD0006465FD7F0100000047
:109BD800E158000000000000B1AD0100789C0200CF
:109BE80081F5010000000000A5F50100000000005B
:109BF80089B70100A09C020089B701008C9C020073
:109C080073740200C89C0200E1B30100B49C020016
:109C18005DC00100000000000559000000000000C0
:109C280059560000000000000D7C020000000000F2
:109C3800D9FA010000000000E9AB0100F09C020025
:109C4800C5760200189D0200DDB40100049D0200E3
:109C580000000000DC9C02007D5C000000000000A9
:109C6800BDBD01002C9D0200293502000000000046
:109C780029CD0200A8BD0200589F02008E070020CF
:109C8800B0E6002071CD0200C0BD0200F49E0200C3
:109C98009607002098E700207FCD0200D8BD02007B
:109CA800F49E020098070020A4E7002038CD0200A7
:109CB80000000000D49E02009007002024E7002046
:109CC80048CD020000000000CC9E02009207002050
:109CD8000000000080AD0200000000004C9F020060
:109CE8008A070020C4D700201CCD02000000000015
:109CF800C09E02008C0700200000000057CD020023
:109D080000000000DC9E0200940700200000000014
:109D18008DCD0200F0BD0200189F02009A070020B6
:109D2800B0E70020A2CD020000000000309F020032
:089D38009C070020E4E7002075
:109D400065C50100A777020000000000EF370200A0
:109D500000000000EF37020005D30100A7770200E2
:109D600000000000EF37020000000000EF370200A3
:109D70002DCC0100A7770200F09C020035AC010059
:109D800000000000EF37020000000000EF37020083
:109D900000000000EF37020000000000357A0100EB
:109DA0002C9D02002DBD010024E7002051B40100CC
:109DB0000000000051A8010000000000EF37020081
:109DC00000000000EF37020000000000EDC00100BD
:109DD00000000000EF37020000000000EF37020033
:109DE00000000000EF37020000000000EF37020023
:109DF00000000000EF37020000000000EF37020013
:109E000000000000657A010000000000EF3702004A
:109E100000000000EF37020000000000EF370200F2
:109E200000000000EF37020000000000EF370200E2
:109E300000000000EF37020000000000EF370200D2
:109E400000000000EF37020000000000EF370200C2
:109E500000000000EF37020000000000EF370200B2
:109E600000000000EF37020000000000EF370200A2
:109E700000000000EF37020000000000EF37020092
:109E800000000000EF37020000000000EF37020082
:109E900000000000EF37020000000000EF37020072
:109EA00000000000EF37020000000000EF37020062
:109EB00000000000EF37020000000000EF37020052
:0C9EC00021A9010055AA01005802000071
:109ECC00777402000000000089B30100E1B20100C8
:109EDC00C17502000DB6010009B50100D5B4010031
:089EEC0045750200C5B4010038
:109EF4001DB80100E9750200F77502000F76020033
:109F04001B7602002776020089B601004176020022
:049F14000000000049
:109F18000977020000000000E1B90100000000001C
:089F28000000000029BB01004C
:109F300000000000000000000000000045BD01001E
:0C9F400001BD0100000000000000000056
:0C9F4C00A1EE000021ED000039F0000043
:109F580011AE0100CF73020031740200000000004E
:0C9F68006B73020000000000000000000D
:109F740005000000858500000000000006000000C8
:109F8400F1AB00000000000004000000158A00008E
:049F940000000000C9
:109F9800F13D0000413D000000000000000000000D
:109FA80000000000000000000000000000000000A9
:109FB800BCA80200080000005CA90200070000001D
:109FC80000A602000500000074A5020007000000BA
:089FD800CCA3020011000000FF
:109FE000F3C9020000000000000000003D5900001D
:109FF000D15B000000000000B0CC020001000000B6
:10A00000000000006D5B0200000000000000000086
:10A01000BFCC020001000000000000003D62020011
:10A0200000000000000000000FCA02000000000055
:10A0300000000000BD47000000000000000000001C
:10A04000B7CC020001000000000000003D960000B7
:10A05000E1A000000000000004CD020001000000AB
:10A06000000000007DBC000009BB000000000000F3
:10A07000C5CC02000100000000000000A59900000E
:10A08000C19A000000000000E9C9020000000000C1
:10A0900000000000F13A0000000000000000000095
:10A0A0000001060201000000000102010404040492
:10A0B0003FD00200000100005000A0000400900109
:10A0C00001030062746C65000000000000000000E5
:10A0D0000000000000000000000000000000000080
:10A0E0000000000000000000000000000000000070
:10A0F000000000000001000000000000000000005F
:10A100000338FDD870470000010000000000000087
:10A110000500000000000000190000000000000021
:10A120007D0000000000000071020000000000003F
:10A13000350C000000000000093D00000000000098
:10A140002D31010000000000E1F5050000000000D5
:10A1500065CD1D0000000000F90295000000000020
:10A16000DD0EE90200000000514A8D0E00000000E3
:10A170009573C24800000000E941CC6B010000006B
:10A180008D49FD1A07000000C16FF2862300000010
:10A19000C52EBCA2B1000000D9E9AC2D78030000A7
:10A1A0003D9160E45811000031D6E275BC560000C4
:10A1B000F52E6E4DAEB10100C9EA2683677808001E
:10A1C000ED95C28F055A2A00A1EDCCCE1BC2D3005B
:10A1D00025A4000A8BCA2204000000000000000031
:10A1E000000000000000001000000000000000005F
:10A1F000B9340332B7F4AD1410DB1AB30892540E1D
:10A200000D307D951447BA1A66088F4D26ADC66D80
:10A21000F598BF85E2B74511CA96853D92BD1DEB05
:10A22000FCA11860DCEF52163C92AE220BB8C1B410
:10A23000839D2D5B0562DA1C304C7E8F4E8BB25BAA
:10A2400016F4529F8B56A512FBD4827643ED8AF00A
:10A250008FE7F9311565191850F19BD94A13EEB4FF
:10A26000284CF0A686C1251F035FC270CB9E4916FD
:10A27000E642889C44EB2014B0650836AD6EA58597
:10A2800085F0CA14E2FD031A0B899979D5B13D090D
:10A29000D8DA973A35EBCF10AC363F5E73BB38CF88
:10A2A0003E6752FA44AFBA150100000000000000FA
:10A2B0000000000000000020345065C05FC9A652B5
:10A2C000BB13CBAEC440C21806C8DF7100D5A87C52
:10A2D000F56F0FDA58FC27136E4756357D2420653D
:10A2E00002C7E768E48CA41DE9E60268D7CD3961AE
:10A2F0007977FCC2405BEF16798CDE43FFA751F9FA
:10A3000091F3B278F5BDBE11E857E9D6E8BEE87B17
:10A31000B054AC8F848D751BEA23A499E9F9D38BD3
:10A32000B7A3714061DA3E15CEE33ECB73F948081E
:10A330008C97B427D51B7010A2BFEFB9EB853215EF
:10A340004DB44DB49BBB6F1996B6076CF8E7EEADF4
:10A3500036D9B4F59135AE13222218AF4E6A684D46
:10A3600091DAAA3D4F40741E9FBD9EE006A1C098A1
:10A3700057C2A7FDA40E90170E7D497173E3208F7D
:10A38000B220D87605143B12853D7434811343B056
:10A39000AD297A5F27F4351CA09C02001B00000049
:10A3A0008C9C020009000100000000000300000076
:10A3B000200300004803000000000000010100002D
:10A3C000E406002007100000D4060020F4C80200B4
:10A3D0008D5E0200000000004B070020000001001D
:10A3E000F0C8020093630200000000001803002080
:10A3F000000001003A0700200D3D000000000000B1
:10A40000F5FF002000000400ECC802005F5E0200BF
:10A41000B99B00000003002000000900E8C802000A
:10A420009363020000000000F80200200000010019
:10A4300029070020000000000000000000000000CC
:10A4400000000000E4C802005F5E0200B99B00004B
:10A45000E002002000000900E0C80200936302004F
:10A4600000000000D80200200000010018070020B2
:10A47000000000001D3C000000000000000008007B
:10A48000DCC802009363020000000000D00200203C
:10A4900000000100070700200D3D0000493C0000BE
:10A4A000DBFF002000000C00D8C80200936302000C
:10A4B00000000000C802002000000100F606002095
:10A4C0000D3D000000000000EEFF00200000040031
:10A4D000D4C802005F5E0200B99B0000B0020020F9
:10A4E00000000900D0C802009363020000000000D1
:10A4F000A802002000000100E50600200000000086
:10A50000000000000000000000000000CCC80200B5
:10A510005F5E0200B99B000090020020000009006D
:10A5200005000000000000000000000000C0000066
:10A53000049D02000100000000C000000070030044
:10A54000049D0200020000000030040000F0020040
:10A55000049D0200030000000020070000800000AE
:10A56000049D02000400000000A00700006000003D
:10A57000049D020020C902008D5E02000000000060
:10A580001CC902000000010018C902009363020008
:10A5900000000000380300200000010010C9020084
:10A5A000F3340200000000007207002000000100E8
:10A5B0000CC9020093630200000000003003002079
:10A5C0000000010004C90200F33402000000000092
:10A5D000FDFF00200000010000C90200936302009B
:10A5E000000000002803002000000100F8C802005D
:10A5F000F3340200000000005C07002000000100AE
:10A600003CC902008D5E02000000000038C9020053
:10A610000000010034C90200936302000000000042
:10A6200058030020000001002CC90200454800002A
:10A6300000000000000000000000010028C9020026
:10A640005F5E0200B99B0000400300200000030091
:10A6500024C90200016402000000000040C9020099
:10A6600000000100000000200000000000000B06B8
:10A670000200000078A602000000000016CA0200D6
:10A6800024000202000000201ECA020020000B115C
:10A6900089570000000000005D38020090A602000B
:10A6A000A8A60200000100007433012090A6020059
:10A6B000B8A602002E000000F440012090A602007F
:10A6C000C8A6020002010000D44101200E030000D0
:10A6D000E56800000F040000216900001A01000075
:10A6E000773C020005040000515E000013010000E9
:10A6F000293E0200FF010000C95E00003E0100008B
:10A70000E95E000005040000F53C020008040000BA
:10A710002540020030030000C53F02001001000088
:10A720004F3D020001120000656800000A1E000093
:10A730008942020003090000C33E0200040B00002E
:10A74000573D0200060A000077410200070A000098
:10A75000373D02000C0500001D3D0200050C000005
:10A76000B540020090A6020070A70200470000005A
:10A77000F442012090A6020080A702000000000021
:10A780002044012090A6020090A7020000010000D2
:10A79000484401205F4C0200614C020000000000B0
:10A7A0000000000000000000974E020000000000C2
:10A7B0000000000000000000000000000202010094
:10A7C0001F58020004040100359300000606010032
:10A7D0007592000008040100619100000A02010066
:10A7E000075802000C040100EF5702000E0401009C
:10A7F0003590000020040100998F00001004010032
:10A80000A98E0000120201002F5702001604010059
:10A810007B4F0200180101002D5402001E000400AD
:10A820000F590200520200005557020001040200B5
:10A830008594000003020200135902000501020082
:10A84000DD58020007040200E75802000901020077
:10A85000EB5802000B000200EF5802000D0002004E
:10A86000F35802000F000200F75802002102020014
:10A87000FB58020011010200FF5802001300020001
:10A8800003590200170402000759020019000200D0
:10A890000B5902001B020300914F02001D0205002C
:10A8A000C1560200230403007F4F020090A602005D
:10A8B000B8A8020002010000C047012074C90200CC
:10A8C0008D5E02000000000070C90200000001005F
:10A8D0006CC90200936302000000000070040020B5
:10A8E0000000010064C90200000000000000000038
:10A8F000000000000000000060C902005F5E02006E
:10A90000B99B000078040020000003005CC902002D
:10A9100093630200000000006804002000000100B2
:10A9200054C90200C55E020071610200000000000F
:10A930000000030050C90200936302000000000001
:10A94000600400200000010048C90200ED9F0000E3
:10A95000000000000000000000000100A0C902008B
:10A960008D5E0200000000009CC902000000010092
:10A9700098C902009363020000000000A0040020B8
:10A980000000010090C90200F55E02007F5B02003A
:10A9900070010020000009008CC9020093630200CE
:10A9A00000000000980400200000010084C902009B
:10A9B0001F5F020000000000000000000000010016
:10A9C00080C9020093630200000000009004002090
:10A9D0000000010078C90200319A00000000000068
:10A9E0000000000000000100E5B000002D70020032
:10A9F00075B800000000000000000000DDB6000097
:10AA00000000000000000000000000000000000046
:10AA10000000000000000000A1B1000006000000DE
:10AA2000376D020006000000D76C02001000000025
:10AA30001DAD000010000000E36F020001000000E7
:10AA40008569020010000000336D02000A0000005A
:10AA5000636A02001000000061B7000007000000F8
:10AA60003B6D020010000000096A020001000000B6
:10AA70003DB00000400000007B6C020010000000B0
:10AA8000576A020001000000574553545F544F506D
:10AA90004449522F7A65706879722F7375627379A1
:10AAA000732F626C7565746F6F74682F636F6E744B
:10AAB000726F6C6C65722F7469636B65722F746949
:10AAC000636B65722E6300007469636B65725F72FD
:10AAD0006573636865642D3E7469636B735F746F3F
:10AAE0005F657870697265203D3D2030550000003B
:10AAF000415353455254494F4E204641494C205BE7
:10AB000025735D20402025733A25640A000000006B
:10AB100028287469636B65725F7265736368656426
:10AB2000292D3E6578745F64617461202626202893
:10AB3000287469636B65725F726573636865642905
:10AB40002D3E6578745F646174612D3E7469636B3A
:10AB5000735F736C6F745F77696E646F7720213DEC
:10AB60002030552929000000574553545F544F5059
:10AB70004449522F7A65706879722F7375627379C0
:10AB8000732F626C7565746F6F74682F636F6E746A
:10AB9000726F6C6C65722F6C6C5F73772F756C6C59
:10ABA0002E630000216572720000000072780000C0
:10ABB000756C6C5F7265665F67657428756C6C5F39
:10ABC00068647229000000003000000072656C6546
:10ABD000617365203D3D20646F6E65002172657470
:10ABE00076616C0064656C7461203C3D2030207C93
:10ABF0007C206D656D5F6C696E6B5F72782E717510
:10AC00006F74615F706475203C20282833202B20EE
:10AC100030202B203129202B202832202A202831B7
:10AC200029292900636F6E6E5F6C6C6C0000000058
:10AC300021636F6E6E5F6C6C6C2D3E6C696E6B5F2A
:10AC400074785F66726565006D656D715F6C696EC5
:10AC50006B00000072782D3E6864722E7479706506
:10AC600020213D204E4F44455F52585F5459504576
:10AC70005F4E4F4E450000002163632D3E737461AB
:10AC80007475730072785F667265652D3E686472D4
:10AC90002E7479706520213D204E4F44455F5258F7
:10ACA0005F545950455F4E4F4E45000021636F6E13
:10ACB0006E2D3E6C6C6C2E6C696E6B5F74785F668B
:10ACC0007265650021726574000000006C6F6F7022
:10ACD00000000000574553545F544F504449522FD1
:10ACE0007A65706879722F7375627379732F626CED
:10ACF0007565746F6F74682F636F6E74726F6C6CB0
:10AD000065722F6C6C5F73772F6C6C6C5F636F6D0B
:10AD10006D6F6E2E6300000021657272207C7C20B6
:10AD2000657272203D3D202D313139005745535415
:10AD30005F544F504449522F7A65706879722F736F
:10AD400075627379732F626C7565746F6F74682F99
:10AD5000636F6E74726F6C6C65722F6863692F68B5
:10AD600063695F6472697665722E63004254205293
:10AD700058207072690000004254205258000000B0
:10AD800062745F6863695F636F6E74726F6C6C6529
:10AD9000720000005A6570687972204F5320763433
:10ADA0002E312E3000000000574553545F544F5051
:10ADB0004449522F7A65706879722F73756273797E
:10ADC000732F626C7565746F6F74682F636F6E7428
:10ADD000726F6C6C65722F6863692F6863692E638C
:10ADE000000000002828282875696E747074725F4E
:10ADF00074296E6F6465292025205F5F616C696727
:10AE00006E6F6628737472756374206E6F64655F0D
:10AE100072785F63632929203D3D203029000000BE
:10AE20002828282875696E747074725F74296E6F93
:10AE30006465292025205F5F616C69676E6F6628F5
:10AE4000737472756374206E6F64655F72785F638C
:10AE5000752929203D3D20302900000057455354D5
:10AE60005F544F504449522F7A65706879722F733E
:10AE700075627379732F626C7565746F6F74682F68
:10AE8000636F6E74726F6C6C65722F6C6C5F73772E
:10AE90002F756C6C5F6164762E63000068616E6470
:10AEA0006C65203C2031000028726574203D3D20F7
:10AEB0003029207C7C2028726574203D3D20322979
:10AEC000000000006164762D3E6C696E6B5F636309
:10AED0005F667265650000006164762D3E6E6F648A
:10AEE000655F72785F63635F66726565000000008E
:10AEF000216864722D3E64697361626C65645F638E
:10AF000062000000737461747573203D3D20302031
:10AF10007C7C20706172616D203D3D20756C6C5FA2
:10AF200064697361626C655F6D61726B5F676574A4
:10AF30002829207C7C2028636F6E6E6563746162B3
:10AF40006C6520262620216164762D3E6C6C6C2E6B
:10AF5000636F6E6E29207C7C20300000216C6C6C4D
:10AF60002D3E6C696E6B5F74785F6672656500007C
:10AF70006D61726B203D3D206164760021657272C7
:10AF8000207C7C2028657272203D3D202D3132309E
:10AF9000290000007265660028726574203D3D201E
:10AFA0003029207C7C2028726574203D3D20322988
:10AFB000207C7C202866705F6F705F66756E6320F2
:10AFC0003D3D202828766F6964202A2930292900F0
:10AFD0007064752D3E6C656E203E3D205F5F62752E
:10AFE000696C74696E5F6F66667365746F6620283E
:10AFF000737472756374207064755F6164765F61E9
:10B0000064765F696E642C206461746129000000BD
:10B01000574553545F544F504449522F7A657068D6
:10B0200079722F7375627379732F626C7565746FA3
:10B030006F74682F636F6E74726F6C6C65722F6CB7
:10B040006C5F73772F756C6C5F636F6E6E2E630031
:10B0500074785F627566000072782D3E6864722EA7
:10B060006C696E6B00000000737461747573203D31
:10B070003D203000737461747573203D3D20302095
:10B080007C7C20706172616D203D3D20756C6C5F31
:10B090007570646174655F6D61726B5F676574285C
:10B0A00029207C7C20706172616D203D3D20756C93
:10B0B0006C5F64697361626C655F6D61726B5F6721
:10B0C000657428290000000070203D3D20706172E9
:10B0D000616D0000287469636B65725F73746174DD
:10B0E0007573203D3D203029207C7C2028746963C5
:10B0F0006B65725F737461747573203D3D203229F6
:10B1000000000000657272203D3D2030207C7C20D4
:10B11000657272203D3D202D313230000970617220
:10B12000616D313A20257520706172616D323A206F
:10B1300025750A00636F6E6E2D3E6C6C6C2E686117
:10B140006E646C6520213D203078464646460000FE
:10B15000287469636B65725F737461747573203DE5
:10B160003D203029207C7C20287469636B65725FE8
:10B17000737461747573203D3D203229207C7C20DE
:10B180002828766F6964202A29636F6E6E5F6C6C65
:10B19000203D3D20756C6C5F64697361626C655F16
:10B1A0006D61726B5F676574282929006C6C6C5F38
:10B1B000747800007064755F74782D3E6C656E0065
:10B1C000216C696E6B2D3E6E657874005745535443
:10B1D0005F544F504449522F7A65706879722F73CB
:10B1E00075627379732F626C7565746F6F74682FF5
:10B1F000636F6E74726F6C6C65722F6C6C5F7377BB
:10B200002F756C6C5F6C6C63705F656E632E630092
:10B210006E746600574553545F544F504449522F43
:10B220007A65706879722F7375627379732F626CA7
:10B230007565746F6F74682F636F6E74726F6C6C6A
:10B2400065722F6C6C5F73772F756C6C5F6C6C63C1
:10B25000705F7068792E63006E74662D3E6864724C
:10B260002E74797065203D3D204E4F44455F525805
:10B270005F545950455F52455441494E000000000B
:10B280006374782D3E6E6F64655F7265662E7478A8
:10B29000000000006374782D3E646174612E707547
:10B2A0002E6E74665F646C655F6E6F64650000008F
:10B2B000636F6E6E2D3E6C6C6C2E726F6C65203DF4
:10B2C0003D20307830310000574553545F544F5083
:10B2D0004449522F7A65706879722F737562737959
:10B2E000732F626C7565746F6F74682F636F6E7403
:10B2F000726F6C6C65722F6C6C5F73772F756C6CF2
:10B300005F6C6C63702E63006374782D3E6F776E94
:10B31000657200006374782D3E6E6F64655F7265C0
:10B32000662E727800000000637478008931010095
:10B3300099310100A9310100B9310100000000007C
:10B3400000000000C931010071320100D931010053
:10B35000000000008132010000000000E93101001E
:10B360009132010000000000F9310100A13201001A
:10B3700009320100B1320100C1320100D1320100B5
:10B38000E1320100F1320100013301001932010004
:10B3900000000000000000000000000000000000AD
:10B3A0000000000061320100574553545F544F5074
:10B3B0004449522F7A65706879722F737562737978
:10B3C000732F626C7565746F6F74682F636F6E7422
:10B3D000726F6C6C65722F6C6C5F73772F756C6C11
:10B3E0005F6C6C63705F636F6D6D6F6E2E630000DA
:10B3F0006374782D3E70726F63203D3D2050524F34
:10B40000435F5445524D494E415445006374782D75
:10B410003E70726F63203D3D2050524F435F444168
:10B4200054415F4C454E4754485F55504441544544
:10B4300000000000574553545F544F504449522F69
:10B440007A65706879722F7375627379732F626C85
:10B450007565746F6F74682F636F6E74726F6C6C48
:10B4600065722F6C6C5F73772F756C6C5F6C6C639F
:10B47000705F6C6F63616C2E6300000063747820F2
:10B48000213D202828766F6964202A293029000070
:10B490006374785F686561646572203D3D20637404
:10B4A000780000006374782D3E6E6F64655F72658E
:10B4B000662E7278203D3D202828766F6964202A08
:10B4C000293029207C7C206374782D3E6E6F646562
:10B4D0005F7265662E72782D3E6864722E74797084
:10B4E0006520213D204E4F44455F52585F545950CE
:10B4F000455F52455441494E0000000057455354A2
:10B500005F544F504449522F7A65706879722F7397
:10B5100075627379732F626C7565746F6F74682FC1
:10B52000636F6E74726F6C6C65722F6C6C5F737787
:10B530002F756C6C5F6C6C63705F636F6E6E5F75A4
:10B5400070642E63000000006374782D3E6E6F649B
:10B55000655F7265662E7278203D3D202828766FE3
:10B560006964202A29302900574553545F544F50AD
:10B570004449522F7A65706879722F7375627379B6
:10B58000732F626C7565746F6F74682F636F6E7460
:10B59000726F6C6C65722F6C6C5F73772F756C6C4F
:10B5A0005F6C6C63705F63686D752E6300000000F4
:10B5B000574553545F544F504449522F7A65706831
:10B5C00079722F7375627379732F626C7565746FFE
:10B5D0006F74682F636F6E74726F6C6C65722F6C12
:10B5E0006C5F73772F756C6C5F6C6C63705F7265EA
:10B5F0006D6F74652E63000008020B020A030502DA
:10B60000000000000000000002020000060200002E
:10B610000403000000000903000000000103000013
:10B620000C03000007030000000000000000000001
:10B63000574553545F544F504449522F7A657068B0
:10B6400079722F7375627379732F626C7565746F7D
:10B650006F74682F636F6E74726F6C6C65722F6C91
:10B660006C5F73772F756C6C5F706572697068655D
:10B6700072616C2E630000007469636B65725F73A6
:10B680007461747573203D3D2030000073746174E3
:10B69000757320213D2031207C7C20706172616DAA
:10B6A000203D3D20756C6C5F64697361626C655F01
:10B6B0006D61726B5F6765742829000057455354AC
:10B6C0005F544F504449522F7A65706879722F73D6
:10B6D00075627379732F626C7565746F6F74682F00
:10B6E000636F6E74726F6C6C65722F6C6C5F7377C6
:10B6F0002F756C6C5F66696C7465722E6300000058
:10B70000726C5F696478203C20380000726C5B7258
:10B710006C5F6964785D2E74616B656E000000007B
:10B72000726C5B726C5F6964785D2E727061735FBE
:10B7300072656164790000006465766D61746368A8
:10B740005F6964203C20282873697A655F7429202A
:10B75000282828696E74292073697A656F662863C2
:10B760006861725B31202D2032202A202128215F40
:10B770005F6275696C74696E5F74797065735F631D
:10B780006F6D70617469626C655F70285F5F74795A
:10B7900070656F665F5F2866616C292C205F5F743F
:10B7A0007970656F665F5F28262866616C295B305B
:10B7B0005D2929295D29202D203129202B2028735E
:10B7C000697A656F662866616C29202F2073697A13
:10B7D000656F66282866616C295B305D29292929F7
:10B7E0000000000066616C5B6465766D617463687F
:10B7F0005F69645D2E74616B656E00006465766DD3
:10B80000617463685F6964203C20282873697A65E5
:10B810005F742920282828696E74292073697A6545
:10B820006F6628636861725B31202D2032202A20E8
:10B830002128215F5F6275696C74696E5F7479702D
:10B8400065735F636F6D70617469626C655F7028AA
:10B850005F5F747970656F665F5F28726C292C205A
:10B860005F5F747970656F665F5F282628726C2948
:10B870005B305D2929295D29202D203129202B20AD
:10B880002873697A656F6628726C29202F20736986
:10B890007A656F662828726C295B305D2929292911
:10B8A00000000000726C5B695D2E74616B656E0058
:10B8B00069726B6D617463685F6964203C207065B8
:10B8C00065725F69726B5F636F756E740000000074
:10B8D00069203C2038000000574553545F544F50B6
:10B8E0004449522F7A65706879722F737562737943
:10B8F000732F626C7565746F6F74682F636F6E74ED
:10B90000726F6C6C65722F6C6C5F73772F6E6F72D9
:10B910006469632F6C6C6C2F6C6C6C2E6300000080
:10B92000707265656D70745F726571203D3D207049
:10B930007265656D70745F61636B00007072656540
:10B940006D70745F73746172745F72657120213DF4
:10B9500020707265656D70745F73746172745F617D
:10B96000636B0000707265656D70745F73746F70E7
:10B970005F72657120213D20707265656D70745F26
:10B9800073746F705F61636B0000000070726565B7
:10B990006D70745F72657120213D20707265656DF8
:10B9A00070745F61636B0000707265656D70745FC9
:10B9B00061636B20213D20707265656D70745F72EC
:10B9C0006571000072656164792D3E707265706109
:10B9D00072655F706172616D2E706172616D203D84
:10B9E0003D20706172616D00697465720000000035
:10B9F000657272203D3D202D31343000217061721E
:10BA0000616D000021706172616D207C7C206E652B
:10BA1000787400006576656E742E637572722E619F
:10BA2000626F72745F6362006576646F6E650000BA
:10BA3000657272203E3D2030000000006E65787413
:10BA400000000000217265616479207C7C202672F0
:10BA5000656164792D3E707265706172655F7061B9
:10BA600072616D203D3D20707265706172655F701E
:10BA70006172616D00000000F401FA00960064003C
:10BA80004B0032001E001400574553545F544F5072
:10BA90004449522F7A65706879722F737562737991
:10BAA000732F626C7565746F6F74682F636F6E743B
:10BAB000726F6C6C65722F6C6C5F73772F6E6F7228
:10BAC0006469632F6C6C6C2F6C6C6C5F6164762E98
:10BAD000630000006E6F64655F72780021726164BC
:10BAE000696F5F69735F726561647928290000007E
:10BAF000700000006368616E0000000070647500F3
:10BB00007363616E5F706475000000000925733A0D
:10BB10002041637475616C204556454E545F4F5605
:10BB20004552484541445F53544152545F55532058
:10BB30003D2025750A000000707265706172655FB6
:10BB400063620000574553545F544F504449522F8D
:10BB50007A65706879722F7375627379732F626C6E
:10BB60007565746F6F74682F636F6E74726F6C6C31
:10BB700065722F6C6C5F73772F6E6F726469632FC1
:10BB80006C6C6C2F6C6C6C5F636F6E6E2E63000060
:10BB900021726164696F5F69735F61646472657368
:10BBA00073282900646F6E65000000006C6C6C2DBA
:10BBB0003E68616E646C6520213D203078464646C3
:10BBC00046000000574553545F544F504449522F8C
:10BBD0007A65706879722F7375627379732F626CEE
:10BBE0007565746F6F74682F636F6E74726F6C6CB1
:10BBF00065722F6C6C5F73772F6E6F726469632F41
:10BC00006C6C6C2F6C6C6C5F7065726970686572BF
:10BC1000616C2E6300000000707265706172655F78
:10BC200063620000574553545F544F504449522FAC
:10BC30007A65706879722F7375627379732F626C8D
:10BC40007565746F6F74682F636F6E74726F6C6C50
:10BC500065722F6C6C5F73772F6E6F726469632FE0
:10BC600068616C2F6E7266352F636E74722E63007E
:10BC70005F726566636F756E7400000057455354BC
:10BC80005F544F504449522F7A65706879722F7310
:10BC900075627379732F626C7565746F6F74682F3A
:10BCA000636F6E74726F6C6C65722F6C6C5F737700
:10BCB0002F6E6F726469632F68616C2F6E726635C8
:10BCC0002F6D6179666C792E6300000057455354DF
:10BCD0005F544F504449522F7A65706879722F73C0
:10BCE00075627379732F626C7565746F6F74682FEA
:10BCF000636F6E74726F6C6C65722F6C6C5F7377B0
:10BD00002F6E6F726469632F68616C2F6E72663577
:10BD10002F7469636B65722E630000007573657222
:10BD20005F6964203C2073697A656F662863616C83
:10BD30006C65725F69645F6C7574290063616C6C1B
:10BD400065725F696420213D203000000103040515
:10BD5000574553545F544F504449522F7A65706889
:10BD600079722F7375627379732F626C7565746F56
:10BD70006F74682F636F6E74726F6C6C65722F6C6A
:10BD80006C5F73772F6E6F726469632F68616C2FBD
:10BD90006E7266352F6563622E6300006DAD010023
:10BDA0003DAD01000000000001AF01004DAE0100FB
:10BDB000537402005F7402000400000000FF0000E2
:10BDC000FF0300000003005000000000010000001D
:10BDD0000060004000000000FFFFFFFF0000005077
:10BDE00000000000000000000060004000000000B3
:10BDF00000300040000000000000000000000000D3
:10BE00000000400600000101A9B901001000000077
:10BE1000BB76020020BE0200D0000120FFFF000020
:10BE2000003000402CBE02000100000034BE0200C1
:10BE3000020000000406000B0606000C01000000D2
:10BE400002000000040000000800000010000000D4
:10BE50002000000040000000800000001B000000E7
:10BE60003600000051F4A7507E4165531A17A4C351
:10BE70003A275E963BAB6BCB1F9D45F1ACFA58ABB6
:10BE80004BE303932030FA55AD766DF688CC76916E
:10BE9000F5024C254FE5D7FCC52ACBD72635448083
:10BEA000B562A38FDEB15A4925BA1B6745EA0E98E1
:10BEB0005DFEC0E1C32F7502814CF0128D4697A341
:10BEC0006BD3F9C6038F5FE715929C95BF6D7AEB34
:10BED000955259DAD4BE832D587421D349E069298B
:10BEE0008EC9C84475C2896AF48E797899583E6BB8
:10BEF00027B971DDBEE14FB6F088AD17C920AC6639
:10BF00007DCE3AB463DF4A18E51A31829751336027
:10BF100062537F45B16477E0BB6BAE84FE81A01CA9
:10BF2000F9082B94704868588F45FD1994DE6C878A
:10BF3000527BF8B7AB73D323724B02E2E31F8F57E8
:10BF40006655AB2AB2EB28072FB5C20386C57B9A8C
:10BF5000D33708A5302887F223BFA5B202036ABAF7
:10BF6000ED16825C8ACF1C2BA779B492F307F2F00E
:10BF70004E69E2A165DAF4CD0605BED5D134621F63
:10BF8000C4A6FE8A342E539DA2F355A0058AE13241
:10BF9000A4F6EB750B83EC394060EFAA5E719F0647
:10BFA000BD6E10513E218AF996DD063DDD3E05AE9F
:10BFB0004DE6BD4691548DB571C45D050406D46F40
:10BFC000605015FF1998FB24D6BDE997894043CCF2
:10BFD00067D99E77B0E842BD07898B88E7195B383F
:10BFE00079C8EEDBA17C0A477C420FE9F8841EC9C0
:10BFF0000000000009808683322BED481E1170ACD2
:10C000006C5A724EFD0EFFFB0F8538563DAED51EA5
:10C01000362D39270A0FD964685CA6219B5B54D161
:10C0200024362E3A0C0A67B19357E70FB4EE96D236
:10C030001B9B919E80C0C54F61DC20A25A774B6943
:10C040001C121A16E293BA0AC0A02AE53C22E04369
:10C05000121B171D0E090D0BF28BC7AD2DB6A8B91B
:10C06000141EA9C857F11985AF75074CEE99DDBBB1
:10C07000A37F60FDF701269F5C72F5BC44663BC55B
:10C080005BFB7E348B432976CB23C6DCB6EDFC68A4
:10C09000B8E4F163D731DCCA4263851013972240BC
:10C0A00084C61120854A247DD2BB3DF8AEF93211F9
:10C0B000C729A16D1D9E2F4BDCB230F30D8652ECCB
:10C0C00077C1E3D02BB3166CA970B999119448FAD3
:10C0D00047E96422A8FC8CC4A0F03F1A567D2CD8F6
:10C0E000223390EF87494EC7D938D1C18CCAA2FEFE
:10C0F00098D40B36A6F581CFA57ADE28DAB78E263E
:10C100003FADBFA42C3A9DE45078920D6A5FCC9B62
:10C11000547E4662F68D13C290D8B8E82E39F75E89
:10C1200082C3AFF59F5D80BE69D0937C6FD52DA98A
:10C13000CF2512B3C8AC993B10187DA7E89C636E5D
:10C14000DB3BBB7BCD2678096E5918F4EC9AB7011E
:10C15000834F9AA8E6956E65AAFFE67E21BCCF08BC
:10C16000EF15E8E6BAE79BD94A6F36CEEA9F09D4C5
:10C1700029B07CD631A4B2AF2A3F2331C6A5943072
:10C1800035A266C0744EBC37FC82CAA6E090D0B01F
:10C1900033A7D815F104984A41ECDAF77FCD500E59
:10C1A0001791F62F764DD68D43EFB04DCCAA4D5456
:10C1B000E49604DF9ED1B5E34C6A881BC12C1FB8FE
:10C1C0004665517F9D5EEA04018C355DFA87747384
:10C1D000FB0B412EB3671D5A92DBD252E910563346
:10C1E0006DD647139AD7618C37A10C7A59F8148E03
:10C1F000EB133C89CEA927EEB761C935E11CE5ED0B
:10C200007A47B13C9CD2DF5955F2733F1814CE796E
:10C2100073C737BF53F7CDEA5FFDAA5BDF3D6F14ED
:10C220007844DB86CAAFF381B968C43E3824342C25
:10C23000C2A3405F161DC372BCE2250C283C498B8B
:10C24000FF0D954139A80171080CB3DED8B4E49C08
:10C250006456C1907BCB8461D532B670486C5C74F7
:10C26000D0B85742C66363A5F87C7C84EE77779993
:10C27000F67B7B8DFFF2F20DD66B6BBDDE6F6FB17F
:10C2800091C5C5546030305002010103CE6767A9E3
:10C29000562B2B7DE7FEFE19B5D7D7624DABABE62B
:10C2A000EC76769A8FCACA451F82829D89C9C94099
:10C2B000FA7D7D87EFFAFA15B25959EB8E4747C9D7
:10C2C000FBF0F00B41ADADECB3D4D4675FA2A2FD9F
:10C2D00045AFAFEA239C9CBF53A4A4F7E4727296C7
:10C2E0009BC0C05B75B7B7C2E1FDFD1C3D9393AE2B
:10C2F0004C26266A6C36365A7E3F3F41F5F7F702E8
:10C3000083CCCC4F6834345C51A5A5F4D1E5E53439
:10C31000F9F1F108E2717193ABD8D87362313153FE
:10C320002A15153F0804040C95C7C75246232365F8
:10C330009DC3C35E30181828379696A10A05050FCD
:10C340002F9A9AB50E070709241212361B80809B7C
:10C35000DFE2E23DCDEBEB264E2727697FB2B2CD7F
:10C36000EA75759F1209091B1D83839E582C2C7436
:10C37000341A1A2E361B1B2DDC6E6EB2B45A5AEECE
:10C380005BA0A0FBA45252F6763B3B4DB7D6D661DC
:10C390007DB3B3CE5229297BDDE3E33E5E2F2F71BF
:10C3A00013848497A65353F5B9D1D16800000000D7
:10C3B000C1EDED2C40202060E3FCFC1F79B1B1C839
:10C3C000B65B5BEDD46A6ABE8DCBCB4667BEBED989
:10C3D0007239394B944A4ADE984C4CD4B05858E8DC
:10C3E00085CFCF4ABBD0D06BC5EFEF2A4FAAAAE5C5
:10C3F000EDFBFB16864343C59A4D4DD76633335547
:10C40000118585948A4545CFE9F9F91004020206A1
:10C41000FE7F7F81A05050F0783C3C44259F9FBA1E
:10C420004BA8A8E3A25151F35DA3A3FE804040C0F6
:10C43000058F8F8A3F9292AD219D9DBC7038384800
:10C44000F1F5F50463BCBCDF77B6B6C1AFDADA75D7
:10C450004221216320101030E5FFFF1AFDF3F30E97
:10C46000BFD2D26D81CDCD4C180C0C1426131335D0
:10C47000C3ECEC2FBE5F5FE1359797A2884444CCB4
:10C480002E17173993C4C45755A7A7F2FC7E7E8296
:10C490007A3D3D47C86464ACBA5D5DE73219192B3B
:10C4A000E6737395C06060A0198181989E4F4FD14B
:10C4B000A3DCDC7F44222266542A2A7E3B9090AB88
:10C4C0000B8888838C4646CAC7EEEE296BB8B8D372
:10C4D0002814143CA7DEDE79BC5E5EE2160B0B1D51
:10C4E000ADDBDB76DBE0E03B64323256743A3A4E49
:10C4F000140A0A1E924949DB0C06060A4824246CD9
:10C50000B85C5CE49FC2C25DBDD3D36E43ACACEFFC
:10C51000C46262A6399191A8319595A4D3E4E43719
:10C52000F279798BD5E7E7328BC8C8436E37375934
:10C53000DA6D6DB7018D8D8CB1D5D5649C4E4ED220
:10C5400049A9A9E0D86C6CB4AC5656FAF3F4F407D8
:10C55000CFEAEA25CA6565AFF47A7A8E47AEAEE9CE
:10C56000100808186FBABAD5F07878884A25256F70
:10C570005C2E2E72381C1C2457A6A6F173B4B4C7C7
:10C5800097C6C651CBE8E823A1DDDD7CE874749C36
:10C590003E1F1F21964B4BDD61BDBDDC0D8B8B8695
:10C5A0000F8A8A85E07070907C3E3E4271B5B5C4BA
:10C5B000CC6666AA904848D806030305F7F6F6014C
:10C5C0001C0E0E12C26161A36A35355FAE5757F972
:10C5D00069B9B9D01786869199C1C1583A1D1D27EE
:10C5E000279E9EB9D9E1E138EBF8F8132B9898B360
:10C5F00022111133D26969BBA9D9D970078E8E89EE
:10C60000339494A72D9B9BB63C1E1E2215878792C0
:10C61000C9E9E92087CECE49AA5555FF5028287888
:10C62000A5DFDF7A038C8C8F59A1A1F80989898055
:10C630001A0D0D1765BFBFDAD7E6E631844242C650
:10C64000D06868B8824141C3299999B05A2D2D7795
:10C650001E0F0F117BB0B0CBA85454FC6DBBBBD6E2
:10C660002C16163A02000000C4C6020003000000A7
:10C67000BCC6020004000000B4C6020005000000B1
:10C68000ACC6020006000000A4C6020007000000BD
:10C690009CC602000000000000000000E2CF020083
:10C6A00090240700EECF020090230600FACF02008C
:10C6B0009022050006D002001014040012D00200DF
:10C6C000101303001ED0020010120200020000002E
:10C6D000ED7B0200E97B0200E57B0200E17B0200CA
:10C6E000C97B0200B77B0200000000000A5695CE0D
:10C6F0005753F2DD5CE419BAE4B84A8B25F321DD27
:10C700008886E8D2855D882518FF71853C14A918B4
:10C71000D430E77901B6ED5FFC95BA7510256277E4
:10C720002B73FB79C65537A5765F9018DFBDC429FA
:10C7300062DF9CD890308478CD05F0ACD62E21F7FE
:10C74000AB20A2E5344887041D0630DC512563FC8C
:10C75000C2CAB9F3849E17A7ADFAE6BCFFFFFFFF7C
:10C76000FFFFFFFF00000000FFFFFFFFA2EE79BE0A
:10C77000954C2483A66FBD499C79994659EC6B2B47
:10C7800039B245282056D9F3942DE1664FBC00EE0E
:10C79000FFFFFFFFFFFFFFFFFFFFFFFF00000000A5
:10C7A000000000000000000001000000FFFFFFFF8C
:10C7B0000300000000000000FFFFFFFFFBFFFFFF82
:10C7C000FEFFFFFFFFFFFFFFFDFFFFFF0400000074
:10C7D00001000000D89B0200D89B0200189C0200B8
:10C7E000289C0200709C0200789C0200000000005F
:10C7F00000000000000000000000000000000040F9
:10C8000095596959555554551555555604051541B1
:10C810001054554045515544404550445055554598
:10C8200000400040400444966555565545404554E7
:10C830005141154055915555555540510501000040
:10C840005445545445550504001004101404400088
:10C8500000000140555515415404000044000100FA
:10C8600000000040410000445044455054005555DC
:10C8700054556551004000400100000100050100D1
:10C88000115451515455550500000000000000009E
:10C8900000000000D1F71737D1F717B78071313F8B
:10C8A000807131BF0000003F000000BFE40C7A0D32
:10C8B000600E9C0EBA0ECE0EEC0E1E0F500F8C0F9B
:10C8C000D20F361006040A40000D000000000229B5
:10C8D00000000328000002290000032800000328AC
:10C8E000000003280000022900000328000002299C
:10C8F00000000328000000280000262A0000262A45
:10C90000000003280000252A0000252A0000032833
:10C910000000242A0000242A0000032800000A182E
:10C920000000002800000429000002290000192A44
:10C930000000192A0000032800000F18000000283A
:10C940000400AD270100060100002A2B00002A2B5D
:10C95000000003280000292B0000292B00000328D9
:10C96000000002290000052A0000052A0000032813
:10C9700000000118000000280000042A0000042A1A
:10C98000000003280000012A0000012A00000328FB
:10C990000000002A0000002A000003280000001800
:10C9A000000000286BFF79FF79FF7CFF00005368CF
:10C9B0006F745075636B0025732D252E2A730062EA
:10C9C000742F6469732F73657269616C0000050AC6
:10C9D000141E28323C46505A6473702F746F746171
:10C9E0006C0073702F7365710073700073702F6328
:10C9F00066670062740000070E091C1B1215383FA1
:10CA0000363124232A2D6D6F64656C0066770062D1
:10CA1000742F64697300464C4153485F3000535291
:10CA2000414D5F300000FFFFFFFFFFFF00000000EF
:10CA3000000000FFFFFFFFFFFF0000000000006E8E
:10CA4000616D650062742F25732F25303278253093
:10CA500032782530327825303278253032782530DA
:10CA6000327825752F25730062742F25732F25309A
:10CA700032782530327825303278253032782530BA
:10CA800032782530327825750062742F2573004284
:10CA900054204C572057510002FB349B5F8000000C
:10CAA000800010000000000000574553545F544FB1
:10CAB000504449522F7A65706879722F737562738A
:10CAC00079732F626C7565746F6F74682F686F73FC
:10CAD000742F6863695F636F72652E630062745FB1
:10CAE0006863695F6576745F6765745F666C6167CC
:10CAF00073286864722D3E657674292026202831BB
:10CB0000554C203C3C2028312929004153534552A3
:10CB100054494F4E204641494C205B25735D2040CF
:10CB20002025733A25640A006576745F666C616738
:10CB3000732026202831554C203C3C2028302929C0
:10CB40000062756600737563636573730009636FD4
:10CB50006D6D616E64206F70636F64652030782541
:10CB60003034782074696D656F75740A006572726F
:10CB7000203D3D20300009436F6E74726F6C6C6510
:10CB80007220756E726573706F6E736976652C2096
:10CB9000636F6D6D616E64206F70636F64652030CC
:10CBA00078253034782074696D656F7574207769E5
:10CBB0007468206572722025640A0042542052581D
:10CBC0002057510000090909090102090909090949
:10CBD00009090909090907090909090906090909CA
:10CBE000090909090909090909090909090557452F
:10CBF00053545F544F504449522F7A65706879728C
:10CC00002F7375627379732F626C7565746F6F74AF
:10CC1000682F686F73742F6863695F636F6D6D6FE2
:10CC20006E2E6300E69D350E480103CCDBFDF4ACAF
:10CC30001191F4EFB9A5F9E9A7832C5E2CBE97F208
:10CC4000D203B0208BD28915D08E1C742430ED8F86
:10CC5000C24563765C15525ABF9A32636DEB2A6502
:10CC6000499C80DC7075626C69630072616E646FF0
:10CC70006D007075626C69632D69640072616E6429
:10CC80006F6D2D69640030782530327800253032A0
:10CC9000583A253032583A253032583A25303258F1
:10CCA0003A253032583A2530325820282573290049
:10CCB00062742F6363630062742F6861736800623B
:10CCC000742F63660062742F7363000005061F1FD4
:10CCD0002918120308020305080A000801030401C9
:10CCE0000504050906070101060608000001000108
:10CCF0000003010003020201000200000000000224
:10CD00000301000362742F6B657973006C88839153
:10CD1000AAF5A53860370BDB5A6083BE61646340B7
:10CD2000343030303730303000636C6F636B4034F8
:10CD3000303030303030300072616E646F6D4034AE
:10CD40003030306430303000656E74726F70795FEF
:10CD500062745F68636900666C6173682D636F6EEF
:10CD600074726F6C6C6572403430303165303030C5
:10CD7000006770696F4035303030303330300067D5
:10CD800070696F4035303030303030300069326398
:10CD900040343030303330303000000102030405BD
:10CDA000060774656D7040343030306330303000C9
:10CDB00000100111021203130414051506160717BB
:10CDC0000808080808080808181818181818181863
:10CDD00000202A2A2A2A2A2A2A2A2A2A2A2A2A2AE7
:10CDE000000152096AD53036A538BF40A39E81F3B1
:10CDF000D7FB7CE339829B2FFF87348E4344C4DE0C
:10CE0000E9CB547B9432A6C2233DEE4C950B42FAFB
:10CE1000C34E082EA16628D924B2765BA2496D8B39
:10CE2000D12572F8F66486689816D4A45CCC5D654A
:10CE3000B6926C704850FDEDB9DA5E154657A78D75
:10CE40009D8490D8AB008CBCD30AF7E45805B8B3E6
:10CE50004506D02C1E8FCA3F0F02C1AFBD03011380
:10CE60008A6B3A9111414F67DCEA97F2CFCEF0B46A
:10CE7000E67396AC7422E7AD3585E2F937E81C75A8
:10CE8000DF6E47F11A711D29C5896FB7620EAA18A6
:10CE9000BE1BFC563E4BC6D279209ADBC0FE78CD35
:10CEA0005AF41FDDA8338807C731B1121059278003
:10CEB000EC5F60517FA919B54A0D2DE57A9F93C9A2
:10CEC0009CEFA0E03B4DAE2AF5B0C8EBBB3C8353D2
:10CED0009961172B047EBA77D626E1691463552130
:10CEE0000C7D637C777BF26B6FC53001672BFED7BF
:10CEF000AB76CA82C97DFA5947F0ADD4A2AF9CA4E3
:10CF000072C0B7FD9326363FF7CC34A5E5F171D852
:10CF1000311504C723C31896059A071280E2EB2740
:10CF2000B27509832C1A1B6E5AA0523BD6B329E363
:10CF30002F8453D100ED20FCB15B6ACBBE394A4C43
:10CF400058CFD0EFAAFB434D338545F9027F503CC3
:10CF50009FA851A3408F929D38F5BCB6DA2110FFEF
:10CF6000F3D2CD0C13EC5F974417C4A77E3D645DEC
:10CF7000197360814FDC222A908846EEB814DE5E79
:10CF80000BDBE0323A0A4906245CC2D3AC629195CD
:10CF9000E479E7C8376D8DD54EA96C56F4EA657A09
:10CFA000AE08BA78252E1CA6B4C6E8DD741F4BBDAA
:10CFB0008B8A703EB5664803F60E613557B986C157
:10CFC0001D9EE1F8981169D98E949B1E87E9CE5574
:10CFD00028DF8CA1890DBFE6426841992D0FB0541E
:10CFE000BB164145532D3235362D43424300414552
:10CFF000532D3139322D434243004145532D3132B7
:10D00000382D434243004145532D3235362D45439B
:10D0100042004145532D3139322D454342004145AF
:10D02000532D3132382D45434200141400001C208A
:10D0300030401C2000001C2030406D61696E007380
:10D040007973776F726B71002A2A2A20426F6F748E
:10D05000696E67205A6570687972204F5320627537
:10D06000696C642076342E312E30202A2A2A0A0058
:10D07000696E66006E616E00286E756C6C2900002A
:10D0800000000000000000000000000000000000A0
:10D090000000000000000000000000000000000090
:10D0A0000000000000000000000000000000000080
:10D0B0000000000000000000000000000000000070
:10D0C0000000000000000000000000000000000060
:10D0D0000000000000000000000000000000000050
:10D0E0000000000000000000000000000000000040
:10D0F0000000000000000000000000000000000030
:10D10000000000000000000000000000000000001F
:10D11000000000000000000000000000000000000F
:10D1200000000000000000000000000000000000FF
:10D1300000000000000000000000000000000000EF
:10D140000000000000000000116600000000000068
:10D1500000000000000000000000000000000000CF
:10D1600000000000000000000000000000000000BF
:10D1700000000000000000000000000000000000AF
:10D18000000000000000000000000000000000009F
:10D19000000000000000000000000000000000008F
:10D1A000000000000000000000000000000000007F
:10D1B000000000000000000000000000000000006F
:10D1C000000000000000000000000000000000005F
:10D1D000000000000000000000000000000000004F
:10D1E000000000000000000000000000DC9C0200C5
:10D1F000000000000000000000000000000000002F
:10D20000000000000000000000000000000000001E
:10D210001F00000000000000FFFFFFFFFF1F0000D5
:10D2200000000000000000000000000000000000FE
:10D23000350A0200000000000000000000000000AD
:10D24000C0010020C001002039730200000000006E
:10D2500000000000000000000000000000000000CE
:10D26000E0010020E00100200000000001000000BB
:10D27000F0010020F0010020F8010020F80100205A
:10D280000000000001000000080200200802002049
:10D29000000000000000000000000000000000008E
:10D2A000000000000000000000000000000000007E
:10D2B000000000000000000000000000000000006E
:10D2C000000000000000000000000000000000005E
:10D2D000C5330000B13300009D33000000000000A2
:10D2E00000100000C5360000000000000000000033
:10D2F00000000000E5360000000000000000000013
:10D30000000000000000000000000000000000001D
:10D31000000000000000000000000000FD3C0000D4
:10D320000000000000000000E506002000001000E2
:10D33000000000000000000000000000ED3C0000C4
:10D340000000000000000000F606002000001200AF
:10D350000707002000000A0018070020000008004E
:10D36000000000000000000000000000DD3C0000A4
:10D37000000000000000000029070020000010004D
:10D38000000000000000000000000000CD3C000094
:10D3900000000000000000003A070020000012001A
:10D3A0000129020024A50200FCC8020000000200BE
:10D3B00008C902000000020014C9020000000200B7
:10D3C00000000000000000000000000027350200FF
:10D3D000000000000000000030C902000000120040
:10D3E000A14B0000000000004B36020000000000CE
:10D3F0002F36020074030020740300200000000098
:10D40000000000000E00000000000000955A00001F
:10D410000000000000000000000000005D4302006A
:10D42000000000000000000000000000095F000094
:10D43000000000000000000000000000ED7500008A
:10D44000000000000000000000000000D574000093
:10D45000000000000000000000000000697E0000E5
:10D46000000000000000000000000000F179000052
:10D470000000000000000000F8030020F803002076
:10D480000000000000000000D5890000F9940000B1
:10D49000455902000000000000000000158D00004A
:10D4A000395602006555020099880000000000000E
:10D4B000000000000000000000000000000000006C
:10D4C00000000000B5A900000000000000000000FE
:10D4D000656902000000000000000000000000007C
:10D4E0004CC902000000020058C9020000000A00F6
:10D4F00068C90200000020000000000000000000D9
:10D500000000000000000000CB5F020000000000EF
:10D510007CC902000000020088C90200000002006D
:10D5200094C9020000000A00A8040020A8040020FA
:10D5300000000000000000000E000000BC040020FD
:10D54000BC04002081B600000000000000000000C4
:10D550003CC8002000000000D1EC000000000000EA
:10D5600044C800200000000009DD000000000000A9
:10D570004CC8002000000000918001000000000065
:10D5800054C800200000000091800100000000004D
:10D590005CC800200000000075D9000000000000F9
:10D5A000FCD7002000000000098D010000000000F1
:10D5B00014D800200000000091800100000000004D
:10D5C0001CD8002000000000AD0401000000000095
:10D5D000A4D8002000000000F90E010000000000A7
:10D5E000ACD8002000000000918001000000000085
:10D5F000B4D80020000000009110010000000000DD
:10D60000BCD8002000000000511B010000000000F9
:10D6100080DC002000000000D0DC002000000000C2
:10D62000B0DE00200000000060DF002000000000ED
:10D63000019A0100000000004CE200200000000000
:10D64000917D01000000000078E200200000000051
:10D65000918001000000000094E60020000000001E
:10D660006DCA0000000000008CE6002000000000F1
:10D670006DCA00000000000084E6002000000000E9
:10D68000E1C60000000000007CE600200000000071
:10D690006DCA00000000000074E6002000000000D9
:10D6A000E1C60000000000006CE600200000000061
:10D6B0006DCA00000000000021B101000000000060
:10D6C000000000000000000000000000000000005A
:10D6D000000000000000000000000000000000004A
:10D6E000000000000000000000000000000000003A
:10D6F000000000000000000000000000000000002A
:10D700000000000000000000000000000000000019
:10D710000000000000000000000000000000000009
:10D72000000000000000000008000000FF000000F2
:10D73000000000000300000000000000CCC6020052
:10D74000DB970200D1560000ED560000CC06002009
:10D75000CC060020010A9E2B5D3A6E9C3A4F0C5B72
:10D7600001001E7A0602010A9E2B5D3A6E9C3A4F1A
:10D770000C5B07001E7A02010A9E2B5D3A6E9C3AF2
:10D780004F0C5B06001E7A02010A9E2B5D3A6E9CCE
:10D790003A4F0C5B05001E7A02010A9E2B5D3A6E21
:10D7A0009C3A4F0C5B04001E7A02010A9E2B5D3AE4
:10D7B0006E9C3A4F0C5B03001E7A02010A9E2B5DA1
:10D7C0003A6E9C3A4F0C5B02001E7A02010A9E2BB5
:10D7D0005D3A6E9C3A4F0C5B01001E7A302E32008F
:10D7E0000000000000000000000000000000000039
:10D7F000000053686F745075636B000000000000F8
:0AD8000000000000000000006401B9
:10D80A00000000000000000000000000000000000E
:04D81A00000000000A
:10D820000000000000000000350A020000000000B7
:10D830000000000000000000B8070020B80700202A
:10D840006F740200000000000000000000000000F3
:08D850000000000000000000D0
:10D85800D8070020D8070020404B01200000000016
:10D86800010000002C00000000000000F407002068
:10D87800F4070020803201200000000001000000B1
:10D88800B000000000000000100800201008002070
:10D898006C4B012000000000030000001C00000089
:04D8A800000000007C
:10D8AC002C0800202C0800200000000000000000C4
:04D8BC000E0000005A
:10D8C0004008002040080020110000000400000073
:10D8D00030330120743301203033012030330120F4
:10D8E0000000000064080020640800200000000020
:10D8F000700800207008002000000000FFFFFFFFFC
:10D900008008002080080020880800208808002067
:10D910000000000001000000980800209808002086
:10D920000000000000000000A8080020A808002057
:08D93000B0080020B00800203F
:10D938000000000000000000C0080020C00800200F
:10D94800C8080020C80800200300030010000000D9
:10D958000000000084A702004847012000000000E2
:10D9680000000000EC080020EC080020F40800206B
:10D97800F40800200300030010000000398C0000A8
:10D98800ACA80200C84A0120000000000000000006
:10D99800180900201809002020090020200900206B
:10D9A800030003000100000000000000ACA6020014
:10D9B8008041012000000000000000004409002010
:10D9C800440900204C0900204C09002001000100F6
:10D9D80010000000E978000074A70200204401202C
:10D9E80000000000000000007009002070090020FD
:10D9F80078090020780900200300030001000000D6
:10DA08000000000064A70200CC43012000000000D1
:10DA1800000000009C0900209C090020A4090020A7
:10DA2800A40900200C000C0006000000455D000061
:10DA38009CA60200743F01200000000000000000C6
:10DA4800C8090020C8090020D0090020D0090020FA
:10DA5800010001000100000000000000BCA6020057
:04DA6800D84201207F
:04DA6C0015E015E0CC
:0400000300004FF1B9
:00000001FF
